case,file,file_name,function,parent,lineno,endline,complexity,radon_grade,radon_grade_num,n_pycefr_constructs,n_pycefr_classes,max_level_num,max_level,mean_level_num,level_counts,top_classes,case_type
python-mini-projects,/home/juan/Documents/Analisis-CC-PyCEFR/python-mini-projects/projects/birthDateToCurrentAge.py,birthDateToCurrentAge.py,ageCalculator,,4,27,3,A,1,24,9,2,A2,1.2083333333333333,"{""A1"": 19, ""A2"": 5}","{""Simple Assignment"": 6, ""Assigment with sum (total = total + 1)"": 5, ""Formatted Value"": 3, ""Simple Atributte"": 3, ""Simplified incremental Assignment with increase amount"": 2, ""Simple If statements"": 2, ""Joined String"": 1, ""Print"": 1, ""Function with Simple argument"": 1}",Sin patrón destacado
python-mini-projects,/home/juan/Documents/Analisis-CC-PyCEFR/python-mini-projects/projects/Snake Game/snake_game.py,snake_game.py,change_direction,,87,102,9,B,2,13,3,1,A1,1.0,"{""A1"": 13}","{""Simple If statements"": 8, ""Simple Assignment"": 4, ""Function with Simple argument"": 1}",Radon alto / PyCEFR bajo
python-mini-projects,/home/juan/Documents/Analisis-CC-PyCEFR/python-mini-projects/projects/Snake Game/snake_game.py,snake_game.py,next_turn,,41,84,8,B,2,45,11,2,A2,1.4666666666666666,"{""A1"": 24, ""A2"": 21}","{""Simple Atributte"": 16, ""Subscript"": 6, ""Simple If statements"": 6, ""Unary Operation"": 3, ""Simple Assignment"": 3, ""Simplified incremental Assignment with increase amount"": 3, ""Simple Tuple"": 2, ""Simplified incremental Assignment with decrease subtraction"": 2, ""Delete"": 2, ""Boolean Operation"": 1}",Radon alto / PyCEFR bajo; Muchos constructos simples acumulados
python-mini-projects,/home/juan/Documents/Analisis-CC-PyCEFR/python-mini-projects/projects/Snake Game/snake_game.py,snake_game.py,check_collisions,,105,118,8,B,2,21,10,2,A2,1.0952380952380953,"{""A1"": 19, ""A2"": 2}","{""Subscript"": 4, ""Return"": 4, ""Boolean Operation"": 3, ""Simple If statements"": 3, ""Simple Atributte"": 2, ""Simple Tuple"": 1, ""Slice"": 1, ""Simple Assignment"": 1, ""Simple For Loop"": 1, ""Function with Simple argument"": 1}",Radon alto / PyCEFR bajo
python-mini-projects,/home/juan/Documents/Analisis-CC-PyCEFR/python-mini-projects/projects/Snake Game/snake_game.py,snake_game.py,Snake,,14,26,4,A,1,22,9,3,B1,1.5909090909090908,"{""A2"": 11, ""A1"": 10, ""B1"": 1}","{""Simple Atributte"": 9, ""Simple Assignment"": 4, ""Simple List"": 3, ""Simple Tuple"": 1, ""'range' call function"": 1, ""Simple For Loop"": 1, ""For Loop with Tuple as name"": 1, ""Function with Simple argument"": 1, ""Simple Class  Using the constructor method --> __init__"": 1}",Sin patrón destacado
python-mini-projects,/home/juan/Documents/Analisis-CC-PyCEFR/python-mini-projects/projects/Snake Game/snake_game.py,snake_game.py,__init__,,16,26,3,A,1,21,8,2,A2,1.5238095238095237,"{""A2"": 11, ""A1"": 10}","{""Simple Atributte"": 9, ""Simple Assignment"": 4, ""Simple List"": 3, ""Simple Tuple"": 1, ""'range' call function"": 1, ""Simple For Loop"": 1, ""For Loop with Tuple as name"": 1, ""Function with Simple argument"": 1}",Sin patrón destacado
python-mini-projects,/home/juan/Documents/Analisis-CC-PyCEFR/python-mini-projects/projects/Snake Game/snake_game.py,snake_game.py,Food,,29,38,2,A,1,10,6,3,B1,1.6,"{""A1"": 5, ""A2"": 4, ""B1"": 1}","{""Simple Atributte"": 4, ""Assigment with sum (total = total + 1)"": 2, ""Simple List"": 1, ""Simple Assignment"": 1, ""Function with Simple argument"": 1, ""Simple Class  Using the constructor method --> __init__"": 1}",Sin patrón destacado
python-mini-projects,/home/juan/Documents/Analisis-CC-PyCEFR/python-mini-projects/projects/Snake Game/snake_game.py,snake_game.py,game_over,,121,125,1,A,1,6,3,2,A2,1.6666666666666667,"{""A2"": 4, ""A1"": 2}","{""Simple Atributte"": 4, ""Simple Tuple"": 1, ""Function"": 1}",Sin patrón destacado
python-mini-projects,/home/juan/Documents/Analisis-CC-PyCEFR/python-mini-projects/projects/Snake Game/snake_game.py,snake_game.py,__init__,,31,38,1,A,1,9,5,2,A2,1.4444444444444444,"{""A1"": 5, ""A2"": 4}","{""Simple Atributte"": 4, ""Assigment with sum (total = total + 1)"": 2, ""Simple List"": 1, ""Simple Assignment"": 1, ""Function with Simple argument"": 1}",Sin patrón destacado
python-mini-projects,/home/juan/Documents/Analisis-CC-PyCEFR/python-mini-projects/projects/Capture_Video_Frames/capture_video_frames.py,capture_video_frames.py,FrameCapture,,6,36,3,A,1,32,11,3,B1,1.625,"{""A2"": 16, ""A1"": 14, ""B1"": 2}","{""Simple Atributte"": 14, ""Simple Assignment"": 7, ""Formatted Value"": 2, ""Function with Simple argument"": 2, ""Simple Tuple"": 1, ""Joined String"": 1, ""Files --> 'read' call function"": 1, ""Simplified incremental Assignment with increase amount"": 1, ""Simple If statements"": 1, ""While with Else Loop"": 1}",Sin patrón destacado
python-mini-projects,/home/juan/Documents/Analisis-CC-PyCEFR/python-mini-projects/projects/Capture_Video_Frames/capture_video_frames.py,capture_video_frames.py,__init__,,10,19,2,A,1,13,4,2,A2,1.6923076923076923,"{""A2"": 9, ""A1"": 4}","{""Simple Atributte"": 9, ""Simple Assignment"": 2, ""Simple If statements"": 1, ""Function with Simple argument"": 1}",Sin patrón destacado
python-mini-projects,/home/juan/Documents/Analisis-CC-PyCEFR/python-mini-projects/projects/Capture_Video_Frames/capture_video_frames.py,capture_video_frames.py,capture_frames,,21,36,2,A,1,18,9,3,B1,1.5,"{""A1"": 10, ""A2"": 7, ""B1"": 1}","{""Simple Atributte"": 5, ""Simple Assignment"": 5, ""Formatted Value"": 2, ""Simple Tuple"": 1, ""Joined String"": 1, ""Files --> 'read' call function"": 1, ""Simplified incremental Assignment with increase amount"": 1, ""While with Else Loop"": 1, ""Function with Simple argument"": 1}",Sin patrón destacado
python-mini-projects,/home/juan/Documents/Analisis-CC-PyCEFR/python-mini-projects/projects/Random_password_generator/random_password_gen.py,random_password_gen.py,generate_pass,,20,28,4,A,1,14,7,2,A2,1.4285714285714286,"{""A1"": 8, ""A2"": 6}","{""Simple Atributte"": 4, ""Simple Assignment"": 4, ""Simple If statements"": 2, ""'range' call function"": 1, ""Subscript"": 1, ""Simple For Loop"": 1, ""Function with Simple argument with Default argument"": 1}",Sin patrón destacado
python-mini-projects,/home/juan/Documents/Analisis-CC-PyCEFR/python-mini-projects/projects/Bouncing_ball_simulator/ball_bounce.py,ball_bounce.py,move_ball,,26,40,7,B,2,35,8,2,A2,1.6571428571428573,"{""A2"": 23, ""A1"": 12}","{""Simple Atributte"": 17, ""Unary Operation"": 3, ""Boolean Operation"": 3, ""Simplified incremental Assignment with increase amount"": 3, ""Simplified incremental Assignment with increase multiplication"": 3, ""Simple If statements"": 3, ""Simple Assignment"": 2, ""Function with Simple argument"": 1}",Radon alto / PyCEFR bajo; Muchos constructos simples acumulados
python-mini-projects,/home/juan/Documents/Analisis-CC-PyCEFR/python-mini-projects/projects/Bouncing_ball_simulator/ball_bounce.py,ball_bounce.py,ball,,15,40,4,A,1,57,10,3,B1,1.6491228070175439,"{""A2"": 35, ""A1"": 21, ""B1"": 1}","{""Simple Atributte"": 29, ""Simple Assignment"": 8, ""Unary Operation"": 3, ""Boolean Operation"": 3, ""Simplified incremental Assignment with increase amount"": 3, ""Simplified incremental Assignment with increase multiplication"": 3, ""Simple If statements"": 3, ""Function with Simple argument"": 3, ""Simple Tuple"": 1, ""Simple Class "": 1}",Sin patrón destacado
python-mini-projects,/home/juan/Documents/Analisis-CC-PyCEFR/python-mini-projects/projects/Bouncing_ball_simulator/ball_bounce.py,ball_bounce.py,__init__,,18,22,1,A,1,11,3,2,A2,1.5454545454545454,"{""A2"": 6, ""A1"": 5}","{""Simple Atributte"": 6, ""Simple Assignment"": 4, ""Function with Simple argument"": 1}",Sin patrón destacado
python-mini-projects,/home/juan/Documents/Analisis-CC-PyCEFR/python-mini-projects/projects/Bouncing_ball_simulator/ball_bounce.py,ball_bounce.py,render_ball,,24,25,1,A,1,6,3,2,A2,1.6666666666666667,"{""A2"": 4, ""A1"": 2}","{""Simple Atributte"": 4, ""Simple Tuple"": 1, ""Function with Simple argument"": 1}",Sin patrón destacado
python-mini-projects,/home/juan/Documents/Analisis-CC-PyCEFR/python-mini-projects/projects/Convert_numbers_to_word/converter.py,converter.py,converter,,19,72,34,E,5,141,20,6,C2,1.446808510638298,"{""A1"": 99, ""A2"": 29, ""B1"": 10, ""C2"": 2, ""C1"": 1}","{""Subscript"": 42, ""Simple Atributte"": 23, ""Simple If statements"": 14, ""Simple Assignment"": 13, ""Slice"": 11, ""Boolean Operation"": 9, ""If statements expression (else)"": 6, ""'range' call function"": 5, ""Unary Operation"": 5, ""'break' statement"": 3}",Coincidencia en dificultad alta
python-mini-projects,/home/juan/Documents/Analisis-CC-PyCEFR/python-mini-projects/projects/Find_out_hostname_and_ip_address/Hostname_IPaddress.py,Hostname_IPaddress.py,get_hostname_IP,,4,10,2,A,1,15,8,3,B1,1.2666666666666666,"{""A1"": 12, ""A2"": 2, ""B1"": 1}","{""Formatted Value"": 3, ""Joined String"": 3, ""Print"": 3, ""Simple Atributte"": 2, ""Simple Assignment"": 1, ""Exception --> try/except"": 1, ""Except Handler"": 1, ""Function"": 1}",Sin patrón destacado
python-mini-projects,/home/juan/Documents/Analisis-CC-PyCEFR/python-mini-projects/projects/detect_align_faces/main.py,main.py,main,,20,33,3,A,1,166,19,6,C2,1.5783132530120483,"{""A2"": 88, ""A1"": 76, ""C2"": 1, ""B2"": 1}","{""Simple Atributte"": 77, ""Simple Assignment"": 38, ""Subscript"": 15, ""Function with Simple argument"": 5, ""Return"": 5, ""Simple If statements"": 4, ""Simple Dictionary"": 4, ""Files --> 'write' call function"": 3, ""Simple Tuple"": 2, ""Print"": 2}",PyCEFR alto / Radon bajo
python-mini-projects,/home/juan/Documents/Analisis-CC-PyCEFR/python-mini-projects/projects/detect_align_faces/main.py,main.py,detect_align_faces,,36,59,2,A,1,269,29,5,C1,1.5278810408921932,"{""A1"": 137, ""A2"": 124, ""B1"": 7, ""C1"": 1}","{""Simple Atributte"": 103, ""Simple Assignment"": 54, ""Subscript"": 27, ""Simple Dictionary"": 10, ""Simple Tuple"": 9, ""Print"": 9, ""Formatted Value"": 6, ""Assigment with sum (total = total + 1)"": 5, ""Simple If statements"": 5, ""Simplified incremental Assignment with increase amount"": 4}",PyCEFR alto / Radon bajo
python-mini-projects,/home/juan/Documents/Analisis-CC-PyCEFR/python-mini-projects/projects/detect_align_faces/main.py,main.py,shape_to_pos,,62,70,2,A,1,70,17,3,B1,1.542857142857143,"{""A1"": 35, ""A2"": 32, ""B1"": 3}","{""Simple Atributte"": 30, ""Simple Assignment"": 11, ""Subscript"": 6, ""Unary Operation"": 3, ""Simple Tuple"": 2, ""Slice"": 2, ""Simple For Loop"": 2, ""Formatted Value"": 2, ""Print"": 2, ""Files --> 'write' call function"": 2}",Sin patrón destacado
python-mini-projects,/home/juan/Documents/Analisis-CC-PyCEFR/python-mini-projects/projects/Organized_download_folder_with_different_categories/file-sortor.py,file-sortor.py,sorting,,25,31,4,A,1,9,8,2,A2,1.3333333333333333,"{""A1"": 6, ""A2"": 3}","{""Simple Atributte"": 2, ""Subscript"": 1, ""Simple Assignment"": 1, ""Simple If statements"": 1, ""1 Nested For Loop"": 1, ""Simple For Loop"": 1, ""Function with Simple argument"": 1, ""Return"": 1}",Sin patrón destacado
python-mini-projects,/home/juan/Documents/Analisis-CC-PyCEFR/python-mini-projects/projects/Recursive_password_generator/generator.py,generator.py,stretch,,4,9,2,A,1,5,4,4,B2,1.6,"{""A1"": 4, ""B2"": 1}","{""Return"": 2, ""Simple Assignment"": 1, ""Simple If statements"": 1, ""Recursive Functions"": 1}",Sin patrón destacado
python-mini-projects,/home/juan/Documents/Analisis-CC-PyCEFR/python-mini-projects/projects/Recursive_password_generator/generator.py,generator.py,get_random_char,,11,14,1,A,1,7,5,2,A2,1.2857142857142858,"{""A1"": 5, ""A2"": 2}","{""Simple Atributte"": 2, ""Simple Assignment"": 2, ""Subscript"": 1, ""Function"": 1, ""Return"": 1}",Sin patrón destacado
python-mini-projects,/home/juan/Documents/Analisis-CC-PyCEFR/python-mini-projects/projects/Speech_to_text/speech_to_text.py,speech_to_text.py,record_voice,,3,15,2,A,1,16,8,3,B1,1.625,"{""A1"": 8, ""A2"": 6, ""B1"": 2}","{""Simple Atributte"": 6, ""Simple Assignment"": 3, ""Return"": 2, ""Print"": 1, ""Exception --> try/except"": 1, ""With"": 1, ""Except Handler"": 1, ""Function"": 1}",Sin patrón destacado
python-mini-projects,/home/juan/Documents/Analisis-CC-PyCEFR/python-mini-projects/projects/GUI Rock-Paper-Scissors Game/Rock-Paper-Scissors Game.py,Rock-Paper-Scissors Game.py,spin,,23,58,16,C,3,37,6,2,A2,1.3513513513513513,"{""A1"": 24, ""A2"": 13}","{""Simple If statements"": 15, ""Simple Atributte"": 13, ""Simple Assignment"": 4, ""Print"": 3, ""Subscript"": 1, ""Function"": 1}",Radon alto / PyCEFR bajo; Muchos constructos simples acumulados
python-mini-projects,/home/juan/Documents/Analisis-CC-PyCEFR/python-mini-projects/projects/Merge_pdfs/merge_pdfs.py,merge_pdfs.py,by_appending,,7,15,1,A,1,8,5,2,A2,1.625,"{""A2"": 5, ""A1"": 3}","{""Simple Atributte"": 3, ""Simple Assignment"": 2, ""Files --> 'open' call function"": 1, ""Files --> 'write' call function"": 1, ""Function"": 1}",Sin patrón destacado
python-mini-projects,/home/juan/Documents/Analisis-CC-PyCEFR/python-mini-projects/projects/Merge_pdfs/merge_pdfs.py,merge_pdfs.py,by_inserting,,19,23,1,A,1,6,4,2,A2,1.6666666666666667,"{""A2"": 4, ""A1"": 2}","{""Simple Atributte"": 3, ""Files --> 'write' call function"": 1, ""Simple Assignment"": 1, ""Function"": 1}",Sin patrón destacado
python-mini-projects,/home/juan/Documents/Analisis-CC-PyCEFR/python-mini-projects/projects/Speed_Game/macOS/main.py,main.py,checkBtn_click,,161,202,4,A,1,136,11,3,B1,1.625,"{""A2"": 81, ""A1"": 53, ""B1"": 2}","{""Simple Atributte"": 77, ""Simple Assignment"": 29, ""Simple Tuple"": 6, ""Subscript"": 6, ""Print"": 5, ""Simple If statements"": 4, ""Assigment with sum (total = total + 1)"": 2, ""Simplified incremental Assignment with decrease subtraction"": 2, ""Simplified incremental Assignment with increase amount"": 2, ""While with Else Loop"": 2}",Sin patrón destacado
python-mini-projects,/home/juan/Documents/Analisis-CC-PyCEFR/python-mini-projects/projects/Speed_Game/macOS/main.py,main.py,SampleApp,,16,27,3,A,1,118,18,4,B2,1.5593220338983051,"{""A1"": 57, ""A2"": 57, ""B1"": 3, ""B2"": 1}","{""Simple Atributte"": 53, ""Simple Assignment"": 29, ""Return"": 6, ""Function with Simple argument"": 5, ""Print"": 5, ""Simple If statements"": 4, ""Subscript"": 4, ""Except Handler"": 2, ""Simple Tuple"": 1, ""Simple Class  Using the constructor method --> __init__"": 1}",Sin patrón destacado
python-mini-projects,/home/juan/Documents/Analisis-CC-PyCEFR/python-mini-projects/projects/Speed_Game/macOS/main.py,main.py,CountryPage,,82,237,3,A,1,485,19,3,B1,1.620618556701031,"{""A2"": 267, ""A1"": 201, ""B1"": 17}","{""Simple Atributte"": 260, ""Simple Assignment"": 110, ""Subscript"": 28, ""Print"": 17, ""Simple Tuple"": 16, ""Simple If statements"": 11, ""Function with Simple argument"": 9, ""Assigment with sum (total = total + 1)"": 8, ""While with Else Loop"": 7, ""Lambda"": 6}",Sin patrón destacado
python-mini-projects,/home/juan/Documents/Analisis-CC-PyCEFR/python-mini-projects/projects/Speed_Game/macOS/main.py,main.py,count,,144,158,3,A,1,47,6,2,A2,1.6595744680851063,"{""A2"": 31, ""A1"": 16}","{""Simple Atributte"": 29, ""Simple Assignment"": 11, ""Simple Tuple"": 2, ""Simplified incremental Assignment with decrease subtraction"": 2, ""Simple If statements"": 2, ""Function with Simple argument"": 1}",Muchos constructos simples acumulados
python-mini-projects,/home/juan/Documents/Analisis-CC-PyCEFR/python-mini-projects/projects/Speed_Game/macOS/main.py,main.py,passBtn_click,,204,234,3,A,1,91,10,3,B1,1.5934065934065933,"{""A2"": 48, ""A1"": 40, ""B1"": 3}","{""Simple Atributte"": 48, ""Simple Assignment"": 20, ""Subscript"": 8, ""Assigment with sum (total = total + 1)"": 4, ""Print"": 3, ""Simple Tuple"": 2, ""Simple If statements"": 2, ""While with Else Loop"": 2, ""Function with Simple argument"": 1, ""Lambda"": 1}",Sin patrón destacado
python-mini-projects,/home/juan/Documents/Analisis-CC-PyCEFR/python-mini-projects/projects/Speed_Game/macOS/main.py,main.py,switch_frame,,22,27,2,A,1,68,9,4,B2,1.5441176470588236,"{""A2"": 34, ""A1"": 33, ""B2"": 1}","{""Simple Atributte"": 33, ""Simple Assignment"": 19, ""Return"": 4, ""Subscript"": 4, ""Simple If statements"": 2, ""Function with Simple argument"": 2, ""Print"": 2, ""If statements using → __name__ == ‘__main__’"": 1, ""Simple Dictionary"": 1}",Sin patrón destacado
python-mini-projects,/home/juan/Documents/Analisis-CC-PyCEFR/python-mini-projects/projects/Speed_Game/macOS/main.py,main.py,StartPage,,30,48,2,A,1,208,26,5,C1,1.5625,"{""A2"": 103, ""A1"": 99, ""B1"": 5, ""C1"": 1}","{""Simple Atributte"": 86, ""Simple Assignment"": 48, ""Subscript"": 19, ""Simple Dictionary"": 8, ""Simple Tuple"": 6, ""Formatted Value"": 4, ""Print"": 4, ""Files --> 'write' call function"": 4, ""Simple List"": 3, ""Assigment with sum (total = total + 1)"": 3}",PyCEFR alto / Radon bajo
python-mini-projects,/home/juan/Documents/Analisis-CC-PyCEFR/python-mini-projects/projects/Speed_Game/macOS/main.py,main.py,CategoryPage,,51,79,2,A,1,231,25,4,B2,1.6883116883116882,"{""A2"": 120, ""A1"": 94, ""B1"": 12, ""B2"": 5}","{""Simple Atributte"": 104, ""Simple Assignment"": 32, ""Subscript"": 20, ""Simple Tuple"": 8, ""Files --> 'write' call function"": 8, ""Print"": 7, ""If statements expression (else)"": 7, ""Unary Operation"": 5, ""If statements using → __name__ == ‘__main__’"": 5, ""Simple If statements"": 4}",Sin patrón destacado
python-mini-projects,/home/juan/Documents/Analisis-CC-PyCEFR/python-mini-projects/projects/Speed_Game/macOS/main.py,main.py,__init__,,83,142,2,A,1,186,16,3,B1,1.6344086021505377,"{""A2"": 98, ""A1"": 78, ""B1"": 10}","{""Simple Atributte"": 97, ""Simple Assignment"": 46, ""Subscript"": 12, ""Print"": 8, ""Simple Tuple"": 6, ""Lambda"": 4, ""While with Else Loop"": 3, ""Assigment with sum (total = total + 1)"": 2, ""Function with Simple argument"": 1, ""'range' call function"": 1}",Sin patrón destacado
python-mini-projects,/home/juan/Documents/Analisis-CC-PyCEFR/python-mini-projects/projects/Speed_Game/macOS/main.py,main.py,FinishPage,,240,251,2,A,1,39,5,3,B1,1.7692307692307692,"{""A2"": 28, ""A1"": 10, ""B1"": 1}","{""Simple Atributte"": 28, ""Simple Assignment"": 7, ""Simple Tuple"": 2, ""Function with Simple argument"": 1, ""Simple Class  Using the constructor method --> __init__"": 1}",Sin patrón destacado
python-mini-projects,/home/juan/Documents/Analisis-CC-PyCEFR/python-mini-projects/projects/Speed_Game/macOS/main.py,main.py,__init__,,17,20,1,A,1,27,10,3,B1,1.5925925925925926,"{""A1"": 13, ""A2"": 12, ""B1"": 2}","{""Simple Atributte"": 11, ""Simple Assignment"": 7, ""Return"": 2, ""Function with Simple argument"": 1, ""Print"": 1, ""Except Handler"": 1, ""Files --> 'open' call function"": 1, ""With"": 1, ""'raise' exception"": 1, ""Simple If statements"": 1}",Sin patrón destacado
python-mini-projects,/home/juan/Documents/Analisis-CC-PyCEFR/python-mini-projects/projects/Speed_Game/macOS/main.py,main.py,__init__,,31,48,1,A,1,192,24,5,C1,1.5520833333333333,"{""A2"": 94, ""A1"": 93, ""B1"": 4, ""C1"": 1}","{""Simple Atributte"": 78, ""Simple Assignment"": 46, ""Subscript"": 17, ""Simple Dictionary"": 8, ""Simple Tuple"": 6, ""Formatted Value"": 4, ""Print"": 4, ""Simple List"": 3, ""Assigment with sum (total = total + 1)"": 3, ""Files --> 'write' call function"": 3}",PyCEFR alto / Radon bajo
python-mini-projects,/home/juan/Documents/Analisis-CC-PyCEFR/python-mini-projects/projects/Speed_Game/macOS/main.py,main.py,__init__,,52,79,1,A,1,219,24,4,B2,1.6849315068493151,"{""A2"": 113, ""A1"": 90, ""B1"": 11, ""B2"": 5}","{""Simple Atributte"": 98, ""Simple Assignment"": 29, ""Subscript"": 19, ""Simple Tuple"": 8, ""Files --> 'write' call function"": 8, ""Print"": 7, ""If statements expression (else)"": 7, ""Unary Operation"": 5, ""If statements using → __name__ == ‘__main__’"": 5, ""Simple If statements"": 4}",Sin patrón destacado
python-mini-projects,/home/juan/Documents/Analisis-CC-PyCEFR/python-mini-projects/projects/Speed_Game/macOS/main.py,main.py,delete_img,,236,237,1,A,1,6,4,3,B1,1.8333333333333333,"{""A2"": 3, ""A1"": 2, ""B1"": 1}","{""Simple Atributte"": 3, ""Function with Simple argument"": 1, ""Simple Assignment"": 1, ""Lambda"": 1}",Sin patrón destacado
python-mini-projects,/home/juan/Documents/Analisis-CC-PyCEFR/python-mini-projects/projects/Speed_Game/macOS/main.py,main.py,__init__,,241,251,1,A,1,36,4,2,A2,1.7222222222222223,"{""A2"": 26, ""A1"": 10}","{""Simple Atributte"": 26, ""Simple Assignment"": 7, ""Simple Tuple"": 2, ""Function with Simple argument"": 1}",Muchos constructos simples acumulados
python-mini-projects,/home/juan/Documents/Analisis-CC-PyCEFR/python-mini-projects/projects/Speed_Game/windows/main.py,main.py,checkBtn_click,,164,205,4,A,1,139,11,3,B1,1.60431654676259,"{""A2"": 80, ""A1"": 57, ""B1"": 2}","{""Simple Atributte"": 76, ""Simple Assignment"": 30, ""Subscript"": 8, ""Simple Tuple"": 6, ""Print"": 6, ""Simple If statements"": 4, ""Assigment with sum (total = total + 1)"": 2, ""Simplified incremental Assignment with decrease subtraction"": 2, ""Simplified incremental Assignment with increase amount"": 2, ""While with Else Loop"": 2}",Sin patrón destacado
python-mini-projects,/home/juan/Documents/Analisis-CC-PyCEFR/python-mini-projects/projects/Speed_Game/windows/main.py,main.py,SampleApp,,19,30,3,A,1,139,17,6,C2,1.5683453237410072,"{""A2"": 69, ""A1"": 67, ""C2"": 1, ""B1"": 1, ""B2"": 1}","{""Simple Atributte"": 64, ""Simple Assignment"": 34, ""Subscript"": 10, ""Function with Simple argument"": 5, ""Return"": 5, ""Simple If statements"": 4, ""Print"": 3, ""Simple Dictionary"": 3, ""Unary Operation"": 2, ""Slice"": 2}",PyCEFR alto / Radon bajo
python-mini-projects,/home/juan/Documents/Analisis-CC-PyCEFR/python-mini-projects/projects/Speed_Game/windows/main.py,main.py,CountryPage,,85,240,3,A,1,484,19,3,B1,1.621900826446281,"{""A2"": 267, ""A1"": 200, ""B1"": 17}","{""Simple Atributte"": 260, ""Simple Assignment"": 110, ""Subscript"": 28, ""Simple Tuple"": 16, ""Print"": 16, ""Simple If statements"": 11, ""Function with Simple argument"": 9, ""Assigment with sum (total = total + 1)"": 8, ""While with Else Loop"": 7, ""Lambda"": 6}",Sin patrón destacado
python-mini-projects,/home/juan/Documents/Analisis-CC-PyCEFR/python-mini-projects/projects/Speed_Game/windows/main.py,main.py,count,,147,161,3,A,1,44,6,2,A2,1.6818181818181819,"{""A2"": 30, ""A1"": 14}","{""Simple Atributte"": 28, ""Simple Assignment"": 8, ""Simple If statements"": 4, ""Simplified incremental Assignment with decrease subtraction"": 2, ""Simple Tuple"": 1, ""Function with Simple argument"": 1}",Muchos constructos simples acumulados
python-mini-projects,/home/juan/Documents/Analisis-CC-PyCEFR/python-mini-projects/projects/Speed_Game/windows/main.py,main.py,passBtn_click,,207,237,3,A,1,97,10,3,B1,1.6082474226804124,"{""A2"": 51, ""A1"": 42, ""B1"": 4}","{""Simple Atributte"": 51, ""Simple Assignment"": 22, ""Subscript"": 8, ""Assigment with sum (total = total + 1)"": 4, ""Simple Tuple"": 2, ""Print"": 2, ""Simple If statements"": 2, ""While with Else Loop"": 2, ""Function with Simple argument"": 2, ""Lambda"": 2}",Sin patrón destacado
python-mini-projects,/home/juan/Documents/Analisis-CC-PyCEFR/python-mini-projects/projects/Speed_Game/windows/main.py,main.py,switch_frame,,25,30,2,A,1,79,14,6,C2,1.5949367088607596,"{""A2"": 39, ""A1"": 38, ""C2"": 1, ""B2"": 1}","{""Simple Atributte"": 34, ""Simple Assignment"": 20, ""Subscript"": 8, ""Return"": 3, ""Simple Dictionary"": 3, ""Unary Operation"": 2, ""Slice"": 2, ""Simple Tuple"": 1, ""'enumerate' call function"": 1, ""Simple If statements"": 1}",PyCEFR alto / Radon bajo
python-mini-projects,/home/juan/Documents/Analisis-CC-PyCEFR/python-mini-projects/projects/Speed_Game/windows/main.py,main.py,StartPage,,33,51,2,A,1,212,26,5,C1,1.5141509433962264,"{""A1"": 114, ""A2"": 89, ""B1"": 8, ""C1"": 1}","{""Simple Atributte"": 75, ""Simple Assignment"": 51, ""Subscript"": 23, ""Simple Dictionary"": 9, ""Print"": 7, ""Formatted Value"": 6, ""Simple Tuple"": 5, ""Assigment with sum (total = total + 1)"": 5, ""Simple List"": 3, ""Joined String"": 3}",PyCEFR alto / Radon bajo
python-mini-projects,/home/juan/Documents/Analisis-CC-PyCEFR/python-mini-projects/projects/Speed_Game/windows/main.py,main.py,CategoryPage,,54,82,2,A,1,210,24,4,B2,1.7047619047619047,"{""A2"": 107, ""A1"": 85, ""B1"": 13, ""B2"": 5}","{""Simple Atributte"": 96, ""Simple Assignment"": 27, ""Subscript"": 17, ""Files --> 'write' call function"": 8, ""Simple Tuple"": 7, ""Print"": 7, ""If statements expression (else)"": 7, ""Unary Operation"": 5, ""If statements using → __name__ == ‘__main__’"": 5, ""Lambda"": 4}",Sin patrón destacado
python-mini-projects,/home/juan/Documents/Analisis-CC-PyCEFR/python-mini-projects/projects/Speed_Game/windows/main.py,main.py,__init__,,86,145,2,A,1,193,16,3,B1,1.621761658031088,"{""A2"": 102, ""A1"": 82, ""B1"": 9}","{""Simple Atributte"": 101, ""Simple Assignment"": 49, ""Subscript"": 12, ""Print"": 8, ""Simple Tuple"": 7, ""Lambda"": 4, ""Assigment with sum (total = total + 1)"": 2, ""While with Else Loop"": 2, ""Function with Simple argument"": 1, ""'range' call function"": 1}",Sin patrón destacado
python-mini-projects,/home/juan/Documents/Analisis-CC-PyCEFR/python-mini-projects/projects/Speed_Game/windows/main.py,main.py,FinishPage,,243,254,2,A,1,39,5,3,B1,1.7435897435897436,"{""A2"": 27, ""A1"": 11, ""B1"": 1}","{""Simple Atributte"": 27, ""Simple Assignment"": 8, ""Simple Tuple"": 2, ""Function with Simple argument"": 1, ""Simple Class  Using the constructor method --> __init__"": 1}",Sin patrón destacado
python-mini-projects,/home/juan/Documents/Analisis-CC-PyCEFR/python-mini-projects/projects/Speed_Game/windows/main.py,main.py,__init__,,20,23,1,A,1,40,8,2,A2,1.55,"{""A2"": 22, ""A1"": 18}","{""Simple Atributte"": 22, ""Simple Assignment"": 10, ""Print"": 2, ""Return"": 2, ""Function with Simple argument"": 1, ""Except Handler"": 1, ""Subscript"": 1, ""Simple If statements"": 1}",Muchos constructos simples acumulados
python-mini-projects,/home/juan/Documents/Analisis-CC-PyCEFR/python-mini-projects/projects/Speed_Game/windows/main.py,main.py,__init__,,34,51,1,A,1,199,25,5,C1,1.5025125628140703,"{""A1"": 108, ""A2"": 84, ""B1"": 6, ""C1"": 1}","{""Simple Atributte"": 71, ""Simple Assignment"": 48, ""Subscript"": 20, ""Simple Dictionary"": 8, ""Print"": 7, ""Formatted Value"": 6, ""Simple Tuple"": 5, ""Assigment with sum (total = total + 1)"": 5, ""Simple List"": 3, ""Joined String"": 3}",PyCEFR alto / Radon bajo
python-mini-projects,/home/juan/Documents/Analisis-CC-PyCEFR/python-mini-projects/projects/Speed_Game/windows/main.py,main.py,__init__,,55,82,1,A,1,198,22,4,B2,1.702020202020202,"{""A2"": 103, ""A1"": 79, ""B1"": 12, ""B2"": 4}","{""Simple Atributte"": 94, ""Simple Assignment"": 26, ""Subscript"": 13, ""Files --> 'write' call function"": 8, ""Print"": 7, ""If statements expression (else)"": 7, ""Simple Tuple"": 6, ""Unary Operation"": 5, ""If statements using → __name__ == ‘__main__’"": 4, ""Lambda"": 4}",Sin patrón destacado
python-mini-projects,/home/juan/Documents/Analisis-CC-PyCEFR/python-mini-projects/projects/Speed_Game/windows/main.py,main.py,delete_img,,239,240,1,A,1,3,2,2,A2,1.6666666666666667,"{""A2"": 2, ""A1"": 1}","{""Simple Atributte"": 2, ""Function with Simple argument"": 1}",Sin patrón destacado
python-mini-projects,/home/juan/Documents/Analisis-CC-PyCEFR/python-mini-projects/projects/Speed_Game/windows/main.py,main.py,__init__,,244,254,1,A,1,36,4,2,A2,1.7222222222222223,"{""A2"": 26, ""A1"": 10}","{""Simple Atributte"": 26, ""Simple Assignment"": 7, ""Simple Tuple"": 2, ""Function with Simple argument"": 1}",Muchos constructos simples acumulados
python-mini-projects,/home/juan/Documents/Analisis-CC-PyCEFR/python-mini-projects/projects/S3_File_Upload/main.py,main.py,upload_to_s3,,10,23,3,A,1,131,19,3,B1,1.549618320610687,"{""A1"": 68, ""A2"": 54, ""B1"": 9}","{""Simple Atributte"": 47, ""Simple Assignment"": 27, ""Alias"": 9, ""Print"": 9, ""Import"": 5, ""Simple Tuple"": 4, ""Import with 'as' extension "": 4, ""Except Handler"": 4, ""Function with Simple argument"": 4, ""Simple If statements"": 4}",Sin patrón destacado
python-mini-projects,/home/juan/Documents/Analisis-CC-PyCEFR/python-mini-projects/projects/convert_png_images_to_ico_format/convertUI.py,convertUI.py,convertToICO,,20,28,2,A,1,10,4,2,A2,1.7,"{""A2"": 7, ""A1"": 3}","{""Simple Atributte"": 7, ""Simple Assignment"": 1, ""Simple If statements"": 1, ""Function"": 1}",Sin patrón destacado
python-mini-projects,/home/juan/Documents/Analisis-CC-PyCEFR/python-mini-projects/projects/convert_png_images_to_ico_format/convertUI.py,convertUI.py,getPNG,,14,18,1,A,1,8,5,2,A2,1.375,"{""A1"": 5, ""A2"": 3}","{""Simple Atributte"": 3, ""Simple Assignment"": 2, ""Simple List"": 1, ""Simple Tuple"": 1, ""Function"": 1}",Sin patrón destacado
python-mini-projects,/home/juan/Documents/Analisis-CC-PyCEFR/python-mini-projects/projects/Network Usage Tracker/network_usage_tracker.py,network_usage_tracker.py,update_label,,78,103,3,A,1,21,5,2,A2,1.6666666666666667,"{""A2"": 14, ""A1"": 7}","{""Simple Atributte"": 14, ""Simple Assignment"": 3, ""Simple If statements"": 2, ""Assigment with sum (total = total + 1)"": 1, ""Function"": 1}",Sin patrón destacado
python-mini-projects,/home/juan/Documents/Analisis-CC-PyCEFR/python-mini-projects/projects/Network Usage Tracker/network_usage_tracker.py,network_usage_tracker.py,exit_win,,38,40,2,A,1,4,3,2,A2,1.5,"{""A2"": 2, ""A1"": 2}","{""Simple Atributte"": 2, ""Simple If statements"": 1, ""Function"": 1}",Sin patrón destacado
python-mini-projects,/home/juan/Documents/Analisis-CC-PyCEFR/python-mini-projects/projects/Network Usage Tracker/network_usage_tracker.py,network_usage_tracker.py,exit_win,,109,111,2,A,1,4,3,2,A2,1.5,"{""A2"": 2, ""A1"": 2}","{""Simple Atributte"": 2, ""Simple If statements"": 1, ""Function"": 1}",Sin patrón destacado
python-mini-projects,/home/juan/Documents/Analisis-CC-PyCEFR/python-mini-projects/projects/Network Usage Tracker/network_usage_tracker.py,network_usage_tracker.py,start_fun,,22,23,1,A,1,2,2,2,A2,1.5,"{""A2"": 1, ""A1"": 1}","{""Simple Atributte"": 1, ""Function"": 1}",Sin patrón destacado
python-mini-projects,/home/juan/Documents/Analisis-CC-PyCEFR/python-mini-projects/projects/Network Usage Tracker/network_usage_tracker.py,network_usage_tracker.py,convert_to_gbit,,73,74,1,A,1,2,2,1,A1,1.0,"{""A1"": 2}","{""Function with Simple argument"": 1, ""Return"": 1}",Sin patrón destacado
python-mini-projects,/home/juan/Documents/Analisis-CC-PyCEFR/python-mini-projects/projects/steganography/dct.py,dct.py,insert,,32,64,7,B,2,68,14,4,B2,1.4705882352941178,"{""A1"": 38, ""A2"": 29, ""B2"": 1}","{""Simple Atributte"": 20, ""Simple Assignment"": 12, ""Simple Tuple"": 6, ""Subscript"": 6, ""Slice"": 6, ""'range' call function"": 5, ""Simple For Loop"": 3, ""Assigment with sum (total = total + 1)"": 2, ""Simplified incremental Assignment with increase amount"": 2, ""1 Nested For Loop"": 2}",Coincidencia en dificultad alta
python-mini-projects,/home/juan/Documents/Analisis-CC-PyCEFR/python-mini-projects/projects/steganography/dct.py,dct.py,extract,,93,120,7,B,2,51,17,4,B2,1.5098039215686274,"{""A1"": 30, ""A2"": 17, ""B1"": 3, ""B2"": 1}","{""Simple Atributte"": 10, ""Simple Assignment"": 10, ""Slice"": 5, ""Subscript"": 4, ""Simplified incremental Assignment with increase amount"": 4, ""Simple Tuple"": 3, ""Assigment with sum (total = total + 1)"": 3, ""'range' call function"": 2, ""While with Else Loop"": 2, ""Simple List"": 1}",Coincidencia en dificultad alta
python-mini-projects,/home/juan/Documents/Analisis-CC-PyCEFR/python-mini-projects/projects/steganography/dct.py,dct.py,encode,,68,81,4,A,1,30,7,2,A2,1.0333333333333334,"{""A1"": 29, ""A2"": 1}","{""Subscript"": 16, ""Simple Assignment"": 7, ""Assigment with sum (total = total + 1)"": 2, ""Simple If statements"": 2, ""'range' call function"": 1, ""Simple For Loop"": 1, ""Function with Simple argument"": 1}",Muchos constructos simples acumulados
python-mini-projects,/home/juan/Documents/Analisis-CC-PyCEFR/python-mini-projects/projects/steganography/dct.py,dct.py,decode,,85,90,3,A,1,11,8,2,A2,1.1818181818181819,"{""A1"": 9, ""A2"": 2}","{""Subscript"": 4, ""'range' call function"": 1, ""Simple Assignment"": 1, ""Simplified incremental Assignment with "": 1, ""Simple If statements"": 1, ""Simple For Loop"": 1, ""Function with Simple argument"": 1, ""Return"": 1}",Sin patrón destacado
python-mini-projects,/home/juan/Documents/Analisis-CC-PyCEFR/python-mini-projects/projects/steganography/lsb.py,lsb.py,extract,,43,63,5,A,1,29,13,4,B2,1.5862068965517242,"{""A1"": 17, ""A2"": 8, ""B1"": 3, ""B2"": 1}","{""Simple Assignment"": 7, ""Simple Atributte"": 4, ""Simplified incremental Assignment with increase amount"": 4, ""Subscript"": 3, ""Slice"": 2, ""While with Else Loop"": 2, ""Unary Operation"": 1, ""Assigment with sum (total = total + 1)"": 1, ""'assert' exception"": 1, ""Simple If statements"": 1}",Sin patrón destacado
python-mini-projects,/home/juan/Documents/Analisis-CC-PyCEFR/python-mini-projects/projects/steganography/lsb.py,lsb.py,insert,,22,40,3,A,1,29,13,6,C2,1.6551724137931034,"{""A1"": 16, ""A2"": 11, ""C2"": 1, ""B2"": 1}","{""Simple Atributte"": 9, ""Simple Assignment"": 6, ""Subscript"": 3, ""Simple Tuple"": 2, ""'enumerate' call function"": 1, ""Unary Operation"": 1, ""Slice"": 1, ""Assigment with sum (total = total + 1)"": 1, ""Simplified incremental Assignment with increase amount"": 1, ""'assert' exception"": 1}",PyCEFR alto / Radon bajo
python-mini-projects,/home/juan/Documents/Analisis-CC-PyCEFR/python-mini-projects/projects/steganography/lsb.py,lsb.py,encode,,66,70,2,A,1,8,6,2,A2,1.375,"{""A1"": 5, ""A2"": 3}","{""Subscript"": 2, ""Simplified incremental Assignment with "": 2, ""'range' call function"": 1, ""Simple Assignment"": 1, ""Simple For Loop"": 1, ""Function with Simple argument"": 1}",Sin patrón destacado
python-mini-projects,/home/juan/Documents/Analisis-CC-PyCEFR/python-mini-projects/projects/steganography/lsb.py,lsb.py,decode,,73,77,2,A,1,7,7,2,A2,1.2857142857142858,"{""A1"": 5, ""A2"": 2}","{""'range' call function"": 1, ""Subscript"": 1, ""Simple Assignment"": 1, ""Simplified incremental Assignment with "": 1, ""Simple For Loop"": 1, ""Function with Simple argument"": 1, ""Return"": 1}",Sin patrón destacado
python-mini-projects,/home/juan/Documents/Analisis-CC-PyCEFR/python-mini-projects/projects/cat_command/cat.py,cat.py,readFile,,26,40,3,A,1,10,9,3,B1,1.5,"{""A1"": 6, ""A2"": 3, ""B1"": 1}","{""Simple Atributte"": 2, ""Formatted Value"": 1, ""Joined String"": 1, ""Files --> 'open' call function"": 1, ""Print"": 1, ""Simple If statements"": 1, ""Simple For Loop"": 1, ""With"": 1, ""Function with Simple argument"": 1}",Sin patrón destacado
python-mini-projects,/home/juan/Documents/Analisis-CC-PyCEFR/python-mini-projects/projects/cat_command/cat.py,cat.py,main,,57,73,3,A,1,8,5,3,B1,1.625,"{""A1"": 4, ""A2"": 3, ""B1"": 1}","{""Simple Atributte"": 3, ""Except Handler"": 2, ""Simple Assignment"": 1, ""Exception --> try/except"": 1, ""Function"": 1}",Sin patrón destacado
python-mini-projects,/home/juan/Documents/Analisis-CC-PyCEFR/python-mini-projects/projects/cat_command/cat.py,cat.py,Logger,,11,16,2,A,1,8,8,3,B1,1.5,"{""A1"": 5, ""A2"": 2, ""B1"": 1}","{""Formatted Value"": 1, ""Joined String"": 1, ""Print"": 1, ""Simple Atributte"": 1, ""Simple Assignment"": 1, ""Function with Simple argument with Default argument"": 1, ""Function with Simple argument"": 1, ""Simple Class  Using the constructor method --> __init__"": 1}",Sin patrón destacado
python-mini-projects,/home/juan/Documents/Analisis-CC-PyCEFR/python-mini-projects/projects/cat_command/cat.py,cat.py,cli,,42,55,1,A,1,7,4,2,A2,1.5714285714285714,"{""A2"": 4, ""A1"": 3}","{""Simple Atributte"": 4, ""Simple Assignment"": 1, ""Function"": 1, ""Return"": 1}",Sin patrón destacado
python-mini-projects,/home/juan/Documents/Analisis-CC-PyCEFR/python-mini-projects/projects/cat_command/cat.py,cat.py,CatError,,8,9,1,A,1,2,2,3,B1,3.0,"{""B1"": 2}","{""'pass' statement"": 1, ""Inherited Class from Exception"": 1}",Sin patrón destacado
python-mini-projects,/home/juan/Documents/Analisis-CC-PyCEFR/python-mini-projects/projects/cat_command/cat.py,cat.py,__init__,,12,13,1,A,1,3,3,2,A2,1.6666666666666667,"{""A2"": 2, ""A1"": 1}","{""Simple Atributte"": 1, ""Simple Assignment"": 1, ""Function with Simple argument with Default argument"": 1}",Sin patrón destacado
python-mini-projects,/home/juan/Documents/Analisis-CC-PyCEFR/python-mini-projects/projects/cat_command/cat.py,cat.py,error,,15,16,1,A,1,4,4,1,A1,1.0,"{""A1"": 4}","{""Formatted Value"": 1, ""Joined String"": 1, ""Print"": 1, ""Function with Simple argument"": 1}",Sin patrón destacado
python-mini-projects,/home/juan/Documents/Analisis-CC-PyCEFR/python-mini-projects/projects/Convert_JPEG_to_PNG/converter_GUI.py,converter_GUI.py,convertToPNG,,28,35,2,A,1,7,4,2,A2,1.5714285714285714,"{""A2"": 4, ""A1"": 3}","{""Simple Atributte"": 4, ""Simple Assignment"": 1, ""Simple If statements"": 1, ""Function"": 1}",Sin patrón destacado
python-mini-projects,/home/juan/Documents/Analisis-CC-PyCEFR/python-mini-projects/projects/Convert_JPEG_to_PNG/converter_GUI.py,converter_GUI.py,getJPG,,14,18,1,A,1,5,3,2,A2,1.4,"{""A1"": 3, ""A2"": 2}","{""Simple Atributte"": 2, ""Simple Assignment"": 2, ""Function"": 1}",Sin patrón destacado
python-mini-projects,/home/juan/Documents/Analisis-CC-PyCEFR/python-mini-projects/projects/Alarm clock/alarm_clock.py,alarm_clock.py,alarm,,19,36,3,A,1,20,8,3,B1,1.55,"{""A1"": 10, ""A2"": 9, ""B1"": 1}","{""Simple Atributte"": 9, ""Formatted Value"": 3, ""Print"": 2, ""Simple Assignment"": 2, ""Joined String"": 1, ""Simple If statements"": 1, ""While with Else Loop"": 1, ""Function"": 1}",Sin patrón destacado
python-mini-projects,/home/juan/Documents/Analisis-CC-PyCEFR/python-mini-projects/projects/Alarm clock/alarm_clock.py,alarm_clock.py,Threading,,15,17,1,A,1,3,3,2,A2,1.3333333333333333,"{""A1"": 2, ""A2"": 1}","{""Simple Atributte"": 1, ""Simple Assignment"": 1, ""Function"": 1}",Sin patrón destacado
python-mini-projects,/home/juan/Documents/Analisis-CC-PyCEFR/python-mini-projects/projects/export_mysql_to_csv_send_to_wocom/export_mysql_data_to_csv.py,export_mysql_data_to_csv.py,read_mysql_to_csv,,26,33,2,A,1,9,5,3,B1,1.6666666666666667,"{""A2"": 4, ""A1"": 4, ""B1"": 1}","{""Simple Atributte"": 4, ""Simple Assignment"": 2, ""Simple For Loop"": 1, ""With"": 1, ""Function with Simple argument"": 1}",Sin patrón destacado
python-mini-projects,/home/juan/Documents/Analisis-CC-PyCEFR/python-mini-projects/projects/export_mysql_to_csv_send_to_wocom/export_mysql_data_to_csv.py,export_mysql_data_to_csv.py,sql,,15,23,1,A,1,15,4,2,A2,1.6666666666666667,"{""A2"": 10, ""A1"": 5}","{""Simple Atributte"": 10, ""Simple Assignment"": 3, ""Function with Simple argument"": 1, ""Return"": 1}",Sin patrón destacado
python-mini-projects,/home/juan/Documents/Analisis-CC-PyCEFR/python-mini-projects/projects/export_mysql_to_csv_send_to_wocom/export_mysql_data_to_csv.py,export_mysql_data_to_csv.py,upload_file_robots,,36,42,1,A,1,13,8,2,A2,1.3846153846153846,"{""A1"": 8, ""A2"": 5}","{""Simple Assignment"": 4, ""Simple Dictionary"": 2, ""Simple Atributte"": 2, ""Files --> 'open' call function"": 1, ""Subscript"": 1, ""Assigment with sum (total = total + 1)"": 1, ""Function with Simple argument"": 1, ""Return"": 1}",Sin patrón destacado
python-mini-projects,/home/juan/Documents/Analisis-CC-PyCEFR/python-mini-projects/projects/export_mysql_to_csv_send_to_wocom/export_mysql_data_to_csv.py,export_mysql_data_to_csv.py,send_file_robots,,45,50,1,A,1,9,7,3,B1,1.5555555555555556,"{""A1"": 5, ""A2"": 3, ""B1"": 1}","{""Simple Dictionary"": 2, ""Simple Assignment"": 2, ""1 Nested Dictionary"": 1, ""Simple Atributte"": 1, ""Assigment with sum (total = total + 1)"": 1, ""Function with Simple argument"": 1, ""Return"": 1}",Sin patrón destacado
python-mini-projects,/home/juan/Documents/Analisis-CC-PyCEFR/python-mini-projects/projects/Ascii_art/make_art.py,make_art.py,print_out_ascii,,11,18,3,A,1,6,5,2,A2,1.1666666666666667,"{""A1"": 5, ""A2"": 1}","{""Print"": 2, ""Subscript"": 1, ""1 Nested For Loop"": 1, ""Simple For Loop"": 1, ""Function with Simple argument"": 1}",Sin patrón destacado
python-mini-projects,/home/juan/Documents/Analisis-CC-PyCEFR/python-mini-projects/projects/Ascii_art/make_art.py,make_art.py,img_to_ascii,,21,38,2,A,1,18,8,6,C2,1.5555555555555556,"{""A1"": 12, ""A2"": 5, ""C2"": 1}","{""Simple Assignment"": 6, ""Simple Atributte"": 4, ""Simple Tuple"": 3, ""'enumerate' call function"": 1, ""Subscript"": 1, ""For Loop with Tuple as name"": 1, ""Function with Simple argument"": 1, ""Return"": 1}",PyCEFR alto / Radon bajo
python-mini-projects,/home/juan/Documents/Analisis-CC-PyCEFR/python-mini-projects/projects/Tic_tac_toe_with_ai/tic-tac-toe-AI.py,tic-tac-toe-AI.py,win_check,,154,168,24,D,4,35,4,1,A1,1.0,"{""A1"": 35}","{""Subscript"": 24, ""Boolean Operation"": 9, ""Function with Simple argument"": 1, ""Return"": 1}",Radon alto / PyCEFR bajo; Muchos constructos simples acumulados
python-mini-projects,/home/juan/Documents/Analisis-CC-PyCEFR/python-mini-projects/projects/Tic_tac_toe_with_ai/tic-tac-toe-AI.py,tic-tac-toe-AI.py,CompAI,,95,124,14,C,3,33,13,6,C2,1.5454545454545454,"{""A1"": 28, ""C1"": 3, ""C2"": 1, ""A2"": 1}","{""Simple Assignment"": 10, ""Simple If statements"": 4, ""Return"": 4, ""Simple List"": 3, ""List Comprehension with 1If statements"": 3, ""Subscript"": 2, ""Simple Tuple"": 1, ""'enumerate' call function"": 1, ""Boolean Operation"": 1, ""Slice"": 1}",Coincidencia en dificultad alta
python-mini-projects,/home/juan/Documents/Analisis-CC-PyCEFR/python-mini-projects/projects/Tic_tac_toe_with_ai/tic-tac-toe-AI.py,tic-tac-toe-AI.py,choice,,37,63,7,B,2,20,13,3,B1,1.25,"{""A1"": 17, ""B1"": 2, ""A2"": 1}","{""Simple Assignment"": 5, ""Simple If statements"": 3, ""Boolean Operation"": 2, ""Simple Tuple"": 1, ""Formatted Value"": 1, ""Joined String"": 1, ""Print"": 1, ""Simple Atributte"": 1, ""Subscript"": 1, ""While with Else Loop"": 1}",Sin patrón destacado
python-mini-projects,/home/juan/Documents/Analisis-CC-PyCEFR/python-mini-projects/projects/Tic_tac_toe_with_ai/tic-tac-toe-AI.py,tic-tac-toe-AI.py,player_choice,,81,91,6,B,2,18,11,3,B1,1.1111111111111112,"{""A1"": 17, ""B1"": 1}","{""Simple List"": 2, ""Formatted Value"": 2, ""Joined String"": 2, ""Print"": 2, ""Unary Operation"": 2, ""Boolean Operation"": 2, ""Simple Assignment"": 2, ""Simple If statements"": 1, ""While with Else Loop"": 1, ""Function with Simple argument"": 1}",Sin patrón destacado
python-mini-projects,/home/juan/Documents/Analisis-CC-PyCEFR/python-mini-projects/projects/Tic_tac_toe_with_ai/tic-tac-toe-AI.py,tic-tac-toe-AI.py,full_board_check,,146,151,3,A,1,6,5,2,A2,1.1666666666666667,"{""A1"": 5, ""A2"": 1}","{""Return"": 2, ""'range' call function"": 1, ""Simple If statements"": 1, ""Simple For Loop"": 1, ""Function with Simple argument"": 1}",Sin patrón destacado
python-mini-projects,/home/juan/Documents/Analisis-CC-PyCEFR/python-mini-projects/projects/Tic_tac_toe_with_ai/tic-tac-toe-AI.py,tic-tac-toe-AI.py,delay,,170,173,2,A,1,5,5,2,A2,1.4,"{""A1"": 3, ""A2"": 2}","{""Simple Atributte"": 1, ""Import"": 1, ""Alias"": 1, ""Simple If statements"": 1, ""Function with Simple argument"": 1}",Sin patrón destacado
python-mini-projects,/home/juan/Documents/Analisis-CC-PyCEFR/python-mini-projects/projects/Tic_tac_toe_with_ai/tic-tac-toe-AI.py,tic-tac-toe-AI.py,default,,8,10,1,A,1,2,2,1,A1,1.0,"{""A1"": 2}","{""Print"": 1, ""Function"": 1}",Sin patrón destacado
python-mini-projects,/home/juan/Documents/Analisis-CC-PyCEFR/python-mini-projects/projects/Tic_tac_toe_with_ai/tic-tac-toe-AI.py,tic-tac-toe-AI.py,rules,,13,21,1,A,1,9,2,1,A1,1.0,"{""A1"": 9}","{""Print"": 8, ""Function"": 1}",Sin patrón destacado
python-mini-projects,/home/juan/Documents/Analisis-CC-PyCEFR/python-mini-projects/projects/Tic_tac_toe_with_ai/tic-tac-toe-AI.py,tic-tac-toe-AI.py,play,,24,26,1,A,1,4,3,2,A2,1.5,"{""A2"": 2, ""A1"": 2}","{""Simple Atributte"": 2, ""Function"": 1, ""Return"": 1}",Sin patrón destacado
python-mini-projects,/home/juan/Documents/Analisis-CC-PyCEFR/python-mini-projects/projects/Tic_tac_toe_with_ai/tic-tac-toe-AI.py,tic-tac-toe-AI.py,names,,29,34,1,A,1,7,5,2,A2,1.2857142857142858,"{""A1"": 5, ""A2"": 2}","{""Simple Atributte"": 2, ""Simple Assignment"": 2, ""Simple Tuple"": 1, ""Function"": 1, ""Return"": 1}",Sin patrón destacado
python-mini-projects,/home/juan/Documents/Analisis-CC-PyCEFR/python-mini-projects/projects/Tic_tac_toe_with_ai/tic-tac-toe-AI.py,tic-tac-toe-AI.py,first_player,,67,70,1,A,1,6,6,2,A2,1.3333333333333333,"{""A1"": 4, ""A2"": 2}","{""Simple Tuple"": 1, ""Simple Atributte"": 1, ""Import"": 1, ""Alias"": 1, ""Function"": 1, ""Return"": 1}",Sin patrón destacado
python-mini-projects,/home/juan/Documents/Analisis-CC-PyCEFR/python-mini-projects/projects/Tic_tac_toe_with_ai/tic-tac-toe-AI.py,tic-tac-toe-AI.py,display_board,,73,78,1,A,1,30,4,2,A2,1.2,"{""A1"": 24, ""A2"": 6}","{""Subscript"": 18, ""Simple Atributte"": 6, ""Print"": 5, ""Function with Simple argument"": 1}",Muchos constructos simples acumulados
python-mini-projects,/home/juan/Documents/Analisis-CC-PyCEFR/python-mini-projects/projects/Tic_tac_toe_with_ai/tic-tac-toe-AI.py,tic-tac-toe-AI.py,selectRandom,,128,132,1,A,1,8,7,2,A2,1.25,"{""A1"": 6, ""A2"": 2}","{""Simple Assignment"": 2, ""Simple Atributte"": 1, ""Subscript"": 1, ""Import"": 1, ""Alias"": 1, ""Function with Simple argument"": 1, ""Return"": 1}",Sin patrón destacado
python-mini-projects,/home/juan/Documents/Analisis-CC-PyCEFR/python-mini-projects/projects/Tic_tac_toe_with_ai/tic-tac-toe-AI.py,tic-tac-toe-AI.py,place_marker,,135,138,1,A,1,5,3,1,A1,1.0,"{""A1"": 5}","{""Subscript"": 2, ""Simple Assignment"": 2, ""Function with Simple argument"": 1}",Sin patrón destacado
python-mini-projects,/home/juan/Documents/Analisis-CC-PyCEFR/python-mini-projects/projects/Tic_tac_toe_with_ai/tic-tac-toe-AI.py,tic-tac-toe-AI.py,space_check,,141,143,1,A,1,3,3,1,A1,1.0,"{""A1"": 3}","{""Subscript"": 1, ""Function with Simple argument"": 1, ""Return"": 1}",Sin patrón destacado
python-mini-projects,/home/juan/Documents/Analisis-CC-PyCEFR/python-mini-projects/projects/Tic_tac_toe_with_ai/tic-tac-toe-AI.py,tic-tac-toe-AI.py,replay,,175,177,1,A,1,4,3,2,A2,1.5,"{""A2"": 2, ""A1"": 2}","{""Simple Atributte"": 2, ""Function"": 1, ""Return"": 1}",Sin patrón destacado
python-mini-projects,/home/juan/Documents/Analisis-CC-PyCEFR/python-mini-projects/projects/Wikipedia_search_wordcloud/wiki-search-cloud.py,wiki-search-cloud.py,gen_cloud,,11,20,2,A,1,13,7,3,B1,1.5384615384615385,"{""A1"": 7, ""A2"": 5, ""B1"": 1}","{""Simple Atributte"": 5, ""Simple Assignment"": 3, ""Print"": 1, ""Exception --> try/except"": 1, ""Except Handler"": 1, ""Function with Simple argument"": 1, ""Return"": 1}",Sin patrón destacado
python-mini-projects,/home/juan/Documents/Analisis-CC-PyCEFR/python-mini-projects/projects/Wikipedia_search_wordcloud/wiki-search-cloud.py,wiki-search-cloud.py,save_cloud,,24,25,1,A,1,2,2,2,A2,1.5,"{""A2"": 1, ""A1"": 1}","{""Simple Atributte"": 1, ""Function with Simple argument"": 1}",Sin patrón destacado
python-mini-projects,/home/juan/Documents/Analisis-CC-PyCEFR/python-mini-projects/projects/Wikipedia_search_wordcloud/wiki-search-cloud.py,wiki-search-cloud.py,show_cloud,,29,32,1,A,1,4,2,2,A2,1.75,"{""A2"": 3, ""A1"": 1}","{""Simple Atributte"": 3, ""Function with Simple argument"": 1}",Sin patrón destacado
python-mini-projects,/home/juan/Documents/Analisis-CC-PyCEFR/python-mini-projects/projects/dork_search_google/main.py,main.py,Exploit,,40,55,4,A,1,179,24,3,B1,1.452513966480447,"{""A1"": 102, ""A2"": 73, ""B1"": 4}","{""Simple Atributte"": 56, ""Simple Assignment"": 39, ""Subscript"": 25, ""Print"": 9, ""Simple Dictionary"": 9, ""Simple Tuple"": 7, ""Assigment with sum (total = total + 1)"": 5, ""Simplified incremental Assignment with increase amount"": 4, ""Formatted Value"": 4, ""Simple If statements"": 3}",Sin patrón destacado
python-mini-projects,/home/juan/Documents/Analisis-CC-PyCEFR/python-mini-projects/projects/Set_Alarm/alarm.py,alarm.py,set_alarm,,18,66,10,B,2,69,16,6,C2,1.463768115942029,"{""A1"": 46, ""A2"": 17, ""B1"": 5, ""C2"": 1}","{""Simple Atributte"": 16, ""Simple Assignment"": 15, ""Print"": 9, ""Formatted Value"": 6, ""Joined String"": 4, ""Subscript"": 4, ""Simple If statements"": 4, ""While with Else Loop"": 3, ""Simple Tuple"": 1, ""'map' call function"": 1}",Coincidencia en dificultad alta
python-mini-projects,/home/juan/Documents/Analisis-CC-PyCEFR/python-mini-projects/projects/Set_Alarm/alarm.py,alarm.py,rename_files_with_whitespaces,,7,11,3,A,1,10,5,2,A2,1.7,"{""A2"": 7, ""A1"": 3}","{""Simple Atributte"": 6, ""Simple Assignment"": 1, ""Simple If statements"": 1, ""Simple For Loop"": 1, ""Function with Simple argument with Default argument"": 1}",Sin patrón destacado
python-mini-projects,/home/juan/Documents/Analisis-CC-PyCEFR/python-mini-projects/projects/Set_Alarm/alarm.py,alarm.py,clean_filename,,14,15,1,A,1,9,7,6,C2,1.8888888888888888,"{""A1"": 5, ""A2"": 3, ""C2"": 1}","{""Simple Atributte"": 3, ""'map' call function"": 1, ""Unary Operation"": 1, ""Subscript"": 1, ""Slice"": 1, ""Function with Simple argument"": 1, ""Return"": 1}",PyCEFR alto / Radon bajo
python-mini-projects,/home/juan/Documents/Analisis-CC-PyCEFR/python-mini-projects/projects/Set_Alarm/alarm.py,alarm.py,display_header,,68,72,1,A,1,16,5,2,A2,1.5625,"{""A2"": 9, ""A1"": 7}","{""Simple Atributte"": 9, ""Print"": 4, ""Formatted Value"": 1, ""Joined String"": 1, ""Function with Simple argument"": 1}",Sin patrón destacado
python-mini-projects,/home/juan/Documents/Analisis-CC-PyCEFR/python-mini-projects/projects/Split_folder_into_subfolders/split_and_copy.py,split_and_copy.py,split,,32,41,3,A,1,13,9,5,C1,1.3846153846153846,"{""A1"": 11, ""A2"": 1, ""C1"": 1}","{""Simple Tuple"": 4, ""Simple Assignment"": 2, ""'range' call function"": 1, ""Subscript"": 1, ""Slice"": 1, ""Simple If statements"": 1, ""Simple For Loop"": 1, ""Function with Simple argument"": 1, ""Generator Function (yield)"": 1}",PyCEFR alto / Radon bajo
python-mini-projects,/home/juan/Documents/Analisis-CC-PyCEFR/python-mini-projects/projects/Split_folder_into_subfolders/split_and_copy.py,split_and_copy.py,start_process,,44,51,3,A,1,10,8,6,C2,1.6,"{""A1"": 8, ""C2"": 1, ""A2"": 1}","{""Simple Assignment"": 3, ""Simple Tuple"": 1, ""Formatted Value"": 1, ""Joined String"": 1, ""'enumerate' call function"": 1, ""For Loop with Tuple as name"": 1, ""Simple For Loop"": 1, ""Function with Simple argument"": 1}",PyCEFR alto / Radon bajo
python-mini-projects,/home/juan/Documents/Analisis-CC-PyCEFR/python-mini-projects/projects/Split_folder_into_subfolders/split_and_copy.py,split_and_copy.py,copyfiles,,22,29,2,A,1,6,4,2,A2,1.5,"{""A2"": 3, ""A1"": 3}","{""Simple Atributte"": 3, ""Unary Operation"": 1, ""Simple If statements"": 1, ""Function with Simple argument"": 1}",Sin patrón destacado
python-mini-projects,/home/juan/Documents/Analisis-CC-PyCEFR/python-mini-projects/projects/Split_folder_into_subfolders/split_and_copy.py,split_and_copy.py,get_files,,7,12,1,A,1,6,6,2,A2,1.1666666666666667,"{""A1"": 5, ""A2"": 1}","{""Formatted Value"": 1, ""Joined String"": 1, ""Simple Atributte"": 1, ""Simple Assignment"": 1, ""Function with Simple argument"": 1, ""Return"": 1}",Sin patrón destacado
python-mini-projects,/home/juan/Documents/Analisis-CC-PyCEFR/python-mini-projects/projects/Split_folder_into_subfolders/split_and_copy.py,split_and_copy.py,getfullpath,,15,19,1,A,1,4,3,2,A2,1.5,"{""A2"": 2, ""A1"": 2}","{""Simple Atributte"": 2, ""Function with Simple argument"": 1, ""Return"": 1}",Sin patrón destacado
python-mini-projects,/home/juan/Documents/Analisis-CC-PyCEFR/python-mini-projects/projects/Password_generator/password_generator.py,password_generator.py,App,,5,37,2,A,1,48,9,3,B1,1.7083333333333333,"{""A2"": 32, ""A1"": 15, ""B1"": 1}","{""Simple Atributte"": 30, ""Simple Assignment"": 5, ""Function with Simple argument"": 5, ""Simple Tuple"": 3, ""'range' call function"": 1, ""Assigment with sum (total = total + 1)"": 1, ""Simplified incremental Assignment with increase amount"": 1, ""Simple For Loop"": 1, ""Simple Class  Using the constructor method --> __init__"": 1}",Sin patrón destacado
python-mini-projects,/home/juan/Documents/Analisis-CC-PyCEFR/python-mini-projects/projects/Password_generator/password_generator.py,password_generator.py,generate_password,,31,37,2,A,1,13,7,2,A2,1.6923076923076923,"{""A2"": 9, ""A1"": 4}","{""Simple Atributte"": 7, ""'range' call function"": 1, ""Assigment with sum (total = total + 1)"": 1, ""Simple Assignment"": 1, ""Simplified incremental Assignment with increase amount"": 1, ""Simple For Loop"": 1, ""Function with Simple argument"": 1}",Sin patrón destacado
python-mini-projects,/home/juan/Documents/Analisis-CC-PyCEFR/python-mini-projects/projects/Password_generator/password_generator.py,password_generator.py,__init__,,6,17,1,A,1,16,3,2,A2,1.875,"{""A2"": 14, ""A1"": 2}","{""Simple Atributte"": 14, ""Simple Assignment"": 1, ""Function with Simple argument"": 1}",Sin patrón destacado
python-mini-projects,/home/juan/Documents/Analisis-CC-PyCEFR/python-mini-projects/projects/Password_generator/password_generator.py,password_generator.py,label,,19,21,1,A,1,5,4,2,A2,1.4,"{""A1"": 3, ""A2"": 2}","{""Simple Atributte"": 2, ""Simple Tuple"": 1, ""Simple Assignment"": 1, ""Function with Simple argument"": 1}",Sin patrón destacado
python-mini-projects,/home/juan/Documents/Analisis-CC-PyCEFR/python-mini-projects/projects/Password_generator/password_generator.py,password_generator.py,entry,,23,25,1,A,1,7,4,2,A2,1.5714285714285714,"{""A2"": 4, ""A1"": 3}","{""Simple Atributte"": 4, ""Simple Tuple"": 1, ""Simple Assignment"": 1, ""Function with Simple argument"": 1}",Sin patrón destacado
python-mini-projects,/home/juan/Documents/Analisis-CC-PyCEFR/python-mini-projects/projects/Password_generator/password_generator.py,password_generator.py,button,,27,29,1,A,1,6,4,2,A2,1.5,"{""A1"": 3, ""A2"": 3}","{""Simple Atributte"": 3, ""Simple Tuple"": 1, ""Simple Assignment"": 1, ""Function with Simple argument"": 1}",Sin patrón destacado
python-mini-projects,/home/juan/Documents/Analisis-CC-PyCEFR/python-mini-projects/projects/Write_script_to_compress_folder_and_files/zipfiles.py,zipfiles.py,retrieve_file_paths,,14,26,3,A,1,12,8,2,A2,1.4166666666666667,"{""A1"": 7, ""A2"": 5}","{""Simple Atributte"": 4, ""Simple Assignment"": 2, ""Simple List"": 1, ""Simple Tuple"": 1, ""For Loop with Tuple as name"": 1, ""Simple For Loop"": 1, ""Function with Simple argument"": 1, ""Return"": 1}",Sin patrón destacado
python-mini-projects,/home/juan/Documents/Analisis-CC-PyCEFR/python-mini-projects/projects/Write_script_to_compress_folder_and_files/zipfiles.py,zipfiles.py,zip_dir,,29,35,2,A,1,7,6,3,B1,1.7142857142857142,"{""A2"": 3, ""A1"": 3, ""B1"": 1}","{""Simple Atributte"": 2, ""Files --> 'write' call function"": 1, ""Simple Assignment"": 1, ""Simple For Loop"": 1, ""With"": 1, ""Function with Simple argument"": 1}",Sin patrón destacado
python-mini-projects,/home/juan/Documents/Analisis-CC-PyCEFR/python-mini-projects/projects/Write_script_to_compress_folder_and_files/zipfiles.py,zipfiles.py,zip_file,,7,10,1,A,1,7,4,2,A2,1.7142857142857142,"{""A2"": 5, ""A1"": 2}","{""Simple Atributte"": 4, ""Files --> 'write' call function"": 1, ""Simple Assignment"": 1, ""Function with Simple argument"": 1}",Sin patrón destacado
python-mini-projects,/home/juan/Documents/Analisis-CC-PyCEFR/python-mini-projects/projects/MasterMind/Mastermind_GUIinterface.py,Mastermind_GUIinterface.py,guess,,51,86,7,B,2,65,10,2,A2,1.523076923076923,"{""A2"": 34, ""A1"": 31}","{""Simple Atributte"": 31, ""Simple Assignment"": 10, ""Subscript"": 6, ""Simple If statements"": 5, ""Unary Operation"": 4, ""Simple List"": 3, ""Simplified incremental Assignment with increase amount"": 3, ""Assigment with sum (total = total + 1)"": 1, ""Simple For Loop"": 1, ""Function with Simple argument"": 1}",Radon alto / PyCEFR bajo; Muchos constructos simples acumulados
python-mini-projects,/home/juan/Documents/Analisis-CC-PyCEFR/python-mini-projects/projects/MasterMind/Mastermind_GUIinterface.py,Mastermind_GUIinterface.py,MasterMind,,22,96,5,A,1,186,15,3,B1,1.575268817204301,"{""A2"": 89, ""A1"": 88, ""B1"": 9}","{""Simple Atributte"": 80, ""Subscript"": 32, ""Simple Assignment"": 22, ""Simple List"": 9, ""Lambda"": 8, ""Simple Tuple"": 6, ""Simplified incremental Assignment with increase amount"": 6, ""Unary Operation"": 5, ""Simple If statements"": 5, ""Simple For Loop"": 5}",Sin patrón destacado
python-mini-projects,/home/juan/Documents/Analisis-CC-PyCEFR/python-mini-projects/projects/MasterMind/Mastermind_GUIinterface.py,Mastermind_GUIinterface.py,medium,,2,21,4,A,1,34,14,3,B1,1.4411764705882353,"{""A1"": 21, ""A2"": 11, ""B1"": 2}","{""Simple Atributte"": 8, ""Simple Assignment"": 6, ""Simple List"": 3, ""Subscript"": 3, ""Simple If statements"": 3, ""Function with Simple argument"": 3, ""'range' call function"": 1, ""Simplified incremental Assignment with decrease subtraction"": 1, ""Import"": 1, ""Alias"": 1}",Sin patrón destacado
python-mini-projects,/home/juan/Documents/Analisis-CC-PyCEFR/python-mini-projects/projects/MasterMind/Mastermind_GUIinterface.py,Mastermind_GUIinterface.py,compare,,14,21,4,A,1,13,9,2,A2,1.2307692307692308,"{""A1"": 10, ""A2"": 3}","{""Subscript"": 3, ""Simple Atributte"": 2, ""Simple If statements"": 2, ""Simple List"": 1, ""'range' call function"": 1, ""Simple Assignment"": 1, ""Simple For Loop"": 1, ""Function with Simple argument"": 1, ""Return"": 1}",Sin patrón destacado
python-mini-projects,/home/juan/Documents/Analisis-CC-PyCEFR/python-mini-projects/projects/MasterMind/Mastermind_GUIinterface.py,Mastermind_GUIinterface.py,__init__,,23,50,4,A,1,106,10,3,B1,1.6320754716981132,"{""A2"": 51, ""A1"": 47, ""B1"": 8}","{""Simple Atributte"": 47, ""Subscript"": 25, ""Simple Assignment"": 9, ""Lambda"": 8, ""Simple List"": 5, ""Simple Tuple"": 4, ""Simple For Loop"": 3, ""'range' call function"": 2, ""Simplified incremental Assignment with increase amount"": 2, ""Function with Simple argument"": 1}",Sin patrón destacado
python-mini-projects,/home/juan/Documents/Analisis-CC-PyCEFR/python-mini-projects/projects/MasterMind/Mastermind_GUIinterface.py,Mastermind_GUIinterface.py,__init__,,5,13,3,A,1,17,9,3,B1,1.5294117647058822,"{""A1"": 9, ""A2"": 7, ""B1"": 1}","{""Simple Atributte"": 5, ""Simple Assignment"": 4, ""Simple List"": 2, ""Simplified incremental Assignment with decrease subtraction"": 1, ""Import"": 1, ""Alias"": 1, ""Simple If statements"": 1, ""While with Else Loop"": 1, ""Function with Simple argument"": 1}",Sin patrón destacado
python-mini-projects,/home/juan/Documents/Analisis-CC-PyCEFR/python-mini-projects/projects/MasterMind/Mastermind_GUIinterface.py,Mastermind_GUIinterface.py,hint,,89,96,2,A,1,11,9,2,A2,1.3636363636363635,"{""A1"": 7, ""A2"": 4}","{""Simple Atributte"": 2, ""Simple Assignment"": 2, ""Simple List"": 1, ""Unary Operation"": 1, ""Subscript"": 1, ""Simplified incremental Assignment with decrease subtraction"": 1, ""Simplified incremental Assignment with increase amount"": 1, ""Simple For Loop"": 1, ""Function with Simple argument"": 1}",Sin patrón destacado
python-mini-projects,/home/juan/Documents/Analisis-CC-PyCEFR/python-mini-projects/projects/MasterMind/Mastermind_GUIinterface.py,Mastermind_GUIinterface.py,user,,3,4,1,A,1,3,3,2,A2,1.3333333333333333,"{""A1"": 2, ""A2"": 1}","{""Simple Atributte"": 1, ""Simple Assignment"": 1, ""Function with Simple argument"": 1}",Sin patrón destacado
python-mini-projects,/home/juan/Documents/Analisis-CC-PyCEFR/python-mini-projects/projects/Get_meta_information_of_images/get_meta_from_pic.py,get_meta_from_pic.py,get_labeled_exif,,14,19,2,A,1,10,8,2,A2,1.4,"{""A1"": 6, ""A2"": 4}","{""Simple Atributte"": 2, ""Simple Assignment"": 2, ""Simple Tuple"": 1, ""Simple Dictionary"": 1, ""Subscript"": 1, ""For Loop with Tuple as name"": 1, ""Function with Simple argument"": 1, ""Return"": 1}",Sin patrón destacado
python-mini-projects,/home/juan/Documents/Analisis-CC-PyCEFR/python-mini-projects/projects/Get_meta_information_of_images/get_meta_from_pic.py,get_meta_from_pic.py,get_exif,,9,11,1,A,1,4,3,2,A2,1.5,"{""A2"": 2, ""A1"": 2}","{""Simple Atributte"": 2, ""Function with Simple argument"": 1, ""Return"": 1}",Sin patrón destacado
python-mini-projects,/home/juan/Documents/Analisis-CC-PyCEFR/python-mini-projects/projects/Get_meta_information_of_images/author_utils.py,author_utils.py,get_author,,160,171,4,A,1,16,6,2,A2,1.3125,"{""A1"": 11, ""A2"": 5}","{""Simple Atributte"": 5, ""Simple Assignment"": 5, ""Simple If statements"": 3, ""Simple Tuple"": 1, ""Function with Simple argument"": 1, ""Return"": 1}",Sin patrón destacado
python-mini-projects,/home/juan/Documents/Analisis-CC-PyCEFR/python-mini-projects/projects/Get_meta_information_of_images/author_utils.py,author_utils.py,SID_NAME_USE,,31,48,3,A,1,24,10,6,C2,1.9166666666666667,"{""A2"": 11, ""A1"": 9, ""B1"": 3, ""C2"": 1}","{""Simple Atributte"": 10, ""Simple If statements"": 3, ""'raise' exception"": 2, ""Function with Simple argument"": 2, ""Return"": 2, ""'enumerate' call function"": 1, ""Subscript"": 1, ""Simple Assignment"": 1, ""Function with Simple argument with Default argument"": 1, ""Simple Class "": 1}",PyCEFR alto / Radon bajo
python-mini-projects,/home/juan/Documents/Analisis-CC-PyCEFR/python-mini-projects/projects/Get_meta_information_of_images/author_utils.py,author_utils.py,__init__,,36,40,3,A,1,7,4,3,B1,1.8571428571428572,"{""A2"": 4, ""A1"": 2, ""B1"": 1}","{""Simple Atributte"": 3, ""Simple If statements"": 2, ""'raise' exception"": 1, ""Function with Simple argument with Default argument"": 1}",Sin patrón destacado
python-mini-projects,/home/juan/Documents/Analisis-CC-PyCEFR/python-mini-projects/projects/Get_meta_information_of_images/author_utils.py,author_utils.py,PLOCAL,,52,61,3,A,1,15,8,6,C2,1.9333333333333333,"{""A2"": 7, ""A1"": 6, ""C2"": 1, ""B1"": 1}","{""Simple Atributte"": 6, ""Simple Assignment"": 3, ""Super Function"": 1, ""Boolean Operation"": 1, ""Simple If statements"": 1, ""Function with Simple argument with Default argument"": 1, ""Function with Simple argument"": 1, ""Simple Class "": 1}",PyCEFR alto / Radon bajo
python-mini-projects,/home/juan/Documents/Analisis-CC-PyCEFR/python-mini-projects/projects/Get_meta_information_of_images/author_utils.py,author_utils.py,__del__,,58,61,3,A,1,7,5,2,A2,1.4285714285714286,"{""A1"": 4, ""A2"": 3}","{""Simple Atributte"": 3, ""Boolean Operation"": 1, ""Simple Assignment"": 1, ""Simple If statements"": 1, ""Function with Simple argument"": 1}",Sin patrón destacado
python-mini-projects,/home/juan/Documents/Analisis-CC-PyCEFR/python-mini-projects/projects/Get_meta_information_of_images/author_utils.py,author_utils.py,PSID,,65,78,3,A,1,17,11,6,C2,2.1176470588235294,"{""A2"": 7, ""A1"": 6, ""B1"": 2, ""C2"": 1, ""B2"": 1}","{""Simple Atributte"": 6, ""Simple If statements"": 2, ""Super Function"": 1, ""Unary Operation"": 1, ""Simple Assignment"": 1, ""'raise' exception"": 1, ""Exception --> try/finally"": 1, ""Function with Simple argument with Default argument"": 1, ""Function with Simple argument"": 1, ""Return"": 1}",PyCEFR alto / Radon bajo
python-mini-projects,/home/juan/Documents/Analisis-CC-PyCEFR/python-mini-projects/projects/Get_meta_information_of_images/author_utils.py,author_utils.py,__str__,,69,78,3,A,1,13,8,4,B2,1.7692307692307692,"{""A1"": 6, ""A2"": 5, ""B1"": 1, ""B2"": 1}","{""Simple Atributte"": 5, ""Simple If statements"": 2, ""Unary Operation"": 1, ""Simple Assignment"": 1, ""'raise' exception"": 1, ""Exception --> try/finally"": 1, ""Function with Simple argument"": 1, ""Return"": 1}",Sin patrón destacado
python-mini-projects,/home/juan/Documents/Analisis-CC-PyCEFR/python-mini-projects/projects/Get_meta_information_of_images/author_utils.py,author_utils.py,PSECURITY_DESCRIPTOR,,80,101,3,A,1,42,10,6,C2,1.7380952380952381,"{""A2"": 20, ""A1"": 18, ""B1"": 3, ""C2"": 1}","{""Simple Atributte"": 17, ""Simple Assignment"": 8, ""Unary Operation"": 4, ""Function with Simple argument with Default argument"": 3, ""Boolean Operation"": 2, ""'raise' exception"": 2, ""Simple If statements"": 2, ""Return"": 2, ""Super Function"": 1, ""Inherited Class from PLOCAL Using the constructor method --> __init__"": 1}",PyCEFR alto / Radon bajo
python-mini-projects,/home/juan/Documents/Analisis-CC-PyCEFR/python-mini-projects/projects/Get_meta_information_of_images/author_utils.py,author_utils.py,get_owner,,93,96,3,A,1,9,7,3,B1,1.5555555555555556,"{""A1"": 5, ""A2"": 3, ""B1"": 1}","{""Simple Atributte"": 2, ""Unary Operation"": 2, ""Boolean Operation"": 1, ""'raise' exception"": 1, ""Simple If statements"": 1, ""Function with Simple argument with Default argument"": 1, ""Return"": 1}",Sin patrón destacado
python-mini-projects,/home/juan/Documents/Analisis-CC-PyCEFR/python-mini-projects/projects/Get_meta_information_of_images/author_utils.py,author_utils.py,get_group,,98,101,3,A,1,9,7,3,B1,1.5555555555555556,"{""A1"": 5, ""A2"": 3, ""B1"": 1}","{""Simple Atributte"": 2, ""Unary Operation"": 2, ""Boolean Operation"": 1, ""'raise' exception"": 1, ""Simple If statements"": 1, ""Function with Simple argument with Default argument"": 1, ""Return"": 1}",Sin patrón destacado
python-mini-projects,/home/juan/Documents/Analisis-CC-PyCEFR/python-mini-projects/projects/Get_meta_information_of_images/author_utils.py,author_utils.py,_check_bool,,103,106,2,A,1,7,6,3,B1,1.5714285714285714,"{""A1"": 4, ""A2"": 2, ""B1"": 1}","{""Simple Atributte"": 2, ""Unary Operation"": 1, ""'raise' exception"": 1, ""Simple If statements"": 1, ""Function with Simple argument"": 1, ""Return"": 1}",Sin patrón destacado
python-mini-projects,/home/juan/Documents/Analisis-CC-PyCEFR/python-mini-projects/projects/Get_meta_information_of_images/author_utils.py,author_utils.py,get_file_security,,148,158,2,A,1,17,6,3,B1,1.8235294117647058,"{""A2"": 12, ""A1"": 4, ""B1"": 1}","{""Simple Atributte"": 11, ""Simple Assignment"": 2, ""'raise' exception"": 1, ""Simple If statements"": 1, ""Function with Simple argument with Default argument"": 1, ""Return"": 1}",Sin patrón destacado
python-mini-projects,/home/juan/Documents/Analisis-CC-PyCEFR/python-mini-projects/projects/Get_meta_information_of_images/author_utils.py,author_utils.py,__str__,,42,45,2,A,1,9,6,3,B1,1.6666666666666667,"{""A2"": 4, ""A1"": 4, ""B1"": 1}","{""Simple Atributte"": 4, ""Subscript"": 1, ""'raise' exception"": 1, ""Simple If statements"": 1, ""Function with Simple argument"": 1, ""Return"": 1}",Sin patrón destacado
python-mini-projects,/home/juan/Documents/Analisis-CC-PyCEFR/python-mini-projects/projects/Get_meta_information_of_images/author_utils.py,author_utils.py,look_up_account_sid,,137,146,1,A,1,19,5,2,A2,1.5789473684210527,"{""A2"": 11, ""A1"": 8}","{""Simple Atributte"": 10, ""Simple Assignment"": 6, ""Simple Tuple"": 1, ""Function with Simple argument with Default argument"": 1, ""Return"": 1}",Sin patrón destacado
python-mini-projects,/home/juan/Documents/Analisis-CC-PyCEFR/python-mini-projects/projects/Get_meta_information_of_images/author_utils.py,author_utils.py,__repr__,,47,48,1,A,1,3,3,2,A2,1.3333333333333333,"{""A1"": 2, ""A2"": 1}","{""Simple Atributte"": 1, ""Function with Simple argument"": 1, ""Return"": 1}",Sin patrón destacado
python-mini-projects,/home/juan/Documents/Analisis-CC-PyCEFR/python-mini-projects/projects/Get_meta_information_of_images/author_utils.py,author_utils.py,__init__,,54,56,1,A,1,5,4,6,C2,2.6,"{""A2"": 3, ""C2"": 1, ""A1"": 1}","{""Simple Atributte"": 2, ""Super Function"": 1, ""Simple Assignment"": 1, ""Function with Simple argument with Default argument"": 1}",PyCEFR alto / Radon bajo
python-mini-projects,/home/juan/Documents/Analisis-CC-PyCEFR/python-mini-projects/projects/Get_meta_information_of_images/author_utils.py,author_utils.py,__init__,,66,67,1,A,1,3,3,6,C2,3.3333333333333335,"{""A2"": 2, ""C2"": 1}","{""Super Function"": 1, ""Simple Atributte"": 1, ""Function with Simple argument with Default argument"": 1}",PyCEFR alto / Radon bajo
python-mini-projects,/home/juan/Documents/Analisis-CC-PyCEFR/python-mini-projects/projects/Get_meta_information_of_images/author_utils.py,author_utils.py,__init__,,81,91,1,A,1,23,4,6,C2,1.826086956521739,"{""A2"": 14, ""A1"": 8, ""C2"": 1}","{""Simple Atributte"": 13, ""Simple Assignment"": 8, ""Super Function"": 1, ""Function with Simple argument with Default argument"": 1}",PyCEFR alto / Radon bajo
python-mini-projects,/home/juan/Documents/Analisis-CC-PyCEFR/python-mini-projects/projects/Get_meta_information_of_images/gps_utils.py,gps_utils.py,format_lati_long,,5,15,3,A,1,31,9,5,C1,1.3548387096774193,"{""A1"": 23, ""A2"": 7, ""C1"": 1}","{""Subscript"": 8, ""Simple Atributte"": 7, ""Unary Operation"": 5, ""Assigment with sum (total = total + 1)"": 4, ""Simple Assignment"": 3, ""Simple List Comprehension"": 1, ""Simple If statements"": 1, ""Function with Simple argument"": 1, ""Return"": 1}",PyCEFR alto / Radon bajo
python-mini-projects,/home/juan/Documents/Analisis-CC-PyCEFR/python-mini-projects/projects/Get_meta_information_of_images/gps_utils.py,gps_utils.py,get_location,,17,23,1,A,1,13,6,2,A2,1.3076923076923077,"{""A1"": 9, ""A2"": 4}","{""Simple Assignment"": 5, ""Simple Atributte"": 3, ""Subscript"": 2, ""Files --> 'open' call function"": 1, ""Function with Simple argument"": 1, ""Return"": 1}",Sin patrón destacado
python-mini-projects,/home/juan/Documents/Analisis-CC-PyCEFR/python-mini-projects/projects/Baidu_POI_crawl/main.py,main.py,run,,7,15,2,A,1,100,16,3,B1,1.5,"{""A1"": 58, ""A2"": 34, ""B1"": 8}","{""Alias"": 20, ""Simple Atributte"": 20, ""Simple Assignment"": 19, ""Import"": 9, ""Import with 'as' extension "": 6, ""Print"": 6, ""From"": 4, ""Simple Tuple"": 3, ""Exception --> try/except"": 2, ""Except Handler"": 2}",Sin patrón destacado
python-mini-projects,/home/juan/Documents/Analisis-CC-PyCEFR/python-mini-projects/projects/Baidu_POI_crawl/util.py,util.py,get_baidu_poi,,7,47,5,A,1,47,15,3,B1,1.5106382978723405,"{""A1"": 27, ""A2"": 16, ""B1"": 4}","{""Simple Assignment"": 11, ""Simple Atributte"": 10, ""Subscript"": 9, ""Files --> 'writelines' call function"": 3, ""Files --> 'open' call function"": 2, ""Assigment with sum (total = total + 1)"": 2, ""'break' statement"": 2, ""Print"": 1, ""Simplified incremental Assignment with increase amount"": 1, ""Simple If statements"": 1}",Sin patrón destacado
python-mini-projects,/home/juan/Documents/Analisis-CC-PyCEFR/python-mini-projects/projects/Create_a_script_to_encrypt_files_and_folder/encrypt.py,encrypt.py,encrypt_dir,,8,13,3,A,1,9,7,2,A2,1.4444444444444444,"{""A1"": 5, ""A2"": 4}","{""Simple Atributte"": 3, ""Simple Tuple"": 1, ""Print"": 1, ""Simple Assignment"": 1, ""For Loop with Tuple as name"": 1, ""Simple For Loop"": 1, ""Function with Simple argument"": 1}",Sin patrón destacado
python-mini-projects,/home/juan/Documents/Analisis-CC-PyCEFR/python-mini-projects/projects/Create_a_script_to_encrypt_files_and_folder/encrypt.py,encrypt.py,encrypt_file,,16,30,1,A,1,24,10,3,B1,1.75,"{""A2"": 14, ""A1"": 8, ""B1"": 2}","{""Simple Atributte"": 9, ""Simple Assignment"": 4, ""Files --> 'read' call function"": 2, ""Files --> 'open' call function"": 2, ""With"": 2, ""Files --> 'write' call function"": 1, ""Subscript"": 1, ""Slice"": 1, ""Assigment with sum (total = total + 1)"": 1, ""Function with Simple argument"": 1}",Sin patrón destacado
python-mini-projects,/home/juan/Documents/Analisis-CC-PyCEFR/python-mini-projects/projects/Plagarism_checker/plag.py,plag.py,check_plagiarism,,21,32,3,A,1,23,8,2,A2,1.2173913043478262,"{""A1"": 18, ""A2"": 5}","{""Simple Tuple"": 5, ""Subscript"": 5, ""Simple Assignment"": 5, ""Simple Atributte"": 3, ""For Loop with Tuple as name"": 2, ""Delete"": 1, ""Function"": 1, ""Return"": 1}",Sin patrón destacado
python-mini-projects,/home/juan/Documents/Analisis-CC-PyCEFR/python-mini-projects/projects/Plagarism_checker/plag.py,plag.py,vectorize,,12,12,1,A,1,4,3,2,A2,1.5,"{""A2"": 2, ""A1"": 2}","{""Simple Atributte"": 2, ""Function with Simple argument"": 1, ""Return"": 1}",Sin patrón destacado
python-mini-projects,/home/juan/Documents/Analisis-CC-PyCEFR/python-mini-projects/projects/Plagarism_checker/plag.py,plag.py,similarity,,13,13,1,A,1,3,3,1,A1,1.0,"{""A1"": 3}","{""Simple List"": 1, ""Function with Simple argument"": 1, ""Return"": 1}",Sin patrón destacado
python-mini-projects,/home/juan/Documents/Analisis-CC-PyCEFR/python-mini-projects/projects/Shutdown_or_restart_your_device/PowerOptions.py,PowerOptions.py,shutdown,,4,10,4,A,1,10,5,2,A2,1.5,"{""A1"": 5, ""A2"": 5}","{""Simple Atributte"": 5, ""Simple If statements"": 2, ""Print"": 1, ""Boolean Operation"": 1, ""Function"": 1}",Sin patrón destacado
python-mini-projects,/home/juan/Documents/Analisis-CC-PyCEFR/python-mini-projects/projects/Shutdown_or_restart_your_device/PowerOptions.py,PowerOptions.py,restart,,12,18,4,A,1,10,5,2,A2,1.5,"{""A1"": 5, ""A2"": 5}","{""Simple Atributte"": 5, ""Simple If statements"": 2, ""Print"": 1, ""Boolean Operation"": 1, ""Function"": 1}",Sin patrón destacado
python-mini-projects,/home/juan/Documents/Analisis-CC-PyCEFR/python-mini-projects/projects/Send_email_from_csv/Sending_mail.py,Sending_mail.py,send_mail,,23,48,2,A,1,22,9,3,B1,1.3636363636363635,"{""A1"": 15, ""A2"": 6, ""B1"": 1}","{""Simple Assignment"": 7, ""Simple Atributte"": 5, ""Subscript"": 3, ""Print"": 2, ""Simple Tuple"": 1, ""Files --> 'open' call function"": 1, ""Simple For Loop"": 1, ""With"": 1, ""Function"": 1}",Sin patrón destacado
python-mini-projects,/home/juan/Documents/Analisis-CC-PyCEFR/python-mini-projects/projects/Send_email_from_csv/Sending_mail.py,Sending_mail.py,get_credentials,,6,10,1,A,1,11,8,3,B1,1.6363636363636365,"{""A1"": 5, ""A2"": 5, ""B1"": 1}","{""Files --> 'readline' call function"": 2, ""Simple Atributte"": 2, ""Simple Assignment"": 2, ""Simple Tuple"": 1, ""Files --> 'open' call function"": 1, ""With"": 1, ""Function with Simple argument"": 1, ""Return"": 1}",Sin patrón destacado
python-mini-projects,/home/juan/Documents/Analisis-CC-PyCEFR/python-mini-projects/projects/Send_email_from_csv/Sending_mail.py,Sending_mail.py,login,,13,20,1,A,1,6,3,2,A2,1.6666666666666667,"{""A2"": 4, ""A1"": 2}","{""Simple Atributte"": 4, ""Print"": 1, ""Function with Simple argument"": 1}",Sin patrón destacado
python-mini-projects,/home/juan/Documents/Analisis-CC-PyCEFR/python-mini-projects/projects/Write_script_to_move_files_into_alphabetically_ordered_folder/main.py,main.py,readdirectory,,30,38,3,A,1,105,18,3,B1,1.5714285714285714,"{""A2"": 58, ""A1"": 46, ""B1"": 1}","{""Simple Atributte"": 50, ""Simple Assignment"": 20, ""Subscript"": 12, ""Files --> 'write' call function"": 3, ""Simple Tuple"": 2, ""Formatted Value"": 2, ""Import"": 2, ""Alias"": 2, ""Simple For Loop"": 2, ""Simple Dictionary"": 2}",Sin patrón destacado
python-mini-projects,/home/juan/Documents/Analisis-CC-PyCEFR/python-mini-projects/projects/Write_script_to_move_files_into_alphabetically_ordered_folder/main.py,main.py,createfolder,,42,52,3,A,1,117,20,3,B1,1.4444444444444444,"{""A1"": 69, ""A2"": 44, ""B1"": 4}","{""Simple Atributte"": 35, ""Simple Assignment"": 27, ""Subscript"": 16, ""Print"": 7, ""Simple Dictionary"": 6, ""Assigment with sum (total = total + 1)"": 5, ""Formatted Value"": 4, ""Lambda"": 2, ""Simple If statements"": 2, ""Simple For Loop"": 2}",Sin patrón destacado
python-mini-projects,/home/juan/Documents/Analisis-CC-PyCEFR/python-mini-projects/projects/Write_script_to_move_files_into_alphabetically_ordered_folder/main.py,main.py,getfoldername,,16,27,2,A,1,118,18,4,B2,1.5593220338983051,"{""A1"": 57, ""A2"": 57, ""B1"": 3, ""B2"": 1}","{""Simple Atributte"": 53, ""Simple Assignment"": 29, ""Return"": 6, ""Function with Simple argument"": 5, ""Print"": 5, ""Simple If statements"": 4, ""Subscript"": 4, ""Except Handler"": 2, ""Simple Tuple"": 1, ""Simple Class  Using the constructor method --> __init__"": 1}",Sin patrón destacado
python-mini-projects,/home/juan/Documents/Analisis-CC-PyCEFR/python-mini-projects/projects/Write_script_to_move_files_into_alphabetically_ordered_folder/main.py,main.py,movetofolder,,56,69,2,A,1,123,18,4,B2,1.6341463414634145,"{""A2"": 65, ""A1"": 52, ""B1"": 5, ""B2"": 1}","{""Simple Atributte"": 62, ""Simple Assignment"": 21, ""Subscript"": 8, ""Unary Operation"": 5, ""If statements expression (else)"": 4, ""Simple Tuple"": 3, ""Simple If statements"": 3, ""Files --> 'write' call function"": 3, ""Slice"": 2, ""Simple For Loop"": 2}",Sin patrón destacado
python-mini-projects,/home/juan/Documents/Analisis-CC-PyCEFR/python-mini-projects/projects/Unstructured Supplemenrary  Service Data/ussdtim.py,ussdtim.py,transf,,96,123,7,B,2,26,6,2,A2,1.3846153846153846,"{""A1"": 16, ""A2"": 10}","{""Simple Atributte"": 10, ""Print"": 7, ""Simple If statements"": 5, ""Simple Assignment"": 2, ""Boolean Operation"": 1, ""Function"": 1}",Radon alto / PyCEFR bajo; Muchos constructos simples acumulados
python-mini-projects,/home/juan/Documents/Analisis-CC-PyCEFR/python-mini-projects/projects/Unstructured Supplemenrary  Service Data/ussdtim.py,ussdtim.py,log_in,,167,186,5,A,1,15,9,3,B1,1.5333333333333334,"{""A1"": 9, ""A2"": 4, ""B1"": 2}","{""Print"": 4, ""Simple Atributte"": 3, ""Simple Assignment"": 2, ""Simplified incremental Assignment with increase amount"": 1, ""Simple If statements"": 1, ""Simple While Loop"": 1, ""Exception --> try/except"": 1, ""Except Handler"": 1, ""Function"": 1}",Sin patrón destacado
python-mini-projects,/home/juan/Documents/Analisis-CC-PyCEFR/python-mini-projects/projects/Unstructured Supplemenrary  Service Data/ussdtim.py,ussdtim.py,upgrade_migrate,,55,70,4,A,1,12,5,2,A2,1.25,"{""A1"": 9, ""A2"": 3}","{""Print"": 4, ""Simple Atributte"": 3, ""Simple If statements"": 3, ""Simple Assignment"": 1, ""Function"": 1}",Sin patrón destacado
python-mini-projects,/home/juan/Documents/Analisis-CC-PyCEFR/python-mini-projects/projects/Unstructured Supplemenrary  Service Data/ussdtim.py,ussdtim.py,balance,,72,94,4,A,1,15,5,4,B2,1.5333333333333334,"{""A1"": 9, ""A2"": 5, ""B2"": 1}","{""Print"": 5, ""Simple Atributte"": 5, ""Simple If statements"": 3, ""Simple Assignment"": 1, ""Recursive Functions"": 1}",Sin patrón destacado
python-mini-projects,/home/juan/Documents/Analisis-CC-PyCEFR/python-mini-projects/projects/Unstructured Supplemenrary  Service Data/ussdtim.py,ussdtim.py,funds,,125,137,3,A,1,10,5,2,A2,1.2,"{""A1"": 8, ""A2"": 2}","{""Simple Assignment"": 3, ""Print"": 2, ""Simple Atributte"": 2, ""Simple If statements"": 2, ""Function"": 1}",Sin patrón destacado
python-mini-projects,/home/juan/Documents/Analisis-CC-PyCEFR/python-mini-projects/projects/Unstructured Supplemenrary  Service Data/ussdtim.py,ussdtim.py,exit,,157,164,3,A,1,5,4,2,A2,1.2,"{""A1"": 4, ""A2"": 1}","{""Simple If statements"": 2, ""Simple Atributte"": 1, ""Simple Assignment"": 1, ""Function"": 1}",Sin patrón destacado
python-mini-projects,/home/juan/Documents/Analisis-CC-PyCEFR/python-mini-projects/projects/Unstructured Supplemenrary  Service Data/ussdtim.py,ussdtim.py,BVN_checker,,20,23,2,A,1,6,5,5,C1,2.0,"{""A1"": 3, ""A2"": 2, ""C1"": 1}","{""Simple Assignment"": 2, ""'range' call function"": 1, ""Simple Atributte"": 1, ""Simple List Comprehension"": 1, ""Function"": 1}",PyCEFR alto / Radon bajo
python-mini-projects,/home/juan/Documents/Analisis-CC-PyCEFR/python-mini-projects/projects/Unstructured Supplemenrary  Service Data/ussdtim.py,ussdtim.py,open_acct,,26,53,2,A,1,27,7,2,A2,1.2592592592592593,"{""A1"": 20, ""A2"": 7}","{""Simple Atributte"": 7, ""Simple Assignment"": 7, ""Print"": 6, ""Subscript"": 4, ""Simple List"": 1, ""Simple If statements"": 1, ""Function"": 1}",Muchos constructos simples acumulados
python-mini-projects,/home/juan/Documents/Analisis-CC-PyCEFR/python-mini-projects/projects/Unstructured Supplemenrary  Service Data/ussdtim.py,ussdtim.py,options_menu,,142,154,2,A,1,9,7,2,A2,1.3333333333333333,"{""A1"": 6, ""A2"": 3}","{""Simple Atributte"": 2, ""Simple Assignment"": 2, ""Simple Dictionary"": 1, ""Print"": 1, ""Subscript"": 1, ""Simple If statements"": 1, ""Function"": 1}",Sin patrón destacado
python-mini-projects,/home/juan/Documents/Analisis-CC-PyCEFR/python-mini-projects/projects/Create_calculator_app/calculator.py,calculator.py,calc,,21,29,2,A,1,9,5,3,B1,1.5555555555555556,"{""A1"": 5, ""A2"": 3, ""B1"": 1}","{""Simple Atributte"": 3, ""Simple Assignment"": 3, ""Exception --> try/except"": 1, ""Except Handler"": 1, ""Function with Simple argument"": 1}",Sin patrón destacado
python-mini-projects,/home/juan/Documents/Analisis-CC-PyCEFR/python-mini-projects/projects/Create_calculator_app/calculator.py,calculator.py,get_input,,8,9,1,A,1,2,2,2,A2,1.5,"{""A2"": 1, ""A1"": 1}","{""Simple Atributte"": 1, ""Function with Simple argument"": 1}",Sin patrón destacado
python-mini-projects,/home/juan/Documents/Analisis-CC-PyCEFR/python-mini-projects/projects/Create_calculator_app/calculator.py,calculator.py,backspace,,12,14,1,A,1,4,3,2,A2,1.5,"{""A2"": 2, ""A1"": 2}","{""Simple Atributte"": 2, ""Simple Assignment"": 1, ""Function with Simple argument"": 1}",Sin patrón destacado
python-mini-projects,/home/juan/Documents/Analisis-CC-PyCEFR/python-mini-projects/projects/Create_calculator_app/calculator.py,calculator.py,clear,,17,18,1,A,1,2,2,2,A2,1.5,"{""A2"": 1, ""A1"": 1}","{""Simple Atributte"": 1, ""Function with Simple argument"": 1}",Sin patrón destacado
python-mini-projects,/home/juan/Documents/Analisis-CC-PyCEFR/python-mini-projects/projects/Create_calculator_app/calculator.py,calculator.py,popupmsg,,32,40,1,A,1,10,3,2,A2,1.6,"{""A2"": 6, ""A1"": 4}","{""Simple Atributte"": 6, ""Simple Assignment"": 3, ""Function"": 1}",Sin patrón destacado
python-mini-projects,/home/juan/Documents/Analisis-CC-PyCEFR/python-mini-projects/projects/Create_calculator_app/calculator.py,calculator.py,cal,,43,133,1,A,1,79,5,3,B1,1.8101265822784811,"{""A1"": 34, ""A2"": 26, ""B1"": 19}","{""Simple Assignment"": 31, ""Simple Atributte"": 26, ""Lambda"": 19, ""Function"": 2, ""Subscript"": 1}",Sin patrón destacado
python-mini-projects,/home/juan/Documents/Analisis-CC-PyCEFR/python-mini-projects/projects/Create_calculator_app/calculator.py,calculator.py,quit,cal,128,129,1,A,1,4,4,2,A2,1.25,"{""A1"": 3, ""A2"": 1}","{""Simple Atributte"": 1, ""Subscript"": 1, ""Simple Assignment"": 1, ""Function"": 1}",Sin patrón destacado
python-mini-projects,/home/juan/Documents/Analisis-CC-PyCEFR/python-mini-projects/projects/Digital_clock/digital_clock.py,digital_clock.py,light_theme,,5,16,1,A,1,12,4,2,A2,1.5,"{""A1"": 6, ""A2"": 6}","{""Simple Atributte"": 6, ""Simple Assignment"": 3, ""Function"": 2, ""Simple Tuple"": 1}",Sin patrón destacado
python-mini-projects,/home/juan/Documents/Analisis-CC-PyCEFR/python-mini-projects/projects/Digital_clock/digital_clock.py,digital_clock.py,time,light_theme,12,15,1,A,1,4,3,2,A2,1.5,"{""A2"": 2, ""A1"": 2}","{""Simple Atributte"": 2, ""Simple Assignment"": 1, ""Function"": 1}",Sin patrón destacado
python-mini-projects,/home/juan/Documents/Analisis-CC-PyCEFR/python-mini-projects/projects/Digital_clock/digital_clock.py,digital_clock.py,dark_theme,,19,30,1,A,1,12,4,2,A2,1.5,"{""A1"": 6, ""A2"": 6}","{""Simple Atributte"": 6, ""Simple Assignment"": 3, ""Function"": 2, ""Simple Tuple"": 1}",Sin patrón destacado
python-mini-projects,/home/juan/Documents/Analisis-CC-PyCEFR/python-mini-projects/projects/Digital_clock/digital_clock.py,digital_clock.py,time,dark_theme,26,29,1,A,1,4,3,2,A2,1.5,"{""A2"": 2, ""A1"": 2}","{""Simple Atributte"": 2, ""Simple Assignment"": 1, ""Function"": 1}",Sin patrón destacado
python-mini-projects,/home/juan/Documents/Analisis-CC-PyCEFR/python-mini-projects/projects/Digital_clock/digital_clock.py,digital_clock.py,time,,44,47,1,A,1,4,3,2,A2,1.5,"{""A2"": 2, ""A1"": 2}","{""Simple Atributte"": 2, ""Simple Assignment"": 1, ""Function"": 1}",Sin patrón destacado
python-mini-projects,/home/juan/Documents/Analisis-CC-PyCEFR/python-mini-projects/projects/Scraping Medium Articles/scraping_medium.py,scraping_medium.py,collect_text,,33,57,5,A,1,58,16,3,B1,1.4827586206896552,"{""A1"": 33, ""A2"": 22, ""B1"": 3}","{""Simple Atributte"": 15, ""Formatted Value"": 7, ""Subscript"": 7, ""Simplified incremental Assignment with increase amount"": 7, ""Joined String"": 6, ""Simple Assignment"": 5, ""Simple For Loop"": 2, ""Unary Operation"": 1, ""Slice"": 1, ""'pass' statement"": 1}",Sin patrón destacado
python-mini-projects,/home/juan/Documents/Analisis-CC-PyCEFR/python-mini-projects/projects/Scraping Medium Articles/scraping_medium.py,scraping_medium.py,get_page,,11,21,2,A,1,13,7,2,A2,1.3846153846153846,"{""A1"": 8, ""A2"": 5}","{""Simple Atributte"": 5, ""Simple Assignment"": 3, ""Print"": 1, ""Unary Operation"": 1, ""Simple If statements"": 1, ""Function"": 1, ""Return"": 1}",Sin patrón destacado
python-mini-projects,/home/juan/Documents/Analisis-CC-PyCEFR/python-mini-projects/projects/Scraping Medium Articles/scraping_medium.py,scraping_medium.py,purify,,24,30,2,A,1,22,9,5,C1,1.7272727272727273,"{""A1"": 10, ""A2"": 10, ""C1"": 1, ""B1"": 1}","{""Simple Atributte"": 9, ""Simple Assignment"": 5, ""Simple Tuple"": 2, ""Simple Dictionary"": 1, ""Subscript"": 1, ""Generator Expression"": 1, ""Function with Simple argument"": 1, ""Lambda"": 1, ""Return"": 1}",PyCEFR alto / Radon bajo
python-mini-projects,/home/juan/Documents/Analisis-CC-PyCEFR/python-mini-projects/projects/Scraping Medium Articles/scraping_medium.py,scraping_medium.py,save_file,,60,66,2,A,1,16,11,3,B1,1.625,"{""A2"": 8, ""A1"": 7, ""B1"": 1}","{""Simple Atributte"": 6, ""Formatted Value"": 1, ""Joined String"": 1, ""Print"": 1, ""Files --> 'open' call function"": 1, ""Files --> 'write' call function"": 1, ""Unary Operation"": 1, ""Assigment with sum (total = total + 1)"": 1, ""Simple If statements"": 1, ""With"": 1}",Sin patrón destacado
python-mini-projects,/home/juan/Documents/Analisis-CC-PyCEFR/python-mini-projects/projects/chatbot/simple-bot.py,simple-bot.py,on_message,,4,6,2,A,1,3,2,2,A2,1.6666666666666667,"{""A2"": 2, ""A1"": 1}","{""Simple Atributte"": 2, ""Simple If statements"": 1}",Sin patrón destacado
python-mini-projects,/home/juan/Documents/Analisis-CC-PyCEFR/python-mini-projects/projects/chatbot/simple-bot.py,simple-bot.py,main,,8,11,1,A,1,3,2,2,A2,1.6666666666666667,"{""A2"": 2, ""A1"": 1}","{""Simple Atributte"": 2, ""Simple Assignment"": 1}",Sin patrón destacado
python-mini-projects,/home/juan/Documents/Analisis-CC-PyCEFR/python-mini-projects/projects/chatbot/bot.py,bot.py,on_message,,41,171,34,E,5,180,16,5,C1,1.5166666666666666,"{""A1"": 92, ""A2"": 85, ""B1"": 2, ""C1"": 1}","{""Simple Atributte"": 85, ""Simple If statements"": 24, ""Annotated Assignment"": 20, ""Subscript"": 17, ""Simple Assignment"": 14, ""Boolean Operation"": 5, ""Slice"": 5, ""Simple List"": 2, ""Simple Tuple"": 1, ""Formatted Value"": 1}",Coincidencia en dificultad alta
python-mini-projects,/home/juan/Documents/Analisis-CC-PyCEFR/python-mini-projects/projects/chatbot/bot.py,bot.py,MyBot,,24,229,8,B,2,230,22,6,C2,1.5521739130434782,"{""A1"": 116, ""A2"": 107, ""B1"": 4, ""C2"": 1, ""C1"": 1, ""B2"": 1}","{""Simple Atributte"": 107, ""Simple If statements"": 29, ""Annotated Assignment"": 26, ""Subscript"": 22, ""Simple Assignment"": 16, ""Boolean Operation"": 5, ""Slice"": 5, ""Simple List"": 3, ""Formatted Value"": 2, ""Joined String"": 2}",Coincidencia en dificultad alta
python-mini-projects,/home/juan/Documents/Analisis-CC-PyCEFR/python-mini-projects/projects/chatbot/bot.py,bot.py,on_friendship,,183,211,6,B,2,25,7,3,B1,1.56,"{""A2"": 12, ""A1"": 12, ""B1"": 1}","{""Simple Atributte"": 12, ""Annotated Assignment"": 4, ""Simple If statements"": 4, ""Subscript"": 2, ""Simple Assignment"": 1, ""Simple For Loop"": 1, ""'break' statement"": 1}",Sin patrón destacado
python-mini-projects,/home/juan/Documents/Analisis-CC-PyCEFR/python-mini-projects/projects/chatbot/bot.py,bot.py,on_room_join,,213,229,2,A,1,12,7,2,A2,1.4166666666666667,"{""A1"": 7, ""A2"": 5}","{""Simple Atributte"": 5, ""Subscript"": 2, ""Simple List"": 1, ""Formatted Value"": 1, ""Joined String"": 1, ""Annotated Assignment"": 1, ""Simple For Loop"": 1}",Sin patrón destacado
python-mini-projects,/home/juan/Documents/Analisis-CC-PyCEFR/python-mini-projects/projects/chatbot/bot.py,bot.py,main,,232,235,1,A,1,2,2,2,A2,1.5,"{""A2"": 1, ""A1"": 1}","{""Simple Atributte"": 1, ""Simple Assignment"": 1}",Sin patrón destacado
python-mini-projects,/home/juan/Documents/Analisis-CC-PyCEFR/python-mini-projects/projects/chatbot/bot.py,bot.py,__init__,,30,34,1,A,1,6,5,6,C2,2.1666666666666665,"{""A1"": 3, ""A2"": 2, ""C2"": 1}","{""Simple Atributte"": 2, ""Super Function"": 1, ""Subscript"": 1, ""Annotated Assignment"": 1, ""Function with Simple argument"": 1}",PyCEFR alto / Radon bajo
python-mini-projects,/home/juan/Documents/Analisis-CC-PyCEFR/python-mini-projects/projects/chatbot/bot.py,bot.py,on_ready,,36,38,1,A,1,1,1,2,A2,2.0,"{""A2"": 1}","{""Simple Atributte"": 1}",Sin patrón destacado
python-mini-projects,/home/juan/Documents/Analisis-CC-PyCEFR/python-mini-projects/projects/chatbot/bot.py,bot.py,on_login,,174,181,1,A,1,3,2,2,A2,1.6666666666666667,"{""A2"": 2, ""A1"": 1}","{""Simple Atributte"": 2, ""Simple Assignment"": 1}",Sin patrón destacado
python-mini-projects,/home/juan/Documents/Analisis-CC-PyCEFR/python-mini-projects/projects/Extract_zip_files/extract_zip_files.py,extract_zip_files.py,extract,,21,33,2,A,1,14,8,3,B1,1.5,"{""A1"": 8, ""A2"": 5, ""B1"": 1}","{""Simple Atributte"": 5, ""Print"": 2, ""Simple Assignment"": 2, ""Subscript"": 1, ""Assigment with sum (total = total + 1)"": 1, ""Simple If statements"": 1, ""With"": 1, ""Function with Simple argument"": 1}",Sin patrón destacado
python-mini-projects,/home/juan/Documents/Analisis-CC-PyCEFR/python-mini-projects/projects/String_search_from_multiple_files/findstring.py,findstring.py,getfiles,,10,30,6,B,2,30,9,4,B2,1.5333333333333334,"{""A1"": 16, ""A2"": 13, ""B2"": 1}","{""Simple Atributte"": 11, ""Simple Assignment"": 6, ""Simple If statements"": 4, ""Print"": 3, ""Return"": 2, ""Files --> 'open' call function"": 1, ""Files --> 'read' call function"": 1, ""Simple For Loop"": 1, ""Recursive Functions"": 1}",Coincidencia en dificultad alta
python-mini-projects,/home/juan/Documents/Analisis-CC-PyCEFR/python-mini-projects/projects/Wifi_windows_password_displayer/main.py,main.py,PwdDisplay,,6,57,3,A,1,608,43,6,C2,1.5361842105263157,"{""A1"": 315, ""A2"": 266, ""B1"": 24, ""C2"": 1, ""B2"": 1, ""C1"": 1}","{""Simple Atributte"": 212, ""Simple Assignment"": 124, ""Subscript"": 46, ""Alias"": 29, ""Print"": 21, ""Function with Simple argument"": 20, ""Simple Dictionary"": 16, ""Simple Tuple"": 14, ""Simple If statements"": 14, ""Import"": 13}",PyCEFR alto / Radon bajo
python-mini-projects,/home/juan/Documents/Analisis-CC-PyCEFR/python-mini-projects/projects/Wifi_windows_password_displayer/main.py,main.py,__del__,,52,57,3,A,1,65,12,2,A2,1.5384615384615385,"{""A2"": 35, ""A1"": 30}","{""Simple Atributte"": 28, ""Subscript"": 11, ""Simple Assignment"": 8, ""Simple Tuple"": 3, ""Simplified incremental Assignment with increase amount"": 3, ""Print"": 3, ""Simple Dictionary"": 3, ""Simple If statements"": 2, ""For Loop with Tuple as name"": 1, ""Simple For Loop"": 1}",Muchos constructos simples acumulados
python-mini-projects,/home/juan/Documents/Analisis-CC-PyCEFR/python-mini-projects/projects/Wifi_windows_password_displayer/main.py,main.py,__init__,,7,15,2,A,1,100,16,3,B1,1.5,"{""A1"": 58, ""A2"": 34, ""B1"": 8}","{""Alias"": 20, ""Simple Atributte"": 20, ""Simple Assignment"": 19, ""Import"": 9, ""Import with 'as' extension "": 6, ""Print"": 6, ""From"": 4, ""Simple Tuple"": 3, ""Exception --> try/except"": 2, ""Except Handler"": 2}",Sin patrón destacado
python-mini-projects,/home/juan/Documents/Analisis-CC-PyCEFR/python-mini-projects/projects/Wifi_windows_password_displayer/main.py,main.py,get_ssid_pwd,,28,36,2,A,1,105,18,6,C2,1.5809523809523809,"{""A2"": 56, ""A1"": 48, ""C2"": 1}","{""Simple Atributte"": 47, ""Simple Assignment"": 19, ""Subscript"": 16, ""Simple Dictionary"": 3, ""Files --> 'write' call function"": 3, ""Simple Tuple"": 2, ""Formatted Value"": 2, ""Unary Operation"": 2, ""Slice"": 2, ""'enumerate' call function"": 1}",PyCEFR alto / Radon bajo
python-mini-projects,/home/juan/Documents/Analisis-CC-PyCEFR/python-mini-projects/projects/Wifi_windows_password_displayer/main.py,main.py,display_password,,38,50,2,A,1,140,25,5,C1,1.4928571428571429,"{""A1"": 80, ""A2"": 53, ""B1"": 6, ""C1"": 1}","{""Simple Atributte"": 44, ""Simple Assignment"": 36, ""Subscript"": 14, ""Print"": 6, ""Assigment with sum (total = total + 1)"": 5, ""Simple Dictionary"": 5, ""Simple Tuple"": 4, ""Formatted Value"": 4, ""Simple List"": 3, ""Lambda"": 2}",PyCEFR alto / Radon bajo
python-mini-projects,/home/juan/Documents/Analisis-CC-PyCEFR/python-mini-projects/projects/Wifi_windows_password_displayer/main.py,main.py,export_xml,,17,21,1,A,1,36,11,3,B1,1.6388888888888888,"{""A2"": 19, ""A1"": 15, ""B1"": 2}","{""Simple Atributte"": 17, ""Simple Assignment"": 9, ""Return"": 2, ""Function with Simple argument"": 1, ""Print"": 1, ""Except Handler"": 1, ""Files --> 'open' call function"": 1, ""With"": 1, ""Function with Simple argument with Default argument"": 1, ""'raise' exception"": 1}",Sin patrón destacado
python-mini-projects,/home/juan/Documents/Analisis-CC-PyCEFR/python-mini-projects/projects/Wifi_windows_password_displayer/main.py,main.py,file_path,,23,26,1,A,1,44,6,2,A2,1.5,"{""A2"": 22, ""A1"": 22}","{""Simple Atributte"": 22, ""Simple Assignment"": 14, ""Return"": 3, ""Subscript"": 3, ""Simple If statements"": 1, ""Function with Simple argument"": 1}",Muchos constructos simples acumulados
python-mini-projects,/home/juan/Documents/Analisis-CC-PyCEFR/python-mini-projects/projects/Write_a_script_to_download_a_random_image_from_unsplash_and_set_it_as_wallpaper/background_windows.py,background_windows.py,setup,,22,29,2,A,1,14,4,2,A2,1.6428571428571428,"{""A2"": 9, ""A1"": 5}","{""Simple Atributte"": 9, ""Simple Assignment"": 3, ""Simple If statements"": 1, ""Function with Simple argument"": 1}",Sin patrón destacado
python-mini-projects,/home/juan/Documents/Analisis-CC-PyCEFR/python-mini-projects/projects/Write_a_script_to_download_a_random_image_from_unsplash_and_set_it_as_wallpaper/background_windows.py,background_windows.py,is_64bit,,9,10,1,A,1,3,3,2,A2,1.3333333333333333,"{""A1"": 2, ""A2"": 1}","{""Simple Atributte"": 1, ""Function"": 1, ""Return"": 1}",Sin patrón destacado
python-mini-projects,/home/juan/Documents/Analisis-CC-PyCEFR/python-mini-projects/projects/Write_a_script_to_download_a_random_image_from_unsplash_and_set_it_as_wallpaper/background_windows.py,background_windows.py,download,,13,19,1,A,1,7,6,3,B1,1.8571428571428572,"{""A2"": 4, ""A1"": 2, ""B1"": 1}","{""Simple Atributte"": 2, ""Files --> 'open' call function"": 1, ""Files --> 'write' call function"": 1, ""Simple Assignment"": 1, ""With"": 1, ""Function with Simple argument"": 1}",Sin patrón destacado
python-mini-projects,/home/juan/Documents/Analisis-CC-PyCEFR/python-mini-projects/projects/Write_a_script_to_download_a_random_image_from_unsplash_and_set_it_as_wallpaper/background_linux.py,background_linux.py,download,,9,15,1,A,1,7,6,3,B1,1.8571428571428572,"{""A2"": 4, ""A1"": 2, ""B1"": 1}","{""Simple Atributte"": 2, ""Files --> 'open' call function"": 1, ""Files --> 'write' call function"": 1, ""Simple Assignment"": 1, ""With"": 1, ""Function with Simple argument"": 1}",Sin patrón destacado
python-mini-projects,/home/juan/Documents/Analisis-CC-PyCEFR/python-mini-projects/projects/Write_a_script_to_download_a_random_image_from_unsplash_and_set_it_as_wallpaper/background_linux.py,background_linux.py,setup,,18,22,1,A,1,3,2,2,A2,1.6666666666666667,"{""A2"": 2, ""A1"": 1}","{""Simple Atributte"": 2, ""Function with Simple argument"": 1}",Sin patrón destacado
python-mini-projects,/home/juan/Documents/Analisis-CC-PyCEFR/python-mini-projects/projects/News_website_scraper/moneycontrol_scrapper.py,moneycontrol_scrapper.py,scrap,,27,42,4,A,1,33,6,5,C1,1.878787878787879,"{""A2"": 17, ""A1"": 13, ""C1"": 3}","{""Simple Atributte"": 12, ""Simple Assignment"": 7, ""Simple Dictionary"": 5, ""Subscript"": 5, ""Simple List Comprehension"": 3, ""Function with Simple argument"": 1}",PyCEFR alto / Radon bajo
python-mini-projects,/home/juan/Documents/Analisis-CC-PyCEFR/python-mini-projects/projects/News_website_scraper/moneycontrol_scrapper.py,moneycontrol_scrapper.py,setup,,14,24,3,A,1,20,10,6,C2,1.9,"{""A1"": 9, ""A2"": 9, ""C2"": 1, ""C1"": 1}","{""Simple Atributte"": 6, ""Simple Assignment"": 5, ""Simple Dictionary"": 2, ""Simple List"": 1, ""Simple Tuple"": 1, ""'enumerate' call function"": 1, ""Subscript"": 1, ""Simple List Comprehension"": 1, ""For Loop with Tuple as name"": 1, ""Function with Simple argument"": 1}",PyCEFR alto / Radon bajo
python-mini-projects,/home/juan/Documents/Analisis-CC-PyCEFR/python-mini-projects/projects/News_website_scraper/moneycontrol_scrapper.py,moneycontrol_scrapper.py,json_dump,,45,48,1,A,1,8,5,3,B1,1.875,"{""A2"": 5, ""A1"": 2, ""B1"": 1}","{""Simple Atributte"": 4, ""Files --> 'open' call function"": 1, ""Simple Assignment"": 1, ""With"": 1, ""Function with Simple argument"": 1}",Sin patrón destacado
python-mini-projects,/home/juan/Documents/Analisis-CC-PyCEFR/python-mini-projects/projects/Terminal_progress_bar_with_images_resizing/progress_bar_ with_images_resizing.py,progress_bar_ with_images_resizing.py,Resize_image,,7,14,3,A,1,15,9,3,B1,1.5333333333333334,"{""A1"": 8, ""A2"": 6, ""B1"": 1}","{""Simple Atributte"": 6, ""Formatted Value"": 2, ""Joined String"": 1, ""Print"": 1, ""Simple Assignment"": 1, ""Simple If statements"": 1, ""Exception --> try/except"": 1, ""Except Handler"": 1, ""Function with Simple argument"": 1}",Sin patrón destacado
python-mini-projects,/home/juan/Documents/Analisis-CC-PyCEFR/python-mini-projects/projects/Terminal_Based_Hangman_Game/hangman.py,hangman.py,play,,16,101,16,C,3,62,16,6,C2,1.3225806451612903,"{""A1"": 50, ""A2"": 9, ""C2"": 1, ""C1"": 1, ""B1"": 1}","{""Print"": 19, ""Simple Assignment"": 12, ""Simple If statements"": 8, ""Simple Atributte"": 7, ""Boolean Operation"": 3, ""Simple List"": 2, ""Simplified incremental Assignment with decrease subtraction"": 2, ""Simple Tuple"": 1, ""'enumerate' call function"": 1, ""Unary Operation"": 1}",Coincidencia en dificultad alta
python-mini-projects,/home/juan/Documents/Analisis-CC-PyCEFR/python-mini-projects/projects/Terminal_Based_Hangman_Game/hangman.py,hangman.py,main,,174,179,2,A,1,5,4,3,B1,1.6,"{""A1"": 3, ""A2"": 1, ""B1"": 1}","{""Simple Assignment"": 2, ""Simple Atributte"": 1, ""While with Else Loop"": 1, ""Function"": 1}",Sin patrón destacado
python-mini-projects,/home/juan/Documents/Analisis-CC-PyCEFR/python-mini-projects/projects/Terminal_Based_Hangman_Game/hangman.py,hangman.py,get_word,,6,12,1,A,1,11,7,3,B1,1.4545454545454546,"{""A1"": 7, ""A2"": 3, ""B1"": 1}","{""Simple Assignment"": 4, ""Simple Atributte"": 2, ""Files --> 'open' call function"": 1, ""Subscript"": 1, ""With"": 1, ""Function"": 1, ""Return"": 1}",Sin patrón destacado
python-mini-projects,/home/juan/Documents/Analisis-CC-PyCEFR/python-mini-projects/projects/Terminal_Based_Hangman_Game/hangman.py,hangman.py,display_hangman,,105,170,1,A,1,5,5,1,A1,1.0,"{""A1"": 5}","{""Simple List"": 1, ""Subscript"": 1, ""Simple Assignment"": 1, ""Function with Simple argument"": 1, ""Return"": 1}",Sin patrón destacado
python-mini-projects,/home/juan/Documents/Analisis-CC-PyCEFR/python-mini-projects/projects/Calculate_age/calculate.py,calculate.py,month_days,,14,22,7,B,2,14,6,1,A1,1.0,"{""A1"": 14}","{""Simple If statements"": 4, ""Return"": 4, ""Simple List"": 2, ""Boolean Operation"": 2, ""Unary Operation"": 1, ""Function with Simple argument"": 1}",Radon alto / PyCEFR bajo
python-mini-projects,/home/juan/Documents/Analisis-CC-PyCEFR/python-mini-projects/projects/Calculate_age/calculate.py,calculate.py,judge_leap_year,,6,10,2,A,1,4,3,1,A1,1.0,"{""A1"": 4}","{""Return"": 2, ""Simple If statements"": 1, ""Function with Simple argument"": 1}",Sin patrón destacado
python-mini-projects,/home/juan/Documents/Analisis-CC-PyCEFR/python-mini-projects/projects/Movie Information Scraper/movieInfoScraper.py,movieInfoScraper.py,getMovieDetails,,7,82,11,C,3,116,12,5,C1,1.6293103448275863,"{""A1"": 58, ""A2"": 51, ""C1"": 4, ""B1"": 3}","{""Simple Atributte"": 42, ""Simple Assignment"": 27, ""Subscript"": 22, ""Simple Dictionary"": 9, ""Exception --> try/except"": 3, ""Except Handler"": 3, ""Simple List Comprehension"": 2, ""List Comprehension with 1If statements"": 2, ""Assigment with sum (total = total + 1)"": 2, ""Return"": 2}",Coincidencia en dificultad alta
python-mini-projects,/home/juan/Documents/Analisis-CC-PyCEFR/python-mini-projects/projects/Drowsiness detection/model.py,model.py,generator,,12,14,1,A,1,12,6,2,A2,1.5833333333333333,"{""A2"": 7, ""A1"": 5}","{""Simple Atributte"": 6, ""Simple Assignment"": 2, ""Simple Tuple"": 1, ""Function with Simple argument with Default argument"": 1, ""Return"": 1, ""Unary Operation"": 1}",Sin patrón destacado
python-mini-projects,/home/juan/Documents/Analisis-CC-PyCEFR/python-mini-projects/projects/Internet_connection_check/internet_connection_check.py,internet_connection_check.py,internet_connection_test,,4,21,3,A,1,25,9,3,B1,1.24,"{""A1"": 20, ""A2"": 4, ""B1"": 1}","{""Print"": 5, ""Joined String"": 4, ""Simple Atributte"": 4, ""Formatted Value"": 3, ""Return"": 3, ""Simple Assignment"": 2, ""Except Handler"": 2, ""Exception --> try/except"": 1, ""Function"": 1}",Sin patrón destacado
python-mini-projects,/home/juan/Documents/Analisis-CC-PyCEFR/python-mini-projects/projects/Countdown_timer/main.py,main.py,countdown,,3,11,2,A,1,131,15,5,C1,1.5572519083969465,"{""A1"": 70, ""A2"": 53, ""B1"": 6, ""C1"": 2}","{""Alias"": 40, ""Simple Atributte"": 23, ""Import"": 20, ""Simple Assignment"": 18, ""From"": 9, ""Print"": 6, ""Import with 'as' extension "": 5, ""Import're' module"": 2, ""Unary Operation"": 2, ""Simple Tuple"": 1}",PyCEFR alto / Radon bajo
python-mini-projects,/home/juan/Documents/Analisis-CC-PyCEFR/python-mini-projects/projects/Zip_Bruter/zipbruter.py,zipbruter.py,worker,,33,51,4,A,1,18,12,3,B1,1.9444444444444444,"{""A2"": 7, ""A1"": 6, ""B1"": 5}","{""Simple Atributte"": 7, ""Simple Tuple"": 1, ""Print"": 1, ""Simple Assignment"": 1, ""'pass' statement"": 1, ""Simple If statements"": 1, ""While with Else Loop"": 1, ""'break' statement"": 1, ""Exception --> try/except"": 1, ""With"": 1}",Sin patrón destacado
python-mini-projects,/home/juan/Documents/Analisis-CC-PyCEFR/python-mini-projects/projects/Zip_Bruter/zipbruter.py,zipbruter.py,ZipBruter,,20,74,3,A,1,54,17,5,C1,1.8518518518518519,"{""A2"": 28, ""A1"": 18, ""B1"": 7, ""C1"": 1}","{""Simple Atributte"": 25, ""Simple Assignment"": 5, ""Function with Simple argument"": 5, ""Simple For Loop"": 4, ""'range' call function"": 2, ""With"": 2, ""Simple Tuple"": 1, ""Files --> 'open' call function"": 1, ""Print"": 1, ""'pass' statement"": 1}",PyCEFR alto / Radon bajo
python-mini-projects,/home/juan/Documents/Analisis-CC-PyCEFR/python-mini-projects/projects/Zip_Bruter/zipbruter.py,zipbruter.py,main,,58,68,3,A,1,13,4,2,A2,1.7692307692307692,"{""A2"": 10, ""A1"": 3}","{""Simple Atributte"": 9, ""Simple For Loop"": 2, ""'range' call function"": 1, ""Function with Simple argument"": 1}",Sin patrón destacado
python-mini-projects,/home/juan/Documents/Analisis-CC-PyCEFR/python-mini-projects/projects/Zip_Bruter/zipbruter.py,zipbruter.py,start_workers,,53,56,2,A,1,5,4,2,A2,1.6,"{""A2"": 3, ""A1"": 2}","{""Simple Atributte"": 2, ""'range' call function"": 1, ""Simple For Loop"": 1, ""Function with Simple argument"": 1}",Sin patrón destacado
python-mini-projects,/home/juan/Documents/Analisis-CC-PyCEFR/python-mini-projects/projects/Zip_Bruter/zipbruter.py,zipbruter.py,read_wordlist,,70,74,2,A,1,8,6,5,C1,2.25,"{""A2"": 4, ""A1"": 2, ""B1"": 1, ""C1"": 1}","{""Simple Atributte"": 3, ""Files --> 'open' call function"": 1, ""Simple For Loop"": 1, ""With"": 1, ""Function with Simple argument"": 1, ""Generator Function (yield)"": 1}",PyCEFR alto / Radon bajo
python-mini-projects,/home/juan/Documents/Analisis-CC-PyCEFR/python-mini-projects/projects/Zip_Bruter/zipbruter.py,zipbruter.py,__init__,,24,31,1,A,1,9,3,2,A2,1.4444444444444444,"{""A1"": 5, ""A2"": 4}","{""Simple Atributte"": 4, ""Simple Assignment"": 4, ""Function with Simple argument"": 1}",Sin patrón destacado
python-mini-projects,/home/juan/Documents/Analisis-CC-PyCEFR/python-mini-projects/projects/Download_images_from_website/scrap-img.py,scrap-img.py,download_img,,30,45,4,A,1,20,13,3,B1,1.75,"{""A1"": 9, ""A2"": 7, ""B1"": 4}","{""Simple Atributte"": 5, ""Simple Assignment"": 4, ""Simple List"": 1, ""Files --> 'open' call function"": 1, ""Files --> 'write' call function"": 1, ""'pass' statement"": 1, ""Simple If statements"": 1, ""Simple For Loop"": 1, ""'break' statement"": 1, ""Exception --> try/except"": 1}",Sin patrón destacado
python-mini-projects,/home/juan/Documents/Analisis-CC-PyCEFR/python-mini-projects/projects/Download_images_from_website/scrap-img.py,scrap-img.py,get_url,,15,21,1,A,1,9,5,2,A2,1.4444444444444444,"{""A1"": 5, ""A2"": 4}","{""Simple Atributte"": 4, ""Simple Assignment"": 2, ""Print"": 1, ""Function with Simple argument"": 1, ""Return"": 1}",Sin patrón destacado
python-mini-projects,/home/juan/Documents/Analisis-CC-PyCEFR/python-mini-projects/projects/Download_images_from_website/scrap-img.py,scrap-img.py,get_img_links,,24,27,1,A,1,5,4,2,A2,1.2,"{""A1"": 4, ""A2"": 1}","{""Simple Assignment"": 2, ""Simple Atributte"": 1, ""Function with Simple argument"": 1, ""Return"": 1}",Sin patrón destacado
python-mini-projects,/home/juan/Documents/Analisis-CC-PyCEFR/python-mini-projects/projects/Speaking_Dictionary/SpeakingDictionary.py,SpeakingDictionary.py,Speak,,8,17,2,A,1,11,5,3,B1,1.7272727272727273,"{""A2"": 6, ""A1"": 4, ""B1"": 1}","{""Simple Atributte"": 6, ""Simple Assignment"": 2, ""Subscript"": 1, ""Function with Simple argument"": 1, ""Simple Class "": 1}",Sin patrón destacado
python-mini-projects,/home/juan/Documents/Analisis-CC-PyCEFR/python-mini-projects/projects/Speaking_Dictionary/SpeakingDictionary.py,SpeakingDictionary.py,SpeakWord,,9,17,1,A,1,10,4,2,A2,1.6,"{""A2"": 6, ""A1"": 4}","{""Simple Atributte"": 6, ""Simple Assignment"": 2, ""Subscript"": 1, ""Function with Simple argument"": 1}",Sin patrón destacado
python-mini-projects,/home/juan/Documents/Analisis-CC-PyCEFR/python-mini-projects/projects/Captcha_Genrator/Captcha_Genrator.py,Captcha_Genrator.py,verify,,22,29,2,A,1,6,4,2,A2,1.5,"{""A2"": 3, ""A1"": 3}","{""Simple Atributte"": 3, ""Simple Assignment"": 1, ""Simple If statements"": 1, ""Function"": 1}",Sin patrón destacado
python-mini-projects,/home/juan/Documents/Analisis-CC-PyCEFR/python-mini-projects/projects/Captcha_Genrator/Captcha_Genrator.py,Captcha_Genrator.py,refresh,,31,39,2,A,1,10,5,4,B2,1.8,"{""A2"": 5, ""A1"": 4, ""B2"": 1}","{""Simple Atributte"": 4, ""Simple Assignment"": 3, ""Files --> 'write' call function"": 1, ""'assert' exception"": 1, ""Function"": 1}",Sin patrón destacado
python-mini-projects,/home/juan/Documents/Analisis-CC-PyCEFR/python-mini-projects/projects/Easy_cartoonify/easy_cartoonify.py,easy_cartoonify.py,find_the_image,,9,18,4,A,1,16,11,2,A2,1.3125,"{""A1"": 11, ""A2"": 5}","{""Simple Atributte"": 4, ""Subscript"": 2, ""Simple Assignment"": 2, ""Simple List"": 1, ""Simple Tuple"": 1, ""Print"": 1, ""Simple If statements"": 1, ""For Loop with Tuple as name"": 1, ""Simple For Loop"": 1, ""Function with Simple argument"": 1}",Sin patrón destacado
python-mini-projects,/home/juan/Documents/Analisis-CC-PyCEFR/python-mini-projects/projects/Image_watermark/watermark.py,watermark.py,watermark_photo,,4,29,2,A,1,36,7,2,A2,1.3333333333333333,"{""A1"": 24, ""A2"": 12}","{""Simple Atributte"": 12, ""Simple Assignment"": 10, ""Subscript"": 6, ""Simple Tuple"": 4, ""Print"": 2, ""Simple If statements"": 1, ""Function with Simple argument"": 1}",Muchos constructos simples acumulados
python-mini-projects,/home/juan/Documents/Analisis-CC-PyCEFR/python-mini-projects/projects/Time_to_load_website/time_to_load_website.py,time_to_load_website.py,get_load_time,,5,26,3,A,1,14,8,2,A2,1.3571428571428572,"{""A1"": 9, ""A2"": 5}","{""Simple Atributte"": 4, ""Simple Assignment"": 4, ""Files --> 'read' call function"": 1, ""Boolean Operation"": 1, ""Assigment with sum (total = total + 1)"": 1, ""Simple If statements"": 1, ""Function with Simple argument"": 1, ""Return"": 1}",Sin patrón destacado
python-mini-projects,/home/juan/Documents/Analisis-CC-PyCEFR/python-mini-projects/projects/Billing_system/biling_system.py,biling_system.py,bill_area,,288,345,27,D,4,255,6,2,A2,1.6470588235294117,"{""A2"": 165, ""A1"": 90}","{""Simple Atributte"": 165, ""Formatted Value"": 40, ""Joined String"": 24, ""Simple If statements"": 23, ""Boolean Operation"": 2, ""Function with Simple argument"": 1}",Radon alto / PyCEFR bajo; Muchos constructos simples acumulados
python-mini-projects,/home/juan/Documents/Analisis-CC-PyCEFR/python-mini-projects/projects/Billing_system/biling_system.py,biling_system.py,Bill_App,,7,420,6,B,2,838,15,3,B1,1.6372315035799523,"{""A2"": 532, ""A1"": 305, ""B1"": 1}","{""Simple Atributte"": 529, ""Simple Assignment"": 117, ""Simple Tuple"": 52, ""Formatted Value"": 45, ""Joined String"": 31, ""Simple If statements"": 28, ""Assigment with sum (total = total + 1)"": 18, ""Function with Simple argument"": 8, ""Files --> 'open' call function"": 2, ""Boolean Operation"": 2}",Sin patrón destacado
python-mini-projects,/home/juan/Documents/Analisis-CC-PyCEFR/python-mini-projects/projects/Billing_system/biling_system.py,biling_system.py,find_bill,,360,371,5,A,1,22,9,2,A2,1.5,"{""A1"": 11, ""A2"": 11}","{""Simple Atributte"": 10, ""Simple Assignment"": 3, ""Simple If statements"": 2, ""Simple For Loop"": 2, ""Formatted Value"": 1, ""Joined String"": 1, ""Files --> 'open' call function"": 1, ""Subscript"": 1, ""Function with Simple argument"": 1}",Sin patrón destacado
python-mini-projects,/home/juan/Documents/Analisis-CC-PyCEFR/python-mini-projects/projects/Billing_system/biling_system.py,biling_system.py,save_bill,,348,357,2,A,1,22,9,2,A2,1.6363636363636365,"{""A2"": 14, ""A1"": 8}","{""Simple Atributte"": 12, ""Simple Assignment"": 3, ""Formatted Value"": 1, ""Joined String"": 1, ""Files --> 'open' call function"": 1, ""Files --> 'write' call function"": 1, ""Simple If statements"": 1, ""Function with Simple argument"": 1, ""Return"": 1}",Sin patrón destacado
python-mini-projects,/home/juan/Documents/Analisis-CC-PyCEFR/python-mini-projects/projects/Billing_system/biling_system.py,biling_system.py,clear_data,,374,414,2,A,1,65,4,2,A2,1.9384615384615385,"{""A2"": 61, ""A1"": 4}","{""Simple Atributte"": 61, ""Simple Assignment"": 2, ""Simple If statements"": 1, ""Function with Simple argument"": 1}",Muchos constructos simples acumulados
python-mini-projects,/home/juan/Documents/Analisis-CC-PyCEFR/python-mini-projects/projects/Billing_system/biling_system.py,biling_system.py,exit_app,,417,420,2,A,1,6,4,2,A2,1.5,"{""A2"": 3, ""A1"": 3}","{""Simple Atributte"": 3, ""Simple Assignment"": 1, ""Simple If statements"": 1, ""Function with Simple argument"": 1}",Sin patrón destacado
python-mini-projects,/home/juan/Documents/Analisis-CC-PyCEFR/python-mini-projects/projects/Billing_system/biling_system.py,biling_system.py,__init__,,8,235,1,A,1,306,4,2,A2,1.4967320261437909,"{""A1"": 154, ""A2"": 152}","{""Simple Atributte"": 152, ""Simple Assignment"": 101, ""Simple Tuple"": 52, ""Function with Simple argument"": 1}",Muchos constructos simples acumulados
python-mini-projects,/home/juan/Documents/Analisis-CC-PyCEFR/python-mini-projects/projects/Billing_system/biling_system.py,biling_system.py,total,,238,275,1,A,1,132,4,2,A2,1.803030303030303,"{""A2"": 106, ""A1"": 26}","{""Simple Atributte"": 106, ""Assigment with sum (total = total + 1)"": 18, ""Simple Assignment"": 7, ""Function with Simple argument"": 1}",Muchos constructos simples acumulados
python-mini-projects,/home/juan/Documents/Analisis-CC-PyCEFR/python-mini-projects/projects/Billing_system/biling_system.py,biling_system.py,welcome_bill,,278,285,1,A,1,29,4,2,A2,1.6896551724137931,"{""A2"": 20, ""A1"": 9}","{""Simple Atributte"": 20, ""Joined String"": 5, ""Formatted Value"": 3, ""Function with Simple argument"": 1}",Muchos constructos simples acumulados
python-mini-projects,/home/juan/Documents/Analisis-CC-PyCEFR/python-mini-projects/projects/Space_bullet_shooter_game/space_bullet_shooter.py,space_bullet_shooter.py,is_collision,,109,116,2,A,1,8,5,2,A2,1.375,"{""A1"": 5, ""A2"": 3}","{""Simple Atributte"": 3, ""Return"": 2, ""Simple Assignment"": 1, ""Simple If statements"": 1, ""Function with Simple argument"": 1}",Sin patrón destacado
python-mini-projects,/home/juan/Documents/Analisis-CC-PyCEFR/python-mini-projects/projects/Space_bullet_shooter_game/space_bullet_shooter.py,space_bullet_shooter.py,player,,53,54,1,A,1,3,3,2,A2,1.3333333333333333,"{""A1"": 2, ""A2"": 1}","{""Simple Tuple"": 1, ""Simple Atributte"": 1, ""Function with Simple argument"": 1}",Sin patrón destacado
python-mini-projects,/home/juan/Documents/Analisis-CC-PyCEFR/python-mini-projects/projects/Space_bullet_shooter_game/space_bullet_shooter.py,space_bullet_shooter.py,enemy,,95,96,1,A,1,4,4,2,A2,1.25,"{""A1"": 3, ""A2"": 1}","{""Simple Tuple"": 1, ""Simple Atributte"": 1, ""Subscript"": 1, ""Function with Simple argument"": 1}",Sin patrón destacado
python-mini-projects,/home/juan/Documents/Analisis-CC-PyCEFR/python-mini-projects/projects/Space_bullet_shooter_game/space_bullet_shooter.py,space_bullet_shooter.py,fire_bullet,,101,104,1,A,1,4,4,2,A2,1.25,"{""A1"": 3, ""A2"": 1}","{""Simple Tuple"": 1, ""Simple Atributte"": 1, ""Simple Assignment"": 1, ""Function with Simple argument"": 1}",Sin patrón destacado
python-mini-projects,/home/juan/Documents/Analisis-CC-PyCEFR/python-mini-projects/projects/Space_bullet_shooter_game/space_bullet_shooter.py,space_bullet_shooter.py,showscore,,125,127,1,A,1,6,4,2,A2,1.3333333333333333,"{""A1"": 4, ""A2"": 2}","{""Simple Tuple"": 2, ""Simple Atributte"": 2, ""Simple Assignment"": 1, ""Function with Simple argument"": 1}",Sin patrón destacado
python-mini-projects,/home/juan/Documents/Analisis-CC-PyCEFR/python-mini-projects/projects/Space_bullet_shooter_game/space_bullet_shooter.py,space_bullet_shooter.py,game_over,,133,136,1,A,1,6,4,2,A2,1.3333333333333333,"{""A1"": 4, ""A2"": 2}","{""Simple Tuple"": 2, ""Simple Atributte"": 2, ""Simple Assignment"": 1, ""Function"": 1}",Sin patrón destacado
python-mini-projects,/home/juan/Documents/Analisis-CC-PyCEFR/python-mini-projects/projects/Space_bullet_shooter_game/space_bullet_shooter.py,space_bullet_shooter.py,final_score,,140,142,1,A,1,6,4,2,A2,1.3333333333333333,"{""A1"": 4, ""A2"": 2}","{""Simple Tuple"": 2, ""Simple Atributte"": 2, ""Simple Assignment"": 1, ""Function"": 1}",Sin patrón destacado
python-mini-projects,/home/juan/Documents/Analisis-CC-PyCEFR/python-mini-projects/projects/Space_bullet_shooter_game/space_bullet_shooter.py,space_bullet_shooter.py,author_name,,148,151,1,A,1,6,4,2,A2,1.3333333333333333,"{""A1"": 4, ""A2"": 2}","{""Simple Tuple"": 2, ""Simple Atributte"": 2, ""Simple Assignment"": 1, ""Function"": 1}",Sin patrón destacado
python-mini-projects,/home/juan/Documents/Analisis-CC-PyCEFR/python-mini-projects/projects/cli_proxy_tester/proxytest.py,proxytest.py,add_proxies_to_file,,12,40,5,A,1,40,10,2,A2,1.35,"{""A1"": 26, ""A2"": 14}","{""Simple Atributte"": 14, ""Subscript"": 11, ""Simple Assignment"": 4, ""Simple If statements"": 3, ""Simple List"": 2, ""Annotated Assignment"": 2, ""Simple Tuple"": 1, ""Unary Operation"": 1, ""Simple For Loop"": 1, ""Function with Simple argument"": 1}",Muchos constructos simples acumulados
python-mini-projects,/home/juan/Documents/Analisis-CC-PyCEFR/python-mini-projects/projects/cli_proxy_tester/proxytest.py,proxytest.py,test_proxy,,43,75,5,A,1,38,13,3,B1,1.3157894736842106,"{""A1"": 28, ""A2"": 8, ""B1"": 2}","{""Formatted Value"": 7, ""Simple Assignment"": 7, ""Simple Atributte"": 6, ""Joined String"": 5, ""Simple Dictionary"": 2, ""Annotated Assignment"": 2, ""Simple If statements"": 2, ""Except Handler"": 2, ""Subscript"": 1, ""Exception --> try/try/except"": 1}",Sin patrón destacado
python-mini-projects,/home/juan/Documents/Analisis-CC-PyCEFR/python-mini-projects/projects/cli_proxy_tester/proxytest.py,proxytest.py,test_csv_file,,86,103,3,A,1,16,9,3,B1,1.5,"{""A1"": 9, ""A2"": 6, ""B1"": 1}","{""Simple Atributte"": 5, ""Annotated Assignment"": 3, ""Subscript"": 2, ""Simple List"": 1, ""Simple Tuple"": 1, ""'raise' exception"": 1, ""Simple If statements"": 1, ""For Loop with Tuple as name"": 1, ""Function with Simple argument"": 1}",Sin patrón destacado
python-mini-projects,/home/juan/Documents/Analisis-CC-PyCEFR/python-mini-projects/projects/cli_proxy_tester/proxytest.py,proxytest.py,add_from_text_file,,106,119,3,A,1,9,6,3,B1,1.5555555555555556,"{""A1"": 5, ""A2"": 3, ""B1"": 1}","{""Simple Atributte"": 3, ""Annotated Assignment"": 2, ""'raise' exception"": 1, ""Simple If statements"": 1, ""Simple For Loop"": 1, ""Function with Simple argument"": 1}",Sin patrón destacado
python-mini-projects,/home/juan/Documents/Analisis-CC-PyCEFR/python-mini-projects/projects/cli_proxy_tester/proxytest.py,proxytest.py,test_single_proxy,,78,83,1,A,1,6,6,2,A2,1.1666666666666667,"{""A1"": 5, ""A2"": 1}","{""Simple List"": 1, ""Simple Tuple"": 1, ""Simple Atributte"": 1, ""Simple Assignment"": 1, ""Annotated Assignment"": 1, ""Function with Simple argument"": 1}",Sin patrón destacado
python-mini-projects,/home/juan/Documents/Analisis-CC-PyCEFR/python-mini-projects/projects/cli_proxy_tester/cli.py,cli.py,validate_proxy,,10,20,2,A,1,9,7,3,B1,1.5555555555555556,"{""A1"": 5, ""A2"": 3, ""B1"": 1}","{""Simple Atributte"": 3, ""Unary Operation"": 1, ""Simple Assignment"": 1, ""'raise' exception"": 1, ""Simple If statements"": 1, ""Function with Simple argument"": 1, ""Return"": 1}",Sin patrón destacado
python-mini-projects,/home/juan/Documents/Analisis-CC-PyCEFR/python-mini-projects/projects/cli_proxy_tester/cli.py,cli.py,cli,,24,25,1,A,1,2,2,3,B1,2.0,"{""B1"": 1, ""A1"": 1}","{""'pass' statement"": 1, ""Function"": 1}",Sin patrón destacado
python-mini-projects,/home/juan/Documents/Analisis-CC-PyCEFR/python-mini-projects/projects/cli_proxy_tester/cli.py,cli.py,single,,33,34,1,A,1,1,1,1,A1,1.0,"{""A1"": 1}","{""Function with Simple argument"": 1}",Sin patrón destacado
python-mini-projects,/home/juan/Documents/Analisis-CC-PyCEFR/python-mini-projects/projects/cli_proxy_tester/cli.py,cli.py,csv_file,,41,42,1,A,1,1,1,1,A1,1.0,"{""A1"": 1}","{""Function with Simple argument"": 1}",Sin patrón destacado
python-mini-projects,/home/juan/Documents/Analisis-CC-PyCEFR/python-mini-projects/projects/cli_proxy_tester/cli.py,cli.py,add_from_txt_file,,50,51,1,A,1,1,1,1,A1,1.0,"{""A1"": 1}","{""Function with Simple argument"": 1}",Sin patrón destacado
python-mini-projects,/home/juan/Documents/Analisis-CC-PyCEFR/python-mini-projects/projects/telegram_bot/main.py,main.py,coin,,32,43,2,A,1,129,20,5,C1,1.565891472868217,"{""A2"": 65, ""A1"": 61, ""B1"": 2, ""C1"": 1}","{""Simple Atributte"": 56, ""Simple Assignment"": 33, ""Subscript"": 9, ""Simple Tuple"": 5, ""Simple Dictionary"": 5, ""Simple List"": 3, ""Formatted Value"": 2, ""Print"": 2, ""Import"": 2, ""Alias"": 2}",PyCEFR alto / Radon bajo
python-mini-projects,/home/juan/Documents/Analisis-CC-PyCEFR/python-mini-projects/projects/telegram_bot/main.py,main.py,error_callback,,15,16,1,A,1,15,7,2,A2,1.4,"{""A1"": 9, ""A2"": 6}","{""Simple Atributte"": 5, ""Print"": 3, ""Simple Tuple"": 2, ""Simple Assignment"": 2, ""Import"": 1, ""Alias"": 1, ""Function with Simple argument"": 1}",Sin patrón destacado
python-mini-projects,/home/juan/Documents/Analisis-CC-PyCEFR/python-mini-projects/projects/telegram_bot/main.py,main.py,start,,19,29,1,A,1,124,15,6,C2,1.5483870967741935,"{""A1"": 62, ""A2"": 60, ""C2"": 1, ""B2"": 1}","{""Simple Atributte"": 56, ""Simple Assignment"": 32, ""Subscript"": 8, ""Return"": 5, ""Simple If statements"": 4, ""Function with Simple argument"": 4, ""Print"": 3, ""Simple Dictionary"": 3, ""Unary Operation"": 2, ""Slice"": 2}",PyCEFR alto / Radon bajo
python-mini-projects,/home/juan/Documents/Analisis-CC-PyCEFR/python-mini-projects/projects/telegram_bot/main.py,main.py,main,,46,69,1,A,1,247,27,4,B2,1.5668016194331984,"{""A1"": 120, ""A2"": 116, ""B1"": 9, ""B2"": 2}","{""Simple Atributte"": 98, ""Simple Assignment"": 42, ""Subscript"": 31, ""Print"": 8, ""Simple Dictionary"": 7, ""Simple Tuple"": 6, ""Unary Operation"": 5, ""Simple If statements"": 5, ""Files --> 'write' call function"": 5, ""If statements expression (else)"": 5}",Sin patrón destacado
python-mini-projects,/home/juan/Documents/Analisis-CC-PyCEFR/python-mini-projects/projects/EasyVideoPlayer/EasyVideoPlayer.py,EasyVideoPlayer.py,PlayVideo,,40,57,6,B,2,26,11,3,B1,1.5384615384615385,"{""A1"": 15, ""A2"": 8, ""B1"": 3}","{""Simple Atributte"": 7, ""Simple Assignment"": 5, ""Simple Tuple"": 3, ""Simple If statements"": 3, ""'break' statement"": 2, ""Files --> 'read' call function"": 1, ""Print"": 1, ""Unary Operation"": 1, ""Boolean Operation"": 1, ""While with Else Loop"": 1}",Sin patrón destacado
python-mini-projects,/home/juan/Documents/Analisis-CC-PyCEFR/python-mini-projects/projects/EasyVideoPlayer/EasyVideoPlayer.py,EasyVideoPlayer.py,find_the_video,,15,24,4,A,1,15,11,2,A2,1.3333333333333333,"{""A1"": 10, ""A2"": 5}","{""Simple Atributte"": 4, ""Simple Assignment"": 2, ""Simple List"": 1, ""Simple Tuple"": 1, ""Print"": 1, ""Subscript"": 1, ""Simple If statements"": 1, ""For Loop with Tuple as name"": 1, ""Simple For Loop"": 1, ""Function with Simple argument"": 1}",Sin patrón destacado
python-mini-projects,/home/juan/Documents/Analisis-CC-PyCEFR/python-mini-projects/projects/download GeeksForGeeks articles/downloader.py,downloader.py,get_driver,,12,32,1,A,1,16,7,3,B1,1.75,"{""A2"": 8, ""A1"": 6, ""B1"": 2}","{""Simple Atributte"": 6, ""Simple Assignment"": 4, ""Simple Dictionary"": 2, ""1 Dictionary List"": 1, ""1 List Dictionary"": 1, ""Function"": 1, ""Return"": 1}",Sin patrón destacado
python-mini-projects,/home/juan/Documents/Analisis-CC-PyCEFR/python-mini-projects/projects/download GeeksForGeeks articles/downloader.py,downloader.py,download_article,,35,41,1,A,1,5,3,2,A2,1.6,"{""A2"": 3, ""A1"": 2}","{""Simple Atributte"": 3, ""Simple Assignment"": 1, ""Function with Simple argument"": 1}",Sin patrón destacado
python-mini-projects,/home/juan/Documents/Analisis-CC-PyCEFR/python-mini-projects/projects/Currency_converter/cc.py,cc.py,function1,,196,211,3,A,1,22,9,4,B2,1.3181818181818181,"{""A1"": 17, ""A2"": 4, ""B2"": 1}","{""Simple Assignment"": 6, ""Formatted Value"": 4, ""Simple Atributte"": 4, ""Subscript"": 2, ""Simple If statements"": 2, ""Simple Tuple"": 1, ""Joined String"": 1, ""Print"": 1, ""Recursive Functions"": 1}",Sin patrón destacado
python-mini-projects,/home/juan/Documents/Analisis-CC-PyCEFR/python-mini-projects/projects/Split_File/split_files.py,split_files.py,Split_Files,,6,50,5,A,1,77,12,3,B1,1.5714285714285714,"{""A2"": 42, ""A1"": 34, ""B1"": 1}","{""Simple Atributte"": 39, ""Simple Assignment"": 12, ""Formatted Value"": 9, ""Simple If statements"": 5, ""Joined String"": 3, ""Simplified incremental Assignment with increase amount"": 2, ""Function with Simple argument"": 2, ""'range' call function"": 1, ""Unary Operation"": 1, ""Subscript"": 1}",Sin patrón destacado
python-mini-projects,/home/juan/Documents/Analisis-CC-PyCEFR/python-mini-projects/projects/Split_File/split_files.py,split_files.py,split_data,,28,50,5,A,1,52,11,2,A2,1.5192307692307692,"{""A2"": 27, ""A1"": 25}","{""Simple Atributte"": 24, ""Formatted Value"": 9, ""Simple Assignment"": 6, ""Joined String"": 3, ""Simple If statements"": 3, ""Simplified incremental Assignment with increase amount"": 2, ""'range' call function"": 1, ""Unary Operation"": 1, ""Subscript"": 1, ""Simple For Loop"": 1}",Muchos constructos simples acumulados
python-mini-projects,/home/juan/Documents/Analisis-CC-PyCEFR/python-mini-projects/projects/Split_File/split_files.py,split_files.py,__init__,,10,26,3,A,1,24,4,2,A2,1.625,"{""A2"": 15, ""A1"": 9}","{""Simple Atributte"": 15, ""Simple Assignment"": 6, ""Simple If statements"": 2, ""Function with Simple argument"": 1}",Sin patrón destacado
python-mini-projects,/home/juan/Documents/Analisis-CC-PyCEFR/python-mini-projects/projects/Check_website_connectivity/check_connectivity.py,check_connectivity.py,main,,9,21,4,A,1,21,9,3,B1,1.6666666666666667,"{""A1"": 10, ""A2"": 8, ""B1"": 3}","{""Simple Atributte"": 6, ""Simple Assignment"": 4, ""Files --> 'open' call function"": 2, ""Subscript"": 2, ""Simple For Loop"": 2, ""With"": 2, ""Simple List"": 1, ""If statements expression (else)"": 1, ""Function"": 1}",Sin patrón destacado
python-mini-projects,/home/juan/Documents/Analisis-CC-PyCEFR/python-mini-projects/projects/Duplicate files remover/duplicatefileremover.py,duplicatefileremover.py,hashFile,,7,17,2,A,1,16,8,3,B1,1.75,"{""A2"": 8, ""A1"": 6, ""B1"": 2}","{""Simple Atributte"": 5, ""Simple Assignment"": 4, ""Files --> 'read' call function"": 2, ""Files --> 'open' call function"": 1, ""While with Else Loop"": 1, ""With"": 1, ""Function with Simple argument"": 1, ""Return"": 1}",Sin patrón destacado
python-mini-projects,/home/juan/Documents/Analisis-CC-PyCEFR/python-mini-projects/projects/Create_a_simple_stopwatch/stopwatch.py,stopwatch.py,Reset,,54,63,2,A,1,10,5,1,A1,1.0,"{""A1"": 10}","{""Simple Assignment"": 4, ""Subscript"": 3, ""Unary Operation"": 1, ""Simple If statements"": 1, ""Function with Simple argument"": 1}",Sin patrón destacado
python-mini-projects,/home/juan/Documents/Analisis-CC-PyCEFR/python-mini-projects/projects/Create_a_simple_stopwatch/stopwatch.py,stopwatch.py,counter_label,,7,31,1,A,1,14,7,2,A2,1.2857142857142858,"{""A1"": 10, ""A2"": 4}","{""Simple Assignment"": 5, ""Simple Atributte"": 3, ""Simple If statements"": 2, ""Subscript"": 1, ""Simplified incremental Assignment with increase amount"": 1, ""Function with Simple argument"": 1, ""Function"": 1}",Sin patrón destacado
python-mini-projects,/home/juan/Documents/Analisis-CC-PyCEFR/python-mini-projects/projects/Create_a_simple_stopwatch/stopwatch.py,stopwatch.py,count,counter_label,8,28,3,A,1,13,6,2,A2,1.3076923076923077,"{""A1"": 9, ""A2"": 4}","{""Simple Assignment"": 5, ""Simple Atributte"": 3, ""Simple If statements"": 2, ""Subscript"": 1, ""Simplified incremental Assignment with increase amount"": 1, ""Function"": 1}",Sin patrón destacado
python-mini-projects,/home/juan/Documents/Analisis-CC-PyCEFR/python-mini-projects/projects/Create_a_simple_stopwatch/stopwatch.py,stopwatch.py,Start,,35,41,1,A,1,8,3,1,A1,1.0,"{""A1"": 8}","{""Simple Assignment"": 4, ""Subscript"": 3, ""Function with Simple argument"": 1}",Sin patrón destacado
python-mini-projects,/home/juan/Documents/Analisis-CC-PyCEFR/python-mini-projects/projects/Create_a_simple_stopwatch/stopwatch.py,stopwatch.py,Stop,,45,50,1,A,1,8,3,1,A1,1.0,"{""A1"": 8}","{""Simple Assignment"": 4, ""Subscript"": 3, ""Function"": 1}",Sin patrón destacado
python-mini-projects,/home/juan/Documents/Analisis-CC-PyCEFR/python-mini-projects/projects/Tic_tac_toe/tic_tac_toe.py,tic_tac_toe.py,check_win,,18,21,3,A,1,10,7,2,A2,1.1,"{""A1"": 9, ""A2"": 1}","{""Subscript"": 3, ""Set"": 2, ""Simple Tuple"": 1, ""Simple If statements"": 1, ""For Loop with Tuple as name"": 1, ""Function with Simple argument"": 1, ""Return"": 1}",Sin patrón destacado
python-mini-projects,/home/juan/Documents/Analisis-CC-PyCEFR/python-mini-projects/projects/Web_page_summation/app.py,app.py,main,,93,138,9,B,2,52,9,3,B1,1.6538461538461537,"{""A2"": 26, ""A1"": 22, ""B1"": 4}","{""Simple Atributte"": 25, ""Print"": 6, ""Simple Assignment"": 6, ""Simple If statements"": 4, ""Return"": 4, ""If statements expression (else)"": 2, ""Exception --> try/except"": 2, ""Except Handler"": 2, ""Function with Simple argument with Default argument"": 1}",Sin patrón destacado
python-mini-projects,/home/juan/Documents/Analisis-CC-PyCEFR/python-mini-projects/projects/Web_page_summation/app.py,app.py,readCsv,,42,56,4,A,1,39,12,3,B1,1.6153846153846154,"{""A1"": 18, ""A2"": 18, ""B1"": 3}","{""Simple Atributte"": 16, ""Simple Assignment"": 5, ""Return"": 4, ""Simple List"": 2, ""Files --> 'open' call function"": 2, ""Simple For Loop"": 2, ""With"": 2, ""Except Handler"": 2, ""Print"": 1, ""Exception --> try/except"": 1}",Sin patrón destacado
python-mini-projects,/home/juan/Documents/Analisis-CC-PyCEFR/python-mini-projects/projects/Web_page_summation/app.py,app.py,writeCsv,,59,79,4,A,1,39,14,4,B2,1.6153846153846154,"{""A1"": 19, ""A2"": 17, ""B1"": 2, ""B2"": 1}","{""Simple Atributte"": 15, ""Simple Assignment"": 7, ""Subscript"": 5, ""Print"": 2, ""Files --> 'open' call function"": 1, ""'range' call function"": 1, ""Simple If statements"": 1, ""Simple For Loop"": 1, ""Exception --> try/except"": 1, ""With"": 1}",Sin patrón destacado
python-mini-projects,/home/juan/Documents/Analisis-CC-PyCEFR/python-mini-projects/projects/Web_page_summation/app.py,app.py,processCsv,,82,90,2,A,1,10,6,3,B1,1.6,"{""A1"": 5, ""A2"": 4, ""B1"": 1}","{""Simple Atributte"": 4, ""Print"": 2, ""Simple Assignment"": 1, ""Exception --> try/except"": 1, ""Except Handler"": 1, ""Function with Simple argument"": 1}",Sin patrón destacado
python-mini-projects,/home/juan/Documents/Analisis-CC-PyCEFR/python-mini-projects/projects/Web_page_summation/app.py,app.py,parse_args,,12,39,1,A,1,57,11,3,B1,1.6140350877192982,"{""A2"": 33, ""A1"": 23, ""B1"": 1}","{""Simple Atributte"": 33, ""Simple Assignment"": 9, ""Return"": 5, ""Subscript"": 2, ""Function with Simple argument"": 2, ""Slice"": 1, ""Simple List"": 1, ""Simple If statements"": 1, ""Exception --> try/except"": 1, ""Except Handler"": 1}",Sin patrón destacado
python-mini-projects,/home/juan/Documents/Analisis-CC-PyCEFR/python-mini-projects/projects/Web_page_summation/utils/test.py,test.py,args,,10,11,1,A,1,2,2,3,B1,3.0,"{""B1"": 2}","{""'pass' statement"": 1, ""Simple Class "": 1}",Sin patrón destacado
python-mini-projects,/home/juan/Documents/Analisis-CC-PyCEFR/python-mini-projects/projects/Web_page_summation/utils/model.py,model.py,Model,,6,131,11,C,3,355,20,6,C2,1.704225352112676,"{""A2"": 217, ""A1"": 127, ""B1"": 6, ""C1"": 4, ""C2"": 1}","{""Simple Atributte"": 209, ""Simple Assignment"": 66, ""Simple List"": 17, ""Simple Tuple"": 15, ""Alias"": 10, ""Unary Operation"": 5, ""Subscript"": 5, ""With"": 5, ""Simple List Comprehension"": 4, ""Simple If statements"": 4}",Coincidencia en dificultad alta
python-mini-projects,/home/juan/Documents/Analisis-CC-PyCEFR/python-mini-projects/projects/Web_page_summation/utils/model.py,model.py,__init__,,7,131,10,B,2,351,18,6,C2,1.7037037037037037,"{""A2"": 216, ""A1"": 125, ""B1"": 5, ""C1"": 4, ""C2"": 1}","{""Simple Atributte"": 209, ""Simple Assignment"": 66, ""Simple List"": 17, ""Simple Tuple"": 15, ""Alias"": 8, ""Unary Operation"": 5, ""Subscript"": 5, ""With"": 5, ""Simple List Comprehension"": 4, ""Simple If statements"": 4}",Coincidencia en dificultad alta
python-mini-projects,/home/juan/Documents/Analisis-CC-PyCEFR/python-mini-projects/projects/Web_page_summation/utils/comparison.py,comparison.py,eval_rouges,,9,43,1,A,1,19,6,2,A2,1.263157894736842,"{""A1"": 14, ""A2"": 5}","{""Simple Assignment"": 7, ""Simple Atributte"": 5, ""Simple List"": 4, ""Simple Tuple"": 1, ""Function with Simple argument"": 1, ""Return"": 1}",Sin patrón destacado
python-mini-projects,/home/juan/Documents/Analisis-CC-PyCEFR/python-mini-projects/projects/Web_page_summation/utils/train.py,train.py,args,,10,11,1,A,1,2,2,3,B1,3.0,"{""B1"": 2}","{""'pass' statement"": 1, ""Simple Class "": 1}",Sin patrón destacado
python-mini-projects,/home/juan/Documents/Analisis-CC-PyCEFR/python-mini-projects/projects/Web_page_summation/utils/summarize.py,summarize.py,summarize,,11,30,3,A,1,22,9,3,B1,1.4545454545454546,"{""A1"": 13, ""A2"": 8, ""B1"": 1}","{""Simple Atributte"": 7, ""Simple Assignment"": 5, ""Print"": 2, ""Assigment with sum (total = total + 1)"": 2, ""Return"": 2, ""Simple For Loop"": 1, ""Exception --> try/except"": 1, ""Except Handler"": 1, ""Function with Simple argument with Default argument"": 1}",Sin patrón destacado
python-mini-projects,/home/juan/Documents/Analisis-CC-PyCEFR/python-mini-projects/projects/Web_page_summation/utils/utils.py,utils.py,build_dataset,,59,80,13,C,3,37,11,5,C1,2.108108108108108,"{""A1"": 24, ""C1"": 9, ""A2"": 3, ""B1"": 1}","{""Simple Assignment"": 10, ""Simple List Comprehension"": 9, ""Subscript"": 5, ""Simple If statements"": 3, ""Simple Atributte"": 2, ""Slice"": 2, ""Return"": 2, ""Simple List"": 1, ""Simple Tuple"": 1, ""'raise' exception"": 1}",Coincidencia en dificultad alta
python-mini-projects,/home/juan/Documents/Analisis-CC-PyCEFR/python-mini-projects/projects/Web_page_summation/utils/utils.py,utils.py,build_dict,,25,56,6,B,2,40,13,6,C2,1.525,"{""A1"": 25, ""A2"": 12, ""B1"": 2, ""C2"": 1}","{""Simple Assignment"": 14, ""Simple Atributte"": 7, ""Subscript"": 5, ""Simple Tuple"": 2, ""Files --> 'open' call function"": 2, ""Simple If statements"": 2, ""With"": 2, ""'zip' call function"": 1, ""1 Nested For Loop"": 1, ""For Loop with Tuple as name"": 1}",Coincidencia en dificultad alta
python-mini-projects,/home/juan/Documents/Analisis-CC-PyCEFR/python-mini-projects/projects/Web_page_summation/utils/utils.py,utils.py,get_text_list,,17,22,4,A,1,17,10,5,C1,1.8823529411764706,"{""A1"": 9, ""A2"": 5, ""C1"": 2, ""B1"": 1}","{""Simple Atributte"": 4, ""Subscript"": 2, ""Slice"": 2, ""Simple List Comprehension"": 2, ""Return"": 2, ""Files --> 'open' call function"": 1, ""Unary Operation"": 1, ""Simple If statements"": 1, ""With"": 1, ""Function with Simple argument"": 1}",PyCEFR alto / Radon bajo
python-mini-projects,/home/juan/Documents/Analisis-CC-PyCEFR/python-mini-projects/projects/Web_page_summation/utils/utils.py,utils.py,batch_iter,,83,92,3,A,1,18,11,5,C1,1.5,"{""A1"": 12, ""A2"": 5, ""C1"": 1}","{""Simple Assignment"": 3, ""'range' call function"": 2, ""Simple Atributte"": 2, ""Subscript"": 2, ""Slice"": 2, ""Assigment with sum (total = total + 1)"": 2, ""Simple Tuple"": 1, ""1 Nested For Loop"": 1, ""Simple For Loop"": 1, ""Function with Simple argument"": 1}",PyCEFR alto / Radon bajo
python-mini-projects,/home/juan/Documents/Analisis-CC-PyCEFR/python-mini-projects/projects/Web_page_summation/utils/utils.py,utils.py,get_init_embedding,,95,118,3,A,1,29,13,3,B1,1.5862068965517242,"{""A1"": 14, ""A2"": 13, ""B1"": 2}","{""Simple Atributte"": 11, ""Simple Assignment"": 6, ""Subscript"": 2, ""Simple List"": 1, ""Simple Tuple"": 1, ""Print"": 1, ""Files --> 'open' call function"": 1, ""For Loop with Tuple as name"": 1, ""Exception --> try/except"": 1, ""With"": 1}",Sin patrón destacado
python-mini-projects,/home/juan/Documents/Analisis-CC-PyCEFR/python-mini-projects/projects/Web_page_summation/utils/utils.py,utils.py,clean_str,,12,14,1,A,1,4,4,2,A2,1.25,"{""A1"": 3, ""A2"": 1}","{""Simple Atributte"": 1, ""Simple Assignment"": 1, ""Function with Simple argument"": 1, ""Return"": 1}",Sin patrón destacado
python-mini-projects,/home/juan/Documents/Analisis-CC-PyCEFR/python-mini-projects/projects/Store_emails_in_csv/store_emails.py,store_emails.py,write_to_csv,,44,96,12,C,3,54,14,3,B1,1.4074074074074074,"{""A1"": 35, ""A2"": 16, ""B1"": 3}","{""Simple Atributte"": 15, ""Simple Assignment"": 15, ""Simple If statements"": 7, ""Subscript"": 5, ""'pass' statement"": 2, ""Simple For Loop"": 2, ""Simple List"": 1, ""Simple Tuple"": 1, ""'range' call function"": 1, ""Unary Operation"": 1}",Sin patrón destacado
python-mini-projects,/home/juan/Documents/Analisis-CC-PyCEFR/python-mini-projects/projects/Store_emails_in_csv/store_emails.py,store_emails.py,main,,98,114,2,A,1,17,10,3,B1,1.588235294117647,"{""A1"": 9, ""A2"": 6, ""B1"": 2}","{""Simple Atributte"": 5, ""Simple Assignment"": 4, ""Simple List"": 1, ""Simple Tuple"": 1, ""Files --> 'open' call function"": 1, ""Subscript"": 1, ""Exception --> try/except"": 1, ""With"": 1, ""Except Handler"": 1, ""Function"": 1}",Sin patrón destacado
python-mini-projects,/home/juan/Documents/Analisis-CC-PyCEFR/python-mini-projects/projects/Store_emails_in_csv/store_emails.py,store_emails.py,connect_to_mailbox,,24,35,1,A,1,19,8,3,B1,1.631578947368421,"{""A2"": 10, ""A1"": 8, ""B1"": 1}","{""Simple Atributte"": 7, ""Simple Assignment"": 4, ""Simple Tuple"": 2, ""Files --> 'readline' call function"": 2, ""Files --> 'open' call function"": 1, ""With"": 1, ""Function"": 1, ""Return"": 1}",Sin patrón destacado
python-mini-projects,/home/juan/Documents/Analisis-CC-PyCEFR/python-mini-projects/projects/Store_emails_in_csv/store_emails.py,store_emails.py,get_text,,39,41,1,A,1,4,4,2,A2,1.25,"{""A1"": 3, ""A2"": 1}","{""Simple Atributte"": 1, ""Simple Assignment"": 1, ""Function with Simple argument"": 1, ""Return"": 1}",Sin patrón destacado
python-mini-projects,/home/juan/Documents/Analisis-CC-PyCEFR/python-mini-projects/projects/convert_dictionary_to_python_object/conversion.py,conversion.py,obj,,1,4,4,A,1,6,6,3,B1,2.0,"{""A1"": 2, ""B1"": 2, ""A2"": 2}","{""Simple Tuple"": 1, ""If statements expression (else)"": 1, ""Simple Atributte"": 1, ""For Loop with Tuple as name"": 1, ""Function with Simple argument"": 1, ""Inherited Class from object Using the constructor method --> __init__"": 1}",Sin patrón destacado
python-mini-projects,/home/juan/Documents/Analisis-CC-PyCEFR/python-mini-projects/projects/convert_dictionary_to_python_object/conversion.py,conversion.py,__init__,,2,4,3,A,1,5,5,3,B1,1.8,"{""A1"": 2, ""A2"": 2, ""B1"": 1}","{""Simple Tuple"": 1, ""If statements expression (else)"": 1, ""Simple Atributte"": 1, ""For Loop with Tuple as name"": 1, ""Function with Simple argument"": 1}",Sin patrón destacado
python-mini-projects,/home/juan/Documents/Analisis-CC-PyCEFR/python-mini-projects/projects/Scrape_Hacker_News/main.py,main.py,fetch,,15,82,17,C,3,663,40,6,C2,1.5972850678733033,"{""A1"": 317, ""A2"": 307, ""B1"": 31, ""B2"": 6, ""C2"": 1, ""C1"": 1}","{""Simple Atributte"": 263, ""Simple Assignment"": 124, ""Subscript"": 54, ""Print"": 22, ""Function with Simple argument"": 20, ""Simple Tuple"": 17, ""Simple Dictionary"": 15, ""Simple If statements"": 14, ""Files --> 'write' call function"": 12, ""Return"": 10}",Coincidencia en dificultad alta
python-mini-projects,/home/juan/Documents/Analisis-CC-PyCEFR/python-mini-projects/projects/Instagram_profile/main.py,main.py,main,,14,50,2,A,1,413,40,6,C2,1.539951573849879,"{""A1"": 214, ""A2"": 181, ""B1"": 15, ""C2"": 1, ""B2"": 1, ""C1"": 1}","{""Simple Atributte"": 155, ""Simple Assignment"": 93, ""Subscript"": 34, ""Function with Simple argument"": 14, ""Print"": 13, ""Simple Dictionary"": 11, ""Simple Tuple"": 10, ""Simple If statements"": 9, ""Return"": 8, ""Formatted Value"": 6}",PyCEFR alto / Radon bajo
python-mini-projects,/home/juan/Documents/Analisis-CC-PyCEFR/python-mini-projects/projects/Instagram_profile/main.py,main.py,banner,,8,11,1,A,1,48,10,3,B1,1.4791666666666667,"{""A1"": 26, ""A2"": 21, ""B1"": 1}","{""Alias"": 12, ""Simple Atributte"": 10, ""Simple Assignment"": 8, ""Import"": 7, ""Print"": 4, ""From"": 3, ""Import with 'as' extension "": 1, ""Unary Operation"": 1, ""Simplified incremental Assignment with decrease subtraction"": 1, ""Function"": 1}",Sin patrón destacado
python-mini-projects,/home/juan/Documents/Analisis-CC-PyCEFR/python-mini-projects/projects/Instagram_profile/InstgramProfile.py,InstgramProfile.py,main,,7,41,2,A,1,51,10,3,B1,1.392156862745098,"{""A1"": 33, ""A2"": 16, ""B1"": 2}","{""Simple Atributte"": 14, ""Simple Assignment"": 13, ""Subscript"": 10, ""Unary Operation"": 4, ""Slice"": 3, ""1 Nested Dictionary"": 2, ""Simple Dictionary"": 2, ""Simple If statements"": 1, ""Function with Simple argument"": 1, ""Return"": 1}",Sin patrón destacado
python-mini-projects,/home/juan/Documents/Analisis-CC-PyCEFR/python-mini-projects/projects/Instagram_profile/profilepic.py,profilepic.py,pp_download,,8,59,13,C,3,66,14,3,B1,1.4545454545454546,"{""A1"": 38, ""A2"": 26, ""B1"": 2}","{""Simple Atributte"": 24, ""Simple Assignment"": 20, ""Simple If statements"": 7, ""Print"": 4, ""Assigment with sum (total = total + 1)"": 2, ""Files --> 'open' call function"": 1, ""Files --> 'write' call function"": 1, ""Boolean Operation"": 1, ""Subscript"": 1, ""Simple For Loop"": 1}",Sin patrón destacado
python-mini-projects,/home/juan/Documents/Analisis-CC-PyCEFR/python-mini-projects/projects/Compute_IoU/Compute_IoU.py,Compute_IoU.py,Cal_IoU,,3,28,1,A,1,31,6,2,A2,1.064516129032258,"{""A1"": 29, ""A2"": 2}","{""Subscript"": 16, ""Simple Assignment"": 6, ""Assigment with sum (total = total + 1)"": 5, ""Simple Atributte"": 2, ""Function with Simple argument"": 1, ""Return"": 1}",Muchos constructos simples acumulados
python-mini-projects,/home/juan/Documents/Analisis-CC-PyCEFR/python-mini-projects/projects/Cli_todo/todo.py,todo.py,done,,46,65,5,A,1,38,12,5,C1,1.736842105263158,"{""A1"": 18, ""A2"": 16, ""C1"": 2, ""B1"": 2}","{""Simple Atributte"": 12, ""Subscript"": 8, ""Simple Assignment"": 3, ""Simple List"": 2, ""Files --> 'open' call function"": 2, ""Files --> 'writelines' call function"": 2, ""Simple List Comprehension"": 2, ""Simple If statements"": 2, ""With"": 2, ""Simple Tuple"": 1}",PyCEFR alto / Radon bajo
python-mini-projects,/home/juan/Documents/Analisis-CC-PyCEFR/python-mini-projects/projects/Cli_todo/todo.py,todo.py,add,,31,41,4,A,1,26,11,5,C1,1.7692307692307692,"{""A1"": 13, ""A2"": 10, ""C1"": 2, ""B1"": 1}","{""Simple Atributte"": 8, ""Subscript"": 6, ""Simple Assignment"": 3, ""Simple List Comprehension"": 2, ""Simple List"": 1, ""Simple Tuple"": 1, ""Files --> 'open' call function"": 1, ""Files --> 'writelines' call function"": 1, ""Simple If statements"": 1, ""With"": 1}",PyCEFR alto / Radon bajo
python-mini-projects,/home/juan/Documents/Analisis-CC-PyCEFR/python-mini-projects/projects/Cli_todo/todo.py,todo.py,tasks,,17,26,3,A,1,13,6,2,A2,1.6153846153846154,"{""A2"": 8, ""A1"": 5}","{""Simple Atributte"": 7, ""Subscript"": 2, ""Simple Tuple"": 1, ""Simple If statements"": 1, ""For Loop with Tuple as name"": 1, ""Function with Simple argument"": 1}",Sin patrón destacado
python-mini-projects,/home/juan/Documents/Analisis-CC-PyCEFR/python-mini-projects/projects/Cli_todo/todo.py,todo.py,todo,,5,13,2,A,1,25,9,5,C1,1.52,"{""A1"": 16, ""A2"": 7, ""C1"": 1, ""B1"": 1}","{""Subscript"": 8, ""Simple Atributte"": 6, ""Slice"": 3, ""Simple Assignment"": 3, ""Files --> 'open' call function"": 1, ""Unary Operation"": 1, ""Simple Dictionary Comprehension"": 1, ""With"": 1, ""Function with Simple argument"": 1}",PyCEFR alto / Radon bajo
python-mini-projects,/home/juan/Documents/Analisis-CC-PyCEFR/python-mini-projects/projects/Todo_app/app.py,app.py,index,,22,34,3,A,1,24,8,3,B1,1.625,"{""A2"": 13, ""A1"": 10, ""B1"": 1}","{""Simple Atributte"": 13, ""Simple Assignment"": 3, ""Return"": 3, ""Subscript"": 1, ""Simple If statements"": 1, ""Exception --> try/except"": 1, ""Except Handler"": 1, ""Function"": 1}",Sin patrón destacado
python-mini-projects,/home/juan/Documents/Analisis-CC-PyCEFR/python-mini-projects/projects/Todo_app/app.py,app.py,update,,49,62,3,A,1,36,12,3,B1,1.6111111111111112,"{""A2"": 18, ""A1"": 16, ""B1"": 2}","{""Simple Atributte"": 16, ""Simple Assignment"": 4, ""Return"": 4, ""Files --> 'open' call function"": 2, ""Simple For Loop"": 2, ""Except Handler"": 2, ""Print"": 1, ""With"": 1, ""Subscript"": 1, ""Simple If statements"": 1}",Sin patrón destacado
python-mini-projects,/home/juan/Documents/Analisis-CC-PyCEFR/python-mini-projects/projects/Todo_app/app.py,app.py,delete,,38,45,2,A,1,21,10,3,B1,1.5238095238095237,"{""A1"": 11, ""A2"": 9, ""B1"": 1}","{""Simple Atributte"": 9, ""Return"": 3, ""Simple Assignment"": 2, ""Simple List"": 1, ""Print"": 1, ""Subscript"": 1, ""Slice"": 1, ""Exception --> try/except"": 1, ""Except Handler"": 1, ""Function with Simple argument"": 1}",Sin patrón destacado
python-mini-projects,/home/juan/Documents/Analisis-CC-PyCEFR/python-mini-projects/projects/Todo_app/app.py,app.py,Todo,,11,18,2,A,1,22,5,3,B1,1.7272727272727273,"{""A2"": 14, ""A1"": 7, ""B1"": 1}","{""Simple Atributte"": 14, ""Simple Assignment"": 5, ""Function with Simple argument"": 1, ""Return"": 1, ""Simple Class "": 1}",Sin patrón destacado
python-mini-projects,/home/juan/Documents/Analisis-CC-PyCEFR/python-mini-projects/projects/Todo_app/app.py,app.py,__repr__,,17,18,1,A,1,3,3,2,A2,1.3333333333333333,"{""A1"": 2, ""A2"": 1}","{""Simple Atributte"": 1, ""Function with Simple argument"": 1, ""Return"": 1}",Sin patrón destacado
