case,project,file,file_name,type,name,complexity,radon_grade,radon_grade_num,lineno,endline,col_offset,parent,closure_depth,source_file
python-mini-projects,python-mini-projects,/home/juan/Documents/Analisis-CC-PyCEFR/python-mini-projects/projects/birthDateToCurrentAge.py,birthDateToCurrentAge.py,function,ageCalculator,3,A,1,4,27,0,,0,/home/juan/Documents/Analisis-CC-PyCEFR/data/processed/python-mini-projects/radon_output_python-mini-projects.json
python-mini-projects,python-mini-projects,/home/juan/Documents/Analisis-CC-PyCEFR/python-mini-projects/projects/Snake Game/snake_game.py,snake_game.py,function,change_direction,9,B,2,87,102,0,,0,/home/juan/Documents/Analisis-CC-PyCEFR/data/processed/python-mini-projects/radon_output_python-mini-projects.json
python-mini-projects,python-mini-projects,/home/juan/Documents/Analisis-CC-PyCEFR/python-mini-projects/projects/Snake Game/snake_game.py,snake_game.py,function,next_turn,8,B,2,41,84,0,,0,/home/juan/Documents/Analisis-CC-PyCEFR/data/processed/python-mini-projects/radon_output_python-mini-projects.json
python-mini-projects,python-mini-projects,/home/juan/Documents/Analisis-CC-PyCEFR/python-mini-projects/projects/Snake Game/snake_game.py,snake_game.py,function,check_collisions,8,B,2,105,118,0,,0,/home/juan/Documents/Analisis-CC-PyCEFR/data/processed/python-mini-projects/radon_output_python-mini-projects.json
python-mini-projects,python-mini-projects,/home/juan/Documents/Analisis-CC-PyCEFR/python-mini-projects/projects/Snake Game/snake_game.py,snake_game.py,class,Snake,4,A,1,14,26,0,,0,/home/juan/Documents/Analisis-CC-PyCEFR/data/processed/python-mini-projects/radon_output_python-mini-projects.json
python-mini-projects,python-mini-projects,/home/juan/Documents/Analisis-CC-PyCEFR/python-mini-projects/projects/Snake Game/snake_game.py,snake_game.py,method,__init__,3,A,1,16,26,4,,0,/home/juan/Documents/Analisis-CC-PyCEFR/data/processed/python-mini-projects/radon_output_python-mini-projects.json
python-mini-projects,python-mini-projects,/home/juan/Documents/Analisis-CC-PyCEFR/python-mini-projects/projects/Snake Game/snake_game.py,snake_game.py,class,Food,2,A,1,29,38,0,,0,/home/juan/Documents/Analisis-CC-PyCEFR/data/processed/python-mini-projects/radon_output_python-mini-projects.json
python-mini-projects,python-mini-projects,/home/juan/Documents/Analisis-CC-PyCEFR/python-mini-projects/projects/Snake Game/snake_game.py,snake_game.py,function,game_over,1,A,1,121,125,0,,0,/home/juan/Documents/Analisis-CC-PyCEFR/data/processed/python-mini-projects/radon_output_python-mini-projects.json
python-mini-projects,python-mini-projects,/home/juan/Documents/Analisis-CC-PyCEFR/python-mini-projects/projects/Snake Game/snake_game.py,snake_game.py,method,__init__,1,A,1,31,38,4,,0,/home/juan/Documents/Analisis-CC-PyCEFR/data/processed/python-mini-projects/radon_output_python-mini-projects.json
python-mini-projects,python-mini-projects,/home/juan/Documents/Analisis-CC-PyCEFR/python-mini-projects/projects/Capture_Video_Frames/capture_video_frames.py,capture_video_frames.py,class,FrameCapture,3,A,1,6,36,0,,0,/home/juan/Documents/Analisis-CC-PyCEFR/data/processed/python-mini-projects/radon_output_python-mini-projects.json
python-mini-projects,python-mini-projects,/home/juan/Documents/Analisis-CC-PyCEFR/python-mini-projects/projects/Capture_Video_Frames/capture_video_frames.py,capture_video_frames.py,method,__init__,2,A,1,10,19,4,,0,/home/juan/Documents/Analisis-CC-PyCEFR/data/processed/python-mini-projects/radon_output_python-mini-projects.json
python-mini-projects,python-mini-projects,/home/juan/Documents/Analisis-CC-PyCEFR/python-mini-projects/projects/Capture_Video_Frames/capture_video_frames.py,capture_video_frames.py,method,capture_frames,2,A,1,21,36,4,,0,/home/juan/Documents/Analisis-CC-PyCEFR/data/processed/python-mini-projects/radon_output_python-mini-projects.json
python-mini-projects,python-mini-projects,/home/juan/Documents/Analisis-CC-PyCEFR/python-mini-projects/projects/Random_password_generator/random_password_gen.py,random_password_gen.py,function,generate_pass,4,A,1,20,28,0,,0,/home/juan/Documents/Analisis-CC-PyCEFR/data/processed/python-mini-projects/radon_output_python-mini-projects.json
python-mini-projects,python-mini-projects,/home/juan/Documents/Analisis-CC-PyCEFR/python-mini-projects/projects/Bouncing_ball_simulator/ball_bounce.py,ball_bounce.py,method,move_ball,7,B,2,26,40,4,,0,/home/juan/Documents/Analisis-CC-PyCEFR/data/processed/python-mini-projects/radon_output_python-mini-projects.json
python-mini-projects,python-mini-projects,/home/juan/Documents/Analisis-CC-PyCEFR/python-mini-projects/projects/Bouncing_ball_simulator/ball_bounce.py,ball_bounce.py,class,ball,4,A,1,15,40,0,,0,/home/juan/Documents/Analisis-CC-PyCEFR/data/processed/python-mini-projects/radon_output_python-mini-projects.json
python-mini-projects,python-mini-projects,/home/juan/Documents/Analisis-CC-PyCEFR/python-mini-projects/projects/Bouncing_ball_simulator/ball_bounce.py,ball_bounce.py,method,__init__,1,A,1,18,22,4,,0,/home/juan/Documents/Analisis-CC-PyCEFR/data/processed/python-mini-projects/radon_output_python-mini-projects.json
python-mini-projects,python-mini-projects,/home/juan/Documents/Analisis-CC-PyCEFR/python-mini-projects/projects/Bouncing_ball_simulator/ball_bounce.py,ball_bounce.py,method,render_ball,1,A,1,24,25,4,,0,/home/juan/Documents/Analisis-CC-PyCEFR/data/processed/python-mini-projects/radon_output_python-mini-projects.json
python-mini-projects,python-mini-projects,/home/juan/Documents/Analisis-CC-PyCEFR/python-mini-projects/projects/Convert_numbers_to_word/converter.py,converter.py,function,converter,34,E,5,19,72,0,,0,/home/juan/Documents/Analisis-CC-PyCEFR/data/processed/python-mini-projects/radon_output_python-mini-projects.json
python-mini-projects,python-mini-projects,/home/juan/Documents/Analisis-CC-PyCEFR/python-mini-projects/projects/Find_out_hostname_and_ip_address/Hostname_IPaddress.py,Hostname_IPaddress.py,function,get_hostname_IP,2,A,1,4,10,0,,0,/home/juan/Documents/Analisis-CC-PyCEFR/data/processed/python-mini-projects/radon_output_python-mini-projects.json
python-mini-projects,python-mini-projects,/home/juan/Documents/Analisis-CC-PyCEFR/python-mini-projects/projects/detect_align_faces/main.py,main.py,function,main,3,A,1,20,33,0,,0,/home/juan/Documents/Analisis-CC-PyCEFR/data/processed/python-mini-projects/radon_output_python-mini-projects.json
python-mini-projects,python-mini-projects,/home/juan/Documents/Analisis-CC-PyCEFR/python-mini-projects/projects/detect_align_faces/main.py,main.py,function,detect_align_faces,2,A,1,36,59,0,,0,/home/juan/Documents/Analisis-CC-PyCEFR/data/processed/python-mini-projects/radon_output_python-mini-projects.json
python-mini-projects,python-mini-projects,/home/juan/Documents/Analisis-CC-PyCEFR/python-mini-projects/projects/detect_align_faces/main.py,main.py,function,shape_to_pos,2,A,1,62,70,0,,0,/home/juan/Documents/Analisis-CC-PyCEFR/data/processed/python-mini-projects/radon_output_python-mini-projects.json
python-mini-projects,python-mini-projects,/home/juan/Documents/Analisis-CC-PyCEFR/python-mini-projects/projects/Organized_download_folder_with_different_categories/file-sortor.py,file-sortor.py,function,sorting,4,A,1,25,31,0,,0,/home/juan/Documents/Analisis-CC-PyCEFR/data/processed/python-mini-projects/radon_output_python-mini-projects.json
python-mini-projects,python-mini-projects,/home/juan/Documents/Analisis-CC-PyCEFR/python-mini-projects/projects/Recursive_password_generator/generator.py,generator.py,function,stretch,2,A,1,4,9,0,,0,/home/juan/Documents/Analisis-CC-PyCEFR/data/processed/python-mini-projects/radon_output_python-mini-projects.json
python-mini-projects,python-mini-projects,/home/juan/Documents/Analisis-CC-PyCEFR/python-mini-projects/projects/Recursive_password_generator/generator.py,generator.py,function,get_random_char,1,A,1,11,14,0,,0,/home/juan/Documents/Analisis-CC-PyCEFR/data/processed/python-mini-projects/radon_output_python-mini-projects.json
python-mini-projects,python-mini-projects,/home/juan/Documents/Analisis-CC-PyCEFR/python-mini-projects/projects/Speech_to_text/speech_to_text.py,speech_to_text.py,function,record_voice,2,A,1,3,15,0,,0,/home/juan/Documents/Analisis-CC-PyCEFR/data/processed/python-mini-projects/radon_output_python-mini-projects.json
python-mini-projects,python-mini-projects,/home/juan/Documents/Analisis-CC-PyCEFR/python-mini-projects/projects/GUI Rock-Paper-Scissors Game/Rock-Paper-Scissors Game.py,Rock-Paper-Scissors Game.py,function,spin,16,C,3,23,58,0,,0,/home/juan/Documents/Analisis-CC-PyCEFR/data/processed/python-mini-projects/radon_output_python-mini-projects.json
python-mini-projects,python-mini-projects,/home/juan/Documents/Analisis-CC-PyCEFR/python-mini-projects/projects/Merge_pdfs/merge_pdfs.py,merge_pdfs.py,function,by_appending,1,A,1,7,15,0,,0,/home/juan/Documents/Analisis-CC-PyCEFR/data/processed/python-mini-projects/radon_output_python-mini-projects.json
python-mini-projects,python-mini-projects,/home/juan/Documents/Analisis-CC-PyCEFR/python-mini-projects/projects/Merge_pdfs/merge_pdfs.py,merge_pdfs.py,function,by_inserting,1,A,1,19,23,0,,0,/home/juan/Documents/Analisis-CC-PyCEFR/data/processed/python-mini-projects/radon_output_python-mini-projects.json
python-mini-projects,python-mini-projects,/home/juan/Documents/Analisis-CC-PyCEFR/python-mini-projects/projects/Speed_Game/macOS/main.py,main.py,method,checkBtn_click,4,A,1,161,202,4,,0,/home/juan/Documents/Analisis-CC-PyCEFR/data/processed/python-mini-projects/radon_output_python-mini-projects.json
python-mini-projects,python-mini-projects,/home/juan/Documents/Analisis-CC-PyCEFR/python-mini-projects/projects/Speed_Game/macOS/main.py,main.py,class,SampleApp,3,A,1,16,27,0,,0,/home/juan/Documents/Analisis-CC-PyCEFR/data/processed/python-mini-projects/radon_output_python-mini-projects.json
python-mini-projects,python-mini-projects,/home/juan/Documents/Analisis-CC-PyCEFR/python-mini-projects/projects/Speed_Game/macOS/main.py,main.py,class,CountryPage,3,A,1,82,237,0,,0,/home/juan/Documents/Analisis-CC-PyCEFR/data/processed/python-mini-projects/radon_output_python-mini-projects.json
python-mini-projects,python-mini-projects,/home/juan/Documents/Analisis-CC-PyCEFR/python-mini-projects/projects/Speed_Game/macOS/main.py,main.py,method,count,3,A,1,144,158,4,,0,/home/juan/Documents/Analisis-CC-PyCEFR/data/processed/python-mini-projects/radon_output_python-mini-projects.json
python-mini-projects,python-mini-projects,/home/juan/Documents/Analisis-CC-PyCEFR/python-mini-projects/projects/Speed_Game/macOS/main.py,main.py,method,passBtn_click,3,A,1,204,234,4,,0,/home/juan/Documents/Analisis-CC-PyCEFR/data/processed/python-mini-projects/radon_output_python-mini-projects.json
python-mini-projects,python-mini-projects,/home/juan/Documents/Analisis-CC-PyCEFR/python-mini-projects/projects/Speed_Game/macOS/main.py,main.py,method,switch_frame,2,A,1,22,27,4,,0,/home/juan/Documents/Analisis-CC-PyCEFR/data/processed/python-mini-projects/radon_output_python-mini-projects.json
python-mini-projects,python-mini-projects,/home/juan/Documents/Analisis-CC-PyCEFR/python-mini-projects/projects/Speed_Game/macOS/main.py,main.py,class,StartPage,2,A,1,30,48,0,,0,/home/juan/Documents/Analisis-CC-PyCEFR/data/processed/python-mini-projects/radon_output_python-mini-projects.json
python-mini-projects,python-mini-projects,/home/juan/Documents/Analisis-CC-PyCEFR/python-mini-projects/projects/Speed_Game/macOS/main.py,main.py,class,CategoryPage,2,A,1,51,79,0,,0,/home/juan/Documents/Analisis-CC-PyCEFR/data/processed/python-mini-projects/radon_output_python-mini-projects.json
python-mini-projects,python-mini-projects,/home/juan/Documents/Analisis-CC-PyCEFR/python-mini-projects/projects/Speed_Game/macOS/main.py,main.py,method,__init__,2,A,1,83,142,4,,0,/home/juan/Documents/Analisis-CC-PyCEFR/data/processed/python-mini-projects/radon_output_python-mini-projects.json
python-mini-projects,python-mini-projects,/home/juan/Documents/Analisis-CC-PyCEFR/python-mini-projects/projects/Speed_Game/macOS/main.py,main.py,class,FinishPage,2,A,1,240,251,0,,0,/home/juan/Documents/Analisis-CC-PyCEFR/data/processed/python-mini-projects/radon_output_python-mini-projects.json
python-mini-projects,python-mini-projects,/home/juan/Documents/Analisis-CC-PyCEFR/python-mini-projects/projects/Speed_Game/macOS/main.py,main.py,method,__init__,1,A,1,17,20,4,,0,/home/juan/Documents/Analisis-CC-PyCEFR/data/processed/python-mini-projects/radon_output_python-mini-projects.json
python-mini-projects,python-mini-projects,/home/juan/Documents/Analisis-CC-PyCEFR/python-mini-projects/projects/Speed_Game/macOS/main.py,main.py,method,__init__,1,A,1,31,48,4,,0,/home/juan/Documents/Analisis-CC-PyCEFR/data/processed/python-mini-projects/radon_output_python-mini-projects.json
python-mini-projects,python-mini-projects,/home/juan/Documents/Analisis-CC-PyCEFR/python-mini-projects/projects/Speed_Game/macOS/main.py,main.py,method,__init__,1,A,1,52,79,4,,0,/home/juan/Documents/Analisis-CC-PyCEFR/data/processed/python-mini-projects/radon_output_python-mini-projects.json
python-mini-projects,python-mini-projects,/home/juan/Documents/Analisis-CC-PyCEFR/python-mini-projects/projects/Speed_Game/macOS/main.py,main.py,method,delete_img,1,A,1,236,237,4,,0,/home/juan/Documents/Analisis-CC-PyCEFR/data/processed/python-mini-projects/radon_output_python-mini-projects.json
python-mini-projects,python-mini-projects,/home/juan/Documents/Analisis-CC-PyCEFR/python-mini-projects/projects/Speed_Game/macOS/main.py,main.py,method,__init__,1,A,1,241,251,4,,0,/home/juan/Documents/Analisis-CC-PyCEFR/data/processed/python-mini-projects/radon_output_python-mini-projects.json
python-mini-projects,python-mini-projects,/home/juan/Documents/Analisis-CC-PyCEFR/python-mini-projects/projects/Speed_Game/windows/main.py,main.py,method,checkBtn_click,4,A,1,164,205,4,,0,/home/juan/Documents/Analisis-CC-PyCEFR/data/processed/python-mini-projects/radon_output_python-mini-projects.json
python-mini-projects,python-mini-projects,/home/juan/Documents/Analisis-CC-PyCEFR/python-mini-projects/projects/Speed_Game/windows/main.py,main.py,class,SampleApp,3,A,1,19,30,0,,0,/home/juan/Documents/Analisis-CC-PyCEFR/data/processed/python-mini-projects/radon_output_python-mini-projects.json
python-mini-projects,python-mini-projects,/home/juan/Documents/Analisis-CC-PyCEFR/python-mini-projects/projects/Speed_Game/windows/main.py,main.py,class,CountryPage,3,A,1,85,240,0,,0,/home/juan/Documents/Analisis-CC-PyCEFR/data/processed/python-mini-projects/radon_output_python-mini-projects.json
python-mini-projects,python-mini-projects,/home/juan/Documents/Analisis-CC-PyCEFR/python-mini-projects/projects/Speed_Game/windows/main.py,main.py,method,count,3,A,1,147,161,4,,0,/home/juan/Documents/Analisis-CC-PyCEFR/data/processed/python-mini-projects/radon_output_python-mini-projects.json
python-mini-projects,python-mini-projects,/home/juan/Documents/Analisis-CC-PyCEFR/python-mini-projects/projects/Speed_Game/windows/main.py,main.py,method,passBtn_click,3,A,1,207,237,4,,0,/home/juan/Documents/Analisis-CC-PyCEFR/data/processed/python-mini-projects/radon_output_python-mini-projects.json
python-mini-projects,python-mini-projects,/home/juan/Documents/Analisis-CC-PyCEFR/python-mini-projects/projects/Speed_Game/windows/main.py,main.py,method,switch_frame,2,A,1,25,30,4,,0,/home/juan/Documents/Analisis-CC-PyCEFR/data/processed/python-mini-projects/radon_output_python-mini-projects.json
python-mini-projects,python-mini-projects,/home/juan/Documents/Analisis-CC-PyCEFR/python-mini-projects/projects/Speed_Game/windows/main.py,main.py,class,StartPage,2,A,1,33,51,0,,0,/home/juan/Documents/Analisis-CC-PyCEFR/data/processed/python-mini-projects/radon_output_python-mini-projects.json
python-mini-projects,python-mini-projects,/home/juan/Documents/Analisis-CC-PyCEFR/python-mini-projects/projects/Speed_Game/windows/main.py,main.py,class,CategoryPage,2,A,1,54,82,0,,0,/home/juan/Documents/Analisis-CC-PyCEFR/data/processed/python-mini-projects/radon_output_python-mini-projects.json
python-mini-projects,python-mini-projects,/home/juan/Documents/Analisis-CC-PyCEFR/python-mini-projects/projects/Speed_Game/windows/main.py,main.py,method,__init__,2,A,1,86,145,4,,0,/home/juan/Documents/Analisis-CC-PyCEFR/data/processed/python-mini-projects/radon_output_python-mini-projects.json
python-mini-projects,python-mini-projects,/home/juan/Documents/Analisis-CC-PyCEFR/python-mini-projects/projects/Speed_Game/windows/main.py,main.py,class,FinishPage,2,A,1,243,254,0,,0,/home/juan/Documents/Analisis-CC-PyCEFR/data/processed/python-mini-projects/radon_output_python-mini-projects.json
python-mini-projects,python-mini-projects,/home/juan/Documents/Analisis-CC-PyCEFR/python-mini-projects/projects/Speed_Game/windows/main.py,main.py,method,__init__,1,A,1,20,23,4,,0,/home/juan/Documents/Analisis-CC-PyCEFR/data/processed/python-mini-projects/radon_output_python-mini-projects.json
python-mini-projects,python-mini-projects,/home/juan/Documents/Analisis-CC-PyCEFR/python-mini-projects/projects/Speed_Game/windows/main.py,main.py,method,__init__,1,A,1,34,51,4,,0,/home/juan/Documents/Analisis-CC-PyCEFR/data/processed/python-mini-projects/radon_output_python-mini-projects.json
python-mini-projects,python-mini-projects,/home/juan/Documents/Analisis-CC-PyCEFR/python-mini-projects/projects/Speed_Game/windows/main.py,main.py,method,__init__,1,A,1,55,82,4,,0,/home/juan/Documents/Analisis-CC-PyCEFR/data/processed/python-mini-projects/radon_output_python-mini-projects.json
python-mini-projects,python-mini-projects,/home/juan/Documents/Analisis-CC-PyCEFR/python-mini-projects/projects/Speed_Game/windows/main.py,main.py,method,delete_img,1,A,1,239,240,4,,0,/home/juan/Documents/Analisis-CC-PyCEFR/data/processed/python-mini-projects/radon_output_python-mini-projects.json
python-mini-projects,python-mini-projects,/home/juan/Documents/Analisis-CC-PyCEFR/python-mini-projects/projects/Speed_Game/windows/main.py,main.py,method,__init__,1,A,1,244,254,4,,0,/home/juan/Documents/Analisis-CC-PyCEFR/data/processed/python-mini-projects/radon_output_python-mini-projects.json
python-mini-projects,python-mini-projects,/home/juan/Documents/Analisis-CC-PyCEFR/python-mini-projects/projects/S3_File_Upload/main.py,main.py,function,upload_to_s3,3,A,1,10,23,0,,0,/home/juan/Documents/Analisis-CC-PyCEFR/data/processed/python-mini-projects/radon_output_python-mini-projects.json
python-mini-projects,python-mini-projects,/home/juan/Documents/Analisis-CC-PyCEFR/python-mini-projects/projects/convert_png_images_to_ico_format/convertUI.py,convertUI.py,function,convertToICO,2,A,1,20,28,0,,0,/home/juan/Documents/Analisis-CC-PyCEFR/data/processed/python-mini-projects/radon_output_python-mini-projects.json
python-mini-projects,python-mini-projects,/home/juan/Documents/Analisis-CC-PyCEFR/python-mini-projects/projects/convert_png_images_to_ico_format/convertUI.py,convertUI.py,function,getPNG,1,A,1,14,18,0,,0,/home/juan/Documents/Analisis-CC-PyCEFR/data/processed/python-mini-projects/radon_output_python-mini-projects.json
python-mini-projects,python-mini-projects,/home/juan/Documents/Analisis-CC-PyCEFR/python-mini-projects/projects/Network Usage Tracker/network_usage_tracker.py,network_usage_tracker.py,function,update_label,3,A,1,78,103,0,,0,/home/juan/Documents/Analisis-CC-PyCEFR/data/processed/python-mini-projects/radon_output_python-mini-projects.json
python-mini-projects,python-mini-projects,/home/juan/Documents/Analisis-CC-PyCEFR/python-mini-projects/projects/Network Usage Tracker/network_usage_tracker.py,network_usage_tracker.py,function,exit_win,2,A,1,38,40,0,,0,/home/juan/Documents/Analisis-CC-PyCEFR/data/processed/python-mini-projects/radon_output_python-mini-projects.json
python-mini-projects,python-mini-projects,/home/juan/Documents/Analisis-CC-PyCEFR/python-mini-projects/projects/Network Usage Tracker/network_usage_tracker.py,network_usage_tracker.py,function,exit_win,2,A,1,109,111,0,,0,/home/juan/Documents/Analisis-CC-PyCEFR/data/processed/python-mini-projects/radon_output_python-mini-projects.json
python-mini-projects,python-mini-projects,/home/juan/Documents/Analisis-CC-PyCEFR/python-mini-projects/projects/Network Usage Tracker/network_usage_tracker.py,network_usage_tracker.py,function,start_fun,1,A,1,22,23,0,,0,/home/juan/Documents/Analisis-CC-PyCEFR/data/processed/python-mini-projects/radon_output_python-mini-projects.json
python-mini-projects,python-mini-projects,/home/juan/Documents/Analisis-CC-PyCEFR/python-mini-projects/projects/Network Usage Tracker/network_usage_tracker.py,network_usage_tracker.py,function,convert_to_gbit,1,A,1,73,74,0,,0,/home/juan/Documents/Analisis-CC-PyCEFR/data/processed/python-mini-projects/radon_output_python-mini-projects.json
python-mini-projects,python-mini-projects,/home/juan/Documents/Analisis-CC-PyCEFR/python-mini-projects/projects/steganography/dct.py,dct.py,function,insert,7,B,2,32,64,0,,0,/home/juan/Documents/Analisis-CC-PyCEFR/data/processed/python-mini-projects/radon_output_python-mini-projects.json
python-mini-projects,python-mini-projects,/home/juan/Documents/Analisis-CC-PyCEFR/python-mini-projects/projects/steganography/dct.py,dct.py,function,extract,7,B,2,93,120,0,,0,/home/juan/Documents/Analisis-CC-PyCEFR/data/processed/python-mini-projects/radon_output_python-mini-projects.json
python-mini-projects,python-mini-projects,/home/juan/Documents/Analisis-CC-PyCEFR/python-mini-projects/projects/steganography/dct.py,dct.py,function,encode,4,A,1,68,81,0,,0,/home/juan/Documents/Analisis-CC-PyCEFR/data/processed/python-mini-projects/radon_output_python-mini-projects.json
python-mini-projects,python-mini-projects,/home/juan/Documents/Analisis-CC-PyCEFR/python-mini-projects/projects/steganography/dct.py,dct.py,function,decode,3,A,1,85,90,0,,0,/home/juan/Documents/Analisis-CC-PyCEFR/data/processed/python-mini-projects/radon_output_python-mini-projects.json
python-mini-projects,python-mini-projects,/home/juan/Documents/Analisis-CC-PyCEFR/python-mini-projects/projects/steganography/lsb.py,lsb.py,function,extract,5,A,1,43,63,0,,0,/home/juan/Documents/Analisis-CC-PyCEFR/data/processed/python-mini-projects/radon_output_python-mini-projects.json
python-mini-projects,python-mini-projects,/home/juan/Documents/Analisis-CC-PyCEFR/python-mini-projects/projects/steganography/lsb.py,lsb.py,function,insert,3,A,1,22,40,0,,0,/home/juan/Documents/Analisis-CC-PyCEFR/data/processed/python-mini-projects/radon_output_python-mini-projects.json
python-mini-projects,python-mini-projects,/home/juan/Documents/Analisis-CC-PyCEFR/python-mini-projects/projects/steganography/lsb.py,lsb.py,function,encode,2,A,1,66,70,0,,0,/home/juan/Documents/Analisis-CC-PyCEFR/data/processed/python-mini-projects/radon_output_python-mini-projects.json
python-mini-projects,python-mini-projects,/home/juan/Documents/Analisis-CC-PyCEFR/python-mini-projects/projects/steganography/lsb.py,lsb.py,function,decode,2,A,1,73,77,0,,0,/home/juan/Documents/Analisis-CC-PyCEFR/data/processed/python-mini-projects/radon_output_python-mini-projects.json
python-mini-projects,python-mini-projects,/home/juan/Documents/Analisis-CC-PyCEFR/python-mini-projects/projects/cat_command/cat.py,cat.py,function,readFile,3,A,1,26,40,0,,0,/home/juan/Documents/Analisis-CC-PyCEFR/data/processed/python-mini-projects/radon_output_python-mini-projects.json
python-mini-projects,python-mini-projects,/home/juan/Documents/Analisis-CC-PyCEFR/python-mini-projects/projects/cat_command/cat.py,cat.py,function,main,3,A,1,57,73,0,,0,/home/juan/Documents/Analisis-CC-PyCEFR/data/processed/python-mini-projects/radon_output_python-mini-projects.json
python-mini-projects,python-mini-projects,/home/juan/Documents/Analisis-CC-PyCEFR/python-mini-projects/projects/cat_command/cat.py,cat.py,class,Logger,2,A,1,11,16,0,,0,/home/juan/Documents/Analisis-CC-PyCEFR/data/processed/python-mini-projects/radon_output_python-mini-projects.json
python-mini-projects,python-mini-projects,/home/juan/Documents/Analisis-CC-PyCEFR/python-mini-projects/projects/cat_command/cat.py,cat.py,function,cli,1,A,1,42,55,0,,0,/home/juan/Documents/Analisis-CC-PyCEFR/data/processed/python-mini-projects/radon_output_python-mini-projects.json
python-mini-projects,python-mini-projects,/home/juan/Documents/Analisis-CC-PyCEFR/python-mini-projects/projects/cat_command/cat.py,cat.py,class,CatError,1,A,1,8,9,0,,0,/home/juan/Documents/Analisis-CC-PyCEFR/data/processed/python-mini-projects/radon_output_python-mini-projects.json
python-mini-projects,python-mini-projects,/home/juan/Documents/Analisis-CC-PyCEFR/python-mini-projects/projects/cat_command/cat.py,cat.py,method,__init__,1,A,1,12,13,4,,0,/home/juan/Documents/Analisis-CC-PyCEFR/data/processed/python-mini-projects/radon_output_python-mini-projects.json
python-mini-projects,python-mini-projects,/home/juan/Documents/Analisis-CC-PyCEFR/python-mini-projects/projects/cat_command/cat.py,cat.py,method,error,1,A,1,15,16,4,,0,/home/juan/Documents/Analisis-CC-PyCEFR/data/processed/python-mini-projects/radon_output_python-mini-projects.json
python-mini-projects,python-mini-projects,/home/juan/Documents/Analisis-CC-PyCEFR/python-mini-projects/projects/Convert_JPEG_to_PNG/converter_GUI.py,converter_GUI.py,function,convertToPNG,2,A,1,28,35,0,,0,/home/juan/Documents/Analisis-CC-PyCEFR/data/processed/python-mini-projects/radon_output_python-mini-projects.json
python-mini-projects,python-mini-projects,/home/juan/Documents/Analisis-CC-PyCEFR/python-mini-projects/projects/Convert_JPEG_to_PNG/converter_GUI.py,converter_GUI.py,function,getJPG,1,A,1,14,18,0,,0,/home/juan/Documents/Analisis-CC-PyCEFR/data/processed/python-mini-projects/radon_output_python-mini-projects.json
python-mini-projects,python-mini-projects,/home/juan/Documents/Analisis-CC-PyCEFR/python-mini-projects/projects/Alarm clock/alarm_clock.py,alarm_clock.py,function,alarm,3,A,1,19,36,0,,0,/home/juan/Documents/Analisis-CC-PyCEFR/data/processed/python-mini-projects/radon_output_python-mini-projects.json
python-mini-projects,python-mini-projects,/home/juan/Documents/Analisis-CC-PyCEFR/python-mini-projects/projects/Alarm clock/alarm_clock.py,alarm_clock.py,function,Threading,1,A,1,15,17,0,,0,/home/juan/Documents/Analisis-CC-PyCEFR/data/processed/python-mini-projects/radon_output_python-mini-projects.json
python-mini-projects,python-mini-projects,/home/juan/Documents/Analisis-CC-PyCEFR/python-mini-projects/projects/export_mysql_to_csv_send_to_wocom/export_mysql_data_to_csv.py,export_mysql_data_to_csv.py,function,read_mysql_to_csv,2,A,1,26,33,0,,0,/home/juan/Documents/Analisis-CC-PyCEFR/data/processed/python-mini-projects/radon_output_python-mini-projects.json
python-mini-projects,python-mini-projects,/home/juan/Documents/Analisis-CC-PyCEFR/python-mini-projects/projects/export_mysql_to_csv_send_to_wocom/export_mysql_data_to_csv.py,export_mysql_data_to_csv.py,function,sql,1,A,1,15,23,0,,0,/home/juan/Documents/Analisis-CC-PyCEFR/data/processed/python-mini-projects/radon_output_python-mini-projects.json
python-mini-projects,python-mini-projects,/home/juan/Documents/Analisis-CC-PyCEFR/python-mini-projects/projects/export_mysql_to_csv_send_to_wocom/export_mysql_data_to_csv.py,export_mysql_data_to_csv.py,function,upload_file_robots,1,A,1,36,42,0,,0,/home/juan/Documents/Analisis-CC-PyCEFR/data/processed/python-mini-projects/radon_output_python-mini-projects.json
python-mini-projects,python-mini-projects,/home/juan/Documents/Analisis-CC-PyCEFR/python-mini-projects/projects/export_mysql_to_csv_send_to_wocom/export_mysql_data_to_csv.py,export_mysql_data_to_csv.py,function,send_file_robots,1,A,1,45,50,0,,0,/home/juan/Documents/Analisis-CC-PyCEFR/data/processed/python-mini-projects/radon_output_python-mini-projects.json
python-mini-projects,python-mini-projects,/home/juan/Documents/Analisis-CC-PyCEFR/python-mini-projects/projects/Ascii_art/make_art.py,make_art.py,function,print_out_ascii,3,A,1,11,18,0,,0,/home/juan/Documents/Analisis-CC-PyCEFR/data/processed/python-mini-projects/radon_output_python-mini-projects.json
python-mini-projects,python-mini-projects,/home/juan/Documents/Analisis-CC-PyCEFR/python-mini-projects/projects/Ascii_art/make_art.py,make_art.py,function,img_to_ascii,2,A,1,21,38,0,,0,/home/juan/Documents/Analisis-CC-PyCEFR/data/processed/python-mini-projects/radon_output_python-mini-projects.json
python-mini-projects,python-mini-projects,/home/juan/Documents/Analisis-CC-PyCEFR/python-mini-projects/projects/Tic_tac_toe_with_ai/tic-tac-toe-AI.py,tic-tac-toe-AI.py,function,win_check,24,D,4,154,168,0,,0,/home/juan/Documents/Analisis-CC-PyCEFR/data/processed/python-mini-projects/radon_output_python-mini-projects.json
python-mini-projects,python-mini-projects,/home/juan/Documents/Analisis-CC-PyCEFR/python-mini-projects/projects/Tic_tac_toe_with_ai/tic-tac-toe-AI.py,tic-tac-toe-AI.py,function,CompAI,14,C,3,95,124,0,,0,/home/juan/Documents/Analisis-CC-PyCEFR/data/processed/python-mini-projects/radon_output_python-mini-projects.json
python-mini-projects,python-mini-projects,/home/juan/Documents/Analisis-CC-PyCEFR/python-mini-projects/projects/Tic_tac_toe_with_ai/tic-tac-toe-AI.py,tic-tac-toe-AI.py,function,choice,7,B,2,37,63,0,,0,/home/juan/Documents/Analisis-CC-PyCEFR/data/processed/python-mini-projects/radon_output_python-mini-projects.json
python-mini-projects,python-mini-projects,/home/juan/Documents/Analisis-CC-PyCEFR/python-mini-projects/projects/Tic_tac_toe_with_ai/tic-tac-toe-AI.py,tic-tac-toe-AI.py,function,player_choice,6,B,2,81,91,0,,0,/home/juan/Documents/Analisis-CC-PyCEFR/data/processed/python-mini-projects/radon_output_python-mini-projects.json
python-mini-projects,python-mini-projects,/home/juan/Documents/Analisis-CC-PyCEFR/python-mini-projects/projects/Tic_tac_toe_with_ai/tic-tac-toe-AI.py,tic-tac-toe-AI.py,function,full_board_check,3,A,1,146,151,0,,0,/home/juan/Documents/Analisis-CC-PyCEFR/data/processed/python-mini-projects/radon_output_python-mini-projects.json
python-mini-projects,python-mini-projects,/home/juan/Documents/Analisis-CC-PyCEFR/python-mini-projects/projects/Tic_tac_toe_with_ai/tic-tac-toe-AI.py,tic-tac-toe-AI.py,function,delay,2,A,1,170,173,0,,0,/home/juan/Documents/Analisis-CC-PyCEFR/data/processed/python-mini-projects/radon_output_python-mini-projects.json
python-mini-projects,python-mini-projects,/home/juan/Documents/Analisis-CC-PyCEFR/python-mini-projects/projects/Tic_tac_toe_with_ai/tic-tac-toe-AI.py,tic-tac-toe-AI.py,function,default,1,A,1,8,10,0,,0,/home/juan/Documents/Analisis-CC-PyCEFR/data/processed/python-mini-projects/radon_output_python-mini-projects.json
python-mini-projects,python-mini-projects,/home/juan/Documents/Analisis-CC-PyCEFR/python-mini-projects/projects/Tic_tac_toe_with_ai/tic-tac-toe-AI.py,tic-tac-toe-AI.py,function,rules,1,A,1,13,21,0,,0,/home/juan/Documents/Analisis-CC-PyCEFR/data/processed/python-mini-projects/radon_output_python-mini-projects.json
python-mini-projects,python-mini-projects,/home/juan/Documents/Analisis-CC-PyCEFR/python-mini-projects/projects/Tic_tac_toe_with_ai/tic-tac-toe-AI.py,tic-tac-toe-AI.py,function,play,1,A,1,24,26,0,,0,/home/juan/Documents/Analisis-CC-PyCEFR/data/processed/python-mini-projects/radon_output_python-mini-projects.json
python-mini-projects,python-mini-projects,/home/juan/Documents/Analisis-CC-PyCEFR/python-mini-projects/projects/Tic_tac_toe_with_ai/tic-tac-toe-AI.py,tic-tac-toe-AI.py,function,names,1,A,1,29,34,0,,0,/home/juan/Documents/Analisis-CC-PyCEFR/data/processed/python-mini-projects/radon_output_python-mini-projects.json
python-mini-projects,python-mini-projects,/home/juan/Documents/Analisis-CC-PyCEFR/python-mini-projects/projects/Tic_tac_toe_with_ai/tic-tac-toe-AI.py,tic-tac-toe-AI.py,function,first_player,1,A,1,67,70,0,,0,/home/juan/Documents/Analisis-CC-PyCEFR/data/processed/python-mini-projects/radon_output_python-mini-projects.json
python-mini-projects,python-mini-projects,/home/juan/Documents/Analisis-CC-PyCEFR/python-mini-projects/projects/Tic_tac_toe_with_ai/tic-tac-toe-AI.py,tic-tac-toe-AI.py,function,display_board,1,A,1,73,78,0,,0,/home/juan/Documents/Analisis-CC-PyCEFR/data/processed/python-mini-projects/radon_output_python-mini-projects.json
python-mini-projects,python-mini-projects,/home/juan/Documents/Analisis-CC-PyCEFR/python-mini-projects/projects/Tic_tac_toe_with_ai/tic-tac-toe-AI.py,tic-tac-toe-AI.py,function,selectRandom,1,A,1,128,132,0,,0,/home/juan/Documents/Analisis-CC-PyCEFR/data/processed/python-mini-projects/radon_output_python-mini-projects.json
python-mini-projects,python-mini-projects,/home/juan/Documents/Analisis-CC-PyCEFR/python-mini-projects/projects/Tic_tac_toe_with_ai/tic-tac-toe-AI.py,tic-tac-toe-AI.py,function,place_marker,1,A,1,135,138,0,,0,/home/juan/Documents/Analisis-CC-PyCEFR/data/processed/python-mini-projects/radon_output_python-mini-projects.json
python-mini-projects,python-mini-projects,/home/juan/Documents/Analisis-CC-PyCEFR/python-mini-projects/projects/Tic_tac_toe_with_ai/tic-tac-toe-AI.py,tic-tac-toe-AI.py,function,space_check,1,A,1,141,143,0,,0,/home/juan/Documents/Analisis-CC-PyCEFR/data/processed/python-mini-projects/radon_output_python-mini-projects.json
python-mini-projects,python-mini-projects,/home/juan/Documents/Analisis-CC-PyCEFR/python-mini-projects/projects/Tic_tac_toe_with_ai/tic-tac-toe-AI.py,tic-tac-toe-AI.py,function,replay,1,A,1,175,177,0,,0,/home/juan/Documents/Analisis-CC-PyCEFR/data/processed/python-mini-projects/radon_output_python-mini-projects.json
python-mini-projects,python-mini-projects,/home/juan/Documents/Analisis-CC-PyCEFR/python-mini-projects/projects/Wikipedia_search_wordcloud/wiki-search-cloud.py,wiki-search-cloud.py,function,gen_cloud,2,A,1,11,20,0,,0,/home/juan/Documents/Analisis-CC-PyCEFR/data/processed/python-mini-projects/radon_output_python-mini-projects.json
python-mini-projects,python-mini-projects,/home/juan/Documents/Analisis-CC-PyCEFR/python-mini-projects/projects/Wikipedia_search_wordcloud/wiki-search-cloud.py,wiki-search-cloud.py,function,save_cloud,1,A,1,24,25,0,,0,/home/juan/Documents/Analisis-CC-PyCEFR/data/processed/python-mini-projects/radon_output_python-mini-projects.json
python-mini-projects,python-mini-projects,/home/juan/Documents/Analisis-CC-PyCEFR/python-mini-projects/projects/Wikipedia_search_wordcloud/wiki-search-cloud.py,wiki-search-cloud.py,function,show_cloud,1,A,1,29,32,0,,0,/home/juan/Documents/Analisis-CC-PyCEFR/data/processed/python-mini-projects/radon_output_python-mini-projects.json
python-mini-projects,python-mini-projects,/home/juan/Documents/Analisis-CC-PyCEFR/python-mini-projects/projects/dork_search_google/main.py,main.py,function,Exploit,4,A,1,40,55,4,,0,/home/juan/Documents/Analisis-CC-PyCEFR/data/processed/python-mini-projects/radon_output_python-mini-projects.json
python-mini-projects,python-mini-projects,/home/juan/Documents/Analisis-CC-PyCEFR/python-mini-projects/projects/Set_Alarm/alarm.py,alarm.py,function,set_alarm,10,B,2,18,66,0,,0,/home/juan/Documents/Analisis-CC-PyCEFR/data/processed/python-mini-projects/radon_output_python-mini-projects.json
python-mini-projects,python-mini-projects,/home/juan/Documents/Analisis-CC-PyCEFR/python-mini-projects/projects/Set_Alarm/alarm.py,alarm.py,function,rename_files_with_whitespaces,3,A,1,7,11,0,,0,/home/juan/Documents/Analisis-CC-PyCEFR/data/processed/python-mini-projects/radon_output_python-mini-projects.json
python-mini-projects,python-mini-projects,/home/juan/Documents/Analisis-CC-PyCEFR/python-mini-projects/projects/Set_Alarm/alarm.py,alarm.py,function,clean_filename,1,A,1,14,15,0,,0,/home/juan/Documents/Analisis-CC-PyCEFR/data/processed/python-mini-projects/radon_output_python-mini-projects.json
python-mini-projects,python-mini-projects,/home/juan/Documents/Analisis-CC-PyCEFR/python-mini-projects/projects/Set_Alarm/alarm.py,alarm.py,function,display_header,1,A,1,68,72,0,,0,/home/juan/Documents/Analisis-CC-PyCEFR/data/processed/python-mini-projects/radon_output_python-mini-projects.json
python-mini-projects,python-mini-projects,/home/juan/Documents/Analisis-CC-PyCEFR/python-mini-projects/projects/Split_folder_into_subfolders/split_and_copy.py,split_and_copy.py,function,split,3,A,1,32,41,0,,0,/home/juan/Documents/Analisis-CC-PyCEFR/data/processed/python-mini-projects/radon_output_python-mini-projects.json
python-mini-projects,python-mini-projects,/home/juan/Documents/Analisis-CC-PyCEFR/python-mini-projects/projects/Split_folder_into_subfolders/split_and_copy.py,split_and_copy.py,function,start_process,3,A,1,44,51,0,,0,/home/juan/Documents/Analisis-CC-PyCEFR/data/processed/python-mini-projects/radon_output_python-mini-projects.json
python-mini-projects,python-mini-projects,/home/juan/Documents/Analisis-CC-PyCEFR/python-mini-projects/projects/Split_folder_into_subfolders/split_and_copy.py,split_and_copy.py,function,copyfiles,2,A,1,22,29,0,,0,/home/juan/Documents/Analisis-CC-PyCEFR/data/processed/python-mini-projects/radon_output_python-mini-projects.json
python-mini-projects,python-mini-projects,/home/juan/Documents/Analisis-CC-PyCEFR/python-mini-projects/projects/Split_folder_into_subfolders/split_and_copy.py,split_and_copy.py,function,get_files,1,A,1,7,12,0,,0,/home/juan/Documents/Analisis-CC-PyCEFR/data/processed/python-mini-projects/radon_output_python-mini-projects.json
python-mini-projects,python-mini-projects,/home/juan/Documents/Analisis-CC-PyCEFR/python-mini-projects/projects/Split_folder_into_subfolders/split_and_copy.py,split_and_copy.py,function,getfullpath,1,A,1,15,19,0,,0,/home/juan/Documents/Analisis-CC-PyCEFR/data/processed/python-mini-projects/radon_output_python-mini-projects.json
python-mini-projects,python-mini-projects,/home/juan/Documents/Analisis-CC-PyCEFR/python-mini-projects/projects/Password_generator/password_generator.py,password_generator.py,class,App,2,A,1,5,37,0,,0,/home/juan/Documents/Analisis-CC-PyCEFR/data/processed/python-mini-projects/radon_output_python-mini-projects.json
python-mini-projects,python-mini-projects,/home/juan/Documents/Analisis-CC-PyCEFR/python-mini-projects/projects/Password_generator/password_generator.py,password_generator.py,method,generate_password,2,A,1,31,37,4,,0,/home/juan/Documents/Analisis-CC-PyCEFR/data/processed/python-mini-projects/radon_output_python-mini-projects.json
python-mini-projects,python-mini-projects,/home/juan/Documents/Analisis-CC-PyCEFR/python-mini-projects/projects/Password_generator/password_generator.py,password_generator.py,method,__init__,1,A,1,6,17,4,,0,/home/juan/Documents/Analisis-CC-PyCEFR/data/processed/python-mini-projects/radon_output_python-mini-projects.json
python-mini-projects,python-mini-projects,/home/juan/Documents/Analisis-CC-PyCEFR/python-mini-projects/projects/Password_generator/password_generator.py,password_generator.py,method,label,1,A,1,19,21,4,,0,/home/juan/Documents/Analisis-CC-PyCEFR/data/processed/python-mini-projects/radon_output_python-mini-projects.json
python-mini-projects,python-mini-projects,/home/juan/Documents/Analisis-CC-PyCEFR/python-mini-projects/projects/Password_generator/password_generator.py,password_generator.py,method,entry,1,A,1,23,25,4,,0,/home/juan/Documents/Analisis-CC-PyCEFR/data/processed/python-mini-projects/radon_output_python-mini-projects.json
python-mini-projects,python-mini-projects,/home/juan/Documents/Analisis-CC-PyCEFR/python-mini-projects/projects/Password_generator/password_generator.py,password_generator.py,method,button,1,A,1,27,29,4,,0,/home/juan/Documents/Analisis-CC-PyCEFR/data/processed/python-mini-projects/radon_output_python-mini-projects.json
python-mini-projects,python-mini-projects,/home/juan/Documents/Analisis-CC-PyCEFR/python-mini-projects/projects/Write_script_to_compress_folder_and_files/zipfiles.py,zipfiles.py,function,retrieve_file_paths,3,A,1,14,26,0,,0,/home/juan/Documents/Analisis-CC-PyCEFR/data/processed/python-mini-projects/radon_output_python-mini-projects.json
python-mini-projects,python-mini-projects,/home/juan/Documents/Analisis-CC-PyCEFR/python-mini-projects/projects/Write_script_to_compress_folder_and_files/zipfiles.py,zipfiles.py,function,zip_dir,2,A,1,29,35,0,,0,/home/juan/Documents/Analisis-CC-PyCEFR/data/processed/python-mini-projects/radon_output_python-mini-projects.json
python-mini-projects,python-mini-projects,/home/juan/Documents/Analisis-CC-PyCEFR/python-mini-projects/projects/Write_script_to_compress_folder_and_files/zipfiles.py,zipfiles.py,function,zip_file,1,A,1,7,10,0,,0,/home/juan/Documents/Analisis-CC-PyCEFR/data/processed/python-mini-projects/radon_output_python-mini-projects.json
python-mini-projects,python-mini-projects,/home/juan/Documents/Analisis-CC-PyCEFR/python-mini-projects/projects/MasterMind/Mastermind_GUIinterface.py,Mastermind_GUIinterface.py,method,guess,7,B,2,51,86,4,,0,/home/juan/Documents/Analisis-CC-PyCEFR/data/processed/python-mini-projects/radon_output_python-mini-projects.json
python-mini-projects,python-mini-projects,/home/juan/Documents/Analisis-CC-PyCEFR/python-mini-projects/projects/MasterMind/Mastermind_GUIinterface.py,Mastermind_GUIinterface.py,class,MasterMind,5,A,1,22,96,0,,0,/home/juan/Documents/Analisis-CC-PyCEFR/data/processed/python-mini-projects/radon_output_python-mini-projects.json
python-mini-projects,python-mini-projects,/home/juan/Documents/Analisis-CC-PyCEFR/python-mini-projects/projects/MasterMind/Mastermind_GUIinterface.py,Mastermind_GUIinterface.py,class,medium,4,A,1,2,21,0,,0,/home/juan/Documents/Analisis-CC-PyCEFR/data/processed/python-mini-projects/radon_output_python-mini-projects.json
python-mini-projects,python-mini-projects,/home/juan/Documents/Analisis-CC-PyCEFR/python-mini-projects/projects/MasterMind/Mastermind_GUIinterface.py,Mastermind_GUIinterface.py,method,compare,4,A,1,14,21,4,,0,/home/juan/Documents/Analisis-CC-PyCEFR/data/processed/python-mini-projects/radon_output_python-mini-projects.json
python-mini-projects,python-mini-projects,/home/juan/Documents/Analisis-CC-PyCEFR/python-mini-projects/projects/MasterMind/Mastermind_GUIinterface.py,Mastermind_GUIinterface.py,method,__init__,4,A,1,23,50,4,,0,/home/juan/Documents/Analisis-CC-PyCEFR/data/processed/python-mini-projects/radon_output_python-mini-projects.json
python-mini-projects,python-mini-projects,/home/juan/Documents/Analisis-CC-PyCEFR/python-mini-projects/projects/MasterMind/Mastermind_GUIinterface.py,Mastermind_GUIinterface.py,method,__init__,3,A,1,5,13,4,,0,/home/juan/Documents/Analisis-CC-PyCEFR/data/processed/python-mini-projects/radon_output_python-mini-projects.json
python-mini-projects,python-mini-projects,/home/juan/Documents/Analisis-CC-PyCEFR/python-mini-projects/projects/MasterMind/Mastermind_GUIinterface.py,Mastermind_GUIinterface.py,method,hint,2,A,1,89,96,4,,0,/home/juan/Documents/Analisis-CC-PyCEFR/data/processed/python-mini-projects/radon_output_python-mini-projects.json
python-mini-projects,python-mini-projects,/home/juan/Documents/Analisis-CC-PyCEFR/python-mini-projects/projects/MasterMind/Mastermind_GUIinterface.py,Mastermind_GUIinterface.py,method,user,1,A,1,3,4,4,,0,/home/juan/Documents/Analisis-CC-PyCEFR/data/processed/python-mini-projects/radon_output_python-mini-projects.json
python-mini-projects,python-mini-projects,/home/juan/Documents/Analisis-CC-PyCEFR/python-mini-projects/projects/Get_meta_information_of_images/get_meta_from_pic.py,get_meta_from_pic.py,function,get_labeled_exif,2,A,1,14,19,0,,0,/home/juan/Documents/Analisis-CC-PyCEFR/data/processed/python-mini-projects/radon_output_python-mini-projects.json
python-mini-projects,python-mini-projects,/home/juan/Documents/Analisis-CC-PyCEFR/python-mini-projects/projects/Get_meta_information_of_images/get_meta_from_pic.py,get_meta_from_pic.py,function,get_exif,1,A,1,9,11,0,,0,/home/juan/Documents/Analisis-CC-PyCEFR/data/processed/python-mini-projects/radon_output_python-mini-projects.json
python-mini-projects,python-mini-projects,/home/juan/Documents/Analisis-CC-PyCEFR/python-mini-projects/projects/Get_meta_information_of_images/author_utils.py,author_utils.py,function,get_author,4,A,1,160,171,0,,0,/home/juan/Documents/Analisis-CC-PyCEFR/data/processed/python-mini-projects/radon_output_python-mini-projects.json
python-mini-projects,python-mini-projects,/home/juan/Documents/Analisis-CC-PyCEFR/python-mini-projects/projects/Get_meta_information_of_images/author_utils.py,author_utils.py,class,SID_NAME_USE,3,A,1,31,48,0,,0,/home/juan/Documents/Analisis-CC-PyCEFR/data/processed/python-mini-projects/radon_output_python-mini-projects.json
python-mini-projects,python-mini-projects,/home/juan/Documents/Analisis-CC-PyCEFR/python-mini-projects/projects/Get_meta_information_of_images/author_utils.py,author_utils.py,method,__init__,3,A,1,36,40,4,,0,/home/juan/Documents/Analisis-CC-PyCEFR/data/processed/python-mini-projects/radon_output_python-mini-projects.json
python-mini-projects,python-mini-projects,/home/juan/Documents/Analisis-CC-PyCEFR/python-mini-projects/projects/Get_meta_information_of_images/author_utils.py,author_utils.py,class,PLOCAL,3,A,1,52,61,0,,0,/home/juan/Documents/Analisis-CC-PyCEFR/data/processed/python-mini-projects/radon_output_python-mini-projects.json
python-mini-projects,python-mini-projects,/home/juan/Documents/Analisis-CC-PyCEFR/python-mini-projects/projects/Get_meta_information_of_images/author_utils.py,author_utils.py,method,__del__,3,A,1,58,61,4,,0,/home/juan/Documents/Analisis-CC-PyCEFR/data/processed/python-mini-projects/radon_output_python-mini-projects.json
python-mini-projects,python-mini-projects,/home/juan/Documents/Analisis-CC-PyCEFR/python-mini-projects/projects/Get_meta_information_of_images/author_utils.py,author_utils.py,class,PSID,3,A,1,65,78,0,,0,/home/juan/Documents/Analisis-CC-PyCEFR/data/processed/python-mini-projects/radon_output_python-mini-projects.json
python-mini-projects,python-mini-projects,/home/juan/Documents/Analisis-CC-PyCEFR/python-mini-projects/projects/Get_meta_information_of_images/author_utils.py,author_utils.py,method,__str__,3,A,1,69,78,4,,0,/home/juan/Documents/Analisis-CC-PyCEFR/data/processed/python-mini-projects/radon_output_python-mini-projects.json
python-mini-projects,python-mini-projects,/home/juan/Documents/Analisis-CC-PyCEFR/python-mini-projects/projects/Get_meta_information_of_images/author_utils.py,author_utils.py,class,PSECURITY_DESCRIPTOR,3,A,1,80,101,0,,0,/home/juan/Documents/Analisis-CC-PyCEFR/data/processed/python-mini-projects/radon_output_python-mini-projects.json
python-mini-projects,python-mini-projects,/home/juan/Documents/Analisis-CC-PyCEFR/python-mini-projects/projects/Get_meta_information_of_images/author_utils.py,author_utils.py,method,get_owner,3,A,1,93,96,4,,0,/home/juan/Documents/Analisis-CC-PyCEFR/data/processed/python-mini-projects/radon_output_python-mini-projects.json
python-mini-projects,python-mini-projects,/home/juan/Documents/Analisis-CC-PyCEFR/python-mini-projects/projects/Get_meta_information_of_images/author_utils.py,author_utils.py,method,get_group,3,A,1,98,101,4,,0,/home/juan/Documents/Analisis-CC-PyCEFR/data/processed/python-mini-projects/radon_output_python-mini-projects.json
python-mini-projects,python-mini-projects,/home/juan/Documents/Analisis-CC-PyCEFR/python-mini-projects/projects/Get_meta_information_of_images/author_utils.py,author_utils.py,function,_check_bool,2,A,1,103,106,0,,0,/home/juan/Documents/Analisis-CC-PyCEFR/data/processed/python-mini-projects/radon_output_python-mini-projects.json
python-mini-projects,python-mini-projects,/home/juan/Documents/Analisis-CC-PyCEFR/python-mini-projects/projects/Get_meta_information_of_images/author_utils.py,author_utils.py,function,get_file_security,2,A,1,148,158,0,,0,/home/juan/Documents/Analisis-CC-PyCEFR/data/processed/python-mini-projects/radon_output_python-mini-projects.json
python-mini-projects,python-mini-projects,/home/juan/Documents/Analisis-CC-PyCEFR/python-mini-projects/projects/Get_meta_information_of_images/author_utils.py,author_utils.py,method,__str__,2,A,1,42,45,4,,0,/home/juan/Documents/Analisis-CC-PyCEFR/data/processed/python-mini-projects/radon_output_python-mini-projects.json
python-mini-projects,python-mini-projects,/home/juan/Documents/Analisis-CC-PyCEFR/python-mini-projects/projects/Get_meta_information_of_images/author_utils.py,author_utils.py,function,look_up_account_sid,1,A,1,137,146,0,,0,/home/juan/Documents/Analisis-CC-PyCEFR/data/processed/python-mini-projects/radon_output_python-mini-projects.json
python-mini-projects,python-mini-projects,/home/juan/Documents/Analisis-CC-PyCEFR/python-mini-projects/projects/Get_meta_information_of_images/author_utils.py,author_utils.py,method,__repr__,1,A,1,47,48,4,,0,/home/juan/Documents/Analisis-CC-PyCEFR/data/processed/python-mini-projects/radon_output_python-mini-projects.json
python-mini-projects,python-mini-projects,/home/juan/Documents/Analisis-CC-PyCEFR/python-mini-projects/projects/Get_meta_information_of_images/author_utils.py,author_utils.py,method,__init__,1,A,1,54,56,4,,0,/home/juan/Documents/Analisis-CC-PyCEFR/data/processed/python-mini-projects/radon_output_python-mini-projects.json
python-mini-projects,python-mini-projects,/home/juan/Documents/Analisis-CC-PyCEFR/python-mini-projects/projects/Get_meta_information_of_images/author_utils.py,author_utils.py,method,__init__,1,A,1,66,67,4,,0,/home/juan/Documents/Analisis-CC-PyCEFR/data/processed/python-mini-projects/radon_output_python-mini-projects.json
python-mini-projects,python-mini-projects,/home/juan/Documents/Analisis-CC-PyCEFR/python-mini-projects/projects/Get_meta_information_of_images/author_utils.py,author_utils.py,method,__init__,1,A,1,81,91,4,,0,/home/juan/Documents/Analisis-CC-PyCEFR/data/processed/python-mini-projects/radon_output_python-mini-projects.json
python-mini-projects,python-mini-projects,/home/juan/Documents/Analisis-CC-PyCEFR/python-mini-projects/projects/Get_meta_information_of_images/gps_utils.py,gps_utils.py,function,format_lati_long,3,A,1,5,15,0,,0,/home/juan/Documents/Analisis-CC-PyCEFR/data/processed/python-mini-projects/radon_output_python-mini-projects.json
python-mini-projects,python-mini-projects,/home/juan/Documents/Analisis-CC-PyCEFR/python-mini-projects/projects/Get_meta_information_of_images/gps_utils.py,gps_utils.py,function,get_location,1,A,1,17,23,0,,0,/home/juan/Documents/Analisis-CC-PyCEFR/data/processed/python-mini-projects/radon_output_python-mini-projects.json
python-mini-projects,python-mini-projects,/home/juan/Documents/Analisis-CC-PyCEFR/python-mini-projects/projects/Baidu_POI_crawl/main.py,main.py,function,run,2,A,1,7,15,0,,0,/home/juan/Documents/Analisis-CC-PyCEFR/data/processed/python-mini-projects/radon_output_python-mini-projects.json
python-mini-projects,python-mini-projects,/home/juan/Documents/Analisis-CC-PyCEFR/python-mini-projects/projects/Baidu_POI_crawl/util.py,util.py,function,get_baidu_poi,5,A,1,7,47,0,,0,/home/juan/Documents/Analisis-CC-PyCEFR/data/processed/python-mini-projects/radon_output_python-mini-projects.json
python-mini-projects,python-mini-projects,/home/juan/Documents/Analisis-CC-PyCEFR/python-mini-projects/projects/Create_a_script_to_encrypt_files_and_folder/encrypt.py,encrypt.py,function,encrypt_dir,3,A,1,8,13,0,,0,/home/juan/Documents/Analisis-CC-PyCEFR/data/processed/python-mini-projects/radon_output_python-mini-projects.json
python-mini-projects,python-mini-projects,/home/juan/Documents/Analisis-CC-PyCEFR/python-mini-projects/projects/Create_a_script_to_encrypt_files_and_folder/encrypt.py,encrypt.py,function,encrypt_file,1,A,1,16,30,0,,0,/home/juan/Documents/Analisis-CC-PyCEFR/data/processed/python-mini-projects/radon_output_python-mini-projects.json
python-mini-projects,python-mini-projects,/home/juan/Documents/Analisis-CC-PyCEFR/python-mini-projects/projects/Plagarism_checker/plag.py,plag.py,function,check_plagiarism,3,A,1,21,32,0,,0,/home/juan/Documents/Analisis-CC-PyCEFR/data/processed/python-mini-projects/radon_output_python-mini-projects.json
python-mini-projects,python-mini-projects,/home/juan/Documents/Analisis-CC-PyCEFR/python-mini-projects/projects/Plagarism_checker/plag.py,plag.py,function,vectorize,1,A,1,12,12,0,,0,/home/juan/Documents/Analisis-CC-PyCEFR/data/processed/python-mini-projects/radon_output_python-mini-projects.json
python-mini-projects,python-mini-projects,/home/juan/Documents/Analisis-CC-PyCEFR/python-mini-projects/projects/Plagarism_checker/plag.py,plag.py,function,similarity,1,A,1,13,13,0,,0,/home/juan/Documents/Analisis-CC-PyCEFR/data/processed/python-mini-projects/radon_output_python-mini-projects.json
python-mini-projects,python-mini-projects,/home/juan/Documents/Analisis-CC-PyCEFR/python-mini-projects/projects/Shutdown_or_restart_your_device/PowerOptions.py,PowerOptions.py,function,shutdown,4,A,1,4,10,0,,0,/home/juan/Documents/Analisis-CC-PyCEFR/data/processed/python-mini-projects/radon_output_python-mini-projects.json
python-mini-projects,python-mini-projects,/home/juan/Documents/Analisis-CC-PyCEFR/python-mini-projects/projects/Shutdown_or_restart_your_device/PowerOptions.py,PowerOptions.py,function,restart,4,A,1,12,18,0,,0,/home/juan/Documents/Analisis-CC-PyCEFR/data/processed/python-mini-projects/radon_output_python-mini-projects.json
python-mini-projects,python-mini-projects,/home/juan/Documents/Analisis-CC-PyCEFR/python-mini-projects/projects/Send_email_from_csv/Sending_mail.py,Sending_mail.py,function,send_mail,2,A,1,23,48,0,,0,/home/juan/Documents/Analisis-CC-PyCEFR/data/processed/python-mini-projects/radon_output_python-mini-projects.json
python-mini-projects,python-mini-projects,/home/juan/Documents/Analisis-CC-PyCEFR/python-mini-projects/projects/Send_email_from_csv/Sending_mail.py,Sending_mail.py,function,get_credentials,1,A,1,6,10,0,,0,/home/juan/Documents/Analisis-CC-PyCEFR/data/processed/python-mini-projects/radon_output_python-mini-projects.json
python-mini-projects,python-mini-projects,/home/juan/Documents/Analisis-CC-PyCEFR/python-mini-projects/projects/Send_email_from_csv/Sending_mail.py,Sending_mail.py,function,login,1,A,1,13,20,0,,0,/home/juan/Documents/Analisis-CC-PyCEFR/data/processed/python-mini-projects/radon_output_python-mini-projects.json
python-mini-projects,python-mini-projects,/home/juan/Documents/Analisis-CC-PyCEFR/python-mini-projects/projects/Write_script_to_move_files_into_alphabetically_ordered_folder/main.py,main.py,function,readdirectory,3,A,1,30,38,0,,0,/home/juan/Documents/Analisis-CC-PyCEFR/data/processed/python-mini-projects/radon_output_python-mini-projects.json
python-mini-projects,python-mini-projects,/home/juan/Documents/Analisis-CC-PyCEFR/python-mini-projects/projects/Write_script_to_move_files_into_alphabetically_ordered_folder/main.py,main.py,function,createfolder,3,A,1,42,52,0,,0,/home/juan/Documents/Analisis-CC-PyCEFR/data/processed/python-mini-projects/radon_output_python-mini-projects.json
python-mini-projects,python-mini-projects,/home/juan/Documents/Analisis-CC-PyCEFR/python-mini-projects/projects/Write_script_to_move_files_into_alphabetically_ordered_folder/main.py,main.py,function,getfoldername,2,A,1,16,27,0,,0,/home/juan/Documents/Analisis-CC-PyCEFR/data/processed/python-mini-projects/radon_output_python-mini-projects.json
python-mini-projects,python-mini-projects,/home/juan/Documents/Analisis-CC-PyCEFR/python-mini-projects/projects/Write_script_to_move_files_into_alphabetically_ordered_folder/main.py,main.py,function,movetofolder,2,A,1,56,69,0,,0,/home/juan/Documents/Analisis-CC-PyCEFR/data/processed/python-mini-projects/radon_output_python-mini-projects.json
python-mini-projects,python-mini-projects,/home/juan/Documents/Analisis-CC-PyCEFR/python-mini-projects/projects/Unstructured Supplemenrary  Service Data/ussdtim.py,ussdtim.py,function,transf,7,B,2,96,123,0,,0,/home/juan/Documents/Analisis-CC-PyCEFR/data/processed/python-mini-projects/radon_output_python-mini-projects.json
python-mini-projects,python-mini-projects,/home/juan/Documents/Analisis-CC-PyCEFR/python-mini-projects/projects/Unstructured Supplemenrary  Service Data/ussdtim.py,ussdtim.py,function,log_in,5,A,1,167,186,0,,0,/home/juan/Documents/Analisis-CC-PyCEFR/data/processed/python-mini-projects/radon_output_python-mini-projects.json
python-mini-projects,python-mini-projects,/home/juan/Documents/Analisis-CC-PyCEFR/python-mini-projects/projects/Unstructured Supplemenrary  Service Data/ussdtim.py,ussdtim.py,function,upgrade_migrate,4,A,1,55,70,0,,0,/home/juan/Documents/Analisis-CC-PyCEFR/data/processed/python-mini-projects/radon_output_python-mini-projects.json
python-mini-projects,python-mini-projects,/home/juan/Documents/Analisis-CC-PyCEFR/python-mini-projects/projects/Unstructured Supplemenrary  Service Data/ussdtim.py,ussdtim.py,function,balance,4,A,1,72,94,0,,0,/home/juan/Documents/Analisis-CC-PyCEFR/data/processed/python-mini-projects/radon_output_python-mini-projects.json
python-mini-projects,python-mini-projects,/home/juan/Documents/Analisis-CC-PyCEFR/python-mini-projects/projects/Unstructured Supplemenrary  Service Data/ussdtim.py,ussdtim.py,function,funds,3,A,1,125,137,0,,0,/home/juan/Documents/Analisis-CC-PyCEFR/data/processed/python-mini-projects/radon_output_python-mini-projects.json
python-mini-projects,python-mini-projects,/home/juan/Documents/Analisis-CC-PyCEFR/python-mini-projects/projects/Unstructured Supplemenrary  Service Data/ussdtim.py,ussdtim.py,function,exit,3,A,1,157,164,0,,0,/home/juan/Documents/Analisis-CC-PyCEFR/data/processed/python-mini-projects/radon_output_python-mini-projects.json
python-mini-projects,python-mini-projects,/home/juan/Documents/Analisis-CC-PyCEFR/python-mini-projects/projects/Unstructured Supplemenrary  Service Data/ussdtim.py,ussdtim.py,function,BVN_checker,2,A,1,20,23,0,,0,/home/juan/Documents/Analisis-CC-PyCEFR/data/processed/python-mini-projects/radon_output_python-mini-projects.json
python-mini-projects,python-mini-projects,/home/juan/Documents/Analisis-CC-PyCEFR/python-mini-projects/projects/Unstructured Supplemenrary  Service Data/ussdtim.py,ussdtim.py,function,open_acct,2,A,1,26,53,0,,0,/home/juan/Documents/Analisis-CC-PyCEFR/data/processed/python-mini-projects/radon_output_python-mini-projects.json
python-mini-projects,python-mini-projects,/home/juan/Documents/Analisis-CC-PyCEFR/python-mini-projects/projects/Unstructured Supplemenrary  Service Data/ussdtim.py,ussdtim.py,function,options_menu,2,A,1,142,154,0,,0,/home/juan/Documents/Analisis-CC-PyCEFR/data/processed/python-mini-projects/radon_output_python-mini-projects.json
python-mini-projects,python-mini-projects,/home/juan/Documents/Analisis-CC-PyCEFR/python-mini-projects/projects/Create_calculator_app/calculator.py,calculator.py,function,calc,2,A,1,21,29,0,,0,/home/juan/Documents/Analisis-CC-PyCEFR/data/processed/python-mini-projects/radon_output_python-mini-projects.json
python-mini-projects,python-mini-projects,/home/juan/Documents/Analisis-CC-PyCEFR/python-mini-projects/projects/Create_calculator_app/calculator.py,calculator.py,function,get_input,1,A,1,8,9,0,,0,/home/juan/Documents/Analisis-CC-PyCEFR/data/processed/python-mini-projects/radon_output_python-mini-projects.json
python-mini-projects,python-mini-projects,/home/juan/Documents/Analisis-CC-PyCEFR/python-mini-projects/projects/Create_calculator_app/calculator.py,calculator.py,function,backspace,1,A,1,12,14,0,,0,/home/juan/Documents/Analisis-CC-PyCEFR/data/processed/python-mini-projects/radon_output_python-mini-projects.json
python-mini-projects,python-mini-projects,/home/juan/Documents/Analisis-CC-PyCEFR/python-mini-projects/projects/Create_calculator_app/calculator.py,calculator.py,function,clear,1,A,1,17,18,0,,0,/home/juan/Documents/Analisis-CC-PyCEFR/data/processed/python-mini-projects/radon_output_python-mini-projects.json
python-mini-projects,python-mini-projects,/home/juan/Documents/Analisis-CC-PyCEFR/python-mini-projects/projects/Create_calculator_app/calculator.py,calculator.py,function,popupmsg,1,A,1,32,40,0,,0,/home/juan/Documents/Analisis-CC-PyCEFR/data/processed/python-mini-projects/radon_output_python-mini-projects.json
python-mini-projects,python-mini-projects,/home/juan/Documents/Analisis-CC-PyCEFR/python-mini-projects/projects/Create_calculator_app/calculator.py,calculator.py,function,cal,1,A,1,43,133,0,,0,/home/juan/Documents/Analisis-CC-PyCEFR/data/processed/python-mini-projects/radon_output_python-mini-projects.json
python-mini-projects,python-mini-projects,/home/juan/Documents/Analisis-CC-PyCEFR/python-mini-projects/projects/Create_calculator_app/calculator.py,calculator.py,function,quit,1,A,1,128,129,4,cal,1,/home/juan/Documents/Analisis-CC-PyCEFR/data/processed/python-mini-projects/radon_output_python-mini-projects.json
python-mini-projects,python-mini-projects,/home/juan/Documents/Analisis-CC-PyCEFR/python-mini-projects/projects/Digital_clock/digital_clock.py,digital_clock.py,function,light_theme,1,A,1,5,16,0,,0,/home/juan/Documents/Analisis-CC-PyCEFR/data/processed/python-mini-projects/radon_output_python-mini-projects.json
python-mini-projects,python-mini-projects,/home/juan/Documents/Analisis-CC-PyCEFR/python-mini-projects/projects/Digital_clock/digital_clock.py,digital_clock.py,function,time,1,A,1,12,15,4,light_theme,1,/home/juan/Documents/Analisis-CC-PyCEFR/data/processed/python-mini-projects/radon_output_python-mini-projects.json
python-mini-projects,python-mini-projects,/home/juan/Documents/Analisis-CC-PyCEFR/python-mini-projects/projects/Digital_clock/digital_clock.py,digital_clock.py,function,dark_theme,1,A,1,19,30,0,,0,/home/juan/Documents/Analisis-CC-PyCEFR/data/processed/python-mini-projects/radon_output_python-mini-projects.json
python-mini-projects,python-mini-projects,/home/juan/Documents/Analisis-CC-PyCEFR/python-mini-projects/projects/Digital_clock/digital_clock.py,digital_clock.py,function,time,1,A,1,26,29,4,dark_theme,1,/home/juan/Documents/Analisis-CC-PyCEFR/data/processed/python-mini-projects/radon_output_python-mini-projects.json
python-mini-projects,python-mini-projects,/home/juan/Documents/Analisis-CC-PyCEFR/python-mini-projects/projects/Digital_clock/digital_clock.py,digital_clock.py,function,time,1,A,1,44,47,0,,0,/home/juan/Documents/Analisis-CC-PyCEFR/data/processed/python-mini-projects/radon_output_python-mini-projects.json
python-mini-projects,python-mini-projects,/home/juan/Documents/Analisis-CC-PyCEFR/python-mini-projects/projects/Scraping Medium Articles/scraping_medium.py,scraping_medium.py,function,collect_text,5,A,1,33,57,0,,0,/home/juan/Documents/Analisis-CC-PyCEFR/data/processed/python-mini-projects/radon_output_python-mini-projects.json
python-mini-projects,python-mini-projects,/home/juan/Documents/Analisis-CC-PyCEFR/python-mini-projects/projects/Scraping Medium Articles/scraping_medium.py,scraping_medium.py,function,get_page,2,A,1,11,21,0,,0,/home/juan/Documents/Analisis-CC-PyCEFR/data/processed/python-mini-projects/radon_output_python-mini-projects.json
python-mini-projects,python-mini-projects,/home/juan/Documents/Analisis-CC-PyCEFR/python-mini-projects/projects/Scraping Medium Articles/scraping_medium.py,scraping_medium.py,function,purify,2,A,1,24,30,0,,0,/home/juan/Documents/Analisis-CC-PyCEFR/data/processed/python-mini-projects/radon_output_python-mini-projects.json
python-mini-projects,python-mini-projects,/home/juan/Documents/Analisis-CC-PyCEFR/python-mini-projects/projects/Scraping Medium Articles/scraping_medium.py,scraping_medium.py,function,save_file,2,A,1,60,66,0,,0,/home/juan/Documents/Analisis-CC-PyCEFR/data/processed/python-mini-projects/radon_output_python-mini-projects.json
python-mini-projects,python-mini-projects,/home/juan/Documents/Analisis-CC-PyCEFR/python-mini-projects/projects/chatbot/simple-bot.py,simple-bot.py,function,on_message,2,A,1,4,6,0,,0,/home/juan/Documents/Analisis-CC-PyCEFR/data/processed/python-mini-projects/radon_output_python-mini-projects.json
python-mini-projects,python-mini-projects,/home/juan/Documents/Analisis-CC-PyCEFR/python-mini-projects/projects/chatbot/simple-bot.py,simple-bot.py,function,main,1,A,1,8,11,0,,0,/home/juan/Documents/Analisis-CC-PyCEFR/data/processed/python-mini-projects/radon_output_python-mini-projects.json
python-mini-projects,python-mini-projects,/home/juan/Documents/Analisis-CC-PyCEFR/python-mini-projects/projects/chatbot/bot.py,bot.py,method,on_message,34,E,5,41,171,4,,0,/home/juan/Documents/Analisis-CC-PyCEFR/data/processed/python-mini-projects/radon_output_python-mini-projects.json
python-mini-projects,python-mini-projects,/home/juan/Documents/Analisis-CC-PyCEFR/python-mini-projects/projects/chatbot/bot.py,bot.py,class,MyBot,8,B,2,24,229,0,,0,/home/juan/Documents/Analisis-CC-PyCEFR/data/processed/python-mini-projects/radon_output_python-mini-projects.json
python-mini-projects,python-mini-projects,/home/juan/Documents/Analisis-CC-PyCEFR/python-mini-projects/projects/chatbot/bot.py,bot.py,method,on_friendship,6,B,2,183,211,4,,0,/home/juan/Documents/Analisis-CC-PyCEFR/data/processed/python-mini-projects/radon_output_python-mini-projects.json
python-mini-projects,python-mini-projects,/home/juan/Documents/Analisis-CC-PyCEFR/python-mini-projects/projects/chatbot/bot.py,bot.py,method,on_room_join,2,A,1,213,229,4,,0,/home/juan/Documents/Analisis-CC-PyCEFR/data/processed/python-mini-projects/radon_output_python-mini-projects.json
python-mini-projects,python-mini-projects,/home/juan/Documents/Analisis-CC-PyCEFR/python-mini-projects/projects/chatbot/bot.py,bot.py,function,main,1,A,1,232,235,0,,0,/home/juan/Documents/Analisis-CC-PyCEFR/data/processed/python-mini-projects/radon_output_python-mini-projects.json
python-mini-projects,python-mini-projects,/home/juan/Documents/Analisis-CC-PyCEFR/python-mini-projects/projects/chatbot/bot.py,bot.py,method,__init__,1,A,1,30,34,4,,0,/home/juan/Documents/Analisis-CC-PyCEFR/data/processed/python-mini-projects/radon_output_python-mini-projects.json
python-mini-projects,python-mini-projects,/home/juan/Documents/Analisis-CC-PyCEFR/python-mini-projects/projects/chatbot/bot.py,bot.py,method,on_ready,1,A,1,36,38,4,,0,/home/juan/Documents/Analisis-CC-PyCEFR/data/processed/python-mini-projects/radon_output_python-mini-projects.json
python-mini-projects,python-mini-projects,/home/juan/Documents/Analisis-CC-PyCEFR/python-mini-projects/projects/chatbot/bot.py,bot.py,method,on_login,1,A,1,174,181,4,,0,/home/juan/Documents/Analisis-CC-PyCEFR/data/processed/python-mini-projects/radon_output_python-mini-projects.json
python-mini-projects,python-mini-projects,/home/juan/Documents/Analisis-CC-PyCEFR/python-mini-projects/projects/Extract_zip_files/extract_zip_files.py,extract_zip_files.py,function,extract,2,A,1,21,33,0,,0,/home/juan/Documents/Analisis-CC-PyCEFR/data/processed/python-mini-projects/radon_output_python-mini-projects.json
python-mini-projects,python-mini-projects,/home/juan/Documents/Analisis-CC-PyCEFR/python-mini-projects/projects/String_search_from_multiple_files/findstring.py,findstring.py,function,getfiles,6,B,2,10,30,0,,0,/home/juan/Documents/Analisis-CC-PyCEFR/data/processed/python-mini-projects/radon_output_python-mini-projects.json
python-mini-projects,python-mini-projects,/home/juan/Documents/Analisis-CC-PyCEFR/python-mini-projects/projects/Wifi_windows_password_displayer/main.py,main.py,class,PwdDisplay,3,A,1,6,57,0,,0,/home/juan/Documents/Analisis-CC-PyCEFR/data/processed/python-mini-projects/radon_output_python-mini-projects.json
python-mini-projects,python-mini-projects,/home/juan/Documents/Analisis-CC-PyCEFR/python-mini-projects/projects/Wifi_windows_password_displayer/main.py,main.py,method,__del__,3,A,1,52,57,4,,0,/home/juan/Documents/Analisis-CC-PyCEFR/data/processed/python-mini-projects/radon_output_python-mini-projects.json
python-mini-projects,python-mini-projects,/home/juan/Documents/Analisis-CC-PyCEFR/python-mini-projects/projects/Wifi_windows_password_displayer/main.py,main.py,method,__init__,2,A,1,7,15,4,,0,/home/juan/Documents/Analisis-CC-PyCEFR/data/processed/python-mini-projects/radon_output_python-mini-projects.json
python-mini-projects,python-mini-projects,/home/juan/Documents/Analisis-CC-PyCEFR/python-mini-projects/projects/Wifi_windows_password_displayer/main.py,main.py,method,get_ssid_pwd,2,A,1,28,36,4,,0,/home/juan/Documents/Analisis-CC-PyCEFR/data/processed/python-mini-projects/radon_output_python-mini-projects.json
python-mini-projects,python-mini-projects,/home/juan/Documents/Analisis-CC-PyCEFR/python-mini-projects/projects/Wifi_windows_password_displayer/main.py,main.py,method,display_password,2,A,1,38,50,4,,0,/home/juan/Documents/Analisis-CC-PyCEFR/data/processed/python-mini-projects/radon_output_python-mini-projects.json
python-mini-projects,python-mini-projects,/home/juan/Documents/Analisis-CC-PyCEFR/python-mini-projects/projects/Wifi_windows_password_displayer/main.py,main.py,method,export_xml,1,A,1,17,21,4,,0,/home/juan/Documents/Analisis-CC-PyCEFR/data/processed/python-mini-projects/radon_output_python-mini-projects.json
python-mini-projects,python-mini-projects,/home/juan/Documents/Analisis-CC-PyCEFR/python-mini-projects/projects/Wifi_windows_password_displayer/main.py,main.py,method,file_path,1,A,1,23,26,4,,0,/home/juan/Documents/Analisis-CC-PyCEFR/data/processed/python-mini-projects/radon_output_python-mini-projects.json
python-mini-projects,python-mini-projects,/home/juan/Documents/Analisis-CC-PyCEFR/python-mini-projects/projects/Write_a_script_to_download_a_random_image_from_unsplash_and_set_it_as_wallpaper/background_windows.py,background_windows.py,function,setup,2,A,1,22,29,0,,0,/home/juan/Documents/Analisis-CC-PyCEFR/data/processed/python-mini-projects/radon_output_python-mini-projects.json
python-mini-projects,python-mini-projects,/home/juan/Documents/Analisis-CC-PyCEFR/python-mini-projects/projects/Write_a_script_to_download_a_random_image_from_unsplash_and_set_it_as_wallpaper/background_windows.py,background_windows.py,function,is_64bit,1,A,1,9,10,0,,0,/home/juan/Documents/Analisis-CC-PyCEFR/data/processed/python-mini-projects/radon_output_python-mini-projects.json
python-mini-projects,python-mini-projects,/home/juan/Documents/Analisis-CC-PyCEFR/python-mini-projects/projects/Write_a_script_to_download_a_random_image_from_unsplash_and_set_it_as_wallpaper/background_windows.py,background_windows.py,function,download,1,A,1,13,19,0,,0,/home/juan/Documents/Analisis-CC-PyCEFR/data/processed/python-mini-projects/radon_output_python-mini-projects.json
python-mini-projects,python-mini-projects,/home/juan/Documents/Analisis-CC-PyCEFR/python-mini-projects/projects/Write_a_script_to_download_a_random_image_from_unsplash_and_set_it_as_wallpaper/background_linux.py,background_linux.py,function,download,1,A,1,9,15,0,,0,/home/juan/Documents/Analisis-CC-PyCEFR/data/processed/python-mini-projects/radon_output_python-mini-projects.json
python-mini-projects,python-mini-projects,/home/juan/Documents/Analisis-CC-PyCEFR/python-mini-projects/projects/Write_a_script_to_download_a_random_image_from_unsplash_and_set_it_as_wallpaper/background_linux.py,background_linux.py,function,setup,1,A,1,18,22,0,,0,/home/juan/Documents/Analisis-CC-PyCEFR/data/processed/python-mini-projects/radon_output_python-mini-projects.json
python-mini-projects,python-mini-projects,/home/juan/Documents/Analisis-CC-PyCEFR/python-mini-projects/projects/News_website_scraper/moneycontrol_scrapper.py,moneycontrol_scrapper.py,function,scrap,4,A,1,27,42,0,,0,/home/juan/Documents/Analisis-CC-PyCEFR/data/processed/python-mini-projects/radon_output_python-mini-projects.json
python-mini-projects,python-mini-projects,/home/juan/Documents/Analisis-CC-PyCEFR/python-mini-projects/projects/News_website_scraper/moneycontrol_scrapper.py,moneycontrol_scrapper.py,function,setup,3,A,1,14,24,0,,0,/home/juan/Documents/Analisis-CC-PyCEFR/data/processed/python-mini-projects/radon_output_python-mini-projects.json
python-mini-projects,python-mini-projects,/home/juan/Documents/Analisis-CC-PyCEFR/python-mini-projects/projects/News_website_scraper/moneycontrol_scrapper.py,moneycontrol_scrapper.py,function,json_dump,1,A,1,45,48,0,,0,/home/juan/Documents/Analisis-CC-PyCEFR/data/processed/python-mini-projects/radon_output_python-mini-projects.json
python-mini-projects,python-mini-projects,/home/juan/Documents/Analisis-CC-PyCEFR/python-mini-projects/projects/Terminal_progress_bar_with_images_resizing/progress_bar_ with_images_resizing.py,progress_bar_ with_images_resizing.py,function,Resize_image,3,A,1,7,14,0,,0,/home/juan/Documents/Analisis-CC-PyCEFR/data/processed/python-mini-projects/radon_output_python-mini-projects.json
python-mini-projects,python-mini-projects,/home/juan/Documents/Analisis-CC-PyCEFR/python-mini-projects/projects/Terminal_Based_Hangman_Game/hangman.py,hangman.py,function,play,16,C,3,16,101,0,,0,/home/juan/Documents/Analisis-CC-PyCEFR/data/processed/python-mini-projects/radon_output_python-mini-projects.json
python-mini-projects,python-mini-projects,/home/juan/Documents/Analisis-CC-PyCEFR/python-mini-projects/projects/Terminal_Based_Hangman_Game/hangman.py,hangman.py,function,main,2,A,1,174,179,0,,0,/home/juan/Documents/Analisis-CC-PyCEFR/data/processed/python-mini-projects/radon_output_python-mini-projects.json
python-mini-projects,python-mini-projects,/home/juan/Documents/Analisis-CC-PyCEFR/python-mini-projects/projects/Terminal_Based_Hangman_Game/hangman.py,hangman.py,function,get_word,1,A,1,6,12,0,,0,/home/juan/Documents/Analisis-CC-PyCEFR/data/processed/python-mini-projects/radon_output_python-mini-projects.json
python-mini-projects,python-mini-projects,/home/juan/Documents/Analisis-CC-PyCEFR/python-mini-projects/projects/Terminal_Based_Hangman_Game/hangman.py,hangman.py,function,display_hangman,1,A,1,105,170,0,,0,/home/juan/Documents/Analisis-CC-PyCEFR/data/processed/python-mini-projects/radon_output_python-mini-projects.json
python-mini-projects,python-mini-projects,/home/juan/Documents/Analisis-CC-PyCEFR/python-mini-projects/projects/Calculate_age/calculate.py,calculate.py,function,month_days,7,B,2,14,22,0,,0,/home/juan/Documents/Analisis-CC-PyCEFR/data/processed/python-mini-projects/radon_output_python-mini-projects.json
python-mini-projects,python-mini-projects,/home/juan/Documents/Analisis-CC-PyCEFR/python-mini-projects/projects/Calculate_age/calculate.py,calculate.py,function,judge_leap_year,2,A,1,6,10,0,,0,/home/juan/Documents/Analisis-CC-PyCEFR/data/processed/python-mini-projects/radon_output_python-mini-projects.json
python-mini-projects,python-mini-projects,/home/juan/Documents/Analisis-CC-PyCEFR/python-mini-projects/projects/Movie Information Scraper/movieInfoScraper.py,movieInfoScraper.py,function,getMovieDetails,11,C,3,7,82,0,,0,/home/juan/Documents/Analisis-CC-PyCEFR/data/processed/python-mini-projects/radon_output_python-mini-projects.json
python-mini-projects,python-mini-projects,/home/juan/Documents/Analisis-CC-PyCEFR/python-mini-projects/projects/Drowsiness detection/model.py,model.py,function,generator,1,A,1,12,14,0,,0,/home/juan/Documents/Analisis-CC-PyCEFR/data/processed/python-mini-projects/radon_output_python-mini-projects.json
python-mini-projects,python-mini-projects,/home/juan/Documents/Analisis-CC-PyCEFR/python-mini-projects/projects/Internet_connection_check/internet_connection_check.py,internet_connection_check.py,function,internet_connection_test,3,A,1,4,21,0,,0,/home/juan/Documents/Analisis-CC-PyCEFR/data/processed/python-mini-projects/radon_output_python-mini-projects.json
python-mini-projects,python-mini-projects,/home/juan/Documents/Analisis-CC-PyCEFR/python-mini-projects/projects/Countdown_timer/main.py,main.py,function,countdown,2,A,1,3,11,0,,0,/home/juan/Documents/Analisis-CC-PyCEFR/data/processed/python-mini-projects/radon_output_python-mini-projects.json
python-mini-projects,python-mini-projects,/home/juan/Documents/Analisis-CC-PyCEFR/python-mini-projects/projects/Zip_Bruter/zipbruter.py,zipbruter.py,method,worker,4,A,1,33,51,4,,0,/home/juan/Documents/Analisis-CC-PyCEFR/data/processed/python-mini-projects/radon_output_python-mini-projects.json
python-mini-projects,python-mini-projects,/home/juan/Documents/Analisis-CC-PyCEFR/python-mini-projects/projects/Zip_Bruter/zipbruter.py,zipbruter.py,class,ZipBruter,3,A,1,20,74,0,,0,/home/juan/Documents/Analisis-CC-PyCEFR/data/processed/python-mini-projects/radon_output_python-mini-projects.json
python-mini-projects,python-mini-projects,/home/juan/Documents/Analisis-CC-PyCEFR/python-mini-projects/projects/Zip_Bruter/zipbruter.py,zipbruter.py,method,main,3,A,1,58,68,4,,0,/home/juan/Documents/Analisis-CC-PyCEFR/data/processed/python-mini-projects/radon_output_python-mini-projects.json
python-mini-projects,python-mini-projects,/home/juan/Documents/Analisis-CC-PyCEFR/python-mini-projects/projects/Zip_Bruter/zipbruter.py,zipbruter.py,method,start_workers,2,A,1,53,56,4,,0,/home/juan/Documents/Analisis-CC-PyCEFR/data/processed/python-mini-projects/radon_output_python-mini-projects.json
python-mini-projects,python-mini-projects,/home/juan/Documents/Analisis-CC-PyCEFR/python-mini-projects/projects/Zip_Bruter/zipbruter.py,zipbruter.py,method,read_wordlist,2,A,1,70,74,4,,0,/home/juan/Documents/Analisis-CC-PyCEFR/data/processed/python-mini-projects/radon_output_python-mini-projects.json
python-mini-projects,python-mini-projects,/home/juan/Documents/Analisis-CC-PyCEFR/python-mini-projects/projects/Zip_Bruter/zipbruter.py,zipbruter.py,method,__init__,1,A,1,24,31,4,,0,/home/juan/Documents/Analisis-CC-PyCEFR/data/processed/python-mini-projects/radon_output_python-mini-projects.json
python-mini-projects,python-mini-projects,/home/juan/Documents/Analisis-CC-PyCEFR/python-mini-projects/projects/Download_images_from_website/scrap-img.py,scrap-img.py,function,download_img,4,A,1,30,45,0,,0,/home/juan/Documents/Analisis-CC-PyCEFR/data/processed/python-mini-projects/radon_output_python-mini-projects.json
python-mini-projects,python-mini-projects,/home/juan/Documents/Analisis-CC-PyCEFR/python-mini-projects/projects/Download_images_from_website/scrap-img.py,scrap-img.py,function,get_url,1,A,1,15,21,0,,0,/home/juan/Documents/Analisis-CC-PyCEFR/data/processed/python-mini-projects/radon_output_python-mini-projects.json
python-mini-projects,python-mini-projects,/home/juan/Documents/Analisis-CC-PyCEFR/python-mini-projects/projects/Download_images_from_website/scrap-img.py,scrap-img.py,function,get_img_links,1,A,1,24,27,0,,0,/home/juan/Documents/Analisis-CC-PyCEFR/data/processed/python-mini-projects/radon_output_python-mini-projects.json
python-mini-projects,python-mini-projects,/home/juan/Documents/Analisis-CC-PyCEFR/python-mini-projects/projects/Speaking_Dictionary/SpeakingDictionary.py,SpeakingDictionary.py,class,Speak,2,A,1,8,17,0,,0,/home/juan/Documents/Analisis-CC-PyCEFR/data/processed/python-mini-projects/radon_output_python-mini-projects.json
python-mini-projects,python-mini-projects,/home/juan/Documents/Analisis-CC-PyCEFR/python-mini-projects/projects/Speaking_Dictionary/SpeakingDictionary.py,SpeakingDictionary.py,method,SpeakWord,1,A,1,9,17,4,,0,/home/juan/Documents/Analisis-CC-PyCEFR/data/processed/python-mini-projects/radon_output_python-mini-projects.json
python-mini-projects,python-mini-projects,/home/juan/Documents/Analisis-CC-PyCEFR/python-mini-projects/projects/Captcha_Genrator/Captcha_Genrator.py,Captcha_Genrator.py,function,verify,2,A,1,22,29,0,,0,/home/juan/Documents/Analisis-CC-PyCEFR/data/processed/python-mini-projects/radon_output_python-mini-projects.json
python-mini-projects,python-mini-projects,/home/juan/Documents/Analisis-CC-PyCEFR/python-mini-projects/projects/Captcha_Genrator/Captcha_Genrator.py,Captcha_Genrator.py,function,refresh,2,A,1,31,39,0,,0,/home/juan/Documents/Analisis-CC-PyCEFR/data/processed/python-mini-projects/radon_output_python-mini-projects.json
python-mini-projects,python-mini-projects,/home/juan/Documents/Analisis-CC-PyCEFR/python-mini-projects/projects/Easy_cartoonify/easy_cartoonify.py,easy_cartoonify.py,function,find_the_image,4,A,1,9,18,0,,0,/home/juan/Documents/Analisis-CC-PyCEFR/data/processed/python-mini-projects/radon_output_python-mini-projects.json
python-mini-projects,python-mini-projects,/home/juan/Documents/Analisis-CC-PyCEFR/python-mini-projects/projects/Image_watermark/watermark.py,watermark.py,function,watermark_photo,2,A,1,4,29,0,,0,/home/juan/Documents/Analisis-CC-PyCEFR/data/processed/python-mini-projects/radon_output_python-mini-projects.json
python-mini-projects,python-mini-projects,/home/juan/Documents/Analisis-CC-PyCEFR/python-mini-projects/projects/Time_to_load_website/time_to_load_website.py,time_to_load_website.py,function,get_load_time,3,A,1,5,26,0,,0,/home/juan/Documents/Analisis-CC-PyCEFR/data/processed/python-mini-projects/radon_output_python-mini-projects.json
python-mini-projects,python-mini-projects,/home/juan/Documents/Analisis-CC-PyCEFR/python-mini-projects/projects/Billing_system/biling_system.py,biling_system.py,method,bill_area,27,D,4,288,345,4,,0,/home/juan/Documents/Analisis-CC-PyCEFR/data/processed/python-mini-projects/radon_output_python-mini-projects.json
python-mini-projects,python-mini-projects,/home/juan/Documents/Analisis-CC-PyCEFR/python-mini-projects/projects/Billing_system/biling_system.py,biling_system.py,class,Bill_App,6,B,2,7,420,0,,0,/home/juan/Documents/Analisis-CC-PyCEFR/data/processed/python-mini-projects/radon_output_python-mini-projects.json
python-mini-projects,python-mini-projects,/home/juan/Documents/Analisis-CC-PyCEFR/python-mini-projects/projects/Billing_system/biling_system.py,biling_system.py,method,find_bill,5,A,1,360,371,4,,0,/home/juan/Documents/Analisis-CC-PyCEFR/data/processed/python-mini-projects/radon_output_python-mini-projects.json
python-mini-projects,python-mini-projects,/home/juan/Documents/Analisis-CC-PyCEFR/python-mini-projects/projects/Billing_system/biling_system.py,biling_system.py,method,save_bill,2,A,1,348,357,4,,0,/home/juan/Documents/Analisis-CC-PyCEFR/data/processed/python-mini-projects/radon_output_python-mini-projects.json
python-mini-projects,python-mini-projects,/home/juan/Documents/Analisis-CC-PyCEFR/python-mini-projects/projects/Billing_system/biling_system.py,biling_system.py,method,clear_data,2,A,1,374,414,4,,0,/home/juan/Documents/Analisis-CC-PyCEFR/data/processed/python-mini-projects/radon_output_python-mini-projects.json
python-mini-projects,python-mini-projects,/home/juan/Documents/Analisis-CC-PyCEFR/python-mini-projects/projects/Billing_system/biling_system.py,biling_system.py,method,exit_app,2,A,1,417,420,4,,0,/home/juan/Documents/Analisis-CC-PyCEFR/data/processed/python-mini-projects/radon_output_python-mini-projects.json
python-mini-projects,python-mini-projects,/home/juan/Documents/Analisis-CC-PyCEFR/python-mini-projects/projects/Billing_system/biling_system.py,biling_system.py,method,__init__,1,A,1,8,235,4,,0,/home/juan/Documents/Analisis-CC-PyCEFR/data/processed/python-mini-projects/radon_output_python-mini-projects.json
python-mini-projects,python-mini-projects,/home/juan/Documents/Analisis-CC-PyCEFR/python-mini-projects/projects/Billing_system/biling_system.py,biling_system.py,method,total,1,A,1,238,275,4,,0,/home/juan/Documents/Analisis-CC-PyCEFR/data/processed/python-mini-projects/radon_output_python-mini-projects.json
python-mini-projects,python-mini-projects,/home/juan/Documents/Analisis-CC-PyCEFR/python-mini-projects/projects/Billing_system/biling_system.py,biling_system.py,method,welcome_bill,1,A,1,278,285,4,,0,/home/juan/Documents/Analisis-CC-PyCEFR/data/processed/python-mini-projects/radon_output_python-mini-projects.json
python-mini-projects,python-mini-projects,/home/juan/Documents/Analisis-CC-PyCEFR/python-mini-projects/projects/Space_bullet_shooter_game/space_bullet_shooter.py,space_bullet_shooter.py,function,is_collision,2,A,1,109,116,0,,0,/home/juan/Documents/Analisis-CC-PyCEFR/data/processed/python-mini-projects/radon_output_python-mini-projects.json
python-mini-projects,python-mini-projects,/home/juan/Documents/Analisis-CC-PyCEFR/python-mini-projects/projects/Space_bullet_shooter_game/space_bullet_shooter.py,space_bullet_shooter.py,function,player,1,A,1,53,54,0,,0,/home/juan/Documents/Analisis-CC-PyCEFR/data/processed/python-mini-projects/radon_output_python-mini-projects.json
python-mini-projects,python-mini-projects,/home/juan/Documents/Analisis-CC-PyCEFR/python-mini-projects/projects/Space_bullet_shooter_game/space_bullet_shooter.py,space_bullet_shooter.py,function,enemy,1,A,1,95,96,0,,0,/home/juan/Documents/Analisis-CC-PyCEFR/data/processed/python-mini-projects/radon_output_python-mini-projects.json
python-mini-projects,python-mini-projects,/home/juan/Documents/Analisis-CC-PyCEFR/python-mini-projects/projects/Space_bullet_shooter_game/space_bullet_shooter.py,space_bullet_shooter.py,function,fire_bullet,1,A,1,101,104,0,,0,/home/juan/Documents/Analisis-CC-PyCEFR/data/processed/python-mini-projects/radon_output_python-mini-projects.json
python-mini-projects,python-mini-projects,/home/juan/Documents/Analisis-CC-PyCEFR/python-mini-projects/projects/Space_bullet_shooter_game/space_bullet_shooter.py,space_bullet_shooter.py,function,showscore,1,A,1,125,127,0,,0,/home/juan/Documents/Analisis-CC-PyCEFR/data/processed/python-mini-projects/radon_output_python-mini-projects.json
python-mini-projects,python-mini-projects,/home/juan/Documents/Analisis-CC-PyCEFR/python-mini-projects/projects/Space_bullet_shooter_game/space_bullet_shooter.py,space_bullet_shooter.py,function,game_over,1,A,1,133,136,0,,0,/home/juan/Documents/Analisis-CC-PyCEFR/data/processed/python-mini-projects/radon_output_python-mini-projects.json
python-mini-projects,python-mini-projects,/home/juan/Documents/Analisis-CC-PyCEFR/python-mini-projects/projects/Space_bullet_shooter_game/space_bullet_shooter.py,space_bullet_shooter.py,function,final_score,1,A,1,140,142,0,,0,/home/juan/Documents/Analisis-CC-PyCEFR/data/processed/python-mini-projects/radon_output_python-mini-projects.json
python-mini-projects,python-mini-projects,/home/juan/Documents/Analisis-CC-PyCEFR/python-mini-projects/projects/Space_bullet_shooter_game/space_bullet_shooter.py,space_bullet_shooter.py,function,author_name,1,A,1,148,151,0,,0,/home/juan/Documents/Analisis-CC-PyCEFR/data/processed/python-mini-projects/radon_output_python-mini-projects.json
python-mini-projects,python-mini-projects,/home/juan/Documents/Analisis-CC-PyCEFR/python-mini-projects/projects/cli_proxy_tester/proxytest.py,proxytest.py,function,add_proxies_to_file,5,A,1,12,40,0,,0,/home/juan/Documents/Analisis-CC-PyCEFR/data/processed/python-mini-projects/radon_output_python-mini-projects.json
python-mini-projects,python-mini-projects,/home/juan/Documents/Analisis-CC-PyCEFR/python-mini-projects/projects/cli_proxy_tester/proxytest.py,proxytest.py,function,test_proxy,5,A,1,43,75,0,,0,/home/juan/Documents/Analisis-CC-PyCEFR/data/processed/python-mini-projects/radon_output_python-mini-projects.json
python-mini-projects,python-mini-projects,/home/juan/Documents/Analisis-CC-PyCEFR/python-mini-projects/projects/cli_proxy_tester/proxytest.py,proxytest.py,function,test_csv_file,3,A,1,86,103,0,,0,/home/juan/Documents/Analisis-CC-PyCEFR/data/processed/python-mini-projects/radon_output_python-mini-projects.json
python-mini-projects,python-mini-projects,/home/juan/Documents/Analisis-CC-PyCEFR/python-mini-projects/projects/cli_proxy_tester/proxytest.py,proxytest.py,function,add_from_text_file,3,A,1,106,119,0,,0,/home/juan/Documents/Analisis-CC-PyCEFR/data/processed/python-mini-projects/radon_output_python-mini-projects.json
python-mini-projects,python-mini-projects,/home/juan/Documents/Analisis-CC-PyCEFR/python-mini-projects/projects/cli_proxy_tester/proxytest.py,proxytest.py,function,test_single_proxy,1,A,1,78,83,0,,0,/home/juan/Documents/Analisis-CC-PyCEFR/data/processed/python-mini-projects/radon_output_python-mini-projects.json
python-mini-projects,python-mini-projects,/home/juan/Documents/Analisis-CC-PyCEFR/python-mini-projects/projects/cli_proxy_tester/cli.py,cli.py,function,validate_proxy,2,A,1,10,20,0,,0,/home/juan/Documents/Analisis-CC-PyCEFR/data/processed/python-mini-projects/radon_output_python-mini-projects.json
python-mini-projects,python-mini-projects,/home/juan/Documents/Analisis-CC-PyCEFR/python-mini-projects/projects/cli_proxy_tester/cli.py,cli.py,function,cli,1,A,1,24,25,0,,0,/home/juan/Documents/Analisis-CC-PyCEFR/data/processed/python-mini-projects/radon_output_python-mini-projects.json
python-mini-projects,python-mini-projects,/home/juan/Documents/Analisis-CC-PyCEFR/python-mini-projects/projects/cli_proxy_tester/cli.py,cli.py,function,single,1,A,1,33,34,0,,0,/home/juan/Documents/Analisis-CC-PyCEFR/data/processed/python-mini-projects/radon_output_python-mini-projects.json
python-mini-projects,python-mini-projects,/home/juan/Documents/Analisis-CC-PyCEFR/python-mini-projects/projects/cli_proxy_tester/cli.py,cli.py,function,csv_file,1,A,1,41,42,0,,0,/home/juan/Documents/Analisis-CC-PyCEFR/data/processed/python-mini-projects/radon_output_python-mini-projects.json
python-mini-projects,python-mini-projects,/home/juan/Documents/Analisis-CC-PyCEFR/python-mini-projects/projects/cli_proxy_tester/cli.py,cli.py,function,add_from_txt_file,1,A,1,50,51,0,,0,/home/juan/Documents/Analisis-CC-PyCEFR/data/processed/python-mini-projects/radon_output_python-mini-projects.json
python-mini-projects,python-mini-projects,/home/juan/Documents/Analisis-CC-PyCEFR/python-mini-projects/projects/telegram_bot/main.py,main.py,function,coin,2,A,1,32,43,0,,0,/home/juan/Documents/Analisis-CC-PyCEFR/data/processed/python-mini-projects/radon_output_python-mini-projects.json
python-mini-projects,python-mini-projects,/home/juan/Documents/Analisis-CC-PyCEFR/python-mini-projects/projects/telegram_bot/main.py,main.py,function,error_callback,1,A,1,15,16,0,,0,/home/juan/Documents/Analisis-CC-PyCEFR/data/processed/python-mini-projects/radon_output_python-mini-projects.json
python-mini-projects,python-mini-projects,/home/juan/Documents/Analisis-CC-PyCEFR/python-mini-projects/projects/telegram_bot/main.py,main.py,function,start,1,A,1,19,29,0,,0,/home/juan/Documents/Analisis-CC-PyCEFR/data/processed/python-mini-projects/radon_output_python-mini-projects.json
python-mini-projects,python-mini-projects,/home/juan/Documents/Analisis-CC-PyCEFR/python-mini-projects/projects/telegram_bot/main.py,main.py,function,main,1,A,1,46,69,0,,0,/home/juan/Documents/Analisis-CC-PyCEFR/data/processed/python-mini-projects/radon_output_python-mini-projects.json
python-mini-projects,python-mini-projects,/home/juan/Documents/Analisis-CC-PyCEFR/python-mini-projects/projects/EasyVideoPlayer/EasyVideoPlayer.py,EasyVideoPlayer.py,function,PlayVideo,6,B,2,40,57,0,,0,/home/juan/Documents/Analisis-CC-PyCEFR/data/processed/python-mini-projects/radon_output_python-mini-projects.json
python-mini-projects,python-mini-projects,/home/juan/Documents/Analisis-CC-PyCEFR/python-mini-projects/projects/EasyVideoPlayer/EasyVideoPlayer.py,EasyVideoPlayer.py,function,find_the_video,4,A,1,15,24,0,,0,/home/juan/Documents/Analisis-CC-PyCEFR/data/processed/python-mini-projects/radon_output_python-mini-projects.json
python-mini-projects,python-mini-projects,/home/juan/Documents/Analisis-CC-PyCEFR/python-mini-projects/projects/download GeeksForGeeks articles/downloader.py,downloader.py,function,get_driver,1,A,1,12,32,0,,0,/home/juan/Documents/Analisis-CC-PyCEFR/data/processed/python-mini-projects/radon_output_python-mini-projects.json
python-mini-projects,python-mini-projects,/home/juan/Documents/Analisis-CC-PyCEFR/python-mini-projects/projects/download GeeksForGeeks articles/downloader.py,downloader.py,function,download_article,1,A,1,35,41,0,,0,/home/juan/Documents/Analisis-CC-PyCEFR/data/processed/python-mini-projects/radon_output_python-mini-projects.json
python-mini-projects,python-mini-projects,/home/juan/Documents/Analisis-CC-PyCEFR/python-mini-projects/projects/Currency_converter/cc.py,cc.py,function,function1,3,A,1,196,211,0,,0,/home/juan/Documents/Analisis-CC-PyCEFR/data/processed/python-mini-projects/radon_output_python-mini-projects.json
python-mini-projects,python-mini-projects,/home/juan/Documents/Analisis-CC-PyCEFR/python-mini-projects/projects/Split_File/split_files.py,split_files.py,class,Split_Files,5,A,1,6,50,0,,0,/home/juan/Documents/Analisis-CC-PyCEFR/data/processed/python-mini-projects/radon_output_python-mini-projects.json
python-mini-projects,python-mini-projects,/home/juan/Documents/Analisis-CC-PyCEFR/python-mini-projects/projects/Split_File/split_files.py,split_files.py,method,split_data,5,A,1,28,50,4,,0,/home/juan/Documents/Analisis-CC-PyCEFR/data/processed/python-mini-projects/radon_output_python-mini-projects.json
python-mini-projects,python-mini-projects,/home/juan/Documents/Analisis-CC-PyCEFR/python-mini-projects/projects/Split_File/split_files.py,split_files.py,method,__init__,3,A,1,10,26,4,,0,/home/juan/Documents/Analisis-CC-PyCEFR/data/processed/python-mini-projects/radon_output_python-mini-projects.json
python-mini-projects,python-mini-projects,/home/juan/Documents/Analisis-CC-PyCEFR/python-mini-projects/projects/Check_website_connectivity/check_connectivity.py,check_connectivity.py,function,main,4,A,1,9,21,0,,0,/home/juan/Documents/Analisis-CC-PyCEFR/data/processed/python-mini-projects/radon_output_python-mini-projects.json
python-mini-projects,python-mini-projects,/home/juan/Documents/Analisis-CC-PyCEFR/python-mini-projects/projects/Duplicate files remover/duplicatefileremover.py,duplicatefileremover.py,function,hashFile,2,A,1,7,17,0,,0,/home/juan/Documents/Analisis-CC-PyCEFR/data/processed/python-mini-projects/radon_output_python-mini-projects.json
python-mini-projects,python-mini-projects,/home/juan/Documents/Analisis-CC-PyCEFR/python-mini-projects/projects/Create_a_simple_stopwatch/stopwatch.py,stopwatch.py,function,Reset,2,A,1,54,63,0,,0,/home/juan/Documents/Analisis-CC-PyCEFR/data/processed/python-mini-projects/radon_output_python-mini-projects.json
python-mini-projects,python-mini-projects,/home/juan/Documents/Analisis-CC-PyCEFR/python-mini-projects/projects/Create_a_simple_stopwatch/stopwatch.py,stopwatch.py,function,counter_label,1,A,1,7,31,0,,0,/home/juan/Documents/Analisis-CC-PyCEFR/data/processed/python-mini-projects/radon_output_python-mini-projects.json
python-mini-projects,python-mini-projects,/home/juan/Documents/Analisis-CC-PyCEFR/python-mini-projects/projects/Create_a_simple_stopwatch/stopwatch.py,stopwatch.py,function,count,3,A,1,8,28,4,counter_label,1,/home/juan/Documents/Analisis-CC-PyCEFR/data/processed/python-mini-projects/radon_output_python-mini-projects.json
python-mini-projects,python-mini-projects,/home/juan/Documents/Analisis-CC-PyCEFR/python-mini-projects/projects/Create_a_simple_stopwatch/stopwatch.py,stopwatch.py,function,Start,1,A,1,35,41,0,,0,/home/juan/Documents/Analisis-CC-PyCEFR/data/processed/python-mini-projects/radon_output_python-mini-projects.json
python-mini-projects,python-mini-projects,/home/juan/Documents/Analisis-CC-PyCEFR/python-mini-projects/projects/Create_a_simple_stopwatch/stopwatch.py,stopwatch.py,function,Stop,1,A,1,45,50,0,,0,/home/juan/Documents/Analisis-CC-PyCEFR/data/processed/python-mini-projects/radon_output_python-mini-projects.json
python-mini-projects,python-mini-projects,/home/juan/Documents/Analisis-CC-PyCEFR/python-mini-projects/projects/Tic_tac_toe/tic_tac_toe.py,tic_tac_toe.py,function,check_win,3,A,1,18,21,0,,0,/home/juan/Documents/Analisis-CC-PyCEFR/data/processed/python-mini-projects/radon_output_python-mini-projects.json
python-mini-projects,python-mini-projects,/home/juan/Documents/Analisis-CC-PyCEFR/python-mini-projects/projects/Web_page_summation/app.py,app.py,function,main,9,B,2,93,138,0,,0,/home/juan/Documents/Analisis-CC-PyCEFR/data/processed/python-mini-projects/radon_output_python-mini-projects.json
python-mini-projects,python-mini-projects,/home/juan/Documents/Analisis-CC-PyCEFR/python-mini-projects/projects/Web_page_summation/app.py,app.py,function,readCsv,4,A,1,42,56,0,,0,/home/juan/Documents/Analisis-CC-PyCEFR/data/processed/python-mini-projects/radon_output_python-mini-projects.json
python-mini-projects,python-mini-projects,/home/juan/Documents/Analisis-CC-PyCEFR/python-mini-projects/projects/Web_page_summation/app.py,app.py,function,writeCsv,4,A,1,59,79,0,,0,/home/juan/Documents/Analisis-CC-PyCEFR/data/processed/python-mini-projects/radon_output_python-mini-projects.json
python-mini-projects,python-mini-projects,/home/juan/Documents/Analisis-CC-PyCEFR/python-mini-projects/projects/Web_page_summation/app.py,app.py,function,processCsv,2,A,1,82,90,0,,0,/home/juan/Documents/Analisis-CC-PyCEFR/data/processed/python-mini-projects/radon_output_python-mini-projects.json
python-mini-projects,python-mini-projects,/home/juan/Documents/Analisis-CC-PyCEFR/python-mini-projects/projects/Web_page_summation/app.py,app.py,function,parse_args,1,A,1,12,39,0,,0,/home/juan/Documents/Analisis-CC-PyCEFR/data/processed/python-mini-projects/radon_output_python-mini-projects.json
python-mini-projects,python-mini-projects,/home/juan/Documents/Analisis-CC-PyCEFR/python-mini-projects/projects/Web_page_summation/utils/test.py,test.py,class,args,1,A,1,10,11,0,,0,/home/juan/Documents/Analisis-CC-PyCEFR/data/processed/python-mini-projects/radon_output_python-mini-projects.json
python-mini-projects,python-mini-projects,/home/juan/Documents/Analisis-CC-PyCEFR/python-mini-projects/projects/Web_page_summation/utils/model.py,model.py,class,Model,11,C,3,6,131,0,,0,/home/juan/Documents/Analisis-CC-PyCEFR/data/processed/python-mini-projects/radon_output_python-mini-projects.json
python-mini-projects,python-mini-projects,/home/juan/Documents/Analisis-CC-PyCEFR/python-mini-projects/projects/Web_page_summation/utils/model.py,model.py,method,__init__,10,B,2,7,131,4,,0,/home/juan/Documents/Analisis-CC-PyCEFR/data/processed/python-mini-projects/radon_output_python-mini-projects.json
python-mini-projects,python-mini-projects,/home/juan/Documents/Analisis-CC-PyCEFR/python-mini-projects/projects/Web_page_summation/utils/comparison.py,comparison.py,function,eval_rouges,1,A,1,9,43,0,,0,/home/juan/Documents/Analisis-CC-PyCEFR/data/processed/python-mini-projects/radon_output_python-mini-projects.json
python-mini-projects,python-mini-projects,/home/juan/Documents/Analisis-CC-PyCEFR/python-mini-projects/projects/Web_page_summation/utils/train.py,train.py,class,args,1,A,1,10,11,0,,0,/home/juan/Documents/Analisis-CC-PyCEFR/data/processed/python-mini-projects/radon_output_python-mini-projects.json
python-mini-projects,python-mini-projects,/home/juan/Documents/Analisis-CC-PyCEFR/python-mini-projects/projects/Web_page_summation/utils/summarize.py,summarize.py,function,summarize,3,A,1,11,30,0,,0,/home/juan/Documents/Analisis-CC-PyCEFR/data/processed/python-mini-projects/radon_output_python-mini-projects.json
python-mini-projects,python-mini-projects,/home/juan/Documents/Analisis-CC-PyCEFR/python-mini-projects/projects/Web_page_summation/utils/utils.py,utils.py,function,build_dataset,13,C,3,59,80,0,,0,/home/juan/Documents/Analisis-CC-PyCEFR/data/processed/python-mini-projects/radon_output_python-mini-projects.json
python-mini-projects,python-mini-projects,/home/juan/Documents/Analisis-CC-PyCEFR/python-mini-projects/projects/Web_page_summation/utils/utils.py,utils.py,function,build_dict,6,B,2,25,56,0,,0,/home/juan/Documents/Analisis-CC-PyCEFR/data/processed/python-mini-projects/radon_output_python-mini-projects.json
python-mini-projects,python-mini-projects,/home/juan/Documents/Analisis-CC-PyCEFR/python-mini-projects/projects/Web_page_summation/utils/utils.py,utils.py,function,get_text_list,4,A,1,17,22,0,,0,/home/juan/Documents/Analisis-CC-PyCEFR/data/processed/python-mini-projects/radon_output_python-mini-projects.json
python-mini-projects,python-mini-projects,/home/juan/Documents/Analisis-CC-PyCEFR/python-mini-projects/projects/Web_page_summation/utils/utils.py,utils.py,function,batch_iter,3,A,1,83,92,0,,0,/home/juan/Documents/Analisis-CC-PyCEFR/data/processed/python-mini-projects/radon_output_python-mini-projects.json
python-mini-projects,python-mini-projects,/home/juan/Documents/Analisis-CC-PyCEFR/python-mini-projects/projects/Web_page_summation/utils/utils.py,utils.py,function,get_init_embedding,3,A,1,95,118,0,,0,/home/juan/Documents/Analisis-CC-PyCEFR/data/processed/python-mini-projects/radon_output_python-mini-projects.json
python-mini-projects,python-mini-projects,/home/juan/Documents/Analisis-CC-PyCEFR/python-mini-projects/projects/Web_page_summation/utils/utils.py,utils.py,function,clean_str,1,A,1,12,14,0,,0,/home/juan/Documents/Analisis-CC-PyCEFR/data/processed/python-mini-projects/radon_output_python-mini-projects.json
python-mini-projects,python-mini-projects,/home/juan/Documents/Analisis-CC-PyCEFR/python-mini-projects/projects/Store_emails_in_csv/store_emails.py,store_emails.py,function,write_to_csv,12,C,3,44,96,0,,0,/home/juan/Documents/Analisis-CC-PyCEFR/data/processed/python-mini-projects/radon_output_python-mini-projects.json
python-mini-projects,python-mini-projects,/home/juan/Documents/Analisis-CC-PyCEFR/python-mini-projects/projects/Store_emails_in_csv/store_emails.py,store_emails.py,function,main,2,A,1,98,114,0,,0,/home/juan/Documents/Analisis-CC-PyCEFR/data/processed/python-mini-projects/radon_output_python-mini-projects.json
python-mini-projects,python-mini-projects,/home/juan/Documents/Analisis-CC-PyCEFR/python-mini-projects/projects/Store_emails_in_csv/store_emails.py,store_emails.py,function,connect_to_mailbox,1,A,1,24,35,0,,0,/home/juan/Documents/Analisis-CC-PyCEFR/data/processed/python-mini-projects/radon_output_python-mini-projects.json
python-mini-projects,python-mini-projects,/home/juan/Documents/Analisis-CC-PyCEFR/python-mini-projects/projects/Store_emails_in_csv/store_emails.py,store_emails.py,function,get_text,1,A,1,39,41,0,,0,/home/juan/Documents/Analisis-CC-PyCEFR/data/processed/python-mini-projects/radon_output_python-mini-projects.json
python-mini-projects,python-mini-projects,/home/juan/Documents/Analisis-CC-PyCEFR/python-mini-projects/projects/convert_dictionary_to_python_object/conversion.py,conversion.py,class,obj,4,A,1,1,4,0,,0,/home/juan/Documents/Analisis-CC-PyCEFR/data/processed/python-mini-projects/radon_output_python-mini-projects.json
python-mini-projects,python-mini-projects,/home/juan/Documents/Analisis-CC-PyCEFR/python-mini-projects/projects/convert_dictionary_to_python_object/conversion.py,conversion.py,method,__init__,3,A,1,2,4,4,,0,/home/juan/Documents/Analisis-CC-PyCEFR/data/processed/python-mini-projects/radon_output_python-mini-projects.json
python-mini-projects,python-mini-projects,/home/juan/Documents/Analisis-CC-PyCEFR/python-mini-projects/projects/Scrape_Hacker_News/main.py,main.py,function,fetch,17,C,3,15,82,0,,0,/home/juan/Documents/Analisis-CC-PyCEFR/data/processed/python-mini-projects/radon_output_python-mini-projects.json
python-mini-projects,python-mini-projects,/home/juan/Documents/Analisis-CC-PyCEFR/python-mini-projects/projects/Instagram_profile/main.py,main.py,function,main,2,A,1,14,50,0,,0,/home/juan/Documents/Analisis-CC-PyCEFR/data/processed/python-mini-projects/radon_output_python-mini-projects.json
python-mini-projects,python-mini-projects,/home/juan/Documents/Analisis-CC-PyCEFR/python-mini-projects/projects/Instagram_profile/main.py,main.py,function,banner,1,A,1,8,11,0,,0,/home/juan/Documents/Analisis-CC-PyCEFR/data/processed/python-mini-projects/radon_output_python-mini-projects.json
python-mini-projects,python-mini-projects,/home/juan/Documents/Analisis-CC-PyCEFR/python-mini-projects/projects/Instagram_profile/InstgramProfile.py,InstgramProfile.py,function,main,2,A,1,7,41,0,,0,/home/juan/Documents/Analisis-CC-PyCEFR/data/processed/python-mini-projects/radon_output_python-mini-projects.json
python-mini-projects,python-mini-projects,/home/juan/Documents/Analisis-CC-PyCEFR/python-mini-projects/projects/Instagram_profile/profilepic.py,profilepic.py,function,pp_download,13,C,3,8,59,0,,0,/home/juan/Documents/Analisis-CC-PyCEFR/data/processed/python-mini-projects/radon_output_python-mini-projects.json
python-mini-projects,python-mini-projects,/home/juan/Documents/Analisis-CC-PyCEFR/python-mini-projects/projects/Compute_IoU/Compute_IoU.py,Compute_IoU.py,function,Cal_IoU,1,A,1,3,28,0,,0,/home/juan/Documents/Analisis-CC-PyCEFR/data/processed/python-mini-projects/radon_output_python-mini-projects.json
python-mini-projects,python-mini-projects,/home/juan/Documents/Analisis-CC-PyCEFR/python-mini-projects/projects/Cli_todo/todo.py,todo.py,function,done,5,A,1,46,65,0,,0,/home/juan/Documents/Analisis-CC-PyCEFR/data/processed/python-mini-projects/radon_output_python-mini-projects.json
python-mini-projects,python-mini-projects,/home/juan/Documents/Analisis-CC-PyCEFR/python-mini-projects/projects/Cli_todo/todo.py,todo.py,function,add,4,A,1,31,41,0,,0,/home/juan/Documents/Analisis-CC-PyCEFR/data/processed/python-mini-projects/radon_output_python-mini-projects.json
python-mini-projects,python-mini-projects,/home/juan/Documents/Analisis-CC-PyCEFR/python-mini-projects/projects/Cli_todo/todo.py,todo.py,function,tasks,3,A,1,17,26,0,,0,/home/juan/Documents/Analisis-CC-PyCEFR/data/processed/python-mini-projects/radon_output_python-mini-projects.json
python-mini-projects,python-mini-projects,/home/juan/Documents/Analisis-CC-PyCEFR/python-mini-projects/projects/Cli_todo/todo.py,todo.py,function,todo,2,A,1,5,13,0,,0,/home/juan/Documents/Analisis-CC-PyCEFR/data/processed/python-mini-projects/radon_output_python-mini-projects.json
python-mini-projects,python-mini-projects,/home/juan/Documents/Analisis-CC-PyCEFR/python-mini-projects/projects/Todo_app/app.py,app.py,function,index,3,A,1,22,34,0,,0,/home/juan/Documents/Analisis-CC-PyCEFR/data/processed/python-mini-projects/radon_output_python-mini-projects.json
python-mini-projects,python-mini-projects,/home/juan/Documents/Analisis-CC-PyCEFR/python-mini-projects/projects/Todo_app/app.py,app.py,function,update,3,A,1,49,62,0,,0,/home/juan/Documents/Analisis-CC-PyCEFR/data/processed/python-mini-projects/radon_output_python-mini-projects.json
python-mini-projects,python-mini-projects,/home/juan/Documents/Analisis-CC-PyCEFR/python-mini-projects/projects/Todo_app/app.py,app.py,function,delete,2,A,1,38,45,0,,0,/home/juan/Documents/Analisis-CC-PyCEFR/data/processed/python-mini-projects/radon_output_python-mini-projects.json
python-mini-projects,python-mini-projects,/home/juan/Documents/Analisis-CC-PyCEFR/python-mini-projects/projects/Todo_app/app.py,app.py,class,Todo,2,A,1,11,18,0,,0,/home/juan/Documents/Analisis-CC-PyCEFR/data/processed/python-mini-projects/radon_output_python-mini-projects.json
python-mini-projects,python-mini-projects,/home/juan/Documents/Analisis-CC-PyCEFR/python-mini-projects/projects/Todo_app/app.py,app.py,method,__repr__,1,A,1,17,18,4,,0,/home/juan/Documents/Analisis-CC-PyCEFR/data/processed/python-mini-projects/radon_output_python-mini-projects.json
