Repository,File Name,Class,Start Line,End Line,Displacement,Level
Analisis-CC-PyCEFR,main.py,Print,39,39,8,A1
Analisis-CC-PyCEFR,main.py,Simple Atributte,9,9,22,A2
Analisis-CC-PyCEFR,main.py,Simple Atributte,36,36,4,A2
Analisis-CC-PyCEFR,main.py,Simple Atributte,54,54,22,A2
Analisis-CC-PyCEFR,main.py,Simple Atributte,55,55,17,A2
Analisis-CC-PyCEFR,main.py,Simple Atributte,60,60,20,A2
Analisis-CC-PyCEFR,main.py,Simple Atributte,9,9,22,A2
Analisis-CC-PyCEFR,main.py,Simple Atributte,13,13,51,A2
Analisis-CC-PyCEFR,main.py,Simple Atributte,38,38,14,A2
Analisis-CC-PyCEFR,main.py,Simple Atributte,57,57,8,A2
Analisis-CC-PyCEFR,main.py,Simple Atributte,60,60,20,A2
Analisis-CC-PyCEFR,main.py,Simple Atributte,60,60,36,A2
Analisis-CC-PyCEFR,main.py,Simple Atributte,46,46,8,A2
Analisis-CC-PyCEFR,main.py,Simple Atributte,60,60,36,A2
Analisis-CC-PyCEFR,main.py,Simple Atributte,17,17,50,A2
Analisis-CC-PyCEFR,main.py,Simple Atributte,13,13,51,A2
Analisis-CC-PyCEFR,main.py,Unary Operation,38,38,32,A1
Analisis-CC-PyCEFR,main.py,Unary Operation,17,17,73,A1
Analisis-CC-PyCEFR,main.py,Unary Operation,13,13,74,A1
Analisis-CC-PyCEFR,main.py,Subscript,38,38,14,A1
Analisis-CC-PyCEFR,main.py,Subscript,54,54,22,A1
Analisis-CC-PyCEFR,main.py,Subscript,55,55,17,A1
Analisis-CC-PyCEFR,main.py,Subscript,17,17,50,A1
Analisis-CC-PyCEFR,main.py,Subscript,13,13,51,A1
Analisis-CC-PyCEFR,main.py,Simple Assignment,9,9,8,A1
Analisis-CC-PyCEFR,main.py,Assigment with sum (total = total + 1),34,34,4,A1
Analisis-CC-PyCEFR,main.py,Simple Assignment,35,35,4,A1
Analisis-CC-PyCEFR,main.py,Assigment with sum (total = total + 1),60,60,4,A1
Analisis-CC-PyCEFR,main.py,Simple Assignment,38,38,8,A1
Analisis-CC-PyCEFR,main.py,Simple Assignment,54,54,8,A1
Analisis-CC-PyCEFR,main.py,Simple Assignment,55,55,8,A1
Analisis-CC-PyCEFR,main.py,Import,1,1,0,A2
Analisis-CC-PyCEFR,main.py,Import,2,2,0,A2
Analisis-CC-PyCEFR,main.py,From with *statements ,3,3,0,B1
Analisis-CC-PyCEFR,main.py,Alias,1,1,7,A1
Analisis-CC-PyCEFR,main.py,Alias,2,2,7,A1
Analisis-CC-PyCEFR,main.py,Alias,3,3,36,A1
Analisis-CC-PyCEFR,main.py,If statements using → __name__ == ‘__main__’,51,64,0,B2
Analisis-CC-PyCEFR,main.py,Simple If statements,11,21,8,A1
Analisis-CC-PyCEFR,main.py,Simple If statements,37,46,4,A1
Analisis-CC-PyCEFR,main.py,Simple If statements,15,21,8,A1
Analisis-CC-PyCEFR,main.py,Simple If statements,41,46,4,A1
Analisis-CC-PyCEFR,main.py,Simple If statements,19,21,8,A1
Analisis-CC-PyCEFR,main.py,Simple If statements,43,46,4,A1
Analisis-CC-PyCEFR,main.py,Exception --> try/except,53,58,4,B1
Analisis-CC-PyCEFR,main.py,Except Handler,56,58,4,A1
Analisis-CC-PyCEFR,main.py,Function with Simple argument,7,21,0,A1
Analisis-CC-PyCEFR,main.py,Function with Simple argument,32,46,0,A1
Analisis-CC-PyCEFR,main.py,Return,13,13,12,A1
Analisis-CC-PyCEFR,main.py,Return,17,17,12,A1
Analisis-CC-PyCEFR,main.py,Return,21,21,12,A1
raw,generator.py,Simple List,69,69,18,A1
raw,generator.py,Simple List,207,207,36,A1
raw,generator.py,Simple List,275,275,18,A1
raw,generator.py,Simple List,276,276,17,A1
raw,generator.py,Simple List,277,277,17,A1
raw,generator.py,Simple List,278,278,14,A1
raw,generator.py,Simple Tuple,17,17,18,A1
raw,generator.py,Simple Tuple,18,18,12,A1
raw,generator.py,Simple Tuple,19,19,12,A1
raw,generator.py,Simple Tuple,20,20,12,A1
raw,generator.py,Simple Tuple,21,21,12,A1
raw,generator.py,Simple Tuple,22,22,12,A1
raw,generator.py,Simple Tuple,252,257,11,A1
raw,generator.py,Simple Tuple,251,251,46,A1
raw,generator.py,Simple Tuple,260,260,57,A1
raw,generator.py,Simple Tuple,269,269,95,A1
raw,generator.py,Simple Tuple,161,161,25,A1
raw,generator.py,Simple Tuple,182,182,92,A1
raw,generator.py,Simple Tuple,206,206,57,A1
raw,generator.py,Simple Tuple,261,261,18,A1
raw,generator.py,Simple Tuple,27,27,87,A1
raw,generator.py,Simple Tuple,171,171,26,A1
raw,generator.py,Simple Tuple,171,171,49,A1
raw,generator.py,Simple Tuple,182,182,32,A1
raw,generator.py,Simple Tuple,207,207,23,A1
raw,generator.py,Simple Tuple,221,221,16,A1
raw,generator.py,Simple Tuple,234,234,16,A1
raw,generator.py,Simple Tuple,251,251,26,A1
raw,generator.py,Simple Tuple,260,260,63,A1
raw,generator.py,Simple Tuple,260,260,103,A1
raw,generator.py,Simple Tuple,328,328,30,A1
raw,generator.py,Simple Tuple,260,260,37,A1
raw,generator.py,Simple Tuple,261,261,24,A1
raw,generator.py,Simple Tuple,261,261,64,A1
raw,generator.py,Simple Tuple,269,269,38,A1
raw,generator.py,Simple Tuple,269,269,75,A1
raw,generator.py,Simple Dictionary,28,36,14,A2
raw,generator.py,Simple Dictionary,194,203,11,A2
raw,generator.py,Simple Dictionary,261,261,77,A2
raw,generator.py,1 Nested Dictionary,312,325,11,B1
raw,generator.py,1 Nested Dictionary,294,306,15,B1
raw,generator.py,Simple Dictionary,313,320,19,A2
raw,generator.py,Simple Dictionary,83,90,13,A2
raw,generator.py,Simple Dictionary,150,154,13,A2
raw,generator.py,Simple Dictionary,295,300,19,A2
raw,generator.py,Simple Dictionary,384,390,13,A2
raw,generator.py,Simple Dictionary,104,109,17,A2
raw,generator.py,Simple Dictionary,120,124,17,A2
raw,generator.py,Simple Dictionary,135,139,17,A2
raw,generator.py,Formatted Value,75,75,19,A1
raw,generator.py,Formatted Value,376,376,19,A1
raw,generator.py,Formatted Value,331,331,33,A1
raw,generator.py,Formatted Value,332,332,33,A1
raw,generator.py,Formatted Value,333,333,33,A1
raw,generator.py,Formatted Value,334,334,33,A1
raw,generator.py,Formatted Value,335,335,33,A1
raw,generator.py,Formatted Value,336,336,33,A1
raw,generator.py,Formatted Value,408,408,37,A1
raw,generator.py,Formatted Value,343,343,20,A1
raw,generator.py,Formatted Value,343,343,35,A1
raw,generator.py,Formatted Value,343,343,55,A1
raw,generator.py,Formatted Value,343,343,75,A1
raw,generator.py,Formatted Value,344,344,21,A1
raw,generator.py,Formatted Value,344,344,52,A1
raw,generator.py,Formatted Value,345,345,25,A1
raw,generator.py,Formatted Value,352,352,20,A1
raw,generator.py,Formatted Value,352,352,36,A1
raw,generator.py,Formatted Value,352,352,57,A1
raw,generator.py,Formatted Value,352,352,78,A1
raw,generator.py,Formatted Value,353,353,21,A1
raw,generator.py,Formatted Value,360,360,20,A1
raw,generator.py,Formatted Value,360,360,36,A1
raw,generator.py,Formatted Value,360,360,57,A1
raw,generator.py,Formatted Value,360,360,78,A1
raw,generator.py,Formatted Value,361,361,21,A1
raw,generator.py,Formatted Value,369,369,20,A1
raw,generator.py,Formatted Value,369,369,35,A1
raw,generator.py,Formatted Value,369,369,55,A1
raw,generator.py,Formatted Value,369,369,75,A1
raw,generator.py,Formatted Value,370,370,21,A1
raw,generator.py,Joined String,75,75,13,A1
raw,generator.py,Joined String,376,376,13,A1
raw,generator.py,Joined String,331,331,10,A1
raw,generator.py,Joined String,332,332,10,A1
raw,generator.py,Joined String,333,333,10,A1
raw,generator.py,Joined String,334,334,10,A1
raw,generator.py,Joined String,335,335,10,A1
raw,generator.py,Joined String,336,336,10,A1
raw,generator.py,Joined String,408,408,14,A1
raw,generator.py,Joined String,343,345,16,A1
raw,generator.py,Joined String,352,353,16,A1
raw,generator.py,Joined String,360,361,16,A1
raw,generator.py,Joined String,369,370,16,A1
raw,generator.py,Joined String,345,345,39,A1
raw,generator.py,Print,330,330,4,A1
raw,generator.py,Print,331,331,4,A1
raw,generator.py,Print,332,332,4,A1
raw,generator.py,Print,333,333,4,A1
raw,generator.py,Print,334,334,4,A1
raw,generator.py,Print,335,335,4,A1
raw,generator.py,Print,336,336,4,A1
raw,generator.py,Print,339,339,8,A1
raw,generator.py,Print,349,349,8,A1
raw,generator.py,Print,357,357,8,A1
raw,generator.py,Print,365,365,8,A1
raw,generator.py,Print,408,408,8,A1
raw,generator.py,Files --> 'open' call function,38,38,13,A2
raw,generator.py,Files --> 'write' call function,39,39,12,A2
raw,generator.py,Files --> 'open' call function,95,95,13,A2
raw,generator.py,Print,342,346,12,A1
raw,generator.py,Print,351,354,12,A1
raw,generator.py,Print,359,362,12,A1
raw,generator.py,Print,368,371,12,A1
raw,generator.py,If statements expression (else),68,68,20,B1
raw,generator.py,If statements expression (else),196,196,16,B1
raw,generator.py,If statements expression (else),197,197,16,B1
raw,generator.py,If statements expression (else),198,198,16,B1
raw,generator.py,If statements expression (else),199,199,16,B1
raw,generator.py,If statements expression (else),200,200,16,B1
raw,generator.py,Simple Atributte,45,45,20,A2
raw,generator.py,Simple Atributte,403,403,7,A2
raw,generator.py,Simple Atributte,46,46,13,A2
raw,generator.py,Simple Atributte,52,52,4,A2
raw,generator.py,Simple Atributte,53,53,4,A2
raw,generator.py,Simple Atributte,54,54,4,A2
raw,generator.py,Simple Atributte,58,58,4,A2
raw,generator.py,Simple Atributte,63,63,11,A2
raw,generator.py,Simple Atributte,70,70,7,A2
raw,generator.py,Simple Atributte,113,113,11,A2
raw,generator.py,Simple Atributte,394,394,28,A2
raw,generator.py,Simple Atributte,395,395,27,A2
raw,generator.py,Simple Atributte,68,68,38,A2
raw,generator.py,Simple Atributte,70,70,7,A2
raw,generator.py,Simple Atributte,179,179,25,A2
raw,generator.py,Simple Atributte,212,212,21,A2
raw,generator.py,Simple Atributte,281,281,13,A2
raw,generator.py,Simple Atributte,282,282,13,A2
raw,generator.py,Simple Atributte,401,401,38,A2
raw,generator.py,Simple Atributte,404,404,27,A2
raw,generator.py,Simple Atributte,405,405,8,A2
raw,generator.py,Simple Atributte,39,39,12,A2
raw,generator.py,Simple Atributte,68,68,73,A2
raw,generator.py,Simple Atributte,96,96,22,A2
raw,generator.py,Simple Atributte,153,153,30,A2
raw,generator.py,Simple Atributte,221,221,38,A2
raw,generator.py,Simple Atributte,234,234,30,A2
raw,generator.py,Simple Atributte,285,285,12,A2
raw,generator.py,Simple Atributte,288,288,12,A2
raw,generator.py,Simple Atributte,304,304,27,A2
raw,generator.py,Simple Atributte,305,305,26,A2
raw,generator.py,Simple Atributte,308,308,12,A2
raw,generator.py,Simple Atributte,310,310,12,A2
raw,generator.py,Simple Atributte,386,386,22,A2
raw,generator.py,Simple Atributte,387,387,21,A2
raw,generator.py,Simple Atributte,388,388,22,A2
raw,generator.py,Simple Atributte,389,389,28,A2
raw,generator.py,Simple Atributte,405,405,8,A2
raw,generator.py,Simple Atributte,406,406,13,A2
raw,generator.py,Simple Atributte,407,407,12,A2
raw,generator.py,Simple Atributte,35,35,25,A2
raw,generator.py,Simple Atributte,72,72,13,A2
raw,generator.py,Simple Atributte,87,87,22,A2
raw,generator.py,Simple Atributte,88,88,23,A2
raw,generator.py,Simple Atributte,165,165,25,A2
raw,generator.py,Simple Atributte,232,232,16,A2
raw,generator.py,Simple Atributte,273,273,22,A2
raw,generator.py,Simple Atributte,273,273,43,A2
raw,generator.py,Simple Atributte,385,385,19,A2
raw,generator.py,Simple Atributte,39,39,25,A2
raw,generator.py,Simple Atributte,75,75,24,A2
raw,generator.py,Simple Atributte,85,85,23,A2
raw,generator.py,Simple Atributte,376,376,24,A2
raw,generator.py,Simple Atributte,72,72,35,A2
raw,generator.py,Simple Atributte,225,225,24,A2
raw,generator.py,Simple Atributte,72,72,35,A2
raw,generator.py,Simple Atributte,72,72,69,A2
raw,generator.py,Simple Atributte,107,107,27,A2
raw,generator.py,Simple Atributte,72,72,69,A2
raw,generator.py,Unary Operation,213,213,15,A1
raw,generator.py,Unary Operation,216,216,15,A1
raw,generator.py,Unary Operation,284,284,18,A1
raw,generator.py,Unary Operation,287,287,18,A1
raw,generator.py,Boolean Operation,179,179,11,A1
raw,generator.py,Boolean Operation,192,192,16,A1
raw,generator.py,Boolean Operation,364,364,7,A1
raw,generator.py,Boolean Operation,284,284,11,A1
raw,generator.py,Boolean Operation,287,287,11,A1
raw,generator.py,Boolean Operation,236,236,19,A1
raw,generator.py,Boolean Operation,238,238,19,A1
raw,generator.py,Subscript,206,206,47,A1
raw,generator.py,Subscript,251,251,40,A1
raw,generator.py,Subscript,260,260,52,A1
raw,generator.py,Subscript,269,269,90,A1
raw,generator.py,Subscript,182,182,87,A1
raw,generator.py,Subscript,207,207,13,A1
raw,generator.py,Subscript,206,206,52,A1
raw,generator.py,Subscript,261,261,13,A1
raw,generator.py,Subscript,329,329,14,A1
raw,generator.py,Subscript,338,338,7,A1
raw,generator.py,Subscript,348,348,7,A1
raw,generator.py,Subscript,356,356,7,A1
raw,generator.py,Subscript,27,27,82,A1
raw,generator.py,Subscript,71,73,22,A1
raw,generator.py,Subscript,171,171,21,A1
raw,generator.py,Subscript,171,171,43,A1
raw,generator.py,Subscript,182,182,27,A1
raw,generator.py,Subscript,207,207,18,A1
raw,generator.py,Subscript,251,251,21,A1
raw,generator.py,Subscript,253,253,8,A1
raw,generator.py,Subscript,254,254,8,A1
raw,generator.py,Subscript,255,255,8,A1
raw,generator.py,Subscript,256,256,8,A1
raw,generator.py,Subscript,260,260,27,A1
raw,generator.py,Subscript,260,260,57,A1
raw,generator.py,Subscript,260,260,98,A1
raw,generator.py,Subscript,269,269,28,A1
raw,generator.py,Subscript,269,269,65,A1
raw,generator.py,Subscript,291,291,16,A1
raw,generator.py,Subscript,292,292,16,A1
raw,generator.py,Subscript,328,328,25,A1
raw,generator.py,Subscript,340,340,20,A1
raw,generator.py,Subscript,350,350,20,A1
raw,generator.py,Subscript,358,358,20,A1
raw,generator.py,Subscript,364,364,24,A1
raw,generator.py,Subscript,366,366,20,A1
raw,generator.py,Subscript,174,174,19,A1
raw,generator.py,Subscript,260,260,32,A1
raw,generator.py,Subscript,261,261,18,A1
raw,generator.py,Subscript,261,261,59,A1
raw,generator.py,Subscript,265,265,12,A1
raw,generator.py,Subscript,269,269,33,A1
raw,generator.py,Subscript,269,269,70,A1
raw,generator.py,Subscript,341,341,18,A1
raw,generator.py,Subscript,367,367,18,A1
raw,generator.py,Subscript,296,296,24,A1
raw,generator.py,Subscript,297,297,24,A1
raw,generator.py,Subscript,298,298,24,A1
raw,generator.py,Subscript,299,299,24,A1
raw,generator.py,Subscript,331,331,34,A1
raw,generator.py,Subscript,332,332,34,A1
raw,generator.py,Subscript,333,333,34,A1
raw,generator.py,Subscript,334,334,34,A1
raw,generator.py,Subscript,335,335,34,A1
raw,generator.py,Subscript,336,336,34,A1
raw,generator.py,Subscript,343,343,21,A1
raw,generator.py,Subscript,343,343,36,A1
raw,generator.py,Subscript,343,343,56,A1
raw,generator.py,Subscript,343,343,76,A1
raw,generator.py,Subscript,344,344,22,A1
raw,generator.py,Subscript,344,344,53,A1
raw,generator.py,Subscript,345,345,26,A1
raw,generator.py,Subscript,352,352,21,A1
raw,generator.py,Subscript,352,352,37,A1
raw,generator.py,Subscript,352,352,58,A1
raw,generator.py,Subscript,352,352,79,A1
raw,generator.py,Subscript,353,353,22,A1
raw,generator.py,Subscript,360,360,21,A1
raw,generator.py,Subscript,360,360,37,A1
raw,generator.py,Subscript,360,360,58,A1
raw,generator.py,Subscript,360,360,79,A1
raw,generator.py,Subscript,361,361,22,A1
raw,generator.py,Subscript,369,369,21,A1
raw,generator.py,Subscript,369,369,36,A1
raw,generator.py,Subscript,369,369,56,A1
raw,generator.py,Subscript,369,369,76,A1
raw,generator.py,Subscript,370,370,22,A1
raw,generator.py,Slice,73,73,10,A1
raw,generator.py,List Comprehension with 1If statements,72,72,12,C1
raw,generator.py,Generator Expression,216,216,22,C1
raw,generator.py,Simple Assignment,17,17,0,A1
raw,generator.py,Simple Assignment,18,18,0,A1
raw,generator.py,Simple Assignment,19,19,0,A1
raw,generator.py,Simple Assignment,20,20,0,A1
raw,generator.py,Simple Assignment,21,21,0,A1
raw,generator.py,Simple Assignment,22,22,0,A1
raw,generator.py,Simple Assignment,23,23,0,A1
raw,generator.py,Simple Assignment,24,24,0,A1
raw,generator.py,Simple Assignment,28,36,4,A1
raw,generator.py,Simple Assignment,46,51,4,A1
raw,generator.py,Simple Assignment,67,67,4,A1
raw,generator.py,Simple Assignment,68,68,4,A1
raw,generator.py,Simple Assignment,69,69,4,A1
raw,generator.py,Simple Assignment,75,75,4,A1
raw,generator.py,Simple Assignment,183,183,4,A1
raw,generator.py,Simple Assignment,184,184,4,A1
raw,generator.py,Simple Assignment,188,188,4,A1
raw,generator.py,Simple Assignment,189,189,4,A1
raw,generator.py,Simple Assignment,190,190,4,A1
raw,generator.py,Simple Assignment,191,191,4,A1
raw,generator.py,Simple Assignment,192,192,4,A1
raw,generator.py,Simple Assignment,270,270,4,A1
raw,generator.py,Simple Assignment,271,271,4,A1
raw,generator.py,Simple Assignment,273,273,4,A1
raw,generator.py,Simple Assignment,275,275,4,A1
raw,generator.py,Simple Assignment,276,276,4,A1
raw,generator.py,Simple Assignment,277,277,4,A1
raw,generator.py,Simple Assignment,278,278,4,A1
raw,generator.py,Simple Assignment,329,329,4,A1
raw,generator.py,Simple Assignment,375,375,4,A1
raw,generator.py,Simple Assignment,376,376,4,A1
raw,generator.py,Simple Assignment,394,394,4,A1
raw,generator.py,Simple Assignment,395,395,4,A1
raw,generator.py,Simple Assignment,397,397,4,A1
raw,generator.py,Simple Assignment,398,398,4,A1
raw,generator.py,Simple Assignment,399,399,4,A1
raw,generator.py,Simple Assignment,71,73,8,A1
raw,generator.py,Simple Assignment,211,211,8,A1
raw,generator.py,Simple Assignment,263,263,8,A1
raw,generator.py,Simple Assignment,281,281,8,A1
raw,generator.py,Simple Assignment,282,282,8,A1
raw,generator.py,Simple Assignment,291,291,8,A1
raw,generator.py,Simple Assignment,292,292,8,A1
raw,generator.py,Assigment with sum (total = total + 1),293,293,8,A1
raw,generator.py,Simple Assignment,294,306,8,A1
raw,generator.py,Simple Assignment,404,404,8,A1
raw,generator.py,Simple Assignment,96,96,12,A1
raw,generator.py,Simple Assignment,230,230,12,A1
raw,generator.py,Simple Assignment,265,265,12,A1
raw,generator.py,Simple Assignment,341,341,12,A1
raw,generator.py,Simple Assignment,367,367,12,A1
raw,generator.py,Simple Assignment,214,214,16,A1
raw,generator.py,Simple Assignment,217,217,16,A1
raw,generator.py,Simple Assignment,235,235,16,A1
raw,generator.py,Simple Assignment,223,223,20,A1
raw,generator.py,Simple Assignment,237,237,20,A1
raw,generator.py,Simple Assignment,239,239,20,A1
raw,generator.py,'raise' exception,414,414,4,B1
raw,generator.py,'raise' exception,112,112,8,B1
raw,generator.py,'raise' exception,127,127,8,B1
raw,generator.py,'raise' exception,142,142,8,B1
raw,generator.py,'pass' statement,42,42,8,B1
raw,generator.py,Annotated Assignment,207,207,4,A1
raw,generator.py,Annotated Assignment,261,261,4,A1
raw,generator.py,Import,10,10,0,A2
raw,generator.py,Import,11,11,0,A2
raw,generator.py,Import,12,12,0,A2
raw,generator.py,Import,13,13,0,A2
raw,generator.py,From,8,8,0,A2
raw,generator.py,From,14,14,0,A2
raw,generator.py,From,15,15,0,A2
raw,generator.py,Alias,8,8,23,A1
raw,generator.py,Alias,10,10,7,A1
raw,generator.py,Alias,11,11,7,A1
raw,generator.py,Alias,12,12,7,A1
raw,generator.py,Alias,13,13,7,A1
raw,generator.py,Alias,14,14,20,A1
raw,generator.py,Alias,15,15,19,A1
raw,generator.py,If statements using → __name__ == ‘__main__’,413,414,0,B2
raw,generator.py,Simple If statements,70,73,4,A1
raw,generator.py,Simple If statements,161,162,4,A1
raw,generator.py,Simple If statements,163,167,4,A1
raw,generator.py,Simple If statements,185,186,4,A1
raw,generator.py,Simple If statements,210,226,4,A1
raw,generator.py,Simple If statements,338,346,4,A1
raw,generator.py,Simple If statements,348,354,4,A1
raw,generator.py,Simple If statements,356,362,4,A1
raw,generator.py,Simple If statements,364,371,4,A1
raw,generator.py,Simple If statements,403,408,4,A1
raw,generator.py,Simple If statements,173,174,8,A1
raw,generator.py,Simple If statements,220,226,8,A1
raw,generator.py,Simple If statements,229,241,8,A1
raw,generator.py,Simple If statements,243,245,8,A1
raw,generator.py,Simple If statements,264,265,8,A1
raw,generator.py,Simple If statements,284,286,8,A1
raw,generator.py,Simple If statements,287,289,8,A1
raw,generator.py,Simple If statements,307,310,8,A1
raw,generator.py,Simple If statements,213,215,12,A1
raw,generator.py,Simple If statements,216,218,12,A1
raw,generator.py,Simple If statements,231,232,12,A1
raw,generator.py,Simple If statements,236,237,16,A1
raw,generator.py,Simple If statements,238,239,16,A1
raw,generator.py,Simple If statements,224,225,20,A1
raw,generator.py,Simple For Loop,172,174,4,A1
raw,generator.py,Simple For Loop,262,265,4,A1
raw,generator.py,Simple For Loop,280,310,4,A1
raw,generator.py,Simple For Loop,212,218,8,A1
raw,generator.py,Simple For Loop,340,346,8,A1
raw,generator.py,Simple For Loop,350,354,8,A1
raw,generator.py,Simple For Loop,358,362,8,A1
raw,generator.py,Simple For Loop,366,371,8,A1
raw,generator.py,For Loop with Tuple as name,221,225,12,A2
raw,generator.py,For Loop with Tuple as name,234,240,12,A2
raw,generator.py,Simple For Loop,244,245,12,A1
raw,generator.py,Simple For Loop,222,225,16,A1
raw,generator.py,'break' statement,215,215,16,B1
raw,generator.py,'break' statement,218,218,16,B1
raw,generator.py,'continue' statement,286,286,12,B1
raw,generator.py,'continue' statement,289,289,12,B1
raw,generator.py,Exception --> try/except,37,42,4,B1
raw,generator.py,Exception --> try/except,94,142,4,B1
raw,generator.py,Exception --> try/except,164,167,8,B1
raw,generator.py,With,38,39,8,B1
raw,generator.py,With,95,96,8,B1
raw,generator.py,With,406,407,8,B1
raw,generator.py,Except Handler,40,42,4,A1
raw,generator.py,Except Handler,97,112,4,A1
raw,generator.py,Except Handler,113,127,4,A1
raw,generator.py,Except Handler,128,142,4,A1
raw,generator.py,Except Handler,166,167,8,A1
raw,generator.py,Function with Simple argument,27,42,0,A1
raw,generator.py,Function,45,63,0,A1
raw,generator.py,Function with Simple argument,66,157,0,A1
raw,generator.py,Function with Simple argument,160,168,0,A1
raw,generator.py,Function with Simple argument,171,175,0,A1
raw,generator.py,Function with Simple argument,178,179,0,A1
raw,generator.py,Function with Simple argument,182,203,0,A1
raw,generator.py,Function with Simple argument,206,248,0,A1
raw,generator.py,Function with Simple argument,251,257,0,A1
raw,generator.py,Function with Simple argument,260,266,0,A1
raw,generator.py,Function with Simple argument,269,325,0,A1
raw,generator.py,Function with Simple argument,328,371,0,A1
raw,generator.py,Function,374,410,0,A1
raw,generator.py,Recursive Functions,228,245,4,B2
raw,generator.py,Return,63,63,4,A1
raw,generator.py,Return,157,157,4,A1
raw,generator.py,Return,168,168,4,A1
raw,generator.py,Return,175,175,4,A1
raw,generator.py,Return,179,179,4,A1
raw,generator.py,Return,194,203,4,A1
raw,generator.py,Return,248,248,4,A1
raw,generator.py,Return,252,257,4,A1
raw,generator.py,Return,266,266,4,A1
raw,generator.py,Return,312,325,4,A1
raw,generator.py,Return,410,410,4,A1
raw,generator.py,Return,162,162,8,A1
raw,generator.py,Return,186,186,8,A1
raw,generator.py,Return,165,165,12,A1
raw,generator.py,Return,174,174,12,A1
raw,generator.py,Return,226,226,12,A1
raw,generator.py,Return,241,241,12,A1
raw,generator.py,Return,167,167,12,A1
cookies,cookies-server-3.py,Simple Tuple,50,50,32,A1
cookies,cookies-server-3.py,Print,42,42,8,A1
cookies,cookies-server-3.py,Files --> 'write' call function,46,46,8,A2
cookies,cookies-server-3.py,Print,51,51,8,A1
cookies,cookies-server-3.py,Simple Atributte,38,38,14,A2
cookies,cookies-server-3.py,Simple Atributte,38,38,14,A2
cookies,cookies-server-3.py,Simple Atributte,32,32,13,A2
cookies,cookies-server-3.py,Simple Atributte,33,33,4,A2
cookies,cookies-server-3.py,Simple Atributte,35,35,11,A2
cookies,cookies-server-3.py,Simple Atributte,43,43,8,A2
cookies,cookies-server-3.py,Simple Atributte,44,44,8,A2
cookies,cookies-server-3.py,Simple Atributte,45,45,8,A2
cookies,cookies-server-3.py,Simple Atributte,46,46,8,A2
cookies,cookies-server-3.py,Simple Atributte,50,50,9,A2
cookies,cookies-server-3.py,Simple Atributte,51,51,33,A2
cookies,cookies-server-3.py,Simple Atributte,52,52,8,A2
cookies,cookies-server-3.py,Simple Atributte,42,42,33,A2
cookies,cookies-server-3.py,Simple Atributte,46,46,8,A2
cookies,cookies-server-3.py,Simple Atributte,50,50,37,A2
cookies,cookies-server-3.py,Simple Assignment,16,16,0,A1
cookies,cookies-server-3.py,Simple Assignment,18,29,0,A1
cookies,cookies-server-3.py,Simple Assignment,32,32,4,A1
cookies,cookies-server-3.py,Simple Assignment,35,35,4,A1
cookies,cookies-server-3.py,Simple Assignment,49,49,4,A1
cookies,cookies-server-3.py,Import,12,12,0,A2
cookies,cookies-server-3.py,Import,13,13,0,A2
cookies,cookies-server-3.py,Import,14,14,0,A2
cookies,cookies-server-3.py,Alias,12,12,7,A1
cookies,cookies-server-3.py,Alias,13,13,7,A1
cookies,cookies-server-3.py,Alias,14,14,7,A1
cookies,cookies-server-3.py,If statements using → __name__ == ‘__main__’,54,55,0,B2
cookies,cookies-server-3.py,With,50,52,4,B1
cookies,cookies-server-3.py,Function,31,36,0,A1
cookies,cookies-server-3.py,Function,48,52,0,A1
cookies,cookies-server-3.py,Function with Simple argument,40,46,4,A1
cookies,cookies-server-3.py,Return,36,36,4,A1
cookies,cookies-server-3.py,Simple Class ,38,46,0,B1
cookies,cookies-server-8.py,Simple Tuple,110,110,32,A1
cookies,cookies-server-8.py,Simple Dictionary,46,46,7,A2
cookies,cookies-server-8.py,Print,59,59,8,A1
cookies,cookies-server-8.py,Files --> 'write' call function,101,106,8,A2
cookies,cookies-server-8.py,Print,111,111,8,A1
cookies,cookies-server-8.py,Simple Atributte,55,55,14,A2
cookies,cookies-server-8.py,Simple Atributte,55,55,14,A2
cookies,cookies-server-8.py,Simple Atributte,49,49,13,A2
cookies,cookies-server-8.py,Simple Atributte,50,50,4,A2
cookies,cookies-server-8.py,Simple Atributte,52,52,11,A2
cookies,cookies-server-8.py,Simple Atributte,86,86,11,A2
cookies,cookies-server-8.py,Simple Atributte,60,60,26,A2
cookies,cookies-server-8.py,Simple Atributte,60,60,48,A2
cookies,cookies-server-8.py,Simple Atributte,62,62,8,A2
cookies,cookies-server-8.py,Simple Atributte,63,63,8,A2
cookies,cookies-server-8.py,Simple Atributte,65,65,18,A2
cookies,cookies-server-8.py,Simple Atributte,69,69,29,A2
cookies,cookies-server-8.py,Simple Atributte,76,76,24,A2
cookies,cookies-server-8.py,Simple Atributte,100,100,8,A2
cookies,cookies-server-8.py,Simple Atributte,101,101,8,A2
cookies,cookies-server-8.py,Simple Atributte,110,110,9,A2
cookies,cookies-server-8.py,Simple Atributte,111,111,33,A2
cookies,cookies-server-8.py,Simple Atributte,112,112,8,A2
cookies,cookies-server-8.py,Simple Atributte,59,59,33,A2
cookies,cookies-server-8.py,Simple Atributte,60,60,26,A2
cookies,cookies-server-8.py,Simple Atributte,65,65,18,A2
cookies,cookies-server-8.py,Simple Atributte,65,65,44,A2
cookies,cookies-server-8.py,Simple Atributte,80,80,17,A2
cookies,cookies-server-8.py,Simple Atributte,81,81,21,A2
cookies,cookies-server-8.py,Simple Atributte,83,83,12,A2
cookies,cookies-server-8.py,Simple Atributte,87,87,17,A2
cookies,cookies-server-8.py,Simple Atributte,87,87,39,A2
cookies,cookies-server-8.py,Simple Atributte,101,101,8,A2
cookies,cookies-server-8.py,Simple Atributte,110,110,37,A2
cookies,cookies-server-8.py,Simple Atributte,65,65,44,A2
cookies,cookies-server-8.py,Simple Atributte,80,80,25,A2
cookies,cookies-server-8.py,Simple Atributte,81,81,21,A2
cookies,cookies-server-8.py,Simple Atributte,83,83,43,A2
cookies,cookies-server-8.py,Simple Atributte,87,87,17,A2
cookies,cookies-server-8.py,Simple Atributte,90,90,25,A2
cookies,cookies-server-8.py,Simple Atributte,92,92,16,A2
cookies,cookies-server-8.py,Simple Atributte,101,101,31,A2
cookies,cookies-server-8.py,Simple Atributte,80,80,40,A2
cookies,cookies-server-8.py,Simple Atributte,80,80,65,A2
cookies,cookies-server-8.py,Simple Atributte,90,90,25,A2
cookies,cookies-server-8.py,Simple Atributte,92,92,47,A2
cookies,cookies-server-8.py,Subscript,82,82,12,A1
cookies,cookies-server-8.py,Subscript,96,96,27,A1
cookies,cookies-server-8.py,Subscript,69,69,29,A1
cookies,cookies-server-8.py,Subscript,76,76,24,A1
cookies,cookies-server-8.py,Subscript,89,89,26,A1
cookies,cookies-server-8.py,Subscript,91,91,16,A1
cookies,cookies-server-8.py,Subscript,93,93,16,A1
cookies,cookies-server-8.py,Subscript,89,89,26,A1
cookies,cookies-server-8.py,Simple Assignment,25,25,0,A1
cookies,cookies-server-8.py,Simple Assignment,27,43,0,A1
cookies,cookies-server-8.py,Simple Assignment,46,46,0,A1
cookies,cookies-server-8.py,Simple Assignment,49,49,4,A1
cookies,cookies-server-8.py,Simple Assignment,52,52,4,A1
cookies,cookies-server-8.py,Simple Assignment,109,109,4,A1
cookies,cookies-server-8.py,Simple Assignment,60,60,8,A1
cookies,cookies-server-8.py,Simple Assignment,65,65,8,A1
cookies,cookies-server-8.py,Simple Assignment,67,67,8,A1
cookies,cookies-server-8.py,Simple Assignment,85,85,8,A1
cookies,cookies-server-8.py,Simple Assignment,69,69,12,A1
cookies,cookies-server-8.py,Simple Assignment,70,70,12,A1
cookies,cookies-server-8.py,Simple Assignment,72,72,12,A1
cookies,cookies-server-8.py,Simple Assignment,73,73,12,A1
cookies,cookies-server-8.py,Simple Assignment,76,76,12,A1
cookies,cookies-server-8.py,Simple Assignment,77,77,12,A1
cookies,cookies-server-8.py,Simple Assignment,79,79,12,A1
cookies,cookies-server-8.py,Simple Assignment,80,80,12,A1
cookies,cookies-server-8.py,Simple Assignment,81,81,12,A1
cookies,cookies-server-8.py,Simple Assignment,82,82,12,A1
cookies,cookies-server-8.py,Simple Assignment,87,87,12,A1
cookies,cookies-server-8.py,Simple Assignment,96,96,12,A1
cookies,cookies-server-8.py,Simple Assignment,98,98,12,A1
cookies,cookies-server-8.py,Simple Assignment,89,89,16,A1
cookies,cookies-server-8.py,Simple Assignment,90,90,16,A1
cookies,cookies-server-8.py,Simple Assignment,91,91,16,A1
cookies,cookies-server-8.py,Simple Assignment,93,93,16,A1
cookies,cookies-server-8.py,Import,17,17,0,A2
cookies,cookies-server-8.py,Import,18,18,0,A2
cookies,cookies-server-8.py,Import,19,19,0,A2
cookies,cookies-server-8.py,Import,20,20,0,A2
cookies,cookies-server-8.py,Import,21,21,0,A2
cookies,cookies-server-8.py,Import,22,22,0,A2
cookies,cookies-server-8.py,Import,23,23,0,A2
cookies,cookies-server-8.py,Alias,17,17,7,A1
cookies,cookies-server-8.py,Alias,18,18,7,A1
cookies,cookies-server-8.py,Alias,19,19,7,A1
cookies,cookies-server-8.py,Alias,20,20,7,A1
cookies,cookies-server-8.py,Alias,21,21,7,A1
cookies,cookies-server-8.py,Alias,22,22,7,A1
cookies,cookies-server-8.py,Alias,23,23,7,A1
cookies,cookies-server-8.py,If statements using → __name__ == ‘__main__’,114,115,0,B2
cookies,cookies-server-8.py,Simple If statements,68,73,8,A1
cookies,cookies-server-8.py,Simple If statements,75,83,8,A1
cookies,cookies-server-8.py,Simple If statements,86,93,8,A1
cookies,cookies-server-8.py,Simple If statements,95,98,8,A1
cookies,cookies-server-8.py,Simple If statements,88,93,12,A1
cookies,cookies-server-8.py,With,110,112,4,B1
cookies,cookies-server-8.py,Function,48,53,0,A1
cookies,cookies-server-8.py,Function,108,112,0,A1
cookies,cookies-server-8.py,Function with Simple argument,57,106,4,A1
cookies,cookies-server-8.py,Return,53,53,4,A1
cookies,cookies-server-8.py,Simple Class ,55,106,0,B1
cookies,content-server-3.py,Simple Tuple,91,91,32,A1
cookies,content-server-3.py,Simple Dictionary,43,43,7,A2
cookies,content-server-3.py,Print,56,56,8,A1
cookies,content-server-3.py,Files --> 'write' call function,86,87,8,A2
cookies,content-server-3.py,Print,92,92,8,A1
cookies,content-server-3.py,Simple Atributte,52,52,14,A2
cookies,content-server-3.py,Simple Atributte,52,52,14,A2
cookies,content-server-3.py,Simple Atributte,46,46,13,A2
cookies,content-server-3.py,Simple Atributte,47,47,4,A2
cookies,content-server-3.py,Simple Atributte,49,49,11,A2
cookies,content-server-3.py,Simple Atributte,74,74,11,A2
cookies,content-server-3.py,Simple Atributte,57,57,26,A2
cookies,content-server-3.py,Simple Atributte,57,57,48,A2
cookies,content-server-3.py,Simple Atributte,59,59,8,A2
cookies,content-server-3.py,Simple Atributte,60,60,8,A2
cookies,content-server-3.py,Simple Atributte,62,62,18,A2
cookies,content-server-3.py,Simple Atributte,65,65,24,A2
cookies,content-server-3.py,Simple Atributte,85,85,8,A2
cookies,content-server-3.py,Simple Atributte,86,86,8,A2
cookies,content-server-3.py,Simple Atributte,91,91,9,A2
cookies,content-server-3.py,Simple Atributte,92,92,33,A2
cookies,content-server-3.py,Simple Atributte,93,93,8,A2
cookies,content-server-3.py,Simple Atributte,56,56,33,A2
cookies,content-server-3.py,Simple Atributte,57,57,26,A2
cookies,content-server-3.py,Simple Atributte,62,62,18,A2
cookies,content-server-3.py,Simple Atributte,62,62,44,A2
cookies,content-server-3.py,Simple Atributte,69,69,17,A2
cookies,content-server-3.py,Simple Atributte,70,70,21,A2
cookies,content-server-3.py,Simple Atributte,72,72,12,A2
cookies,content-server-3.py,Simple Atributte,75,75,17,A2
cookies,content-server-3.py,Simple Atributte,75,75,39,A2
cookies,content-server-3.py,Simple Atributte,86,86,8,A2
cookies,content-server-3.py,Simple Atributte,91,91,37,A2
cookies,content-server-3.py,Simple Atributte,62,62,44,A2
cookies,content-server-3.py,Simple Atributte,69,69,25,A2
cookies,content-server-3.py,Simple Atributte,70,70,21,A2
cookies,content-server-3.py,Simple Atributte,72,72,43,A2
cookies,content-server-3.py,Simple Atributte,75,75,17,A2
cookies,content-server-3.py,Simple Atributte,86,86,31,A2
cookies,content-server-3.py,Simple Atributte,69,69,40,A2
cookies,content-server-3.py,Simple Atributte,69,69,65,A2
cookies,content-server-3.py,Subscript,71,71,12,A1
cookies,content-server-3.py,Subscript,81,81,27,A1
cookies,content-server-3.py,Subscript,65,65,24,A1
cookies,content-server-3.py,Subscript,77,77,26,A1
cookies,content-server-3.py,Subscript,78,78,16,A1
cookies,content-server-3.py,Subscript,77,77,26,A1
cookies,content-server-3.py,Simple Assignment,26,26,0,A1
cookies,content-server-3.py,Simple Assignment,28,40,0,A1
cookies,content-server-3.py,Simple Assignment,43,43,0,A1
cookies,content-server-3.py,Simple Assignment,46,46,4,A1
cookies,content-server-3.py,Simple Assignment,49,49,4,A1
cookies,content-server-3.py,Simple Assignment,90,90,4,A1
cookies,content-server-3.py,Simple Assignment,57,57,8,A1
cookies,content-server-3.py,Simple Assignment,62,62,8,A1
cookies,content-server-3.py,Simple Assignment,65,65,12,A1
cookies,content-server-3.py,Simple Assignment,66,66,12,A1
cookies,content-server-3.py,Simple Assignment,68,68,12,A1
cookies,content-server-3.py,Simple Assignment,69,69,12,A1
cookies,content-server-3.py,Simple Assignment,70,70,12,A1
cookies,content-server-3.py,Simple Assignment,71,71,12,A1
cookies,content-server-3.py,Simple Assignment,75,75,12,A1
cookies,content-server-3.py,Simple Assignment,81,81,12,A1
cookies,content-server-3.py,Simple Assignment,83,83,12,A1
cookies,content-server-3.py,Simple Assignment,77,77,16,A1
cookies,content-server-3.py,Simple Assignment,78,78,16,A1
cookies,content-server-3.py,Import,18,18,0,A2
cookies,content-server-3.py,Import,19,19,0,A2
cookies,content-server-3.py,Import,20,20,0,A2
cookies,content-server-3.py,Import,21,21,0,A2
cookies,content-server-3.py,Import,22,22,0,A2
cookies,content-server-3.py,Import,23,23,0,A2
cookies,content-server-3.py,Import,24,24,0,A2
cookies,content-server-3.py,Alias,18,18,7,A1
cookies,content-server-3.py,Alias,19,19,7,A1
cookies,content-server-3.py,Alias,20,20,7,A1
cookies,content-server-3.py,Alias,21,21,7,A1
cookies,content-server-3.py,Alias,22,22,7,A1
cookies,content-server-3.py,Alias,23,23,7,A1
cookies,content-server-3.py,Alias,24,24,7,A1
cookies,content-server-3.py,If statements using → __name__ == ‘__main__’,95,96,0,B2
cookies,content-server-3.py,Simple If statements,64,72,8,A1
cookies,content-server-3.py,Simple If statements,74,78,8,A1
cookies,content-server-3.py,Simple If statements,80,83,8,A1
cookies,content-server-3.py,Simple If statements,76,78,12,A1
cookies,content-server-3.py,With,91,93,4,B1
cookies,content-server-3.py,Function,45,50,0,A1
cookies,content-server-3.py,Function,89,93,0,A1
cookies,content-server-3.py,Function with Simple argument,54,87,4,A1
cookies,content-server-3.py,Return,50,50,4,A1
cookies,content-server-3.py,Simple Class ,52,87,0,B1
cookies,cookies-server-7.py,Simple Tuple,101,101,32,A1
cookies,cookies-server-7.py,Simple Dictionary,45,45,7,A2
cookies,cookies-server-7.py,Print,58,58,8,A1
cookies,cookies-server-7.py,Files --> 'write' call function,96,97,8,A2
cookies,cookies-server-7.py,Print,102,102,8,A1
cookies,cookies-server-7.py,Simple Atributte,54,54,14,A2
cookies,cookies-server-7.py,Simple Atributte,54,54,14,A2
cookies,cookies-server-7.py,Simple Atributte,48,48,13,A2
cookies,cookies-server-7.py,Simple Atributte,49,49,4,A2
cookies,cookies-server-7.py,Simple Atributte,51,51,11,A2
cookies,cookies-server-7.py,Simple Atributte,81,81,11,A2
cookies,cookies-server-7.py,Simple Atributte,59,59,26,A2
cookies,cookies-server-7.py,Simple Atributte,59,59,48,A2
cookies,cookies-server-7.py,Simple Atributte,61,61,8,A2
cookies,cookies-server-7.py,Simple Atributte,62,62,8,A2
cookies,cookies-server-7.py,Simple Atributte,64,64,18,A2
cookies,cookies-server-7.py,Simple Atributte,72,72,17,A2
cookies,cookies-server-7.py,Simple Atributte,95,95,8,A2
cookies,cookies-server-7.py,Simple Atributte,96,96,8,A2
cookies,cookies-server-7.py,Simple Atributte,101,101,9,A2
cookies,cookies-server-7.py,Simple Atributte,102,102,33,A2
cookies,cookies-server-7.py,Simple Atributte,103,103,8,A2
cookies,cookies-server-7.py,Simple Atributte,58,58,33,A2
cookies,cookies-server-7.py,Simple Atributte,59,59,26,A2
cookies,cookies-server-7.py,Simple Atributte,64,64,18,A2
cookies,cookies-server-7.py,Simple Atributte,64,64,44,A2
cookies,cookies-server-7.py,Simple Atributte,68,68,52,A2
cookies,cookies-server-7.py,Simple Atributte,75,75,17,A2
cookies,cookies-server-7.py,Simple Atributte,76,76,21,A2
cookies,cookies-server-7.py,Simple Atributte,78,78,12,A2
cookies,cookies-server-7.py,Simple Atributte,82,82,17,A2
cookies,cookies-server-7.py,Simple Atributte,82,82,39,A2
cookies,cookies-server-7.py,Simple Atributte,96,96,8,A2
cookies,cookies-server-7.py,Simple Atributte,101,101,37,A2
cookies,cookies-server-7.py,Simple Atributte,64,64,44,A2
cookies,cookies-server-7.py,Simple Atributte,75,75,25,A2
cookies,cookies-server-7.py,Simple Atributte,76,76,21,A2
cookies,cookies-server-7.py,Simple Atributte,78,78,43,A2
cookies,cookies-server-7.py,Simple Atributte,82,82,17,A2
cookies,cookies-server-7.py,Simple Atributte,86,86,25,A2
cookies,cookies-server-7.py,Simple Atributte,88,88,16,A2
cookies,cookies-server-7.py,Simple Atributte,96,96,31,A2
cookies,cookies-server-7.py,Simple Atributte,75,75,40,A2
cookies,cookies-server-7.py,Simple Atributte,75,75,65,A2
cookies,cookies-server-7.py,Simple Atributte,86,86,25,A2
cookies,cookies-server-7.py,Simple Atributte,88,88,47,A2
cookies,cookies-server-7.py,Subscript,77,77,12,A1
cookies,cookies-server-7.py,Subscript,72,72,17,A1
cookies,cookies-server-7.py,Subscript,84,84,27,A1
cookies,cookies-server-7.py,Subscript,87,87,16,A1
cookies,cookies-server-7.py,Subscript,89,89,16,A1
cookies,cookies-server-7.py,Subscript,93,93,59,A1
cookies,cookies-server-7.py,Subscript,68,68,52,A1
cookies,cookies-server-7.py,Subscript,84,84,27,A1
cookies,cookies-server-7.py,Simple Assignment,25,25,0,A1
cookies,cookies-server-7.py,Simple Assignment,27,42,0,A1
cookies,cookies-server-7.py,Simple Assignment,45,45,0,A1
cookies,cookies-server-7.py,Simple Assignment,48,48,4,A1
cookies,cookies-server-7.py,Simple Assignment,51,51,4,A1
cookies,cookies-server-7.py,Simple Assignment,100,100,4,A1
cookies,cookies-server-7.py,Simple Assignment,59,59,8,A1
cookies,cookies-server-7.py,Simple Assignment,64,64,8,A1
cookies,cookies-server-7.py,Simple Assignment,66,66,8,A1
cookies,cookies-server-7.py,Simple Assignment,70,70,8,A1
cookies,cookies-server-7.py,Simple Assignment,80,80,8,A1
cookies,cookies-server-7.py,Simple Assignment,91,91,8,A1
cookies,cookies-server-7.py,Assigment with sum (total = total + 1),68,68,12,A1
cookies,cookies-server-7.py,Simple Assignment,72,72,12,A1
cookies,cookies-server-7.py,Assigment with sum (total = total + 1),73,73,12,A1
cookies,cookies-server-7.py,Simple Assignment,75,75,12,A1
cookies,cookies-server-7.py,Simple Assignment,76,76,12,A1
cookies,cookies-server-7.py,Simple Assignment,77,77,12,A1
cookies,cookies-server-7.py,Simple Assignment,82,82,12,A1
cookies,cookies-server-7.py,Assigment with sum (total = total + 1),93,93,12,A1
cookies,cookies-server-7.py,Simple Assignment,84,84,16,A1
cookies,cookies-server-7.py,Assigment with sum (total = total + 1),85,85,16,A1
cookies,cookies-server-7.py,Simple Assignment,86,86,16,A1
cookies,cookies-server-7.py,Simple Assignment,87,87,16,A1
cookies,cookies-server-7.py,Simple Assignment,89,89,16,A1
cookies,cookies-server-7.py,Import,17,17,0,A2
cookies,cookies-server-7.py,Import,18,18,0,A2
cookies,cookies-server-7.py,Import,19,19,0,A2
cookies,cookies-server-7.py,Import,20,20,0,A2
cookies,cookies-server-7.py,Import,21,21,0,A2
cookies,cookies-server-7.py,Import,22,22,0,A2
cookies,cookies-server-7.py,Import,23,23,0,A2
cookies,cookies-server-7.py,Alias,17,17,7,A1
cookies,cookies-server-7.py,Alias,18,18,7,A1
cookies,cookies-server-7.py,Alias,19,19,7,A1
cookies,cookies-server-7.py,Alias,20,20,7,A1
cookies,cookies-server-7.py,Alias,21,21,7,A1
cookies,cookies-server-7.py,Alias,22,22,7,A1
cookies,cookies-server-7.py,Alias,23,23,7,A1
cookies,cookies-server-7.py,If statements using → __name__ == ‘__main__’,105,106,0,B2
cookies,cookies-server-7.py,Simple If statements,67,68,8,A1
cookies,cookies-server-7.py,Simple If statements,71,78,8,A1
cookies,cookies-server-7.py,Simple If statements,81,89,8,A1
cookies,cookies-server-7.py,Simple If statements,92,93,8,A1
cookies,cookies-server-7.py,Simple If statements,83,89,12,A1
cookies,cookies-server-7.py,With,101,103,4,B1
cookies,cookies-server-7.py,Function,47,52,0,A1
cookies,cookies-server-7.py,Function,99,103,0,A1
cookies,cookies-server-7.py,Function with Simple argument,56,97,4,A1
cookies,cookies-server-7.py,Return,52,52,4,A1
cookies,cookies-server-7.py,Simple Class ,54,97,0,B1
cookies,cookies-server-5.py,Simple Tuple,65,65,32,A1
cookies,cookies-server-5.py,Print,45,45,8,A1
cookies,cookies-server-5.py,Files --> 'write' call function,61,61,8,A2
cookies,cookies-server-5.py,Print,66,66,8,A1
cookies,cookies-server-5.py,Simple Atributte,41,41,14,A2
cookies,cookies-server-5.py,Simple Atributte,41,41,14,A2
cookies,cookies-server-5.py,Simple Atributte,35,35,13,A2
cookies,cookies-server-5.py,Simple Atributte,36,36,4,A2
cookies,cookies-server-5.py,Simple Atributte,38,38,11,A2
cookies,cookies-server-5.py,Simple Atributte,52,52,11,A2
cookies,cookies-server-5.py,Simple Atributte,46,46,26,A2
cookies,cookies-server-5.py,Simple Atributte,46,46,48,A2
cookies,cookies-server-5.py,Simple Atributte,48,48,8,A2
cookies,cookies-server-5.py,Simple Atributte,49,49,8,A2
cookies,cookies-server-5.py,Simple Atributte,60,60,8,A2
cookies,cookies-server-5.py,Simple Atributte,61,61,8,A2
cookies,cookies-server-5.py,Simple Atributte,65,65,9,A2
cookies,cookies-server-5.py,Simple Atributte,66,66,33,A2
cookies,cookies-server-5.py,Simple Atributte,67,67,8,A2
cookies,cookies-server-5.py,Simple Atributte,45,45,33,A2
cookies,cookies-server-5.py,Simple Atributte,46,46,26,A2
cookies,cookies-server-5.py,Simple Atributte,53,53,17,A2
cookies,cookies-server-5.py,Simple Atributte,53,53,39,A2
cookies,cookies-server-5.py,Simple Atributte,61,61,8,A2
cookies,cookies-server-5.py,Simple Atributte,65,65,37,A2
cookies,cookies-server-5.py,Simple Atributte,53,53,17,A2
cookies,cookies-server-5.py,Simple Atributte,56,56,25,A2
cookies,cookies-server-5.py,Simple Atributte,58,58,16,A2
cookies,cookies-server-5.py,Simple Atributte,61,61,31,A2
cookies,cookies-server-5.py,Simple Atributte,56,56,25,A2
cookies,cookies-server-5.py,Simple Atributte,58,58,47,A2
cookies,cookies-server-5.py,Subscript,57,57,16,A1
cookies,cookies-server-5.py,Subscript,57,57,36,A1
cookies,cookies-server-5.py,Subscript,55,55,42,A1
cookies,cookies-server-5.py,Subscript,57,57,36,A1
cookies,cookies-server-5.py,Subscript,55,55,42,A1
cookies,cookies-server-5.py,Simple Assignment,18,18,0,A1
cookies,cookies-server-5.py,Simple Assignment,20,32,0,A1
cookies,cookies-server-5.py,Simple Assignment,35,35,4,A1
cookies,cookies-server-5.py,Simple Assignment,38,38,4,A1
cookies,cookies-server-5.py,Simple Assignment,64,64,4,A1
cookies,cookies-server-5.py,Simple Assignment,46,46,8,A1
cookies,cookies-server-5.py,Simple Assignment,51,51,8,A1
cookies,cookies-server-5.py,Simple Assignment,53,53,12,A1
cookies,cookies-server-5.py,Assigment with sum (total = total + 1),55,55,16,A1
cookies,cookies-server-5.py,Simple Assignment,56,56,16,A1
cookies,cookies-server-5.py,Simple Assignment,57,57,16,A1
cookies,cookies-server-5.py,Import,12,12,0,A2
cookies,cookies-server-5.py,Import,13,13,0,A2
cookies,cookies-server-5.py,Import,14,14,0,A2
cookies,cookies-server-5.py,Import,15,15,0,A2
cookies,cookies-server-5.py,Import,16,16,0,A2
cookies,cookies-server-5.py,Alias,12,12,7,A1
cookies,cookies-server-5.py,Alias,13,13,7,A1
cookies,cookies-server-5.py,Alias,14,14,7,A1
cookies,cookies-server-5.py,Alias,15,15,7,A1
cookies,cookies-server-5.py,Alias,16,16,7,A1
cookies,cookies-server-5.py,If statements using → __name__ == ‘__main__’,69,70,0,B2
cookies,cookies-server-5.py,Simple If statements,52,58,8,A1
cookies,cookies-server-5.py,Simple If statements,54,58,12,A1
cookies,cookies-server-5.py,With,65,67,4,B1
cookies,cookies-server-5.py,Function,34,39,0,A1
cookies,cookies-server-5.py,Function,63,67,0,A1
cookies,cookies-server-5.py,Function with Simple argument,43,61,4,A1
cookies,cookies-server-5.py,Return,39,39,4,A1
cookies,cookies-server-5.py,Simple Class ,41,61,0,B1
cookies,cookies-server-6.py,Simple Tuple,77,77,32,A1
cookies,cookies-server-6.py,Print,51,51,8,A1
cookies,cookies-server-6.py,Files --> 'write' call function,73,73,8,A2
cookies,cookies-server-6.py,Print,78,78,8,A1
cookies,cookies-server-6.py,Simple Atributte,47,47,14,A2
cookies,cookies-server-6.py,Simple Atributte,47,47,14,A2
cookies,cookies-server-6.py,Simple Atributte,41,41,13,A2
cookies,cookies-server-6.py,Simple Atributte,42,42,4,A2
cookies,cookies-server-6.py,Simple Atributte,44,44,11,A2
cookies,cookies-server-6.py,Simple Atributte,64,64,11,A2
cookies,cookies-server-6.py,Simple Atributte,52,52,26,A2
cookies,cookies-server-6.py,Simple Atributte,52,52,48,A2
cookies,cookies-server-6.py,Simple Atributte,54,54,8,A2
cookies,cookies-server-6.py,Simple Atributte,55,55,8,A2
cookies,cookies-server-6.py,Simple Atributte,57,57,18,A2
cookies,cookies-server-6.py,Simple Atributte,72,72,8,A2
cookies,cookies-server-6.py,Simple Atributte,73,73,8,A2
cookies,cookies-server-6.py,Simple Atributte,77,77,9,A2
cookies,cookies-server-6.py,Simple Atributte,78,78,33,A2
cookies,cookies-server-6.py,Simple Atributte,79,79,8,A2
cookies,cookies-server-6.py,Simple Atributte,51,51,33,A2
cookies,cookies-server-6.py,Simple Atributte,52,52,26,A2
cookies,cookies-server-6.py,Simple Atributte,57,57,18,A2
cookies,cookies-server-6.py,Simple Atributte,57,57,44,A2
cookies,cookies-server-6.py,Simple Atributte,61,61,40,A2
cookies,cookies-server-6.py,Simple Atributte,65,65,17,A2
cookies,cookies-server-6.py,Simple Atributte,65,65,39,A2
cookies,cookies-server-6.py,Simple Atributte,73,73,8,A2
cookies,cookies-server-6.py,Simple Atributte,77,77,37,A2
cookies,cookies-server-6.py,Simple Atributte,57,57,44,A2
cookies,cookies-server-6.py,Simple Atributte,65,65,17,A2
cookies,cookies-server-6.py,Simple Atributte,68,68,25,A2
cookies,cookies-server-6.py,Simple Atributte,70,70,16,A2
cookies,cookies-server-6.py,Simple Atributte,73,73,31,A2
cookies,cookies-server-6.py,Simple Atributte,68,68,25,A2
cookies,cookies-server-6.py,Simple Atributte,70,70,47,A2
cookies,cookies-server-6.py,Subscript,69,69,16,A1
cookies,cookies-server-6.py,Subscript,69,69,36,A1
cookies,cookies-server-6.py,Subscript,61,61,40,A1
cookies,cookies-server-6.py,Subscript,67,67,42,A1
cookies,cookies-server-6.py,Subscript,69,69,36,A1
cookies,cookies-server-6.py,Subscript,67,67,42,A1
cookies,cookies-server-6.py,Simple Assignment,23,23,0,A1
cookies,cookies-server-6.py,Simple Assignment,25,38,0,A1
cookies,cookies-server-6.py,Simple Assignment,41,41,4,A1
cookies,cookies-server-6.py,Simple Assignment,44,44,4,A1
cookies,cookies-server-6.py,Simple Assignment,76,76,4,A1
cookies,cookies-server-6.py,Simple Assignment,52,52,8,A1
cookies,cookies-server-6.py,Simple Assignment,57,57,8,A1
cookies,cookies-server-6.py,Simple Assignment,59,59,8,A1
cookies,cookies-server-6.py,Simple Assignment,63,63,8,A1
cookies,cookies-server-6.py,Assigment with sum (total = total + 1),61,61,12,A1
cookies,cookies-server-6.py,Simple Assignment,65,65,12,A1
cookies,cookies-server-6.py,Assigment with sum (total = total + 1),67,67,16,A1
cookies,cookies-server-6.py,Simple Assignment,68,68,16,A1
cookies,cookies-server-6.py,Simple Assignment,69,69,16,A1
cookies,cookies-server-6.py,Import,17,17,0,A2
cookies,cookies-server-6.py,Import,18,18,0,A2
cookies,cookies-server-6.py,Import,19,19,0,A2
cookies,cookies-server-6.py,Import,20,20,0,A2
cookies,cookies-server-6.py,Import,21,21,0,A2
cookies,cookies-server-6.py,Alias,17,17,7,A1
cookies,cookies-server-6.py,Alias,18,18,7,A1
cookies,cookies-server-6.py,Alias,19,19,7,A1
cookies,cookies-server-6.py,Alias,20,20,7,A1
cookies,cookies-server-6.py,Alias,21,21,7,A1
cookies,cookies-server-6.py,If statements using → __name__ == ‘__main__’,81,82,0,B2
cookies,cookies-server-6.py,Simple If statements,60,61,8,A1
cookies,cookies-server-6.py,Simple If statements,64,70,8,A1
cookies,cookies-server-6.py,Simple If statements,66,70,12,A1
cookies,cookies-server-6.py,With,77,79,4,B1
cookies,cookies-server-6.py,Function,40,45,0,A1
cookies,cookies-server-6.py,Function,75,79,0,A1
cookies,cookies-server-6.py,Function with Simple argument,49,73,4,A1
cookies,cookies-server-6.py,Return,45,45,4,A1
cookies,cookies-server-6.py,Simple Class ,47,73,0,B1
cookies,content-server-1.py,Simple Tuple,78,78,32,A1
cookies,content-server-1.py,Print,51,51,8,A1
cookies,content-server-1.py,Files --> 'write' call function,73,74,8,A2
cookies,content-server-1.py,Print,79,79,8,A1
cookies,content-server-1.py,Simple Atributte,47,47,14,A2
cookies,content-server-1.py,Simple Atributte,47,47,14,A2
cookies,content-server-1.py,Simple Atributte,41,41,13,A2
cookies,content-server-1.py,Simple Atributte,42,42,4,A2
cookies,content-server-1.py,Simple Atributte,44,44,11,A2
cookies,content-server-1.py,Simple Atributte,63,63,11,A2
cookies,content-server-1.py,Simple Atributte,52,52,26,A2
cookies,content-server-1.py,Simple Atributte,52,52,48,A2
cookies,content-server-1.py,Simple Atributte,54,54,8,A2
cookies,content-server-1.py,Simple Atributte,55,55,8,A2
cookies,content-server-1.py,Simple Atributte,57,57,18,A2
cookies,content-server-1.py,Simple Atributte,61,61,27,A2
cookies,content-server-1.py,Simple Atributte,72,72,8,A2
cookies,content-server-1.py,Simple Atributte,73,73,8,A2
cookies,content-server-1.py,Simple Atributte,78,78,9,A2
cookies,content-server-1.py,Simple Atributte,79,79,33,A2
cookies,content-server-1.py,Simple Atributte,80,80,8,A2
cookies,content-server-1.py,Simple Atributte,51,51,33,A2
cookies,content-server-1.py,Simple Atributte,52,52,26,A2
cookies,content-server-1.py,Simple Atributte,57,57,18,A2
cookies,content-server-1.py,Simple Atributte,57,57,44,A2
cookies,content-server-1.py,Simple Atributte,64,64,17,A2
cookies,content-server-1.py,Simple Atributte,64,64,39,A2
cookies,content-server-1.py,Simple Atributte,73,73,8,A2
cookies,content-server-1.py,Simple Atributte,78,78,37,A2
cookies,content-server-1.py,Simple Atributte,57,57,44,A2
cookies,content-server-1.py,Simple Atributte,64,64,17,A2
cookies,content-server-1.py,Simple Atributte,68,68,25,A2
cookies,content-server-1.py,Simple Atributte,70,70,16,A2
cookies,content-server-1.py,Simple Atributte,73,73,31,A2
cookies,content-server-1.py,Simple Atributte,68,68,25,A2
cookies,content-server-1.py,Simple Atributte,70,70,47,A2
cookies,content-server-1.py,Subscript,61,61,27,A1
cookies,content-server-1.py,Subscript,66,66,26,A1
cookies,content-server-1.py,Subscript,69,69,16,A1
cookies,content-server-1.py,Subscript,66,66,26,A1
cookies,content-server-1.py,Simple Assignment,24,24,0,A1
cookies,content-server-1.py,Simple Assignment,26,38,0,A1
cookies,content-server-1.py,Simple Assignment,41,41,4,A1
cookies,content-server-1.py,Simple Assignment,44,44,4,A1
cookies,content-server-1.py,Simple Assignment,77,77,4,A1
cookies,content-server-1.py,Simple Assignment,52,52,8,A1
cookies,content-server-1.py,Simple Assignment,57,57,8,A1
cookies,content-server-1.py,Simple Assignment,59,59,8,A1
cookies,content-server-1.py,Simple Assignment,61,61,12,A1
cookies,content-server-1.py,Simple Assignment,64,64,12,A1
cookies,content-server-1.py,Simple Assignment,66,66,16,A1
cookies,content-server-1.py,Simple Assignment,67,67,16,A1
cookies,content-server-1.py,Simple Assignment,68,68,16,A1
cookies,content-server-1.py,Simple Assignment,69,69,16,A1
cookies,content-server-1.py,Import,18,18,0,A2
cookies,content-server-1.py,Import,19,19,0,A2
cookies,content-server-1.py,Import,20,20,0,A2
cookies,content-server-1.py,Import,21,21,0,A2
cookies,content-server-1.py,Import,22,22,0,A2
cookies,content-server-1.py,Alias,18,18,7,A1
cookies,content-server-1.py,Alias,19,19,7,A1
cookies,content-server-1.py,Alias,20,20,7,A1
cookies,content-server-1.py,Alias,21,21,7,A1
cookies,content-server-1.py,Alias,22,22,7,A1
cookies,content-server-1.py,If statements using → __name__ == ‘__main__’,82,83,0,B2
cookies,content-server-1.py,Simple If statements,60,61,8,A1
cookies,content-server-1.py,Simple If statements,63,70,8,A1
cookies,content-server-1.py,Simple If statements,65,70,12,A1
cookies,content-server-1.py,With,78,80,4,B1
cookies,content-server-1.py,Function,40,45,0,A1
cookies,content-server-1.py,Function,76,80,0,A1
cookies,content-server-1.py,Function with Simple argument,49,74,4,A1
cookies,content-server-1.py,Return,45,45,4,A1
cookies,content-server-1.py,Simple Class ,47,74,0,B1
cookies,cookies-server-4.py,Simple Tuple,59,59,32,A1
cookies,cookies-server-4.py,Print,44,44,8,A1
cookies,cookies-server-4.py,Print,46,46,8,A1
cookies,cookies-server-4.py,Files --> 'write' call function,55,55,8,A2
cookies,cookies-server-4.py,Print,60,60,8,A1
cookies,cookies-server-4.py,Simple Atributte,40,40,14,A2
cookies,cookies-server-4.py,Simple Atributte,40,40,14,A2
cookies,cookies-server-4.py,Simple Atributte,34,34,13,A2
cookies,cookies-server-4.py,Simple Atributte,35,35,4,A2
cookies,cookies-server-4.py,Simple Atributte,37,37,11,A2
cookies,cookies-server-4.py,Simple Atributte,48,48,11,A2
cookies,cookies-server-4.py,Simple Atributte,45,45,26,A2
cookies,cookies-server-4.py,Simple Atributte,45,45,48,A2
cookies,cookies-server-4.py,Simple Atributte,52,52,8,A2
cookies,cookies-server-4.py,Simple Atributte,53,53,8,A2
cookies,cookies-server-4.py,Simple Atributte,54,54,8,A2
cookies,cookies-server-4.py,Simple Atributte,55,55,8,A2
cookies,cookies-server-4.py,Simple Atributte,59,59,9,A2
cookies,cookies-server-4.py,Simple Atributte,60,60,33,A2
cookies,cookies-server-4.py,Simple Atributte,61,61,8,A2
cookies,cookies-server-4.py,Simple Atributte,44,44,33,A2
cookies,cookies-server-4.py,Simple Atributte,45,45,26,A2
cookies,cookies-server-4.py,Simple Atributte,49,49,17,A2
cookies,cookies-server-4.py,Simple Atributte,49,49,39,A2
cookies,cookies-server-4.py,Simple Atributte,55,55,8,A2
cookies,cookies-server-4.py,Simple Atributte,59,59,37,A2
cookies,cookies-server-4.py,Simple Atributte,49,49,17,A2
cookies,cookies-server-4.py,Simple Atributte,55,55,31,A2
cookies,cookies-server-4.py,Subscript,51,51,42,A1
cookies,cookies-server-4.py,Subscript,51,51,42,A1
cookies,cookies-server-4.py,Simple Assignment,17,17,0,A1
cookies,cookies-server-4.py,Simple Assignment,19,31,0,A1
cookies,cookies-server-4.py,Simple Assignment,34,34,4,A1
cookies,cookies-server-4.py,Simple Assignment,37,37,4,A1
cookies,cookies-server-4.py,Simple Assignment,58,58,4,A1
cookies,cookies-server-4.py,Simple Assignment,45,45,8,A1
cookies,cookies-server-4.py,Simple Assignment,47,47,8,A1
cookies,cookies-server-4.py,Simple Assignment,49,49,12,A1
cookies,cookies-server-4.py,Assigment with sum (total = total + 1),51,51,16,A1
cookies,cookies-server-4.py,Import,12,12,0,A2
cookies,cookies-server-4.py,Import,13,13,0,A2
cookies,cookies-server-4.py,Import,14,14,0,A2
cookies,cookies-server-4.py,Import,15,15,0,A2
cookies,cookies-server-4.py,Alias,12,12,7,A1
cookies,cookies-server-4.py,Alias,13,13,7,A1
cookies,cookies-server-4.py,Alias,14,14,7,A1
cookies,cookies-server-4.py,Alias,15,15,7,A1
cookies,cookies-server-4.py,If statements using → __name__ == ‘__main__’,63,64,0,B2
cookies,cookies-server-4.py,Simple If statements,48,51,8,A1
cookies,cookies-server-4.py,Simple If statements,50,51,12,A1
cookies,cookies-server-4.py,With,59,61,4,B1
cookies,cookies-server-4.py,Function,33,38,0,A1
cookies,cookies-server-4.py,Function,57,61,0,A1
cookies,cookies-server-4.py,Function with Simple argument,42,55,4,A1
cookies,cookies-server-4.py,Return,38,38,4,A1
cookies,cookies-server-4.py,Simple Class ,40,55,0,B1
cookies,content-server-4.py,Simple Tuple,105,105,32,A1
cookies,content-server-4.py,Simple Dictionary,43,43,7,A2
cookies,content-server-4.py,Files --> 'write' call function,80,81,8,A2
cookies,content-server-4.py,Print,106,106,8,A1
cookies,content-server-4.py,Files --> 'read' call function,89,89,22,A2
cookies,content-server-4.py,Simple Atributte,52,52,14,A2
cookies,content-server-4.py,Simple Atributte,52,52,14,A2
cookies,content-server-4.py,Simple Atributte,46,46,13,A2
cookies,content-server-4.py,Simple Atributte,47,47,4,A2
cookies,content-server-4.py,Simple Atributte,49,49,11,A2
cookies,content-server-4.py,Simple Atributte,56,56,8,A2
cookies,content-server-4.py,Simple Atributte,57,57,8,A2
cookies,content-server-4.py,Simple Atributte,59,59,18,A2
cookies,content-server-4.py,Simple Atributte,62,62,24,A2
cookies,content-server-4.py,Simple Atributte,63,63,12,A2
cookies,content-server-4.py,Simple Atributte,66,66,12,A2
cookies,content-server-4.py,Simple Atributte,68,68,27,A2
cookies,content-server-4.py,Simple Atributte,74,74,11,A2
cookies,content-server-4.py,Simple Atributte,79,79,8,A2
cookies,content-server-4.py,Simple Atributte,80,80,8,A2
cookies,content-server-4.py,Simple Atributte,85,85,8,A2
cookies,content-server-4.py,Simple Atributte,87,87,31,A2
cookies,content-server-4.py,Simple Atributte,96,96,8,A2
cookies,content-server-4.py,Simple Atributte,100,100,8,A2
cookies,content-server-4.py,Simple Atributte,101,101,8,A2
cookies,content-server-4.py,Simple Atributte,105,105,9,A2
cookies,content-server-4.py,Simple Atributte,106,106,33,A2
cookies,content-server-4.py,Simple Atributte,107,107,8,A2
cookies,content-server-4.py,Simple Atributte,59,59,18,A2
cookies,content-server-4.py,Simple Atributte,59,59,44,A2
cookies,content-server-4.py,Simple Atributte,66,66,22,A2
cookies,content-server-4.py,Simple Atributte,67,67,21,A2
cookies,content-server-4.py,Simple Atributte,69,69,12,A2
cookies,content-server-4.py,Simple Atributte,75,75,32,A2
cookies,content-server-4.py,Simple Atributte,80,80,8,A2
cookies,content-server-4.py,Simple Atributte,89,89,22,A2
cookies,content-server-4.py,Simple Atributte,90,90,17,A2
cookies,content-server-4.py,Simple Atributte,105,105,37,A2
cookies,content-server-4.py,Simple Atributte,59,59,44,A2
cookies,content-server-4.py,Simple Atributte,66,66,30,A2
cookies,content-server-4.py,Simple Atributte,67,67,21,A2
cookies,content-server-4.py,Simple Atributte,69,69,43,A2
cookies,content-server-4.py,Simple Atributte,80,80,31,A2
cookies,content-server-4.py,Simple Atributte,88,88,33,A2
cookies,content-server-4.py,Simple Atributte,90,90,17,A2
cookies,content-server-4.py,Simple Atributte,94,94,21,A2
cookies,content-server-4.py,Simple Atributte,66,66,45,A2
cookies,content-server-4.py,Simple Atributte,66,66,70,A2
cookies,content-server-4.py,Simple Atributte,89,89,22,A2
cookies,content-server-4.py,Simple Atributte,89,89,22,A2
cookies,content-server-4.py,Subscript,68,68,12,A1
cookies,content-server-4.py,Subscript,75,75,27,A1
cookies,content-server-4.py,Subscript,62,62,24,A1
cookies,content-server-4.py,Subscript,88,88,33,A1
cookies,content-server-4.py,Subscript,93,93,26,A1
cookies,content-server-4.py,Subscript,94,94,16,A1
cookies,content-server-4.py,Subscript,93,93,26,A1
cookies,content-server-4.py,Simple Assignment,26,26,0,A1
cookies,content-server-4.py,Simple Assignment,28,40,0,A1
cookies,content-server-4.py,Simple Assignment,43,43,0,A1
cookies,content-server-4.py,Simple Assignment,46,46,4,A1
cookies,content-server-4.py,Simple Assignment,49,49,4,A1
cookies,content-server-4.py,Simple Assignment,104,104,4,A1
cookies,content-server-4.py,Simple Assignment,59,59,8,A1
cookies,content-server-4.py,Simple Assignment,62,62,12,A1
cookies,content-server-4.py,Simple Assignment,63,63,12,A1
cookies,content-server-4.py,Simple Assignment,65,65,12,A1
cookies,content-server-4.py,Simple Assignment,66,66,12,A1
cookies,content-server-4.py,Simple Assignment,67,67,12,A1
cookies,content-server-4.py,Simple Assignment,68,68,12,A1
cookies,content-server-4.py,Simple Assignment,75,75,12,A1
cookies,content-server-4.py,Simple Assignment,77,77,12,A1
cookies,content-server-4.py,Simple Assignment,88,88,12,A1
cookies,content-server-4.py,Simple Assignment,89,89,12,A1
cookies,content-server-4.py,Simple Assignment,90,91,12,A1
cookies,content-server-4.py,Simple Assignment,93,93,16,A1
cookies,content-server-4.py,Simple Assignment,94,94,16,A1
cookies,content-server-4.py,Import,18,18,0,A2
cookies,content-server-4.py,Import,19,19,0,A2
cookies,content-server-4.py,Import,20,20,0,A2
cookies,content-server-4.py,Import,21,21,0,A2
cookies,content-server-4.py,Import,22,22,0,A2
cookies,content-server-4.py,Import,23,23,0,A2
cookies,content-server-4.py,Import,24,24,0,A2
cookies,content-server-4.py,Alias,18,18,7,A1
cookies,content-server-4.py,Alias,19,19,7,A1
cookies,content-server-4.py,Alias,20,20,7,A1
cookies,content-server-4.py,Alias,21,21,7,A1
cookies,content-server-4.py,Alias,22,22,7,A1
cookies,content-server-4.py,Alias,23,23,7,A1
cookies,content-server-4.py,Alias,24,24,7,A1
cookies,content-server-4.py,If statements using → __name__ == ‘__main__’,109,110,0,B2
cookies,content-server-4.py,Simple If statements,61,69,8,A1
cookies,content-server-4.py,Simple If statements,74,77,8,A1
cookies,content-server-4.py,Simple If statements,87,94,8,A1
cookies,content-server-4.py,Simple If statements,92,94,12,A1
cookies,content-server-4.py,With,105,107,4,B1
cookies,content-server-4.py,Function,45,50,0,A1
cookies,content-server-4.py,Function,103,107,0,A1
cookies,content-server-4.py,Function with Simple argument,54,69,4,A1
cookies,content-server-4.py,Function with Simple argument,72,81,4,A1
cookies,content-server-4.py,Function with Simple argument,83,96,4,A1
cookies,content-server-4.py,Function with Simple argument,98,101,4,A1
cookies,content-server-4.py,Return,50,50,4,A1
cookies,content-server-4.py,Simple Class ,52,101,0,B1
cookies,cookies-server-2.py,Simple Tuple,46,46,32,A1
cookies,cookies-server-2.py,Print,38,38,8,A1
cookies,cookies-server-2.py,Files --> 'write' call function,42,42,8,A2
cookies,cookies-server-2.py,Print,47,47,8,A1
cookies,cookies-server-2.py,Simple Atributte,34,34,14,A2
cookies,cookies-server-2.py,Simple Atributte,34,34,14,A2
cookies,cookies-server-2.py,Simple Atributte,28,28,13,A2
cookies,cookies-server-2.py,Simple Atributte,29,29,4,A2
cookies,cookies-server-2.py,Simple Atributte,31,31,11,A2
cookies,cookies-server-2.py,Simple Atributte,39,39,8,A2
cookies,cookies-server-2.py,Simple Atributte,40,40,8,A2
cookies,cookies-server-2.py,Simple Atributte,41,41,8,A2
cookies,cookies-server-2.py,Simple Atributte,42,42,8,A2
cookies,cookies-server-2.py,Simple Atributte,46,46,9,A2
cookies,cookies-server-2.py,Simple Atributte,47,47,33,A2
cookies,cookies-server-2.py,Simple Atributte,48,48,8,A2
cookies,cookies-server-2.py,Simple Atributte,38,38,33,A2
cookies,cookies-server-2.py,Simple Atributte,42,42,8,A2
cookies,cookies-server-2.py,Simple Atributte,46,46,37,A2
cookies,cookies-server-2.py,Simple Assignment,16,16,0,A1
cookies,cookies-server-2.py,Simple Assignment,18,25,0,A1
cookies,cookies-server-2.py,Simple Assignment,28,28,4,A1
cookies,cookies-server-2.py,Simple Assignment,31,31,4,A1
cookies,cookies-server-2.py,Simple Assignment,45,45,4,A1
cookies,cookies-server-2.py,Import,12,12,0,A2
cookies,cookies-server-2.py,Import,13,13,0,A2
cookies,cookies-server-2.py,Import,14,14,0,A2
cookies,cookies-server-2.py,Alias,12,12,7,A1
cookies,cookies-server-2.py,Alias,13,13,7,A1
cookies,cookies-server-2.py,Alias,14,14,7,A1
cookies,cookies-server-2.py,If statements using → __name__ == ‘__main__’,50,51,0,B2
cookies,cookies-server-2.py,With,46,48,4,B1
cookies,cookies-server-2.py,Function,27,32,0,A1
cookies,cookies-server-2.py,Function,44,48,0,A1
cookies,cookies-server-2.py,Function with Simple argument,36,42,4,A1
cookies,cookies-server-2.py,Return,32,32,4,A1
cookies,cookies-server-2.py,Simple Class ,34,42,0,B1
cookies,content-server-2.py,Simple Tuple,92,92,32,A1
cookies,content-server-2.py,Files --> 'write' call function,64,65,8,A2
cookies,content-server-2.py,Print,93,93,8,A1
cookies,content-server-2.py,Files --> 'read' call function,73,73,22,A2
cookies,content-server-2.py,Simple Atributte,47,47,14,A2
cookies,content-server-2.py,Simple Atributte,47,47,14,A2
cookies,content-server-2.py,Simple Atributte,41,41,13,A2
cookies,content-server-2.py,Simple Atributte,42,42,4,A2
cookies,content-server-2.py,Simple Atributte,44,44,11,A2
cookies,content-server-2.py,Simple Atributte,56,56,8,A2
cookies,content-server-2.py,Simple Atributte,51,51,8,A2
cookies,content-server-2.py,Simple Atributte,52,52,8,A2
cookies,content-server-2.py,Simple Atributte,54,54,18,A2
cookies,content-server-2.py,Simple Atributte,58,58,12,A2
cookies,content-server-2.py,Simple Atributte,58,58,32,A2
cookies,content-server-2.py,Simple Atributte,63,63,8,A2
cookies,content-server-2.py,Simple Atributte,64,64,8,A2
cookies,content-server-2.py,Simple Atributte,69,69,8,A2
cookies,content-server-2.py,Simple Atributte,71,71,31,A2
cookies,content-server-2.py,Simple Atributte,83,83,8,A2
cookies,content-server-2.py,Simple Atributte,87,87,8,A2
cookies,content-server-2.py,Simple Atributte,88,88,8,A2
cookies,content-server-2.py,Simple Atributte,92,92,9,A2
cookies,content-server-2.py,Simple Atributte,93,93,33,A2
cookies,content-server-2.py,Simple Atributte,94,94,8,A2
cookies,content-server-2.py,Simple Atributte,54,54,18,A2
cookies,content-server-2.py,Simple Atributte,54,54,44,A2
cookies,content-server-2.py,Simple Atributte,64,64,8,A2
cookies,content-server-2.py,Simple Atributte,73,73,22,A2
cookies,content-server-2.py,Simple Atributte,74,74,17,A2
cookies,content-server-2.py,Simple Atributte,78,78,16,A2
cookies,content-server-2.py,Simple Atributte,92,92,37,A2
cookies,content-server-2.py,Simple Atributte,54,54,44,A2
cookies,content-server-2.py,Simple Atributte,64,64,31,A2
cookies,content-server-2.py,Simple Atributte,72,72,33,A2
cookies,content-server-2.py,Simple Atributte,74,74,17,A2
cookies,content-server-2.py,Simple Atributte,79,79,25,A2
cookies,content-server-2.py,Simple Atributte,81,81,16,A2
cookies,content-server-2.py,Simple Atributte,64,64,56,A2
cookies,content-server-2.py,Simple Atributte,73,73,22,A2
cookies,content-server-2.py,Simple Atributte,79,79,25,A2
cookies,content-server-2.py,Simple Atributte,81,81,47,A2
cookies,content-server-2.py,Simple Atributte,73,73,22,A2
cookies,content-server-2.py,Subscript,58,58,32,A1
cookies,content-server-2.py,Subscript,72,72,33,A1
cookies,content-server-2.py,Subscript,77,77,26,A1
cookies,content-server-2.py,Subscript,80,80,16,A1
cookies,content-server-2.py,Subscript,77,77,26,A1
cookies,content-server-2.py,Simple Assignment,24,24,0,A1
cookies,content-server-2.py,Simple Assignment,26,38,0,A1
cookies,content-server-2.py,Simple Assignment,41,41,4,A1
cookies,content-server-2.py,Simple Assignment,44,44,4,A1
cookies,content-server-2.py,Simple Assignment,91,91,4,A1
cookies,content-server-2.py,Simple Assignment,54,54,8,A1
cookies,content-server-2.py,Simple Assignment,56,56,8,A1
cookies,content-server-2.py,Simple Assignment,58,58,12,A1
cookies,content-server-2.py,Simple Assignment,72,72,12,A1
cookies,content-server-2.py,Simple Assignment,73,73,12,A1
cookies,content-server-2.py,Simple Assignment,74,75,12,A1
cookies,content-server-2.py,Simple Assignment,77,77,16,A1
cookies,content-server-2.py,Simple Assignment,78,78,16,A1
cookies,content-server-2.py,Simple Assignment,79,79,16,A1
cookies,content-server-2.py,Simple Assignment,80,80,16,A1
cookies,content-server-2.py,Import,18,18,0,A2
cookies,content-server-2.py,Import,19,19,0,A2
cookies,content-server-2.py,Import,20,20,0,A2
cookies,content-server-2.py,Import,21,21,0,A2
cookies,content-server-2.py,Import,22,22,0,A2
cookies,content-server-2.py,Alias,18,18,7,A1
cookies,content-server-2.py,Alias,19,19,7,A1
cookies,content-server-2.py,Alias,20,20,7,A1
cookies,content-server-2.py,Alias,21,21,7,A1
cookies,content-server-2.py,Alias,22,22,7,A1
cookies,content-server-2.py,If statements using → __name__ == ‘__main__’,96,97,0,B2
cookies,content-server-2.py,Simple If statements,57,58,8,A1
cookies,content-server-2.py,Simple If statements,71,81,8,A1
cookies,content-server-2.py,Simple If statements,76,81,12,A1
cookies,content-server-2.py,With,92,94,4,B1
cookies,content-server-2.py,Function,40,45,0,A1
cookies,content-server-2.py,Function,90,94,0,A1
cookies,content-server-2.py,Function with Simple argument,49,58,4,A1
cookies,content-server-2.py,Function with Simple argument,61,65,4,A1
cookies,content-server-2.py,Function with Simple argument,67,83,4,A1
cookies,content-server-2.py,Function with Simple argument,85,88,4,A1
cookies,content-server-2.py,Return,45,45,4,A1
cookies,content-server-2.py,Simple Class ,47,88,0,B1
cookies,cookies-server-1.py,Simple Tuple,37,37,32,A1
cookies,cookies-server-1.py,Print,29,29,8,A1
cookies,cookies-server-1.py,Files --> 'write' call function,33,33,8,A2
cookies,cookies-server-1.py,Print,38,38,8,A1
cookies,cookies-server-1.py,Simple Atributte,25,25,14,A2
cookies,cookies-server-1.py,Simple Atributte,25,25,14,A2
cookies,cookies-server-1.py,Simple Atributte,19,19,13,A2
cookies,cookies-server-1.py,Simple Atributte,20,20,4,A2
cookies,cookies-server-1.py,Simple Atributte,22,22,11,A2
cookies,cookies-server-1.py,Simple Atributte,30,30,8,A2
cookies,cookies-server-1.py,Simple Atributte,31,31,8,A2
cookies,cookies-server-1.py,Simple Atributte,32,32,8,A2
cookies,cookies-server-1.py,Simple Atributte,33,33,8,A2
cookies,cookies-server-1.py,Simple Atributte,37,37,9,A2
cookies,cookies-server-1.py,Simple Atributte,38,38,33,A2
cookies,cookies-server-1.py,Simple Atributte,39,39,8,A2
cookies,cookies-server-1.py,Simple Atributte,29,29,33,A2
cookies,cookies-server-1.py,Simple Atributte,33,33,8,A2
cookies,cookies-server-1.py,Simple Atributte,37,37,37,A2
cookies,cookies-server-1.py,Simple Assignment,16,16,0,A1
cookies,cookies-server-1.py,Simple Assignment,19,19,4,A1
cookies,cookies-server-1.py,Simple Assignment,22,22,4,A1
cookies,cookies-server-1.py,Simple Assignment,36,36,4,A1
cookies,cookies-server-1.py,Import,12,12,0,A2
cookies,cookies-server-1.py,Import,13,13,0,A2
cookies,cookies-server-1.py,Import,14,14,0,A2
cookies,cookies-server-1.py,Alias,12,12,7,A1
cookies,cookies-server-1.py,Alias,13,13,7,A1
cookies,cookies-server-1.py,Alias,14,14,7,A1
cookies,cookies-server-1.py,If statements using → __name__ == ‘__main__’,41,42,0,B2
cookies,cookies-server-1.py,With,37,39,4,B1
cookies,cookies-server-1.py,Function,18,23,0,A1
cookies,cookies-server-1.py,Function,35,39,0,A1
cookies,cookies-server-1.py,Function with Simple argument,27,33,4,A1
cookies,cookies-server-1.py,Return,23,23,4,A1
cookies,cookies-server-1.py,Simple Class ,25,33,0,B1
cookies,cookies-server-9.py,Simple Tuple,110,110,32,A1
cookies,cookies-server-9.py,Simple Dictionary,46,46,7,A2
cookies,cookies-server-9.py,Print,59,59,8,A1
cookies,cookies-server-9.py,Files --> 'write' call function,101,106,8,A2
cookies,cookies-server-9.py,Print,111,111,8,A1
cookies,cookies-server-9.py,Simple Atributte,55,55,14,A2
cookies,cookies-server-9.py,Simple Atributte,55,55,14,A2
cookies,cookies-server-9.py,Simple Atributte,49,49,13,A2
cookies,cookies-server-9.py,Simple Atributte,50,50,4,A2
cookies,cookies-server-9.py,Simple Atributte,52,52,11,A2
cookies,cookies-server-9.py,Simple Atributte,91,91,11,A2
cookies,cookies-server-9.py,Simple Atributte,60,60,26,A2
cookies,cookies-server-9.py,Simple Atributte,60,60,48,A2
cookies,cookies-server-9.py,Simple Atributte,62,62,8,A2
cookies,cookies-server-9.py,Simple Atributte,63,63,8,A2
cookies,cookies-server-9.py,Simple Atributte,65,65,18,A2
cookies,cookies-server-9.py,Simple Atributte,69,69,29,A2
cookies,cookies-server-9.py,Simple Atributte,76,76,24,A2
cookies,cookies-server-9.py,Simple Atributte,100,100,8,A2
cookies,cookies-server-9.py,Simple Atributte,101,101,8,A2
cookies,cookies-server-9.py,Simple Atributte,110,110,9,A2
cookies,cookies-server-9.py,Simple Atributte,111,111,33,A2
cookies,cookies-server-9.py,Simple Atributte,112,112,8,A2
cookies,cookies-server-9.py,Simple Atributte,59,59,33,A2
cookies,cookies-server-9.py,Simple Atributte,60,60,26,A2
cookies,cookies-server-9.py,Simple Atributte,65,65,18,A2
cookies,cookies-server-9.py,Simple Atributte,65,65,44,A2
cookies,cookies-server-9.py,Simple Atributte,80,80,17,A2
cookies,cookies-server-9.py,Simple Atributte,81,81,21,A2
cookies,cookies-server-9.py,Simple Atributte,83,83,12,A2
cookies,cookies-server-9.py,Simple Atributte,92,92,17,A2
cookies,cookies-server-9.py,Simple Atributte,92,92,39,A2
cookies,cookies-server-9.py,Simple Atributte,101,101,8,A2
cookies,cookies-server-9.py,Simple Atributte,110,110,37,A2
cookies,cookies-server-9.py,Simple Atributte,65,65,44,A2
cookies,cookies-server-9.py,Simple Atributte,80,80,25,A2
cookies,cookies-server-9.py,Simple Atributte,81,81,21,A2
cookies,cookies-server-9.py,Simple Atributte,83,83,43,A2
cookies,cookies-server-9.py,Simple Atributte,92,92,17,A2
cookies,cookies-server-9.py,Simple Atributte,95,95,25,A2
cookies,cookies-server-9.py,Simple Atributte,97,97,16,A2
cookies,cookies-server-9.py,Simple Atributte,101,101,31,A2
cookies,cookies-server-9.py,Simple Atributte,80,80,40,A2
cookies,cookies-server-9.py,Simple Atributte,80,80,65,A2
cookies,cookies-server-9.py,Simple Atributte,95,95,25,A2
cookies,cookies-server-9.py,Simple Atributte,97,97,47,A2
cookies,cookies-server-9.py,Subscript,82,82,12,A1
cookies,cookies-server-9.py,Subscript,86,86,27,A1
cookies,cookies-server-9.py,Subscript,69,69,29,A1
cookies,cookies-server-9.py,Subscript,76,76,24,A1
cookies,cookies-server-9.py,Subscript,94,94,26,A1
cookies,cookies-server-9.py,Subscript,96,96,16,A1
cookies,cookies-server-9.py,Subscript,98,98,16,A1
cookies,cookies-server-9.py,Subscript,94,94,26,A1
cookies,cookies-server-9.py,Simple Assignment,25,25,0,A1
cookies,cookies-server-9.py,Simple Assignment,27,43,0,A1
cookies,cookies-server-9.py,Simple Assignment,46,46,0,A1
cookies,cookies-server-9.py,Simple Assignment,49,49,4,A1
cookies,cookies-server-9.py,Simple Assignment,52,52,4,A1
cookies,cookies-server-9.py,Simple Assignment,109,109,4,A1
cookies,cookies-server-9.py,Simple Assignment,60,60,8,A1
cookies,cookies-server-9.py,Simple Assignment,65,65,8,A1
cookies,cookies-server-9.py,Simple Assignment,67,67,8,A1
cookies,cookies-server-9.py,Simple Assignment,90,90,8,A1
cookies,cookies-server-9.py,Simple Assignment,69,69,12,A1
cookies,cookies-server-9.py,Simple Assignment,70,70,12,A1
cookies,cookies-server-9.py,Simple Assignment,72,72,12,A1
cookies,cookies-server-9.py,Simple Assignment,73,73,12,A1
cookies,cookies-server-9.py,Simple Assignment,76,76,12,A1
cookies,cookies-server-9.py,Simple Assignment,77,77,12,A1
cookies,cookies-server-9.py,Simple Assignment,79,79,12,A1
cookies,cookies-server-9.py,Simple Assignment,80,80,12,A1
cookies,cookies-server-9.py,Simple Assignment,81,81,12,A1
cookies,cookies-server-9.py,Simple Assignment,82,82,12,A1
cookies,cookies-server-9.py,Simple Assignment,86,86,12,A1
cookies,cookies-server-9.py,Simple Assignment,88,88,12,A1
cookies,cookies-server-9.py,Simple Assignment,92,92,12,A1
cookies,cookies-server-9.py,Simple Assignment,94,94,16,A1
cookies,cookies-server-9.py,Simple Assignment,95,95,16,A1
cookies,cookies-server-9.py,Simple Assignment,96,96,16,A1
cookies,cookies-server-9.py,Simple Assignment,98,98,16,A1
cookies,cookies-server-9.py,Import,17,17,0,A2
cookies,cookies-server-9.py,Import,18,18,0,A2
cookies,cookies-server-9.py,Import,19,19,0,A2
cookies,cookies-server-9.py,Import,20,20,0,A2
cookies,cookies-server-9.py,Import,21,21,0,A2
cookies,cookies-server-9.py,Import,22,22,0,A2
cookies,cookies-server-9.py,Import,23,23,0,A2
cookies,cookies-server-9.py,Alias,17,17,7,A1
cookies,cookies-server-9.py,Alias,18,18,7,A1
cookies,cookies-server-9.py,Alias,19,19,7,A1
cookies,cookies-server-9.py,Alias,20,20,7,A1
cookies,cookies-server-9.py,Alias,21,21,7,A1
cookies,cookies-server-9.py,Alias,22,22,7,A1
cookies,cookies-server-9.py,Alias,23,23,7,A1
cookies,cookies-server-9.py,If statements using → __name__ == ‘__main__’,114,115,0,B2
cookies,cookies-server-9.py,Simple If statements,68,73,8,A1
cookies,cookies-server-9.py,Simple If statements,75,83,8,A1
cookies,cookies-server-9.py,Simple If statements,85,88,8,A1
cookies,cookies-server-9.py,Simple If statements,91,98,8,A1
cookies,cookies-server-9.py,Simple If statements,93,98,12,A1
cookies,cookies-server-9.py,With,110,112,4,B1
cookies,cookies-server-9.py,Function,48,53,0,A1
cookies,cookies-server-9.py,Function,108,112,0,A1
cookies,cookies-server-9.py,Function with Simple argument,57,106,4,A1
cookies,cookies-server-9.py,Return,53,53,4,A1
cookies,cookies-server-9.py,Simple Class ,55,106,0,B1
counter,counter-server-1.py,Simple Tuple,76,76,36,A1
counter,counter-server-1.py,Files --> 'write' call function,71,71,8,A2
counter,counter-server-1.py,Print,77,77,12,A1
counter,counter-server-1.py,Print,80,80,8,A1
counter,counter-server-1.py,Simple Atributte,54,54,14,A2
counter,counter-server-1.py,Simple Atributte,54,54,14,A2
counter,counter-server-1.py,Simple Atributte,48,48,13,A2
counter,counter-server-1.py,Simple Atributte,49,49,4,A2
counter,counter-server-1.py,Simple Atributte,51,51,11,A2
counter,counter-server-1.py,Simple Atributte,59,59,19,A2
counter,counter-server-1.py,Simple Atributte,69,69,8,A2
counter,counter-server-1.py,Simple Atributte,70,70,8,A2
counter,counter-server-1.py,Simple Atributte,71,71,8,A2
counter,counter-server-1.py,Simple Atributte,62,62,12,A2
counter,counter-server-1.py,Simple Atributte,63,63,19,A2
counter,counter-server-1.py,Simple Atributte,66,66,12,A2
counter,counter-server-1.py,Simple Atributte,67,67,19,A2
counter,counter-server-1.py,Simple Atributte,71,71,8,A2
counter,counter-server-1.py,Simple Atributte,76,76,13,A2
counter,counter-server-1.py,Simple Atributte,77,77,37,A2
counter,counter-server-1.py,Simple Atributte,78,78,12,A2
counter,counter-server-1.py,Simple Atributte,76,76,41,A2
counter,counter-server-1.py,Simple Assignment,23,23,0,A1
counter,counter-server-1.py,Simple Assignment,25,33,0,A1
counter,counter-server-1.py,Simple Assignment,35,42,0,A1
counter,counter-server-1.py,Simple Assignment,45,45,0,A1
counter,counter-server-1.py,Simple Assignment,48,48,4,A1
counter,counter-server-1.py,Simple Assignment,51,51,4,A1
counter,counter-server-1.py,Simple Assignment,74,74,4,A1
counter,counter-server-1.py,Simple Assignment,59,59,8,A1
counter,counter-server-1.py,Simple Assignment,63,63,12,A1
counter,counter-server-1.py,Assigment with sum (total = total + 1),64,64,12,A1
counter,counter-server-1.py,Simple Assignment,67,67,12,A1
counter,counter-server-1.py,Import,15,15,0,A2
counter,counter-server-1.py,Import,16,16,0,A2
counter,counter-server-1.py,Import,17,17,0,A2
counter,counter-server-1.py,Import,18,18,0,A2
counter,counter-server-1.py,Import,19,19,0,A2
counter,counter-server-1.py,Import,20,20,0,A2
counter,counter-server-1.py,Import,21,21,0,A2
counter,counter-server-1.py,Alias,15,15,7,A1
counter,counter-server-1.py,Alias,16,16,7,A1
counter,counter-server-1.py,Alias,17,17,7,A1
counter,counter-server-1.py,Alias,18,18,7,A1
counter,counter-server-1.py,Alias,19,19,7,A1
counter,counter-server-1.py,Alias,20,20,7,A1
counter,counter-server-1.py,Alias,21,21,7,A1
counter,counter-server-1.py,If statements using → __name__ == ‘__main__’,82,83,0,B2
counter,counter-server-1.py,Simple If statements,61,67,8,A1
counter,counter-server-1.py,Exception --> try/except,75,80,4,B1
counter,counter-server-1.py,With,76,78,8,B1
counter,counter-server-1.py,Except Handler,79,80,4,A1
counter,counter-server-1.py,Function,47,52,0,A1
counter,counter-server-1.py,Function,73,80,0,A1
counter,counter-server-1.py,Function with Simple argument,56,71,4,A1
counter,counter-server-1.py,Return,52,52,4,A1
counter,counter-server-1.py,Simple Class ,54,71,0,B1
counter,counter-server-3.py,Simple Tuple,94,94,36,A1
counter,counter-server-3.py,Files --> 'write' call function,88,88,8,A2
counter,counter-server-3.py,Print,95,95,12,A1
counter,counter-server-3.py,Print,98,98,8,A1
counter,counter-server-3.py,Simple Atributte,55,55,14,A2
counter,counter-server-3.py,Simple Atributte,46,46,11,A2
counter,counter-server-3.py,Simple Atributte,55,55,14,A2
counter,counter-server-3.py,Simple Atributte,49,49,13,A2
counter,counter-server-3.py,Simple Atributte,50,50,4,A2
counter,counter-server-3.py,Simple Atributte,52,52,11,A2
counter,counter-server-3.py,Simple Atributte,60,60,19,A2
counter,counter-server-3.py,Simple Atributte,86,86,8,A2
counter,counter-server-3.py,Simple Atributte,87,87,8,A2
counter,counter-server-3.py,Simple Atributte,88,88,8,A2
counter,counter-server-3.py,Simple Atributte,63,63,12,A2
counter,counter-server-3.py,Simple Atributte,65,65,22,A2
counter,counter-server-3.py,Simple Atributte,68,68,21,A2
counter,counter-server-3.py,Simple Atributte,80,80,19,A2
counter,counter-server-3.py,Simple Atributte,83,83,12,A2
counter,counter-server-3.py,Simple Atributte,84,84,19,A2
counter,counter-server-3.py,Simple Atributte,88,88,8,A2
counter,counter-server-3.py,Simple Atributte,94,94,13,A2
counter,counter-server-3.py,Simple Atributte,95,95,37,A2
counter,counter-server-3.py,Simple Atributte,96,96,12,A2
counter,counter-server-3.py,Simple Atributte,65,65,22,A2
counter,counter-server-3.py,Simple Atributte,65,65,48,A2
counter,counter-server-3.py,Simple Atributte,70,70,21,A2
counter,counter-server-3.py,Simple Atributte,71,71,25,A2
counter,counter-server-3.py,Simple Atributte,73,73,16,A2
counter,counter-server-3.py,Simple Atributte,94,94,41,A2
counter,counter-server-3.py,Simple Atributte,65,65,48,A2
counter,counter-server-3.py,Simple Atributte,70,70,29,A2
counter,counter-server-3.py,Simple Atributte,71,71,25,A2
counter,counter-server-3.py,Simple Atributte,73,73,47,A2
counter,counter-server-3.py,Simple Atributte,70,70,44,A2
counter,counter-server-3.py,Simple Atributte,70,70,69,A2
counter,counter-server-3.py,Subscript,72,72,16,A1
counter,counter-server-3.py,Subscript,76,76,16,A1
counter,counter-server-3.py,Subscript,78,78,16,A1
counter,counter-server-3.py,Subscript,68,68,21,A1
counter,counter-server-3.py,Subscript,80,80,37,A1
counter,counter-server-3.py,Subscript,76,76,32,A1
counter,counter-server-3.py,Simple Assignment,24,24,0,A1
counter,counter-server-3.py,Simple Assignment,26,34,0,A1
counter,counter-server-3.py,Simple Assignment,36,43,0,A1
counter,counter-server-3.py,Simple Assignment,46,46,0,A1
counter,counter-server-3.py,Simple Assignment,49,49,4,A1
counter,counter-server-3.py,Simple Assignment,52,52,4,A1
counter,counter-server-3.py,Simple Assignment,91,91,4,A1
counter,counter-server-3.py,Simple Assignment,60,60,8,A1
counter,counter-server-3.py,Simple Assignment,65,65,12,A1
counter,counter-server-3.py,Simple Assignment,80,80,12,A1
counter,counter-server-3.py,Simple Assignment,84,84,12,A1
counter,counter-server-3.py,Simple Assignment,68,68,16,A1
counter,counter-server-3.py,Simple Assignment,70,70,16,A1
counter,counter-server-3.py,Simple Assignment,71,71,16,A1
counter,counter-server-3.py,Simple Assignment,72,72,16,A1
counter,counter-server-3.py,Assigment with sum (total = total + 1),76,76,16,A1
counter,counter-server-3.py,Simple Assignment,78,78,16,A1
counter,counter-server-3.py,Import,15,15,0,A2
counter,counter-server-3.py,Import,16,16,0,A2
counter,counter-server-3.py,Import,17,17,0,A2
counter,counter-server-3.py,Import,18,18,0,A2
counter,counter-server-3.py,Import'shelve' module,19,19,0,C1
counter,counter-server-3.py,Import,20,20,0,A2
counter,counter-server-3.py,Import,21,21,0,A2
counter,counter-server-3.py,Import,22,22,0,A2
counter,counter-server-3.py,Alias,15,15,7,A1
counter,counter-server-3.py,Alias,16,16,7,A1
counter,counter-server-3.py,Alias,17,17,7,A1
counter,counter-server-3.py,Alias,18,18,7,A1
counter,counter-server-3.py,Alias,19,19,7,A1
counter,counter-server-3.py,Alias,20,20,7,A1
counter,counter-server-3.py,Alias,21,21,7,A1
counter,counter-server-3.py,Alias,22,22,7,A1
counter,counter-server-3.py,If statements using → __name__ == ‘__main__’,100,101,0,B2
counter,counter-server-3.py,Simple If statements,62,84,8,A1
counter,counter-server-3.py,Simple If statements,67,73,12,A1
counter,counter-server-3.py,Simple If statements,75,78,12,A1
counter,counter-server-3.py,Exception --> try/except,93,98,4,B1
counter,counter-server-3.py,With,94,96,8,B1
counter,counter-server-3.py,Except Handler,97,98,4,A1
counter,counter-server-3.py,Function,48,53,0,A1
counter,counter-server-3.py,Function,90,98,0,A1
counter,counter-server-3.py,Function with Simple argument,57,88,4,A1
counter,counter-server-3.py,Return,53,53,4,A1
counter,counter-server-3.py,Simple Class ,55,88,0,B1
counter,counter-server-2.py,Simple Tuple,92,92,36,A1
counter,counter-server-2.py,Simple Dictionary,45,45,11,A2
counter,counter-server-2.py,Files --> 'write' call function,87,87,8,A2
counter,counter-server-2.py,Print,93,93,12,A1
counter,counter-server-2.py,Print,96,96,8,A1
counter,counter-server-2.py,Simple Atributte,54,54,14,A2
counter,counter-server-2.py,Simple Atributte,54,54,14,A2
counter,counter-server-2.py,Simple Atributte,48,48,13,A2
counter,counter-server-2.py,Simple Atributte,49,49,4,A2
counter,counter-server-2.py,Simple Atributte,51,51,11,A2
counter,counter-server-2.py,Simple Atributte,59,59,19,A2
counter,counter-server-2.py,Simple Atributte,85,85,8,A2
counter,counter-server-2.py,Simple Atributte,86,86,8,A2
counter,counter-server-2.py,Simple Atributte,87,87,8,A2
counter,counter-server-2.py,Simple Atributte,62,62,12,A2
counter,counter-server-2.py,Simple Atributte,64,64,22,A2
counter,counter-server-2.py,Simple Atributte,67,67,21,A2
counter,counter-server-2.py,Simple Atributte,79,79,19,A2
counter,counter-server-2.py,Simple Atributte,82,82,12,A2
counter,counter-server-2.py,Simple Atributte,83,83,19,A2
counter,counter-server-2.py,Simple Atributte,87,87,8,A2
counter,counter-server-2.py,Simple Atributte,92,92,13,A2
counter,counter-server-2.py,Simple Atributte,93,93,37,A2
counter,counter-server-2.py,Simple Atributte,94,94,12,A2
counter,counter-server-2.py,Simple Atributte,64,64,22,A2
counter,counter-server-2.py,Simple Atributte,64,64,48,A2
counter,counter-server-2.py,Simple Atributte,69,69,21,A2
counter,counter-server-2.py,Simple Atributte,70,70,25,A2
counter,counter-server-2.py,Simple Atributte,72,72,16,A2
counter,counter-server-2.py,Simple Atributte,92,92,41,A2
counter,counter-server-2.py,Simple Atributte,64,64,48,A2
counter,counter-server-2.py,Simple Atributte,69,69,29,A2
counter,counter-server-2.py,Simple Atributte,70,70,25,A2
counter,counter-server-2.py,Simple Atributte,72,72,47,A2
counter,counter-server-2.py,Simple Atributte,69,69,44,A2
counter,counter-server-2.py,Simple Atributte,69,69,69,A2
counter,counter-server-2.py,Subscript,71,71,16,A1
counter,counter-server-2.py,Subscript,75,75,16,A1
counter,counter-server-2.py,Subscript,77,77,16,A1
counter,counter-server-2.py,Subscript,67,67,21,A1
counter,counter-server-2.py,Subscript,79,79,37,A1
counter,counter-server-2.py,Subscript,75,75,32,A1
counter,counter-server-2.py,Simple Assignment,23,23,0,A1
counter,counter-server-2.py,Simple Assignment,25,33,0,A1
counter,counter-server-2.py,Simple Assignment,35,42,0,A1
counter,counter-server-2.py,Simple Assignment,45,45,0,A1
counter,counter-server-2.py,Simple Assignment,48,48,4,A1
counter,counter-server-2.py,Simple Assignment,51,51,4,A1
counter,counter-server-2.py,Simple Assignment,90,90,4,A1
counter,counter-server-2.py,Simple Assignment,59,59,8,A1
counter,counter-server-2.py,Simple Assignment,64,64,12,A1
counter,counter-server-2.py,Simple Assignment,79,79,12,A1
counter,counter-server-2.py,Simple Assignment,83,83,12,A1
counter,counter-server-2.py,Simple Assignment,67,67,16,A1
counter,counter-server-2.py,Simple Assignment,69,69,16,A1
counter,counter-server-2.py,Simple Assignment,70,70,16,A1
counter,counter-server-2.py,Simple Assignment,71,71,16,A1
counter,counter-server-2.py,Assigment with sum (total = total + 1),75,75,16,A1
counter,counter-server-2.py,Simple Assignment,77,77,16,A1
counter,counter-server-2.py,Import,15,15,0,A2
counter,counter-server-2.py,Import,16,16,0,A2
counter,counter-server-2.py,Import,17,17,0,A2
counter,counter-server-2.py,Import,18,18,0,A2
counter,counter-server-2.py,Import,19,19,0,A2
counter,counter-server-2.py,Import,20,20,0,A2
counter,counter-server-2.py,Import,21,21,0,A2
counter,counter-server-2.py,Alias,15,15,7,A1
counter,counter-server-2.py,Alias,16,16,7,A1
counter,counter-server-2.py,Alias,17,17,7,A1
counter,counter-server-2.py,Alias,18,18,7,A1
counter,counter-server-2.py,Alias,19,19,7,A1
counter,counter-server-2.py,Alias,20,20,7,A1
counter,counter-server-2.py,Alias,21,21,7,A1
counter,counter-server-2.py,If statements using → __name__ == ‘__main__’,98,99,0,B2
counter,counter-server-2.py,Simple If statements,61,83,8,A1
counter,counter-server-2.py,Simple If statements,66,72,12,A1
counter,counter-server-2.py,Simple If statements,74,77,12,A1
counter,counter-server-2.py,Exception --> try/except,91,96,4,B1
counter,counter-server-2.py,With,92,94,8,B1
counter,counter-server-2.py,Except Handler,95,96,4,A1
counter,counter-server-2.py,Function,47,52,0,A1
counter,counter-server-2.py,Function,89,96,0,A1
counter,counter-server-2.py,Function with Simple argument,56,87,4,A1
counter,counter-server-2.py,Return,52,52,4,A1
counter,counter-server-2.py,Simple Class ,54,87,0,B1
counter,counter-server-4.py,Simple Tuple,94,94,36,A1
counter,counter-server-4.py,Files --> 'write' call function,88,88,8,A2
counter,counter-server-4.py,Print,95,95,12,A1
counter,counter-server-4.py,Print,99,99,8,A1
counter,counter-server-4.py,Simple Atributte,55,55,14,A2
counter,counter-server-4.py,Simple Atributte,46,46,11,A2
counter,counter-server-4.py,Simple Atributte,55,55,14,A2
counter,counter-server-4.py,Simple Atributte,49,49,13,A2
counter,counter-server-4.py,Simple Atributte,50,50,4,A2
counter,counter-server-4.py,Simple Atributte,52,52,11,A2
counter,counter-server-4.py,Simple Atributte,60,60,19,A2
counter,counter-server-4.py,Simple Atributte,86,86,8,A2
counter,counter-server-4.py,Simple Atributte,87,87,8,A2
counter,counter-server-4.py,Simple Atributte,88,88,8,A2
counter,counter-server-4.py,Simple Atributte,63,63,12,A2
counter,counter-server-4.py,Simple Atributte,65,65,22,A2
counter,counter-server-4.py,Simple Atributte,68,68,21,A2
counter,counter-server-4.py,Simple Atributte,80,80,19,A2
counter,counter-server-4.py,Simple Atributte,83,83,12,A2
counter,counter-server-4.py,Simple Atributte,84,84,19,A2
counter,counter-server-4.py,Simple Atributte,88,88,8,A2
counter,counter-server-4.py,Simple Atributte,94,94,13,A2
counter,counter-server-4.py,Simple Atributte,95,95,37,A2
counter,counter-server-4.py,Simple Atributte,96,96,12,A2
counter,counter-server-4.py,Simple Atributte,98,98,8,A2
counter,counter-server-4.py,Simple Atributte,65,65,22,A2
counter,counter-server-4.py,Simple Atributte,65,65,48,A2
counter,counter-server-4.py,Simple Atributte,70,70,21,A2
counter,counter-server-4.py,Simple Atributte,71,71,25,A2
counter,counter-server-4.py,Simple Atributte,73,73,16,A2
counter,counter-server-4.py,Simple Atributte,94,94,41,A2
counter,counter-server-4.py,Simple Atributte,65,65,48,A2
counter,counter-server-4.py,Simple Atributte,70,70,29,A2
counter,counter-server-4.py,Simple Atributte,71,71,25,A2
counter,counter-server-4.py,Simple Atributte,73,73,47,A2
counter,counter-server-4.py,Simple Atributte,70,70,44,A2
counter,counter-server-4.py,Simple Atributte,70,70,69,A2
counter,counter-server-4.py,Subscript,72,72,16,A1
counter,counter-server-4.py,Subscript,76,76,16,A1
counter,counter-server-4.py,Subscript,78,78,16,A1
counter,counter-server-4.py,Subscript,68,68,21,A1
counter,counter-server-4.py,Subscript,80,80,37,A1
counter,counter-server-4.py,Subscript,76,76,32,A1
counter,counter-server-4.py,Simple Assignment,24,24,0,A1
counter,counter-server-4.py,Simple Assignment,26,34,0,A1
counter,counter-server-4.py,Simple Assignment,36,43,0,A1
counter,counter-server-4.py,Simple Assignment,46,46,0,A1
counter,counter-server-4.py,Simple Assignment,49,49,4,A1
counter,counter-server-4.py,Simple Assignment,52,52,4,A1
counter,counter-server-4.py,Simple Assignment,91,91,4,A1
counter,counter-server-4.py,Simple Assignment,60,60,8,A1
counter,counter-server-4.py,Simple Assignment,65,65,12,A1
counter,counter-server-4.py,Simple Assignment,80,80,12,A1
counter,counter-server-4.py,Simple Assignment,84,84,12,A1
counter,counter-server-4.py,Simple Assignment,68,68,16,A1
counter,counter-server-4.py,Simple Assignment,70,70,16,A1
counter,counter-server-4.py,Simple Assignment,71,71,16,A1
counter,counter-server-4.py,Simple Assignment,72,72,16,A1
counter,counter-server-4.py,Assigment with sum (total = total + 1),76,76,16,A1
counter,counter-server-4.py,Simple Assignment,78,78,16,A1
counter,counter-server-4.py,Import,15,15,0,A2
counter,counter-server-4.py,Import,16,16,0,A2
counter,counter-server-4.py,Import,17,17,0,A2
counter,counter-server-4.py,Import,18,18,0,A2
counter,counter-server-4.py,Import'shelve' module,19,19,0,C1
counter,counter-server-4.py,Import,20,20,0,A2
counter,counter-server-4.py,Import,21,21,0,A2
counter,counter-server-4.py,Import,22,22,0,A2
counter,counter-server-4.py,Alias,15,15,7,A1
counter,counter-server-4.py,Alias,16,16,7,A1
counter,counter-server-4.py,Alias,17,17,7,A1
counter,counter-server-4.py,Alias,18,18,7,A1
counter,counter-server-4.py,Alias,19,19,7,A1
counter,counter-server-4.py,Alias,20,20,7,A1
counter,counter-server-4.py,Alias,21,21,7,A1
counter,counter-server-4.py,Alias,22,22,7,A1
counter,counter-server-4.py,If statements using → __name__ == ‘__main__’,101,102,0,B2
counter,counter-server-4.py,Simple If statements,62,84,8,A1
counter,counter-server-4.py,Simple If statements,67,73,12,A1
counter,counter-server-4.py,Simple If statements,75,78,12,A1
counter,counter-server-4.py,Exception --> try/except,93,99,4,B1
counter,counter-server-4.py,With,94,96,8,B1
counter,counter-server-4.py,Except Handler,97,99,4,A1
counter,counter-server-4.py,Function,48,53,0,A1
counter,counter-server-4.py,Function,90,99,0,A1
counter,counter-server-4.py,Function with Simple argument,57,88,4,A1
counter,counter-server-4.py,Return,53,53,4,A1
counter,counter-server-4.py,Simple Class ,55,88,0,B1
http-server-classes,webapp.py,Simple Tuple,35,35,15,A1
http-server-classes,webapp.py,Simple Tuple,43,43,22,A1
http-server-classes,webapp.py,Simple Tuple,53,53,12,A1
http-server-classes,webapp.py,Simple Tuple,58,58,12,A1
http-server-classes,webapp.py,Print,25,25,8,A1
http-server-classes,webapp.py,Print,34,34,8,A1
http-server-classes,webapp.py,Print,52,52,12,A1
http-server-classes,webapp.py,Print,54,54,12,A1
http-server-classes,webapp.py,Print,56,56,12,A1
http-server-classes,webapp.py,Print,59,59,12,A1
http-server-classes,webapp.py,Simple Atributte,41,41,19,A2
http-server-classes,webapp.py,Simple Atributte,41,41,33,A2
http-server-classes,webapp.py,Simple Atributte,41,41,48,A2
http-server-classes,webapp.py,Simple Atributte,42,42,8,A2
http-server-classes,webapp.py,Simple Atributte,42,42,28,A2
http-server-classes,webapp.py,Simple Atributte,42,42,47,A2
http-server-classes,webapp.py,Simple Atributte,43,43,8,A2
http-server-classes,webapp.py,Simple Atributte,46,46,8,A2
http-server-classes,webapp.py,Simple Atributte,53,53,36,A2
http-server-classes,webapp.py,Simple Atributte,55,55,22,A2
http-server-classes,webapp.py,Simple Atributte,57,57,28,A2
http-server-classes,webapp.py,Simple Atributte,58,58,39,A2
http-server-classes,webapp.py,Simple Atributte,62,62,12,A2
http-server-classes,webapp.py,Simple Atributte,63,63,12,A2
http-server-classes,webapp.py,Simple Atributte,57,57,39,A2
http-server-classes,webapp.py,Simple Atributte,62,62,28,A2
http-server-classes,webapp.py,Simple Assignment,66,66,4,A1
http-server-classes,webapp.py,Simple Assignment,41,41,8,A1
http-server-classes,webapp.py,Simple Assignment,53,53,12,A1
http-server-classes,webapp.py,Simple Assignment,55,55,12,A1
http-server-classes,webapp.py,Simple Assignment,57,57,12,A1
http-server-classes,webapp.py,Simple Assignment,58,58,12,A1
http-server-classes,webapp.py,Assigment with sum (total = total + 1),60,61,12,A1
http-server-classes,webapp.py,Import,12,12,0,A2
http-server-classes,webapp.py,Alias,12,12,7,A1
http-server-classes,webapp.py,If statements using → __name__ == ‘__main__’,65,66,0,B2
http-server-classes,webapp.py,While with Else Loop,51,63,8,B1
http-server-classes,webapp.py,Function with Simple argument,22,26,4,A1
http-server-classes,webapp.py,Function with Simple argument,28,35,4,A1
http-server-classes,webapp.py,Function with Simple argument,37,63,4,A1
http-server-classes,webapp.py,Return,26,26,8,A1
http-server-classes,webapp.py,Return,35,35,8,A1
http-server-classes,webapp.py,Simple Class ,14,63,0,B1
http-server-classes,holaapp.py,Simple Tuple,29,29,15,A1
http-server-classes,holaapp.py,Simple Atributte,15,15,15,A2
http-server-classes,holaapp.py,Simple Assignment,33,33,4,A1
http-server-classes,holaapp.py,Import,13,13,0,A2
http-server-classes,holaapp.py,Alias,13,13,7,A1
http-server-classes,holaapp.py,If statements using → __name__ == ‘__main__’,32,33,0,B2
http-server-classes,holaapp.py,Function with Simple argument,18,21,4,A1
http-server-classes,holaapp.py,Function with Simple argument,23,29,4,A1
http-server-classes,holaapp.py,Return,21,21,8,A1
http-server-classes,holaapp.py,Return,29,29,8,A1
http-server-classes,holaapp.py,Simple Class ,15,29,0,B1
http-server-classes,adiosapp.py,Simple Tuple,30,30,15,A1
http-server-classes,adiosapp.py,Simple Atributte,16,16,15,A2
http-server-classes,adiosapp.py,Simple Assignment,34,34,4,A1
http-server-classes,adiosapp.py,Import,14,14,0,A2
http-server-classes,adiosapp.py,Alias,14,14,7,A1
http-server-classes,adiosapp.py,If statements using → __name__ == ‘__main__’,33,34,0,B2
http-server-classes,adiosapp.py,Function with Simple argument,19,22,4,A1
http-server-classes,adiosapp.py,Function with Simple argument,24,30,4,A1
http-server-classes,adiosapp.py,Return,22,22,8,A1
http-server-classes,adiosapp.py,Return,30,30,8,A1
http-server-classes,adiosapp.py,Simple Class ,16,30,0,B1
http-server-classes,counterapp.py,Simple Tuple,59,59,15,A1
http-server-classes,counterapp.py,Simple Atributte,34,34,18,A2
http-server-classes,counterapp.py,Simple Atributte,54,54,12,A2
http-server-classes,counterapp.py,Simple Atributte,43,43,15,A2
http-server-classes,counterapp.py,Simple Atributte,53,53,23,A2
http-server-classes,counterapp.py,Simple Atributte,57,57,23,A2
http-server-classes,counterapp.py,Simple Atributte,54,54,26,A2
http-server-classes,counterapp.py,Simple Atributte,53,53,45,A2
http-server-classes,counterapp.py,Subscript,43,43,15,A1
http-server-classes,counterapp.py,Simple Assignment,14,22,0,A1
http-server-classes,counterapp.py,Simple Assignment,24,31,0,A1
http-server-classes,counterapp.py,Simple Assignment,38,38,4,A1
http-server-classes,counterapp.py,Simple Assignment,63,63,4,A1
http-server-classes,counterapp.py,Simple Assignment,53,53,12,A1
http-server-classes,counterapp.py,Assigment with sum (total = total + 1),54,54,12,A1
http-server-classes,counterapp.py,Simple Assignment,55,55,12,A1
http-server-classes,counterapp.py,Simple Assignment,57,57,12,A1
http-server-classes,counterapp.py,Simple Assignment,58,58,12,A1
http-server-classes,counterapp.py,Import,12,12,0,A2
http-server-classes,counterapp.py,Alias,12,12,7,A1
http-server-classes,counterapp.py,If statements using → __name__ == ‘__main__’,62,63,0,B2
http-server-classes,counterapp.py,Simple If statements,52,58,8,A1
http-server-classes,counterapp.py,Function with Simple argument,40,43,4,A1
http-server-classes,counterapp.py,Function with Simple argument,46,59,4,A1
http-server-classes,counterapp.py,Return,43,43,8,A1
http-server-classes,counterapp.py,Return,59,59,8,A1
http-server-classes,counterapp.py,Simple Class ,34,59,0,B1
http-server-classes,addapp.py,Simple Tuple,55,55,15,A1
http-server-classes,addapp.py,Simple Atributte,14,14,14,A2
http-server-classes,addapp.py,Simple Atributte,44,44,15,A2
http-server-classes,addapp.py,Simple Atributte,54,54,12,A2
http-server-classes,addapp.py,Simple Atributte,45,45,16,A2
http-server-classes,addapp.py,Simple Atributte,54,54,35,A2
http-server-classes,addapp.py,Simple Atributte,27,27,15,A2
http-server-classes,addapp.py,Simple Atributte,51,51,49,A2
http-server-classes,addapp.py,Simple Atributte,50,50,46,A2
http-server-classes,addapp.py,Unary Operation,54,54,30,A1
http-server-classes,addapp.py,Subscript,27,27,15,A1
http-server-classes,addapp.py,Subscript,27,27,15,A1
http-server-classes,addapp.py,Slice,27,27,39,A1
http-server-classes,addapp.py,Simple Assignment,20,20,4,A1
http-server-classes,addapp.py,Simple Assignment,22,22,4,A1
http-server-classes,addapp.py,Simple Assignment,59,59,4,A1
http-server-classes,addapp.py,Simple Assignment,38,38,12,A1
http-server-classes,addapp.py,Simple Assignment,52,52,12,A1
http-server-classes,addapp.py,Simple Assignment,54,54,12,A1
http-server-classes,addapp.py,Simple Assignment,41,41,12,A1
http-server-classes,addapp.py,Simple Assignment,42,42,12,A1
http-server-classes,addapp.py,Simple Assignment,45,45,16,A1
http-server-classes,addapp.py,Assigment with sum (total = total + 1),46,47,16,A1
http-server-classes,addapp.py,Simple Assignment,49,49,16,A1
http-server-classes,addapp.py,Assigment with sum (total = total + 1),50,51,16,A1
http-server-classes,addapp.py,Import,12,12,0,A2
http-server-classes,addapp.py,Alias,12,12,7,A1
http-server-classes,addapp.py,If statements using → __name__ == ‘__main__’,58,59,0,B2
http-server-classes,addapp.py,Simple If statements,44,51,12,A1
http-server-classes,addapp.py,Exception --> try/except/else,37,54,8,B1
http-server-classes,addapp.py,Except Handler,39,42,8,A1
http-server-classes,addapp.py,Function with Simple argument,24,27,4,A1
http-server-classes,addapp.py,Function with Simple argument,30,55,4,A1
http-server-classes,addapp.py,Return,27,27,8,A1
http-server-classes,addapp.py,Return,55,55,8,A1
http-server-classes,addapp.py,Simple Class ,14,55,0,B1
words_provider,urls.py,Simple Dictionary,10,10,8,A2
words_provider,urls.py,Simple Assignment,8,16,0,A1
words_provider,urls.py,Import,2,2,0,A2
words_provider,urls.py,From with *statements ,1,1,0,B1
words_provider,urls.py,Alias,1,1,38,A1
words_provider,urls.py,Alias,2,2,7,A1
words_provider,manage.py,Files --> 'write' call function,8,8,4,A2
words_provider,manage.py,Simple Atributte,5,5,4,A2
words_provider,manage.py,Simple Atributte,8,8,4,A2
words_provider,manage.py,Simple Atributte,9,9,4,A2
words_provider,manage.py,Simple Atributte,8,8,4,A2
words_provider,manage.py,Import,3,3,0,A2
words_provider,manage.py,Import,11,11,0,A2
words_provider,manage.py,Import,7,7,4,A2
words_provider,manage.py,From,2,2,0,A2
words_provider,manage.py,Alias,2,2,35,A1
words_provider,manage.py,Alias,3,3,7,A1
words_provider,manage.py,Alias,11,11,7,A1
words_provider,manage.py,Alias,7,7,11,A1
words_provider,manage.py,If statements using → __name__ == ‘__main__’,13,14,0,B2
words_provider,manage.py,Exception --> try/except,4,9,0,B1
words_provider,manage.py,Except Handler,6,9,0,A1
words_provider,settings.py,Simple Tuple,79,83,22,A1
words_provider,settings.py,Simple Tuple,89,93,19,A1
words_provider,settings.py,Simple Tuple,95,101,21,A1
words_provider,settings.py,Simple Tuple,111,113,17,A1
words_provider,settings.py,1 Nested Dictionary,12,21,12,B1
words_provider,settings.py,Simple Dictionary,13,20,15,A2
words_provider,settings.py,Simple Assignment,3,3,0,A1
words_provider,settings.py,Simple Assignment,4,4,0,A1
words_provider,settings.py,Simple Assignment,6,8,0,A1
words_provider,settings.py,Simple Assignment,10,10,0,A1
words_provider,settings.py,Simple Assignment,12,21,0,A1
words_provider,settings.py,Simple Assignment,30,30,0,A1
words_provider,settings.py,Simple Assignment,34,34,0,A1
words_provider,settings.py,Simple Assignment,36,36,0,A1
words_provider,settings.py,Simple Assignment,40,40,0,A1
words_provider,settings.py,Simple Assignment,44,44,0,A1
words_provider,settings.py,Simple Assignment,48,48,0,A1
words_provider,settings.py,Simple Assignment,53,53,0,A1
words_provider,settings.py,Simple Assignment,59,59,0,A1
words_provider,settings.py,Simple Assignment,63,63,0,A1
words_provider,settings.py,Simple Assignment,68,68,0,A1
words_provider,settings.py,Simple Assignment,71,75,0,A1
words_provider,settings.py,Simple Assignment,79,83,0,A1
words_provider,settings.py,Simple Assignment,86,86,0,A1
words_provider,settings.py,Simple Assignment,89,93,0,A1
words_provider,settings.py,Simple Assignment,95,101,0,A1
words_provider,settings.py,Simple Assignment,103,103,0,A1
words_provider,settings.py,Simple Assignment,105,109,0,A1
words_provider,settings.py,Simple Assignment,111,113,0,A1
words,tests.py,Simple Dictionary,17,22,11,A2
words,tests.py,Simple Atributte,15,15,8,A2
words,tests.py,Simple Assignment,17,22,0,A1
words,tests.py,From,8,8,0,A2
words,tests.py,Alias,8,8,24,A1
words,tests.py,Function with Simple argument,11,15,4,A1
words,tests.py,Inherited Class from TestCase,10,15,0,B1
words,models.py,From,1,1,0,A2
words,models.py,Alias,1,1,22,A1
words,views.py,Simple List,6,6,13,A1
words,views.py,Simple List,7,7,14,A1
words,views.py,Simple List,8,9,13,A1
words,views.py,Simple List,13,13,17,A1
words,views.py,Simple Atributte,15,15,11,A2
words,views.py,Simple Atributte,22,22,15,A2
words,views.py,Simple Atributte,16,16,12,A2
words,views.py,Simple Atributte,24,24,15,A2
words,views.py,Simple Atributte,26,26,15,A2
words,views.py,Simple Assignment,6,6,0,A1
words,views.py,Simple Assignment,7,7,0,A1
words,views.py,Simple Assignment,8,9,0,A1
words,views.py,Simple Assignment,43,66,0,A1
words,views.py,Simple Assignment,13,13,4,A1
words,views.py,Simple Assignment,22,22,8,A1
words,views.py,Simple Assignment,34,34,9,A1
words,views.py,Simple Assignment,24,24,8,A1
words,views.py,Simple Assignment,36,36,9,A1
words,views.py,Simple Assignment,26,26,8,A1
words,views.py,Simple Assignment,38,38,9,A1
words,views.py,Import,4,4,0,A2
words,views.py,From,3,3,0,A2
words,views.py,Alias,3,3,24,A1
words,views.py,Alias,3,3,37,A1
words,views.py,Alias,4,4,7,A1
words,views.py,Simple If statements,21,28,4,A1
words,views.py,Simple If statements,33,40,5,A1
words,views.py,Simple If statements,15,16,8,A1
words,views.py,Simple If statements,23,28,4,A1
words,views.py,Simple If statements,35,40,5,A1
words,views.py,Simple If statements,25,28,4,A1
words,views.py,Simple If statements,37,40,5,A1
words,views.py,Simple For Loop,14,16,4,A1
words,views.py,Function with Simple argument,11,17,0,A1
words,views.py,Function with Simple argument,19,29,0,A1
words,views.py,Function with Simple argument,31,41,0,A1
words,views.py,Function with Simple argument,68,69,0,A1
words,views.py,Return,17,17,4,A1
words,views.py,Return,29,29,4,A1
words,views.py,Return,41,41,5,A1
words,views.py,Return,69,69,4,A1
words,views.py,Return,28,28,8,A1
words,views.py,Return,40,40,9,A1
proxy,proxy.py,Simple Tuple,40,40,15,A1
proxy,proxy.py,Files --> 'read' call function,35,35,23,A2
proxy,proxy.py,Simple Atributte,19,19,16,A2
proxy,proxy.py,Simple Atributte,34,34,16,A2
proxy,proxy.py,Simple Atributte,35,35,23,A2
proxy,proxy.py,Simple Atributte,25,25,15,A2
proxy,proxy.py,Subscript,25,25,15,A1
proxy,proxy.py,Subscript,25,25,15,A1
proxy,proxy.py,Slice,25,25,39,A1
proxy,proxy.py,Simple Assignment,44,44,4,A1
proxy,proxy.py,Simple Assignment,34,34,12,A1
proxy,proxy.py,Simple Assignment,35,35,12,A1
proxy,proxy.py,Simple Assignment,36,36,12,A1
proxy,proxy.py,Simple Assignment,38,38,12,A1
proxy,proxy.py,Simple Assignment,39,39,12,A1
proxy,proxy.py,Import,16,16,0,A2
proxy,proxy.py,Import,17,17,0,A2
proxy,proxy.py,Alias,16,16,7,A1
proxy,proxy.py,Alias,17,17,7,A1
proxy,proxy.py,If statements using → __name__ == ‘__main__’,43,44,0,B2
proxy,proxy.py,Exception --> try/except,33,39,8,B1
proxy,proxy.py,Except Handler,37,39,8,A1
proxy,proxy.py,Function with Simple argument,22,25,4,A1
proxy,proxy.py,Function with Simple argument,28,40,4,A1
proxy,proxy.py,Return,25,25,8,A1
proxy,proxy.py,Return,40,40,8,A1
proxy,proxy.py,Simple Class ,19,40,0,B1
cms,urls.py,Simple List,19,22,14,A1
cms,urls.py,Simple Atributte,21,21,19,A2
cms,urls.py,Simple Atributte,21,21,19,A2
cms,urls.py,Simple Assignment,19,22,0,A1
cms,urls.py,From,16,16,0,A2
cms,urls.py,From,17,17,0,A2
cms,urls.py,Alias,16,16,27,A1
cms,urls.py,Alias,17,17,24,A1
cms,urls.py,Alias,17,17,33,A1
cms,settings.py,Simple List,28,28,16,A1
cms,settings.py,Simple List,33,41,17,A1
cms,settings.py,Simple List,43,51,13,A1
cms,settings.py,1 Dictionary List,55,69,12,B1
cms,settings.py,4 Dictionary List,88,101,27,B1
cms,settings.py,Simple List,58,58,16,A1
cms,settings.py,Simple List,61,66,34,A1
cms,settings.py,1 Nested Dictionary,77,82,12,B1
cms,settings.py,1 List in 1Dictionary of Dictionary,56,68,4,B2
cms,settings.py,Simple Dictionary,78,81,15,A2
cms,settings.py,Simple Dictionary,89,91,4,A2
cms,settings.py,Simple Dictionary,92,94,4,A2
cms,settings.py,Simple Dictionary,95,97,4,A2
cms,settings.py,Simple Dictionary,98,100,4,A2
cms,settings.py,1 List Dictionary,60,67,19,B1
cms,settings.py,Simple Atributte,16,16,11,A2
cms,settings.py,Simple Atributte,16,16,11,A2
cms,settings.py,Simple Atributte,16,16,27,A2
cms,settings.py,Simple Atributte,16,16,27,A2
cms,settings.py,Simple Atributte,16,16,43,A2
cms,settings.py,Simple Atributte,80,80,16,A2
cms,settings.py,Simple Atributte,16,16,43,A2
cms,settings.py,Simple Atributte,80,80,16,A2
cms,settings.py,Simple Assignment,16,16,0,A1
cms,settings.py,Simple Assignment,23,23,0,A1
cms,settings.py,Simple Assignment,26,26,0,A1
cms,settings.py,Simple Assignment,28,28,0,A1
cms,settings.py,Simple Assignment,33,41,0,A1
cms,settings.py,Simple Assignment,43,51,0,A1
cms,settings.py,Simple Assignment,53,53,0,A1
cms,settings.py,Simple Assignment,55,69,0,A1
cms,settings.py,Simple Assignment,71,71,0,A1
cms,settings.py,Simple Assignment,77,82,0,A1
cms,settings.py,Simple Assignment,88,101,0,A1
cms,settings.py,Simple Assignment,107,107,0,A1
cms,settings.py,Simple Assignment,109,109,0,A1
cms,settings.py,Simple Assignment,111,111,0,A1
cms,settings.py,Simple Assignment,113,113,0,A1
cms,settings.py,Simple Assignment,115,115,0,A1
cms,settings.py,Simple Assignment,121,121,0,A1
cms,settings.py,Import,13,13,0,A2
cms,settings.py,Alias,13,13,7,A1
cms,wsgi.py,Simple Atributte,14,14,0,A2
cms,wsgi.py,Simple Atributte,14,14,0,A2
cms,wsgi.py,Simple Assignment,16,16,0,A1
cms,wsgi.py,Import,10,10,0,A2
cms,wsgi.py,From,12,12,0,A2
cms,wsgi.py,Alias,10,10,7,A1
cms,wsgi.py,Alias,12,12,29,A1
django-cms-css-simple,manage.py,Simple Atributte,6,6,4,A2
django-cms-css-simple,manage.py,Simple Atributte,15,15,30,A2
django-cms-css-simple,manage.py,Simple Atributte,6,6,4,A2
django-cms-css-simple,manage.py,'raise' exception,10,14,8,B1
django-cms-css-simple,manage.py,Import,2,2,0,A2
django-cms-css-simple,manage.py,Import,3,3,0,A2
django-cms-css-simple,manage.py,From,8,8,8,A2
django-cms-css-simple,manage.py,Alias,2,2,7,A1
django-cms-css-simple,manage.py,Alias,3,3,7,A1
django-cms-css-simple,manage.py,Alias,8,8,43,A1
django-cms-css-simple,manage.py,If statements using → __name__ == ‘__main__’,5,15,0,B2
django-cms-css-simple,manage.py,Exception --> try/except,7,14,4,B1
django-cms-css-simple,manage.py,Except Handler,9,14,4,A1
pages,tests.py,From,1,1,0,A2
pages,tests.py,Alias,1,1,24,A1
migrations,0001_initial.py,Simple List,10,11,19,A1
migrations,0001_initial.py,Simple List,13,22,17,A1
migrations,0001_initial.py,Simple List,16,20,19,A1
migrations,0001_initial.py,Simple Tuple,17,17,16,A1
migrations,0001_initial.py,Simple Tuple,18,18,16,A1
migrations,0001_initial.py,Simple Tuple,19,19,16,A1
migrations,0001_initial.py,Simple Atributte,6,6,16,A2
migrations,0001_initial.py,Simple Atributte,14,14,8,A2
migrations,0001_initial.py,Simple Atributte,17,17,23,A2
migrations,0001_initial.py,Simple Atributte,18,18,25,A2
migrations,0001_initial.py,Simple Atributte,19,19,28,A2
migrations,0001_initial.py,Simple Assignment,8,8,4,A1
migrations,0001_initial.py,Simple Assignment,10,11,4,A1
migrations,0001_initial.py,Simple Assignment,13,22,4,A1
migrations,0001_initial.py,From,3,3,0,A2
migrations,0001_initial.py,Alias,3,3,22,A1
migrations,0001_initial.py,Alias,3,3,34,A1
migrations,0001_initial.py,Simple Class ,6,22,0,B1
pages,urls.py,Simple List,7,10,14,A1
pages,urls.py,Simple Atributte,8,8,13,A2
pages,urls.py,Simple Atributte,9,9,19,A2
pages,urls.py,Simple Assignment,7,10,0,A1
pages,urls.py,From,4,4,0,A2
pages,urls.py,Relative From,5,5,0,B1
pages,urls.py,Alias,4,4,24,A1
pages,urls.py,Alias,5,5,14,A1
pages,admin.py,Simple Atributte,4,4,0,A2
pages,admin.py,Simple Atributte,4,4,0,A2
pages,admin.py,From,1,1,0,A2
pages,admin.py,Relative From,2,2,0,B1
pages,admin.py,Alias,1,1,27,A1
pages,admin.py,Alias,2,2,20,A1
pages,models.py,Simple Atributte,3,3,11,A2
pages,models.py,Simple Atributte,4,4,11,A2
pages,models.py,Simple Atributte,5,5,14,A2
pages,models.py,Simple Assignment,4,4,4,A1
pages,models.py,Simple Assignment,5,5,4,A1
pages,models.py,From,1,1,0,A2
pages,models.py,Alias,1,1,22,A1
pages,models.py,Simple Class ,3,5,0,B1
pages,views.py,Simple Atributte,21,21,12,A2
pages,views.py,Simple Atributte,34,34,7,A2
pages,views.py,Simple Atributte,39,39,8,A2
pages,views.py,Simple Atributte,21,21,12,A2
pages,views.py,Simple Atributte,29,29,24,A2
pages,views.py,Simple Atributte,37,37,15,A2
pages,views.py,Simple Atributte,39,39,20,A2
pages,views.py,Simple Atributte,40,40,8,A2
pages,views.py,Simple Atributte,42,42,7,A2
pages,views.py,Simple Atributte,42,42,34,A2
pages,views.py,Simple Atributte,45,45,22,A2
pages,views.py,Simple Atributte,51,51,15,A2
pages,views.py,Simple Atributte,27,27,20,A2
pages,views.py,Simple Atributte,36,36,16,A2
pages,views.py,Simple Atributte,39,39,20,A2
pages,views.py,Simple Atributte,44,44,16,A2
pages,views.py,Simple Atributte,46,46,15,A2
pages,views.py,Simple Atributte,27,27,51,A2
pages,views.py,Simple Atributte,36,36,16,A2
pages,views.py,Simple Atributte,44,44,16,A2
pages,views.py,Boolean Operation,42,42,7,A1
pages,views.py,Simple Assignment,5,15,0,A1
pages,views.py,Simple Assignment,17,17,0,A1
pages,views.py,Simple Assignment,21,21,4,A1
pages,views.py,Simple Assignment,23,23,8,A1
pages,views.py,Simple Assignment,25,25,8,A1
pages,views.py,Simple Assignment,39,39,8,A1
pages,views.py,Simple Assignment,36,36,12,A1
pages,views.py,Simple Assignment,44,44,12,A1
pages,views.py,Simple Assignment,45,45,12,A1
pages,views.py,Simple Assignment,50,50,12,A1
pages,views.py,Simple Assignment,38,38,12,A1
pages,views.py,Simple Assignment,47,47,16,A1
pages,views.py,Simple Assignment,49,49,16,A1
pages,views.py,Simple Assignment,52,52,12,A1
pages,views.py,Simplified incremental Assignment with increase amount,28,28,8,A2
pages,views.py,Simplified incremental Assignment with increase amount,27,27,12,A2
pages,views.py,From,1,1,0,A2
pages,views.py,From,2,2,0,A2
pages,views.py,Relative From,3,3,0,B1
pages,views.py,Alias,1,1,24,A1
pages,views.py,Alias,1,1,38,A1
pages,views.py,Alias,2,2,41,A1
pages,views.py,Alias,3,3,20,A1
pages,views.py,Simple If statements,22,28,4,A1
pages,views.py,Simple If statements,34,40,4,A1
pages,views.py,Simple If statements,42,53,4,A1
pages,views.py,Simple If statements,46,49,12,A1
pages,views.py,Simple For Loop,26,27,8,A1
pages,views.py,Exception --> try/except,35,38,8,B1
pages,views.py,Exception --> try/except,43,52,8,B1
pages,views.py,Except Handler,37,38,8,A1
pages,views.py,Except Handler,51,52,8,A1
pages,views.py,Function with Simple argument,19,29,0,A1
pages,views.py,Function with Simple argument,32,53,0,A1
pages,views.py,Return,29,29,4,A1
pages,views.py,Return,53,53,8,A1
pages,apps.py,Simple Assignment,5,5,4,A1
pages,apps.py,From,1,1,0,A2
pages,apps.py,Alias,1,1,24,A1
pages,apps.py,Inherited Class from AppConfig,4,5,0,B1
cms,urls.py,Simple List,19,22,14,A1
cms,urls.py,Simple Atributte,21,21,19,A2
cms,urls.py,Simple Atributte,21,21,19,A2
cms,urls.py,Simple Assignment,19,22,0,A1
cms,urls.py,From,16,16,0,A2
cms,urls.py,From,17,17,0,A2
cms,urls.py,Alias,16,16,27,A1
cms,urls.py,Alias,17,17,24,A1
cms,urls.py,Alias,17,17,33,A1
cms,settings.py,Simple List,28,28,16,A1
cms,settings.py,Simple List,33,41,17,A1
cms,settings.py,Simple List,43,51,13,A1
cms,settings.py,1 Dictionary List,55,69,12,B1
cms,settings.py,4 Dictionary List,88,101,27,B1
cms,settings.py,Simple List,58,58,16,A1
cms,settings.py,Simple List,61,66,34,A1
cms,settings.py,1 Nested Dictionary,77,82,12,B1
cms,settings.py,1 List in 1Dictionary of Dictionary,56,68,4,B2
cms,settings.py,Simple Dictionary,78,81,15,A2
cms,settings.py,Simple Dictionary,89,91,4,A2
cms,settings.py,Simple Dictionary,92,94,4,A2
cms,settings.py,Simple Dictionary,95,97,4,A2
cms,settings.py,Simple Dictionary,98,100,4,A2
cms,settings.py,1 List Dictionary,60,67,19,B1
cms,settings.py,Simple Atributte,16,16,11,A2
cms,settings.py,Simple Atributte,16,16,11,A2
cms,settings.py,Simple Atributte,16,16,27,A2
cms,settings.py,Simple Atributte,16,16,27,A2
cms,settings.py,Simple Atributte,16,16,43,A2
cms,settings.py,Simple Atributte,80,80,16,A2
cms,settings.py,Simple Atributte,16,16,43,A2
cms,settings.py,Simple Atributte,80,80,16,A2
cms,settings.py,Simple Assignment,16,16,0,A1
cms,settings.py,Simple Assignment,23,23,0,A1
cms,settings.py,Simple Assignment,26,26,0,A1
cms,settings.py,Simple Assignment,28,28,0,A1
cms,settings.py,Simple Assignment,33,41,0,A1
cms,settings.py,Simple Assignment,43,51,0,A1
cms,settings.py,Simple Assignment,53,53,0,A1
cms,settings.py,Simple Assignment,55,69,0,A1
cms,settings.py,Simple Assignment,71,71,0,A1
cms,settings.py,Simple Assignment,77,82,0,A1
cms,settings.py,Simple Assignment,88,101,0,A1
cms,settings.py,Simple Assignment,107,107,0,A1
cms,settings.py,Simple Assignment,109,109,0,A1
cms,settings.py,Simple Assignment,111,111,0,A1
cms,settings.py,Simple Assignment,113,113,0,A1
cms,settings.py,Simple Assignment,115,115,0,A1
cms,settings.py,Simple Assignment,121,121,0,A1
cms,settings.py,Import,13,13,0,A2
cms,settings.py,Alias,13,13,7,A1
cms,wsgi.py,Simple Atributte,14,14,0,A2
cms,wsgi.py,Simple Atributte,14,14,0,A2
cms,wsgi.py,Simple Assignment,16,16,0,A1
cms,wsgi.py,Import,10,10,0,A2
cms,wsgi.py,From,12,12,0,A2
cms,wsgi.py,Alias,10,10,7,A1
cms,wsgi.py,Alias,12,12,29,A1
django-cms-css,manage.py,Simple Atributte,6,6,4,A2
django-cms-css,manage.py,Simple Atributte,15,15,30,A2
django-cms-css,manage.py,Simple Atributte,6,6,4,A2
django-cms-css,manage.py,'raise' exception,10,14,8,B1
django-cms-css,manage.py,Import,2,2,0,A2
django-cms-css,manage.py,Import,3,3,0,A2
django-cms-css,manage.py,From,8,8,8,A2
django-cms-css,manage.py,Alias,2,2,7,A1
django-cms-css,manage.py,Alias,3,3,7,A1
django-cms-css,manage.py,Alias,8,8,43,A1
django-cms-css,manage.py,If statements using → __name__ == ‘__main__’,5,15,0,B2
django-cms-css,manage.py,Exception --> try/except,7,14,4,B1
django-cms-css,manage.py,Except Handler,9,14,4,A1
pages,tests.py,From,1,1,0,A2
pages,tests.py,Alias,1,1,24,A1
pages,urls.py,Simple List,7,10,14,A1
pages,urls.py,Simple Atributte,8,8,13,A2
pages,urls.py,Simple Atributte,9,9,19,A2
pages,urls.py,Simple Assignment,7,10,0,A1
pages,urls.py,From,4,4,0,A2
pages,urls.py,Relative From,5,5,0,B1
pages,urls.py,Alias,4,4,24,A1
pages,urls.py,Alias,5,5,14,A1
pages,admin.py,Simple Atributte,4,4,0,A2
pages,admin.py,Simple Atributte,4,4,0,A2
pages,admin.py,From,1,1,0,A2
pages,admin.py,Relative From,2,2,0,B1
pages,admin.py,Alias,1,1,27,A1
pages,admin.py,Alias,2,2,20,A1
pages,models.py,Simple Atributte,3,3,11,A2
pages,models.py,Simple Atributte,4,4,11,A2
pages,models.py,Simple Atributte,5,5,14,A2
pages,models.py,Simple Assignment,4,4,4,A1
pages,models.py,Simple Assignment,5,5,4,A1
pages,models.py,From,1,1,0,A2
pages,models.py,Alias,1,1,22,A1
pages,models.py,Simple Class ,3,5,0,B1
pages,views.py,Simple Dictionary,10,10,47,A2
pages,views.py,Simple Dictionary,32,32,41,A2
pages,views.py,Simple Atributte,9,9,12,A2
pages,views.py,Simple Atributte,15,15,7,A2
pages,views.py,Simple Atributte,20,20,8,A2
pages,views.py,Simple Atributte,9,9,12,A2
pages,views.py,Simple Atributte,18,18,15,A2
pages,views.py,Simple Atributte,20,20,20,A2
pages,views.py,Simple Atributte,21,21,8,A2
pages,views.py,Simple Atributte,23,23,7,A2
pages,views.py,Simple Atributte,23,23,34,A2
pages,views.py,Simple Atributte,26,26,22,A2
pages,views.py,Simple Atributte,28,28,15,A2
pages,views.py,Simple Atributte,31,31,24,A2
pages,views.py,Simple Atributte,32,32,20,A2
pages,views.py,Simple Atributte,17,17,16,A2
pages,views.py,Simple Atributte,20,20,20,A2
pages,views.py,Simple Atributte,25,25,16,A2
pages,views.py,Simple Atributte,17,17,16,A2
pages,views.py,Simple Atributte,25,25,16,A2
pages,views.py,Boolean Operation,23,23,7,A1
pages,views.py,Simple Assignment,9,9,4,A1
pages,views.py,Simple Assignment,20,20,8,A1
pages,views.py,Simple Assignment,31,31,8,A1
pages,views.py,Simple Assignment,32,32,8,A1
pages,views.py,Simple Assignment,17,17,12,A1
pages,views.py,Simple Assignment,25,25,12,A1
pages,views.py,Simple Assignment,26,26,12,A1
pages,views.py,Simple Assignment,27,27,12,A1
pages,views.py,Simple Assignment,19,19,12,A1
pages,views.py,Assigment with sum (total = total + 1),29,29,12,A1
pages,views.py,Simple Assignment,30,30,12,A1
pages,views.py,From,1,1,0,A2
pages,views.py,From,2,2,0,A2
pages,views.py,From,3,3,0,A2
pages,views.py,From,4,4,0,A2
pages,views.py,Relative From,5,5,0,B1
pages,views.py,Alias,1,1,24,A1
pages,views.py,Alias,2,2,29,A1
pages,views.py,Alias,3,3,28,A1
pages,views.py,Alias,4,4,41,A1
pages,views.py,Alias,5,5,20,A1
pages,views.py,Simple If statements,15,21,4,A1
pages,views.py,Simple If statements,23,33,4,A1
pages,views.py,Exception --> try/except,16,19,8,B1
pages,views.py,Exception --> try/except,24,30,8,B1
pages,views.py,Except Handler,18,19,8,A1
pages,views.py,Except Handler,28,30,8,A1
pages,views.py,Function with Simple argument,7,10,0,A1
pages,views.py,Function with Simple argument,13,33,0,A1
pages,views.py,Return,10,10,4,A1
pages,views.py,Return,33,33,8,A1
pages,apps.py,Simple Assignment,5,5,4,A1
pages,apps.py,From,1,1,0,A2
pages,apps.py,Alias,1,1,24,A1
pages,apps.py,Inherited Class from AppConfig,4,5,0,B1
cms,urls.py,Simple List,19,22,14,A1
cms,urls.py,Simple Atributte,21,21,19,A2
cms,urls.py,Simple Atributte,21,21,19,A2
cms,urls.py,Simple Assignment,19,22,0,A1
cms,urls.py,From,16,16,0,A2
cms,urls.py,From,17,17,0,A2
cms,urls.py,Alias,16,16,27,A1
cms,urls.py,Alias,17,17,24,A1
cms,urls.py,Alias,17,17,33,A1
cms,settings.py,Simple List,28,28,16,A1
cms,settings.py,Simple List,33,41,17,A1
cms,settings.py,Simple List,43,51,13,A1
cms,settings.py,1 Dictionary List,55,69,12,B1
cms,settings.py,4 Dictionary List,88,101,27,B1
cms,settings.py,Simple List,58,58,16,A1
cms,settings.py,Simple List,61,66,34,A1
cms,settings.py,1 Nested Dictionary,77,82,12,B1
cms,settings.py,1 List in 1Dictionary of Dictionary,56,68,4,B2
cms,settings.py,Simple Dictionary,78,81,15,A2
cms,settings.py,Simple Dictionary,89,91,4,A2
cms,settings.py,Simple Dictionary,92,94,4,A2
cms,settings.py,Simple Dictionary,95,97,4,A2
cms,settings.py,Simple Dictionary,98,100,4,A2
cms,settings.py,1 List Dictionary,60,67,19,B1
cms,settings.py,Simple Atributte,16,16,11,A2
cms,settings.py,Simple Atributte,16,16,11,A2
cms,settings.py,Simple Atributte,16,16,27,A2
cms,settings.py,Simple Atributte,16,16,27,A2
cms,settings.py,Simple Atributte,16,16,43,A2
cms,settings.py,Simple Atributte,80,80,16,A2
cms,settings.py,Simple Atributte,16,16,43,A2
cms,settings.py,Simple Atributte,80,80,16,A2
cms,settings.py,Simple Assignment,16,16,0,A1
cms,settings.py,Simple Assignment,23,23,0,A1
cms,settings.py,Simple Assignment,26,26,0,A1
cms,settings.py,Simple Assignment,28,28,0,A1
cms,settings.py,Simple Assignment,33,41,0,A1
cms,settings.py,Simple Assignment,43,51,0,A1
cms,settings.py,Simple Assignment,53,53,0,A1
cms,settings.py,Simple Assignment,55,69,0,A1
cms,settings.py,Simple Assignment,71,71,0,A1
cms,settings.py,Simple Assignment,77,82,0,A1
cms,settings.py,Simple Assignment,88,101,0,A1
cms,settings.py,Simple Assignment,107,107,0,A1
cms,settings.py,Simple Assignment,109,109,0,A1
cms,settings.py,Simple Assignment,111,111,0,A1
cms,settings.py,Simple Assignment,113,113,0,A1
cms,settings.py,Simple Assignment,115,115,0,A1
cms,settings.py,Simple Assignment,121,121,0,A1
cms,settings.py,Import,13,13,0,A2
cms,settings.py,Alias,13,13,7,A1
cms,wsgi.py,Simple Atributte,14,14,0,A2
cms,wsgi.py,Simple Atributte,14,14,0,A2
cms,wsgi.py,Simple Assignment,16,16,0,A1
cms,wsgi.py,Import,10,10,0,A2
cms,wsgi.py,From,12,12,0,A2
cms,wsgi.py,Alias,10,10,7,A1
cms,wsgi.py,Alias,12,12,29,A1
django-cms,manage.py,Simple Atributte,6,6,4,A2
django-cms,manage.py,Simple Atributte,15,15,30,A2
django-cms,manage.py,Simple Atributte,6,6,4,A2
django-cms,manage.py,'raise' exception,10,14,8,B1
django-cms,manage.py,Import,2,2,0,A2
django-cms,manage.py,Import,3,3,0,A2
django-cms,manage.py,From,8,8,8,A2
django-cms,manage.py,Alias,2,2,7,A1
django-cms,manage.py,Alias,3,3,7,A1
django-cms,manage.py,Alias,8,8,43,A1
django-cms,manage.py,If statements using → __name__ == ‘__main__’,5,15,0,B2
django-cms,manage.py,Exception --> try/except,7,14,4,B1
django-cms,manage.py,Except Handler,9,14,4,A1
pages,tests.py,From,1,1,0,A2
pages,tests.py,Alias,1,1,24,A1
pages,urls.py,Simple List,7,10,14,A1
pages,urls.py,Simple Atributte,8,8,13,A2
pages,urls.py,Simple Atributte,9,9,19,A2
pages,urls.py,Simple Assignment,7,10,0,A1
pages,urls.py,From,4,4,0,A2
pages,urls.py,Relative From,5,5,0,B1
pages,urls.py,Alias,4,4,24,A1
pages,urls.py,Alias,5,5,14,A1
pages,admin.py,Simple Atributte,4,4,0,A2
pages,admin.py,Simple Atributte,4,4,0,A2
pages,admin.py,From,1,1,0,A2
pages,admin.py,Relative From,2,2,0,B1
pages,admin.py,Alias,1,1,27,A1
pages,admin.py,Alias,2,2,20,A1
pages,models.py,Simple Atributte,3,3,11,A2
pages,models.py,Simple Atributte,4,4,11,A2
pages,models.py,Simple Atributte,5,5,14,A2
pages,models.py,Simple Assignment,4,4,4,A1
pages,models.py,Simple Assignment,5,5,4,A1
pages,models.py,From,1,1,0,A2
pages,models.py,Alias,1,1,22,A1
pages,models.py,Simple Class ,3,5,0,B1
pages,views.py,Simple Atributte,21,21,12,A2
pages,views.py,Simple Atributte,34,34,7,A2
pages,views.py,Simple Atributte,39,39,8,A2
pages,views.py,Simple Atributte,21,21,12,A2
pages,views.py,Simple Atributte,29,29,24,A2
pages,views.py,Simple Atributte,37,37,15,A2
pages,views.py,Simple Atributte,39,39,20,A2
pages,views.py,Simple Atributte,40,40,8,A2
pages,views.py,Simple Atributte,42,42,7,A2
pages,views.py,Simple Atributte,42,42,34,A2
pages,views.py,Simple Atributte,45,45,22,A2
pages,views.py,Simple Atributte,47,47,15,A2
pages,views.py,Simple Atributte,27,27,20,A2
pages,views.py,Simple Atributte,36,36,16,A2
pages,views.py,Simple Atributte,39,39,20,A2
pages,views.py,Simple Atributte,44,44,16,A2
pages,views.py,Simple Atributte,27,27,51,A2
pages,views.py,Simple Atributte,36,36,16,A2
pages,views.py,Simple Atributte,44,44,16,A2
pages,views.py,Boolean Operation,42,42,7,A1
pages,views.py,Simple Assignment,5,15,0,A1
pages,views.py,Simple Assignment,17,17,0,A1
pages,views.py,Simple Assignment,21,21,4,A1
pages,views.py,Simple Assignment,23,23,8,A1
pages,views.py,Simple Assignment,25,25,8,A1
pages,views.py,Simple Assignment,39,39,8,A1
pages,views.py,Simple Assignment,36,36,12,A1
pages,views.py,Simple Assignment,44,44,12,A1
pages,views.py,Simple Assignment,45,45,12,A1
pages,views.py,Simple Assignment,46,46,12,A1
pages,views.py,Simple Assignment,38,38,12,A1
pages,views.py,Simple Assignment,48,48,12,A1
pages,views.py,Simplified incremental Assignment with increase amount,28,28,8,A2
pages,views.py,Simplified incremental Assignment with increase amount,27,27,12,A2
pages,views.py,From,1,1,0,A2
pages,views.py,From,2,2,0,A2
pages,views.py,Relative From,3,3,0,B1
pages,views.py,Alias,1,1,24,A1
pages,views.py,Alias,1,1,38,A1
pages,views.py,Alias,2,2,41,A1
pages,views.py,Alias,3,3,20,A1
pages,views.py,Simple If statements,22,28,4,A1
pages,views.py,Simple If statements,34,40,4,A1
pages,views.py,Simple If statements,42,49,4,A1
pages,views.py,Simple For Loop,26,27,8,A1
pages,views.py,Exception --> try/except,35,38,8,B1
pages,views.py,Exception --> try/except,43,48,8,B1
pages,views.py,Except Handler,37,38,8,A1
pages,views.py,Except Handler,47,48,8,A1
pages,views.py,Function with Simple argument,19,29,0,A1
pages,views.py,Function with Simple argument,32,49,0,A1
pages,views.py,Return,29,29,4,A1
pages,views.py,Return,49,49,8,A1
pages,apps.py,Simple Assignment,5,5,4,A1
pages,apps.py,From,1,1,0,A2
pages,apps.py,Alias,1,1,24,A1
pages,apps.py,Inherited Class from AppConfig,4,5,0,B1
counter,tests.py,From,1,1,0,A2
counter,tests.py,Alias,1,1,24,A1
counter,admin.py,From,1,1,0,A2
counter,admin.py,Alias,1,1,27,A1
counter,models.py,From,1,1,0,A2
counter,models.py,Alias,1,1,22,A1
counter,views.py,Simple Atributte,19,19,15,A2
counter,views.py,Simple Assignment,3,11,0,A1
counter,views.py,Simple Assignment,13,13,0,A1
counter,views.py,Simple Assignment,19,19,4,A1
counter,views.py,Assigment with sum (total = total + 1),20,20,4,A1
counter,views.py,From,1,1,0,A2
counter,views.py,Alias,1,1,24,A1
counter,views.py,Function with Simple argument,15,21,0,A1
counter,views.py,Return,21,21,4,A1
counter,apps.py,Simple Assignment,5,5,4,A1
counter,apps.py,From,1,1,0,A2
counter,apps.py,Alias,1,1,24,A1
counter,apps.py,Inherited Class from AppConfig,4,5,0,B1
django-counter,manage.py,Simple Atributte,8,8,4,A2
django-counter,manage.py,Simple Atributte,17,17,30,A2
django-counter,manage.py,Simple Atributte,8,8,4,A2
django-counter,manage.py,'raise' exception,12,16,8,B1
django-counter,manage.py,Import,3,3,0,A2
django-counter,manage.py,Import,4,4,0,A2
django-counter,manage.py,From,10,10,8,A2
django-counter,manage.py,Alias,3,3,7,A1
django-counter,manage.py,Alias,4,4,7,A1
django-counter,manage.py,Alias,10,10,43,A1
django-counter,manage.py,If statements using → __name__ == ‘__main__’,20,21,0,B2
django-counter,manage.py,Exception --> try/except,9,16,4,B1
django-counter,manage.py,Except Handler,11,16,4,A1
django-counter,manage.py,Function,7,17,0,A1
project,asgi.py,Simple Atributte,14,14,0,A2
project,asgi.py,Simple Atributte,14,14,0,A2
project,asgi.py,Simple Assignment,16,16,0,A1
project,asgi.py,Import,10,10,0,A2
project,asgi.py,From,12,12,0,A2
project,asgi.py,Alias,10,10,7,A1
project,asgi.py,Alias,12,12,29,A1
project,urls.py,Simple List,19,21,14,A1
project,urls.py,Simple Atributte,20,20,13,A2
project,urls.py,Simple Assignment,19,21,0,A1
project,urls.py,From,16,16,0,A2
project,urls.py,From,17,17,0,A2
project,urls.py,Alias,16,16,24,A1
project,urls.py,Alias,17,17,20,A1
project,settings.py,Simple List,28,28,16,A1
project,settings.py,Simple List,33,40,17,A1
project,settings.py,Simple List,42,50,13,A1
project,settings.py,1 Dictionary List,54,68,12,B1
project,settings.py,4 Dictionary List,87,100,27,B1
project,settings.py,Simple List,57,57,16,A1
project,settings.py,Simple List,60,65,34,A1
project,settings.py,1 Nested Dictionary,76,81,12,B1
project,settings.py,1 List in 1Dictionary of Dictionary,55,67,4,B2
project,settings.py,Simple Dictionary,77,80,15,A2
project,settings.py,Simple Dictionary,88,90,4,A2
project,settings.py,Simple Dictionary,91,93,4,A2
project,settings.py,Simple Dictionary,94,96,4,A2
project,settings.py,Simple Dictionary,97,99,4,A2
project,settings.py,1 List Dictionary,59,66,19,B1
project,settings.py,Simple Atributte,16,16,11,A2
project,settings.py,Simple Atributte,16,16,11,A2
project,settings.py,Simple Atributte,16,16,27,A2
project,settings.py,Simple Atributte,16,16,27,A2
project,settings.py,Simple Atributte,16,16,43,A2
project,settings.py,Simple Atributte,79,79,16,A2
project,settings.py,Simple Atributte,16,16,43,A2
project,settings.py,Simple Atributte,79,79,16,A2
project,settings.py,Simple Assignment,16,16,0,A1
project,settings.py,Simple Assignment,23,23,0,A1
project,settings.py,Simple Assignment,26,26,0,A1
project,settings.py,Simple Assignment,28,28,0,A1
project,settings.py,Simple Assignment,33,40,0,A1
project,settings.py,Simple Assignment,42,50,0,A1
project,settings.py,Simple Assignment,52,52,0,A1
project,settings.py,Simple Assignment,54,68,0,A1
project,settings.py,Simple Assignment,70,70,0,A1
project,settings.py,Simple Assignment,76,81,0,A1
project,settings.py,Simple Assignment,87,100,0,A1
project,settings.py,Simple Assignment,106,106,0,A1
project,settings.py,Simple Assignment,108,108,0,A1
project,settings.py,Simple Assignment,110,110,0,A1
project,settings.py,Simple Assignment,112,112,0,A1
project,settings.py,Simple Assignment,114,114,0,A1
project,settings.py,Simple Assignment,120,120,0,A1
project,settings.py,Import,13,13,0,A2
project,settings.py,Alias,13,13,7,A1
project,wsgi.py,Simple Atributte,14,14,0,A2
project,wsgi.py,Simple Atributte,14,14,0,A2
project,wsgi.py,Simple Assignment,16,16,0,A1
project,wsgi.py,Import,10,10,0,A2
project,wsgi.py,From,12,12,0,A2
project,wsgi.py,Alias,10,10,7,A1
project,wsgi.py,Alias,12,12,29,A1
youtube,ytchannel.py,Simple List,39,39,22,A1
youtube,ytchannel.py,Simple Dictionary,57,59,31,A2
youtube,ytchannel.py,Simple Atributte,33,33,8,A2
youtube,ytchannel.py,Simple Atributte,34,34,8,A2
youtube,ytchannel.py,Simple Atributte,35,35,8,A2
youtube,ytchannel.py,Simple Atributte,36,36,8,A2
youtube,ytchannel.py,Simple Atributte,37,37,8,A2
youtube,ytchannel.py,Simple Atributte,38,38,8,A2
youtube,ytchannel.py,Simple Atributte,39,39,8,A2
youtube,ytchannel.py,Simple Atributte,71,71,11,A2
youtube,ytchannel.py,Simple Atributte,82,82,8,A2
youtube,ytchannel.py,Simple Atributte,83,83,8,A2
youtube,ytchannel.py,Simple Atributte,89,89,15,A2
youtube,ytchannel.py,Simple Atributte,43,43,12,A2
youtube,ytchannel.py,Simple Atributte,44,44,13,A2
youtube,ytchannel.py,Simple Atributte,56,56,12,A2
youtube,ytchannel.py,Simple Atributte,60,60,13,A2
youtube,ytchannel.py,Simple Atributte,72,72,12,A2
youtube,ytchannel.py,Simple Atributte,84,84,8,A2
youtube,ytchannel.py,Simple Atributte,84,84,38,A2
youtube,ytchannel.py,Simple Atributte,85,85,8,A2
youtube,ytchannel.py,Simple Atributte,89,89,15,A2
youtube,ytchannel.py,Simple Atributte,57,57,12,A2
youtube,ytchannel.py,Simple Atributte,72,72,27,A2
youtube,ytchannel.py,Simple Atributte,84,84,8,A2
youtube,ytchannel.py,Simple Atributte,85,85,8,A2
youtube,ytchannel.py,Simple Atributte,46,46,16,A2
youtube,ytchannel.py,Simple Atributte,57,57,12,A2
youtube,ytchannel.py,Simple Atributte,57,57,40,A2
youtube,ytchannel.py,Simple Atributte,58,58,41,A2
youtube,ytchannel.py,Simple Atributte,59,59,38,A2
youtube,ytchannel.py,Simple Atributte,62,62,16,A2
youtube,ytchannel.py,Simple Atributte,62,62,29,A2
youtube,ytchannel.py,Simple Atributte,63,63,16,A2
youtube,ytchannel.py,Simple Atributte,64,64,16,A2
youtube,ytchannel.py,Simple Atributte,48,48,16,A2
youtube,ytchannel.py,Simple Atributte,66,66,16,A2
youtube,ytchannel.py,Simple Atributte,66,66,26,A2
youtube,ytchannel.py,Simple Atributte,67,67,16,A2
youtube,ytchannel.py,Simple Atributte,68,68,16,A2
youtube,ytchannel.py,Simple Atributte,48,48,28,A2
youtube,ytchannel.py,Simple Atributte,50,50,16,A2
youtube,ytchannel.py,Simple Assignment,33,33,8,A1
youtube,ytchannel.py,Simple Assignment,34,34,8,A1
youtube,ytchannel.py,Simple Assignment,35,35,8,A1
youtube,ytchannel.py,Simple Assignment,36,36,8,A1
youtube,ytchannel.py,Simple Assignment,37,37,8,A1
youtube,ytchannel.py,Simple Assignment,38,38,8,A1
youtube,ytchannel.py,Simple Assignment,39,39,8,A1
youtube,ytchannel.py,Simple Assignment,82,82,8,A1
youtube,ytchannel.py,Simple Assignment,83,83,8,A1
youtube,ytchannel.py,Simple Assignment,43,43,12,A1
youtube,ytchannel.py,Simple Assignment,56,56,12,A1
youtube,ytchannel.py,Assigment with sum (total = total + 1),72,72,12,A1
youtube,ytchannel.py,Simple Assignment,46,46,16,A1
youtube,ytchannel.py,Simple Assignment,62,62,16,A1
youtube,ytchannel.py,Simple Assignment,63,63,16,A1
youtube,ytchannel.py,Simple Assignment,64,64,16,A1
youtube,ytchannel.py,Simple Assignment,48,48,16,A1
youtube,ytchannel.py,Simple Assignment,66,66,16,A1
youtube,ytchannel.py,Simple Assignment,67,67,16,A1
youtube,ytchannel.py,Simple Assignment,68,68,16,A1
youtube,ytchannel.py,Simple Assignment,50,50,16,A1
youtube,ytchannel.py,Import,12,12,0,A2
youtube,ytchannel.py,Import,13,13,0,A2
youtube,ytchannel.py,From,10,10,0,A2
youtube,ytchannel.py,From,11,11,0,A2
youtube,ytchannel.py,Alias,10,10,28,A1
youtube,ytchannel.py,Alias,11,11,20,A1
youtube,ytchannel.py,Alias,12,12,7,A1
youtube,ytchannel.py,Alias,13,13,7,A1
youtube,ytchannel.py,Simple If statements,42,50,8,A1
youtube,ytchannel.py,Simple If statements,55,68,8,A1
youtube,ytchannel.py,Simple If statements,71,72,8,A1
youtube,ytchannel.py,Simple If statements,44,50,8,A1
youtube,ytchannel.py,Simple If statements,60,68,8,A1
youtube,ytchannel.py,Simple If statements,45,50,12,A1
youtube,ytchannel.py,Simple If statements,61,68,12,A1
youtube,ytchannel.py,Simple If statements,47,50,12,A1
youtube,ytchannel.py,Simple If statements,65,68,12,A1
youtube,ytchannel.py,Simple If statements,49,50,12,A1
youtube,ytchannel.py,Function with Simple argument,22,39,4,A1
youtube,ytchannel.py,Function with Simple argument,41,50,4,A1
youtube,ytchannel.py,Function with Simple argument,52,68,4,A1
youtube,ytchannel.py,Function with Simple argument,70,72,4,A1
youtube,ytchannel.py,Function with Simple argument,81,85,4,A1
youtube,ytchannel.py,Function with Simple argument,87,89,4,A1
youtube,ytchannel.py,Return,89,89,8,A1
youtube,ytchannel.py,Inherited Class from ContentHandler,15,72,0,B1
youtube,ytchannel.py,Simple Class ,74,89,0,B1
youtube,tests.py,6 Dictionary List,14,31,24,B1
youtube,tests.py,Simple List,72,75,17,A1
youtube,tests.py,Simple Dictionary,14,16,25,A2
youtube,tests.py,Simple Dictionary,17,19,20,A2
youtube,tests.py,Simple Dictionary,20,22,20,A2
youtube,tests.py,Simple Dictionary,23,25,20,A2
youtube,tests.py,Simple Dictionary,26,28,20,A2
youtube,tests.py,Simple Dictionary,29,31,20,A2
youtube,tests.py,Simple Dictionary,82,82,41,A2
youtube,tests.py,Simple Dictionary,88,88,41,A2
youtube,tests.py,Simple Dictionary,94,94,41,A2
youtube,tests.py,Simple Dictionary,96,96,41,A2
youtube,tests.py,Files --> 'open' call function,35,35,18,A2
youtube,tests.py,Files --> 'open' call function,42,42,18,A2
youtube,tests.py,Files --> 'open' call function,49,49,18,A2
youtube,tests.py,Simple Atributte,11,11,8,A2
youtube,tests.py,Simple Atributte,12,12,8,A2
youtube,tests.py,Simple Atributte,13,13,8,A2
youtube,tests.py,Simple Atributte,14,14,8,A2
youtube,tests.py,Simple Atributte,61,61,8,A2
youtube,tests.py,Simple Atributte,35,35,23,A2
youtube,tests.py,Simple Atributte,37,37,17,A2
youtube,tests.py,Simple Atributte,38,38,8,A2
youtube,tests.py,Simple Atributte,38,38,33,A2
youtube,tests.py,Simple Atributte,42,42,23,A2
youtube,tests.py,Simple Atributte,44,44,17,A2
youtube,tests.py,Simple Atributte,45,45,8,A2
youtube,tests.py,Simple Atributte,49,49,23,A2
youtube,tests.py,Simple Atributte,51,51,17,A2
youtube,tests.py,Simple Atributte,52,52,8,A2
youtube,tests.py,Simple Atributte,53,53,8,A2
youtube,tests.py,Simple Atributte,64,64,19,A2
youtube,tests.py,Simple Atributte,65,65,8,A2
youtube,tests.py,Simple Atributte,65,65,25,A2
youtube,tests.py,Simple Atributte,68,68,19,A2
youtube,tests.py,Simple Atributte,69,69,8,A2
youtube,tests.py,Simple Atributte,69,69,25,A2
youtube,tests.py,Simple Atributte,69,69,55,A2
youtube,tests.py,Simple Atributte,76,76,19,A2
youtube,tests.py,Simple Atributte,77,77,18,A2
youtube,tests.py,Simple Atributte,82,82,19,A2
youtube,tests.py,Simple Atributte,83,83,8,A2
youtube,tests.py,Simple Atributte,83,83,25,A2
youtube,tests.py,Simple Atributte,86,86,19,A2
youtube,tests.py,Simple Atributte,87,87,8,A2
youtube,tests.py,Simple Atributte,87,87,25,A2
youtube,tests.py,Simple Atributte,88,88,19,A2
youtube,tests.py,Simple Atributte,89,89,8,A2
youtube,tests.py,Simple Atributte,89,89,25,A2
youtube,tests.py,Simple Atributte,92,92,19,A2
youtube,tests.py,Simple Atributte,93,93,8,A2
youtube,tests.py,Simple Atributte,93,93,25,A2
youtube,tests.py,Simple Atributte,94,94,19,A2
youtube,tests.py,Simple Atributte,95,95,8,A2
youtube,tests.py,Simple Atributte,95,95,25,A2
youtube,tests.py,Simple Atributte,96,96,19,A2
youtube,tests.py,Simple Atributte,97,97,8,A2
youtube,tests.py,Simple Atributte,97,97,25,A2
youtube,tests.py,Simple Atributte,53,53,33,A2
youtube,tests.py,Simple Atributte,64,64,19,A2
youtube,tests.py,Simple Atributte,68,68,19,A2
youtube,tests.py,Simple Atributte,69,69,25,A2
youtube,tests.py,Simple Atributte,76,76,19,A2
youtube,tests.py,Simple Atributte,77,77,18,A2
youtube,tests.py,Simple Atributte,79,79,12,A2
youtube,tests.py,Simple Atributte,82,82,19,A2
youtube,tests.py,Simple Atributte,82,82,48,A2
youtube,tests.py,Simple Atributte,86,86,19,A2
youtube,tests.py,Simple Atributte,88,88,19,A2
youtube,tests.py,Simple Atributte,88,88,48,A2
youtube,tests.py,Simple Atributte,92,92,19,A2
youtube,tests.py,Simple Atributte,94,94,19,A2
youtube,tests.py,Simple Atributte,94,94,48,A2
youtube,tests.py,Simple Atributte,96,96,19,A2
youtube,tests.py,Simple Atributte,96,96,48,A2
youtube,tests.py,Subscript,53,53,33,A1
youtube,tests.py,Slice,53,53,47,A1
youtube,tests.py,Simple Assignment,11,11,8,A1
youtube,tests.py,Simple Assignment,12,12,8,A1
youtube,tests.py,Simple Assignment,13,13,8,A1
youtube,tests.py,Simple Assignment,14,31,8,A1
youtube,tests.py,Simple Assignment,35,35,8,A1
youtube,tests.py,Simple Assignment,36,36,8,A1
youtube,tests.py,Simple Assignment,37,37,8,A1
youtube,tests.py,Simple Assignment,42,42,8,A1
youtube,tests.py,Simple Assignment,43,43,8,A1
youtube,tests.py,Simple Assignment,44,44,8,A1
youtube,tests.py,Simple Assignment,49,49,8,A1
youtube,tests.py,Simple Assignment,50,50,8,A1
youtube,tests.py,Simple Assignment,51,51,8,A1
youtube,tests.py,Simple Assignment,61,61,8,A1
youtube,tests.py,Simple Assignment,64,64,8,A1
youtube,tests.py,Simple Assignment,68,68,8,A1
youtube,tests.py,Simple Assignment,72,75,8,A1
youtube,tests.py,Simple Assignment,76,76,8,A1
youtube,tests.py,Simple Assignment,77,77,8,A1
youtube,tests.py,Simple Assignment,82,82,8,A1
youtube,tests.py,Simple Assignment,86,86,8,A1
youtube,tests.py,Simple Assignment,88,88,8,A1
youtube,tests.py,Simple Assignment,92,92,8,A1
youtube,tests.py,Simple Assignment,94,94,8,A1
youtube,tests.py,Simple Assignment,96,96,8,A1
youtube,tests.py,From,2,2,0,A2
youtube,tests.py,Relative From,4,4,0,B1
youtube,tests.py,Relative From,5,5,0,B1
youtube,tests.py,Alias,2,2,24,A1
youtube,tests.py,Alias,2,2,34,A1
youtube,tests.py,Alias,4,4,14,A1
youtube,tests.py,Alias,5,5,23,A1
youtube,tests.py,Simple For Loop,78,79,8,A1
youtube,tests.py,Function with Simple argument,10,31,4,A1
youtube,tests.py,Function with Simple argument,33,38,4,A1
youtube,tests.py,Function with Simple argument,40,45,4,A1
youtube,tests.py,Function with Simple argument,47,53,4,A1
youtube,tests.py,Function with Simple argument,59,61,4,A1
youtube,tests.py,Function with Simple argument,63,65,4,A1
youtube,tests.py,Function with Simple argument,67,69,4,A1
youtube,tests.py,Function with Simple argument,71,79,4,A1
youtube,tests.py,Function with Simple argument,81,83,4,A1
youtube,tests.py,Function with Simple argument,85,89,4,A1
youtube,tests.py,Function with Simple argument,91,97,4,A1
youtube,tests.py,Inherited Class from SimpleTestCase,7,53,0,B1
youtube,tests.py,Inherited Class from SimpleTestCase,56,97,0,B1
youtube,__init__.py,Simple Assignment,1,1,0,A1
youtube,data.py,Simple List,7,7,11,A1
youtube,data.py,Simple List,8,8,13,A1
youtube,data.py,Simple Assignment,7,7,0,A1
youtube,data.py,Simple Assignment,8,8,0,A1
youtube,data.py,Simple Assignment,10,25,0,A1
youtube,data.py,Simple Assignment,27,37,0,A1
youtube,urls.py,Simple List,6,8,14,A1
youtube,urls.py,Simple Atributte,7,7,13,A2
youtube,urls.py,Simple Assignment,6,8,0,A1
youtube,urls.py,From,3,3,0,A2
youtube,urls.py,Relative From,4,4,0,B1
youtube,urls.py,Alias,3,3,24,A1
youtube,urls.py,Alias,4,4,14,A1
youtube,admin.py,From,1,1,0,A2
youtube,admin.py,Alias,1,1,27,A1
youtube,models.py,From,1,1,0,A2
youtube,models.py,Alias,1,1,22,A1
youtube,views.py,Simple Tuple,27,27,8,A1
youtube,views.py,'enumerate' call function,27,27,20,C2
youtube,views.py,Simple Atributte,36,36,7,A2
youtube,views.py,Simple Atributte,51,51,15,A2
youtube,views.py,Simple Atributte,31,31,8,A2
youtube,views.py,Simple Atributte,37,37,19,A2
youtube,views.py,Simple Atributte,47,47,48,A2
youtube,views.py,Simple Atributte,49,49,48,A2
youtube,views.py,Simple Atributte,51,51,15,A2
youtube,views.py,Simple Atributte,15,15,22,A2
youtube,views.py,Simple Atributte,29,29,20,A2
youtube,views.py,Simple Atributte,38,38,15,A2
youtube,views.py,Simple Atributte,15,15,22,A2
youtube,views.py,Simple Atributte,38,38,15,A2
youtube,views.py,Simple Atributte,42,42,17,A2
youtube,views.py,Simple Atributte,39,39,37,A2
youtube,views.py,Simple Atributte,40,40,35,A2
youtube,views.py,Simple Atributte,42,42,17,A2
youtube,views.py,Simple Atributte,41,41,30,A2
youtube,views.py,Simple Atributte,43,43,37,A2
youtube,views.py,Simple Atributte,44,44,35,A2
youtube,views.py,Simple Atributte,45,45,30,A2
youtube,views.py,Subscript,28,28,11,A1
youtube,views.py,Subscript,15,15,45,A1
youtube,views.py,Subscript,16,16,41,A1
youtube,views.py,Subscript,17,17,38,A1
youtube,views.py,Subscript,41,41,30,A1
youtube,views.py,Subscript,45,45,30,A1
youtube,views.py,Simple Assignment,13,13,4,A1
youtube,views.py,Simple Assignment,26,26,4,A1
youtube,views.py,Simple Assignment,46,46,4,A1
youtube,views.py,Simple Assignment,47,48,4,A1
youtube,views.py,Simple Assignment,49,50,4,A1
youtube,views.py,Simple Assignment,51,52,4,A1
youtube,views.py,Assigment with sum (total = total + 1),15,20,8,A1
youtube,views.py,Simple Assignment,29,29,12,A1
youtube,views.py,From,3,3,0,A2
youtube,views.py,From,4,4,0,A2
youtube,views.py,From,5,5,0,A2
youtube,views.py,Relative From,7,7,0,B1
youtube,views.py,Relative From,8,8,0,B1
youtube,views.py,Alias,3,3,24,A1
youtube,views.py,Alias,4,4,41,A1
youtube,views.py,Alias,5,5,35,A1
youtube,views.py,Alias,7,7,23,A1
youtube,views.py,Alias,8,8,14,A1
youtube,views.py,Simple If statements,30,31,4,A1
youtube,views.py,Simple If statements,36,45,4,A1
youtube,views.py,Simple If statements,28,29,8,A1
youtube,views.py,Simple If statements,37,45,8,A1
youtube,views.py,Simple If statements,38,45,12,A1
youtube,views.py,Simple If statements,42,45,12,A1
youtube,views.py,Simple For Loop,14,20,4,A1
youtube,views.py,For Loop with Tuple as name,27,29,4,A2
youtube,views.py,Function with Simple argument,11,21,0,A1
youtube,views.py,Function with Simple argument,24,31,0,A1
youtube,views.py,Function with Simple argument,34,53,0,A1
youtube,views.py,Return,21,21,4,A1
youtube,views.py,Return,53,53,4,A1
youtube,apps.py,Simple Atributte,15,15,8,A2
youtube,apps.py,Simple Atributte,13,13,20,A2
youtube,apps.py,Simple Atributte,15,15,26,A2
youtube,apps.py,Simple Atributte,13,13,20,A2
youtube,apps.py,Simple Assignment,8,8,4,A1
youtube,apps.py,Assigment with sum (total = total + 1),11,12,8,A1
youtube,apps.py,Simple Assignment,13,13,8,A1
youtube,apps.py,Simple Assignment,14,14,8,A1
youtube,apps.py,Simple Assignment,15,15,8,A1
youtube,apps.py,Import,1,1,0,A2
youtube,apps.py,From,3,3,0,A2
youtube,apps.py,Relative From,4,4,0,B1
youtube,apps.py,Relative From,5,5,0,B1
youtube,apps.py,Alias,1,1,7,A1
youtube,apps.py,Alias,3,3,24,A1
youtube,apps.py,Alias,4,4,23,A1
youtube,apps.py,Alias,5,5,14,A1
youtube,apps.py,Function with Simple argument,10,15,4,A1
youtube,apps.py,Inherited Class from AppConfig,7,15,0,B1
django-youtube-1,manage.py,Simple Atributte,8,8,4,A2
django-youtube-1,manage.py,Simple Atributte,17,17,30,A2
django-youtube-1,manage.py,Simple Atributte,8,8,4,A2
django-youtube-1,manage.py,'raise' exception,12,16,8,B1
django-youtube-1,manage.py,Import,3,3,0,A2
django-youtube-1,manage.py,Import,4,4,0,A2
django-youtube-1,manage.py,From,10,10,8,A2
django-youtube-1,manage.py,Alias,3,3,7,A1
django-youtube-1,manage.py,Alias,4,4,7,A1
django-youtube-1,manage.py,Alias,10,10,43,A1
django-youtube-1,manage.py,If statements using → __name__ == ‘__main__’,20,21,0,B2
django-youtube-1,manage.py,Exception --> try/except,9,16,4,B1
django-youtube-1,manage.py,Except Handler,11,16,4,A1
django-youtube-1,manage.py,Function,7,17,0,A1
project,asgi.py,Simple Atributte,14,14,0,A2
project,asgi.py,Simple Atributte,14,14,0,A2
project,asgi.py,Simple Assignment,16,16,0,A1
project,asgi.py,Import,10,10,0,A2
project,asgi.py,From,12,12,0,A2
project,asgi.py,Alias,10,10,7,A1
project,asgi.py,Alias,12,12,29,A1
project,urls.py,Simple List,8,11,14,A1
project,urls.py,Simple Atributte,9,9,19,A2
project,urls.py,Simple Atributte,9,9,19,A2
project,urls.py,Simple Assignment,8,11,0,A1
project,urls.py,From,3,3,0,A2
project,urls.py,From,4,4,0,A2
project,urls.py,From,6,6,0,A2
project,urls.py,Alias,3,3,27,A1
project,urls.py,Alias,4,4,24,A1
project,urls.py,Alias,4,4,33,A1
project,urls.py,Alias,6,6,20,A1
project,settings.py,Simple List,28,28,16,A1
project,settings.py,Simple List,33,41,17,A1
project,settings.py,Simple List,43,51,13,A1
project,settings.py,1 Dictionary List,55,69,12,B1
project,settings.py,4 Dictionary List,88,101,27,B1
project,settings.py,Simple List,58,58,16,A1
project,settings.py,Simple List,61,66,34,A1
project,settings.py,1 Nested Dictionary,77,82,12,B1
project,settings.py,1 List in 1Dictionary of Dictionary,56,68,4,B2
project,settings.py,Simple Dictionary,78,81,15,A2
project,settings.py,Simple Dictionary,89,91,4,A2
project,settings.py,Simple Dictionary,92,94,4,A2
project,settings.py,Simple Dictionary,95,97,4,A2
project,settings.py,Simple Dictionary,98,100,4,A2
project,settings.py,1 List Dictionary,60,67,19,B1
project,settings.py,Simple Atributte,16,16,11,A2
project,settings.py,Simple Atributte,16,16,11,A2
project,settings.py,Simple Atributte,16,16,27,A2
project,settings.py,Simple Atributte,16,16,27,A2
project,settings.py,Simple Atributte,16,16,43,A2
project,settings.py,Simple Atributte,80,80,16,A2
project,settings.py,Simple Atributte,16,16,43,A2
project,settings.py,Simple Atributte,80,80,16,A2
project,settings.py,Simple Assignment,16,16,0,A1
project,settings.py,Simple Assignment,23,23,0,A1
project,settings.py,Simple Assignment,26,26,0,A1
project,settings.py,Simple Assignment,28,28,0,A1
project,settings.py,Simple Assignment,33,41,0,A1
project,settings.py,Simple Assignment,43,51,0,A1
project,settings.py,Simple Assignment,53,53,0,A1
project,settings.py,Simple Assignment,55,69,0,A1
project,settings.py,Simple Assignment,71,71,0,A1
project,settings.py,Simple Assignment,77,82,0,A1
project,settings.py,Simple Assignment,88,101,0,A1
project,settings.py,Simple Assignment,107,107,0,A1
project,settings.py,Simple Assignment,109,109,0,A1
project,settings.py,Simple Assignment,111,111,0,A1
project,settings.py,Simple Assignment,113,113,0,A1
project,settings.py,Simple Assignment,115,115,0,A1
project,settings.py,Simple Assignment,121,121,0,A1
project,settings.py,Import,13,13,0,A2
project,settings.py,Alias,13,13,7,A1
project,wsgi.py,Simple Atributte,14,14,0,A2
project,wsgi.py,Simple Atributte,14,14,0,A2
project,wsgi.py,Simple Assignment,16,16,0,A1
project,wsgi.py,Import,10,10,0,A2
project,wsgi.py,From,12,12,0,A2
project,wsgi.py,Alias,10,10,7,A1
project,wsgi.py,Alias,12,12,29,A1
cms,urls.py,Simple List,19,22,14,A1
cms,urls.py,Simple Atributte,21,21,19,A2
cms,urls.py,Simple Atributte,21,21,19,A2
cms,urls.py,Simple Assignment,19,22,0,A1
cms,urls.py,From,16,16,0,A2
cms,urls.py,From,17,17,0,A2
cms,urls.py,Alias,16,16,27,A1
cms,urls.py,Alias,17,17,24,A1
cms,urls.py,Alias,17,17,33,A1
cms,settings.py,Simple List,28,28,16,A1
cms,settings.py,Simple List,33,41,17,A1
cms,settings.py,Simple List,43,51,13,A1
cms,settings.py,1 Dictionary List,55,69,12,B1
cms,settings.py,4 Dictionary List,88,101,27,B1
cms,settings.py,Simple List,58,58,16,A1
cms,settings.py,Simple List,61,66,34,A1
cms,settings.py,1 Nested Dictionary,77,82,12,B1
cms,settings.py,1 List in 1Dictionary of Dictionary,56,68,4,B2
cms,settings.py,Simple Dictionary,78,81,15,A2
cms,settings.py,Simple Dictionary,89,91,4,A2
cms,settings.py,Simple Dictionary,92,94,4,A2
cms,settings.py,Simple Dictionary,95,97,4,A2
cms,settings.py,Simple Dictionary,98,100,4,A2
cms,settings.py,1 List Dictionary,60,67,19,B1
cms,settings.py,Simple Atributte,16,16,11,A2
cms,settings.py,Simple Atributte,16,16,11,A2
cms,settings.py,Simple Atributte,16,16,27,A2
cms,settings.py,Simple Atributte,16,16,27,A2
cms,settings.py,Simple Atributte,16,16,43,A2
cms,settings.py,Simple Atributte,80,80,16,A2
cms,settings.py,Simple Atributte,16,16,43,A2
cms,settings.py,Simple Atributte,80,80,16,A2
cms,settings.py,Simple Assignment,16,16,0,A1
cms,settings.py,Simple Assignment,23,23,0,A1
cms,settings.py,Simple Assignment,26,26,0,A1
cms,settings.py,Simple Assignment,28,28,0,A1
cms,settings.py,Simple Assignment,33,41,0,A1
cms,settings.py,Simple Assignment,43,51,0,A1
cms,settings.py,Simple Assignment,53,53,0,A1
cms,settings.py,Simple Assignment,55,69,0,A1
cms,settings.py,Simple Assignment,71,71,0,A1
cms,settings.py,Simple Assignment,77,82,0,A1
cms,settings.py,Simple Assignment,88,101,0,A1
cms,settings.py,Simple Assignment,107,107,0,A1
cms,settings.py,Simple Assignment,109,109,0,A1
cms,settings.py,Simple Assignment,111,111,0,A1
cms,settings.py,Simple Assignment,113,113,0,A1
cms,settings.py,Simple Assignment,115,115,0,A1
cms,settings.py,Simple Assignment,121,121,0,A1
cms,settings.py,Import,13,13,0,A2
cms,settings.py,Alias,13,13,7,A1
cms,wsgi.py,Simple Atributte,14,14,0,A2
cms,wsgi.py,Simple Atributte,14,14,0,A2
cms,wsgi.py,Simple Assignment,16,16,0,A1
cms,wsgi.py,Import,10,10,0,A2
cms,wsgi.py,From,12,12,0,A2
cms,wsgi.py,Alias,10,10,7,A1
cms,wsgi.py,Alias,12,12,29,A1
django-cms-templates,manage.py,Simple Atributte,6,6,4,A2
django-cms-templates,manage.py,Simple Atributte,15,15,30,A2
django-cms-templates,manage.py,Simple Atributte,6,6,4,A2
django-cms-templates,manage.py,'raise' exception,10,14,8,B1
django-cms-templates,manage.py,Import,2,2,0,A2
django-cms-templates,manage.py,Import,3,3,0,A2
django-cms-templates,manage.py,From,8,8,8,A2
django-cms-templates,manage.py,Alias,2,2,7,A1
django-cms-templates,manage.py,Alias,3,3,7,A1
django-cms-templates,manage.py,Alias,8,8,43,A1
django-cms-templates,manage.py,If statements using → __name__ == ‘__main__’,5,15,0,B2
django-cms-templates,manage.py,Exception --> try/except,7,14,4,B1
django-cms-templates,manage.py,Except Handler,9,14,4,A1
pages,tests.py,From,1,1,0,A2
pages,tests.py,Alias,1,1,24,A1
pages,urls.py,Simple List,7,10,14,A1
pages,urls.py,Simple Atributte,8,8,13,A2
pages,urls.py,Simple Atributte,9,9,19,A2
pages,urls.py,Simple Assignment,7,10,0,A1
pages,urls.py,From,4,4,0,A2
pages,urls.py,Relative From,5,5,0,B1
pages,urls.py,Alias,4,4,24,A1
pages,urls.py,Alias,5,5,14,A1
pages,admin.py,Simple Atributte,4,4,0,A2
pages,admin.py,Simple Atributte,4,4,0,A2
pages,admin.py,From,1,1,0,A2
pages,admin.py,Relative From,2,2,0,B1
pages,admin.py,Alias,1,1,27,A1
pages,admin.py,Alias,2,2,20,A1
pages,models.py,Simple Atributte,3,3,11,A2
pages,models.py,Simple Atributte,4,4,11,A2
pages,models.py,Simple Atributte,5,5,14,A2
pages,models.py,Simple Assignment,4,4,4,A1
pages,models.py,Simple Assignment,5,5,4,A1
pages,models.py,From,1,1,0,A2
pages,models.py,Alias,1,1,22,A1
pages,models.py,Simple Class ,3,5,0,B1
pages,views.py,Simple Dictionary,10,10,47,A2
pages,views.py,Simple Dictionary,32,32,41,A2
pages,views.py,Simple Atributte,9,9,12,A2
pages,views.py,Simple Atributte,15,15,7,A2
pages,views.py,Simple Atributte,20,20,8,A2
pages,views.py,Simple Atributte,9,9,12,A2
pages,views.py,Simple Atributte,18,18,15,A2
pages,views.py,Simple Atributte,20,20,20,A2
pages,views.py,Simple Atributte,21,21,8,A2
pages,views.py,Simple Atributte,23,23,7,A2
pages,views.py,Simple Atributte,23,23,34,A2
pages,views.py,Simple Atributte,26,26,22,A2
pages,views.py,Simple Atributte,28,28,15,A2
pages,views.py,Simple Atributte,31,31,24,A2
pages,views.py,Simple Atributte,32,32,20,A2
pages,views.py,Simple Atributte,17,17,16,A2
pages,views.py,Simple Atributte,20,20,20,A2
pages,views.py,Simple Atributte,25,25,16,A2
pages,views.py,Simple Atributte,17,17,16,A2
pages,views.py,Simple Atributte,25,25,16,A2
pages,views.py,Boolean Operation,23,23,7,A1
pages,views.py,Simple Assignment,9,9,4,A1
pages,views.py,Simple Assignment,20,20,8,A1
pages,views.py,Simple Assignment,31,31,8,A1
pages,views.py,Simple Assignment,32,32,8,A1
pages,views.py,Simple Assignment,17,17,12,A1
pages,views.py,Simple Assignment,25,25,12,A1
pages,views.py,Simple Assignment,26,26,12,A1
pages,views.py,Simple Assignment,27,27,12,A1
pages,views.py,Simple Assignment,19,19,12,A1
pages,views.py,Assigment with sum (total = total + 1),29,29,12,A1
pages,views.py,Simple Assignment,30,30,12,A1
pages,views.py,From,1,1,0,A2
pages,views.py,From,2,2,0,A2
pages,views.py,From,3,3,0,A2
pages,views.py,From,4,4,0,A2
pages,views.py,Relative From,5,5,0,B1
pages,views.py,Alias,1,1,24,A1
pages,views.py,Alias,2,2,29,A1
pages,views.py,Alias,3,3,28,A1
pages,views.py,Alias,4,4,41,A1
pages,views.py,Alias,5,5,20,A1
pages,views.py,Simple If statements,15,21,4,A1
pages,views.py,Simple If statements,23,33,4,A1
pages,views.py,Exception --> try/except,16,19,8,B1
pages,views.py,Exception --> try/except,24,30,8,B1
pages,views.py,Except Handler,18,19,8,A1
pages,views.py,Except Handler,28,30,8,A1
pages,views.py,Function with Simple argument,7,10,0,A1
pages,views.py,Function with Simple argument,13,33,0,A1
pages,views.py,Return,10,10,4,A1
pages,views.py,Return,33,33,8,A1
pages,apps.py,Simple Assignment,5,5,4,A1
pages,apps.py,From,1,1,0,A2
pages,apps.py,Alias,1,1,24,A1
pages,apps.py,Inherited Class from AppConfig,4,5,0,B1
youtube,ytchannel.py,Simple List,39,39,22,A1
youtube,ytchannel.py,Simple Dictionary,57,59,31,A2
youtube,ytchannel.py,Simple Atributte,33,33,8,A2
youtube,ytchannel.py,Simple Atributte,34,34,8,A2
youtube,ytchannel.py,Simple Atributte,35,35,8,A2
youtube,ytchannel.py,Simple Atributte,36,36,8,A2
youtube,ytchannel.py,Simple Atributte,37,37,8,A2
youtube,ytchannel.py,Simple Atributte,38,38,8,A2
youtube,ytchannel.py,Simple Atributte,39,39,8,A2
youtube,ytchannel.py,Simple Atributte,71,71,11,A2
youtube,ytchannel.py,Simple Atributte,82,82,8,A2
youtube,ytchannel.py,Simple Atributte,83,83,8,A2
youtube,ytchannel.py,Simple Atributte,89,89,15,A2
youtube,ytchannel.py,Simple Atributte,43,43,12,A2
youtube,ytchannel.py,Simple Atributte,44,44,13,A2
youtube,ytchannel.py,Simple Atributte,56,56,12,A2
youtube,ytchannel.py,Simple Atributte,60,60,13,A2
youtube,ytchannel.py,Simple Atributte,72,72,12,A2
youtube,ytchannel.py,Simple Atributte,84,84,8,A2
youtube,ytchannel.py,Simple Atributte,84,84,38,A2
youtube,ytchannel.py,Simple Atributte,85,85,8,A2
youtube,ytchannel.py,Simple Atributte,89,89,15,A2
youtube,ytchannel.py,Simple Atributte,57,57,12,A2
youtube,ytchannel.py,Simple Atributte,72,72,27,A2
youtube,ytchannel.py,Simple Atributte,84,84,8,A2
youtube,ytchannel.py,Simple Atributte,85,85,8,A2
youtube,ytchannel.py,Simple Atributte,46,46,16,A2
youtube,ytchannel.py,Simple Atributte,57,57,12,A2
youtube,ytchannel.py,Simple Atributte,57,57,40,A2
youtube,ytchannel.py,Simple Atributte,58,58,41,A2
youtube,ytchannel.py,Simple Atributte,59,59,38,A2
youtube,ytchannel.py,Simple Atributte,62,62,16,A2
youtube,ytchannel.py,Simple Atributte,62,62,29,A2
youtube,ytchannel.py,Simple Atributte,63,63,16,A2
youtube,ytchannel.py,Simple Atributte,64,64,16,A2
youtube,ytchannel.py,Simple Atributte,48,48,16,A2
youtube,ytchannel.py,Simple Atributte,66,66,16,A2
youtube,ytchannel.py,Simple Atributte,66,66,26,A2
youtube,ytchannel.py,Simple Atributte,67,67,16,A2
youtube,ytchannel.py,Simple Atributte,68,68,16,A2
youtube,ytchannel.py,Simple Atributte,48,48,28,A2
youtube,ytchannel.py,Simple Atributte,50,50,16,A2
youtube,ytchannel.py,Simple Assignment,33,33,8,A1
youtube,ytchannel.py,Simple Assignment,34,34,8,A1
youtube,ytchannel.py,Simple Assignment,35,35,8,A1
youtube,ytchannel.py,Simple Assignment,36,36,8,A1
youtube,ytchannel.py,Simple Assignment,37,37,8,A1
youtube,ytchannel.py,Simple Assignment,38,38,8,A1
youtube,ytchannel.py,Simple Assignment,39,39,8,A1
youtube,ytchannel.py,Simple Assignment,82,82,8,A1
youtube,ytchannel.py,Simple Assignment,83,83,8,A1
youtube,ytchannel.py,Simple Assignment,43,43,12,A1
youtube,ytchannel.py,Simple Assignment,56,56,12,A1
youtube,ytchannel.py,Assigment with sum (total = total + 1),72,72,12,A1
youtube,ytchannel.py,Simple Assignment,46,46,16,A1
youtube,ytchannel.py,Simple Assignment,62,62,16,A1
youtube,ytchannel.py,Simple Assignment,63,63,16,A1
youtube,ytchannel.py,Simple Assignment,64,64,16,A1
youtube,ytchannel.py,Simple Assignment,48,48,16,A1
youtube,ytchannel.py,Simple Assignment,66,66,16,A1
youtube,ytchannel.py,Simple Assignment,67,67,16,A1
youtube,ytchannel.py,Simple Assignment,68,68,16,A1
youtube,ytchannel.py,Simple Assignment,50,50,16,A1
youtube,ytchannel.py,Import,12,12,0,A2
youtube,ytchannel.py,Import,13,13,0,A2
youtube,ytchannel.py,From,10,10,0,A2
youtube,ytchannel.py,From,11,11,0,A2
youtube,ytchannel.py,Alias,10,10,28,A1
youtube,ytchannel.py,Alias,11,11,20,A1
youtube,ytchannel.py,Alias,12,12,7,A1
youtube,ytchannel.py,Alias,13,13,7,A1
youtube,ytchannel.py,Simple If statements,42,50,8,A1
youtube,ytchannel.py,Simple If statements,55,68,8,A1
youtube,ytchannel.py,Simple If statements,71,72,8,A1
youtube,ytchannel.py,Simple If statements,44,50,8,A1
youtube,ytchannel.py,Simple If statements,60,68,8,A1
youtube,ytchannel.py,Simple If statements,45,50,12,A1
youtube,ytchannel.py,Simple If statements,61,68,12,A1
youtube,ytchannel.py,Simple If statements,47,50,12,A1
youtube,ytchannel.py,Simple If statements,65,68,12,A1
youtube,ytchannel.py,Simple If statements,49,50,12,A1
youtube,ytchannel.py,Function with Simple argument,22,39,4,A1
youtube,ytchannel.py,Function with Simple argument,41,50,4,A1
youtube,ytchannel.py,Function with Simple argument,52,68,4,A1
youtube,ytchannel.py,Function with Simple argument,70,72,4,A1
youtube,ytchannel.py,Function with Simple argument,81,85,4,A1
youtube,ytchannel.py,Function with Simple argument,87,89,4,A1
youtube,ytchannel.py,Return,89,89,8,A1
youtube,ytchannel.py,Inherited Class from ContentHandler,15,72,0,B1
youtube,ytchannel.py,Simple Class ,74,89,0,B1
youtube,tests.py,6 Dictionary List,16,33,24,B1
youtube,tests.py,Simple List,83,86,17,A1
youtube,tests.py,Simple Dictionary,16,18,25,A2
youtube,tests.py,Simple Dictionary,19,21,20,A2
youtube,tests.py,Simple Dictionary,22,24,20,A2
youtube,tests.py,Simple Dictionary,25,27,20,A2
youtube,tests.py,Simple Dictionary,28,30,20,A2
youtube,tests.py,Simple Dictionary,31,33,20,A2
youtube,tests.py,Simple Dictionary,110,110,41,A2
youtube,tests.py,Simple Dictionary,118,118,41,A2
youtube,tests.py,Simple Dictionary,126,126,41,A2
youtube,tests.py,Simple Dictionary,128,128,41,A2
youtube,tests.py,Files --> 'open' call function,38,38,18,A2
youtube,tests.py,Files --> 'open' call function,46,46,18,A2
youtube,tests.py,Files --> 'open' call function,54,54,18,A2
youtube,tests.py,Simple Atributte,13,13,8,A2
youtube,tests.py,Simple Atributte,14,14,8,A2
youtube,tests.py,Simple Atributte,15,15,8,A2
youtube,tests.py,Simple Atributte,16,16,8,A2
youtube,tests.py,Simple Atributte,66,66,8,A2
youtube,tests.py,Simple Atributte,100,100,18,A2
youtube,tests.py,Simple Atributte,38,38,23,A2
youtube,tests.py,Simple Atributte,40,40,17,A2
youtube,tests.py,Simple Atributte,41,41,8,A2
youtube,tests.py,Simple Atributte,41,41,33,A2
youtube,tests.py,Simple Atributte,46,46,23,A2
youtube,tests.py,Simple Atributte,48,48,17,A2
youtube,tests.py,Simple Atributte,49,49,8,A2
youtube,tests.py,Simple Atributte,54,54,23,A2
youtube,tests.py,Simple Atributte,56,56,17,A2
youtube,tests.py,Simple Atributte,57,57,8,A2
youtube,tests.py,Simple Atributte,58,58,8,A2
youtube,tests.py,Simple Atributte,71,71,19,A2
youtube,tests.py,Simple Atributte,72,72,8,A2
youtube,tests.py,Simple Atributte,72,72,25,A2
youtube,tests.py,Simple Atributte,77,77,19,A2
youtube,tests.py,Simple Atributte,78,78,8,A2
youtube,tests.py,Simple Atributte,78,78,25,A2
youtube,tests.py,Simple Atributte,78,78,55,A2
youtube,tests.py,Simple Atributte,87,87,19,A2
youtube,tests.py,Simple Atributte,88,88,18,A2
youtube,tests.py,Simple Atributte,95,95,19,A2
youtube,tests.py,Simple Atributte,97,97,8,A2
youtube,tests.py,Simple Atributte,97,97,22,A2
youtube,tests.py,Simple Atributte,97,97,34,A2
youtube,tests.py,Simple Atributte,98,98,8,A2
youtube,tests.py,Simple Atributte,98,98,22,A2
youtube,tests.py,Simple Atributte,98,98,35,A2
youtube,tests.py,Simple Atributte,101,101,8,A2
youtube,tests.py,Simple Atributte,102,102,8,A2
youtube,tests.py,Simple Atributte,103,103,8,A2
youtube,tests.py,Simple Atributte,105,105,8,A2
youtube,tests.py,Simple Atributte,110,110,19,A2
youtube,tests.py,Simple Atributte,111,111,8,A2
youtube,tests.py,Simple Atributte,111,111,25,A2
youtube,tests.py,Simple Atributte,116,116,19,A2
youtube,tests.py,Simple Atributte,117,117,8,A2
youtube,tests.py,Simple Atributte,117,117,25,A2
youtube,tests.py,Simple Atributte,118,118,19,A2
youtube,tests.py,Simple Atributte,119,119,8,A2
youtube,tests.py,Simple Atributte,119,119,25,A2
youtube,tests.py,Simple Atributte,124,124,19,A2
youtube,tests.py,Simple Atributte,125,125,8,A2
youtube,tests.py,Simple Atributte,125,125,25,A2
youtube,tests.py,Simple Atributte,126,126,19,A2
youtube,tests.py,Simple Atributte,127,127,8,A2
youtube,tests.py,Simple Atributte,127,127,25,A2
youtube,tests.py,Simple Atributte,128,128,19,A2
youtube,tests.py,Simple Atributte,129,129,8,A2
youtube,tests.py,Simple Atributte,129,129,25,A2
youtube,tests.py,Simple Atributte,58,58,33,A2
youtube,tests.py,Simple Atributte,71,71,19,A2
youtube,tests.py,Simple Atributte,77,77,19,A2
youtube,tests.py,Simple Atributte,78,78,25,A2
youtube,tests.py,Simple Atributte,87,87,19,A2
youtube,tests.py,Simple Atributte,88,88,18,A2
youtube,tests.py,Simple Atributte,90,90,12,A2
youtube,tests.py,Simple Atributte,95,95,19,A2
youtube,tests.py,Simple Atributte,110,110,19,A2
youtube,tests.py,Simple Atributte,110,110,48,A2
youtube,tests.py,Simple Atributte,116,116,19,A2
youtube,tests.py,Simple Atributte,118,118,19,A2
youtube,tests.py,Simple Atributte,118,118,48,A2
youtube,tests.py,Simple Atributte,124,124,19,A2
youtube,tests.py,Simple Atributte,126,126,19,A2
youtube,tests.py,Simple Atributte,126,126,48,A2
youtube,tests.py,Simple Atributte,128,128,19,A2
youtube,tests.py,Simple Atributte,128,128,48,A2
youtube,tests.py,Subscript,58,58,33,A1
youtube,tests.py,Subscript,101,101,30,A1
youtube,tests.py,Subscript,102,102,30,A1
youtube,tests.py,Subscript,103,103,30,A1
youtube,tests.py,Subscript,105,105,29,A1
youtube,tests.py,Slice,58,58,47,A1
youtube,tests.py,Simple Assignment,13,13,8,A1
youtube,tests.py,Simple Assignment,14,14,8,A1
youtube,tests.py,Simple Assignment,15,15,8,A1
youtube,tests.py,Simple Assignment,16,33,8,A1
youtube,tests.py,Simple Assignment,38,38,8,A1
youtube,tests.py,Simple Assignment,39,39,8,A1
youtube,tests.py,Simple Assignment,40,40,8,A1
youtube,tests.py,Simple Assignment,46,46,8,A1
youtube,tests.py,Simple Assignment,47,47,8,A1
youtube,tests.py,Simple Assignment,48,48,8,A1
youtube,tests.py,Simple Assignment,54,54,8,A1
youtube,tests.py,Simple Assignment,55,55,8,A1
youtube,tests.py,Simple Assignment,56,56,8,A1
youtube,tests.py,Simple Assignment,66,66,8,A1
youtube,tests.py,Simple Assignment,71,71,8,A1
youtube,tests.py,Simple Assignment,77,77,8,A1
youtube,tests.py,Simple Assignment,83,86,8,A1
youtube,tests.py,Simple Assignment,87,87,8,A1
youtube,tests.py,Simple Assignment,88,88,8,A1
youtube,tests.py,Simple Assignment,95,95,8,A1
youtube,tests.py,Simple Assignment,100,100,8,A1
youtube,tests.py,Simple Assignment,110,110,8,A1
youtube,tests.py,Simple Assignment,116,116,8,A1
youtube,tests.py,Simple Assignment,118,118,8,A1
youtube,tests.py,Simple Assignment,124,124,8,A1
youtube,tests.py,Simple Assignment,126,126,8,A1
youtube,tests.py,Simple Assignment,128,128,8,A1
youtube,tests.py,From,1,1,0,A2
youtube,tests.py,From,2,2,0,A2
youtube,tests.py,From,3,3,0,A2
youtube,tests.py,Relative From,5,5,0,B1
youtube,tests.py,Relative From,6,6,0,B1
youtube,tests.py,Alias,1,1,24,A1
youtube,tests.py,Alias,1,1,34,A1
youtube,tests.py,Alias,2,2,29,A1
youtube,tests.py,Alias,3,3,28,A1
youtube,tests.py,Alias,5,5,14,A1
youtube,tests.py,Alias,6,6,23,A1
youtube,tests.py,Simple For Loop,89,90,8,A1
youtube,tests.py,Function with Simple argument,11,33,4,A1
youtube,tests.py,Function with Simple argument,35,41,4,A1
youtube,tests.py,Function with Simple argument,43,49,4,A1
youtube,tests.py,Function with Simple argument,51,58,4,A1
youtube,tests.py,Function with Simple argument,64,66,4,A1
youtube,tests.py,Function with Simple argument,68,72,4,A1
youtube,tests.py,Function with Simple argument,74,78,4,A1
youtube,tests.py,Function with Simple argument,80,90,4,A1
youtube,tests.py,Function with Simple argument,92,105,4,A1
youtube,tests.py,Function with Simple argument,107,111,4,A1
youtube,tests.py,Function with Simple argument,113,119,4,A1
youtube,tests.py,Function with Simple argument,121,129,4,A1
youtube,tests.py,Inherited Class from SimpleTestCase,8,58,0,B1
youtube,tests.py,Inherited Class from TestCase,61,129,0,B1
migrations,0002_video.py,Simple List,25,27,19,A1
migrations,0002_video.py,Simple List,29,31,17,A1
migrations,0002_video.py,Simple Tuple,26,26,8,A1
migrations,0002_video.py,Simple Atributte,23,23,16,A2
migrations,0002_video.py,Simple Atributte,13,13,12,A2
migrations,0002_video.py,Simple Atributte,16,16,16,A2
migrations,0002_video.py,Simple Atributte,18,18,17,A2
migrations,0002_video.py,Simple Atributte,16,16,16,A2
migrations,0002_video.py,Simple Atributte,21,21,8,A2
migrations,0002_video.py,Simple Atributte,30,30,8,A2
migrations,0002_video.py,Subscript,19,19,25,A1
migrations,0002_video.py,Subscript,19,19,44,A1
migrations,0002_video.py,Subscript,20,20,27,A1
migrations,0002_video.py,Simple Assignment,13,13,4,A1
migrations,0002_video.py,Assigment with sum (total = total + 1),14,15,4,A1
migrations,0002_video.py,Simple Assignment,16,16,4,A1
migrations,0002_video.py,Simple Assignment,17,17,4,A1
migrations,0002_video.py,Simple Assignment,25,27,4,A1
migrations,0002_video.py,Simple Assignment,29,31,4,A1
migrations,0002_video.py,Simple Assignment,19,20,8,A1
migrations,0002_video.py,Import,3,3,0,A2
migrations,0002_video.py,From,5,5,0,A2
migrations,0002_video.py,Relative From,7,7,0,B1
migrations,0002_video.py,Alias,3,3,7,A1
migrations,0002_video.py,Alias,5,5,22,A1
migrations,0002_video.py,Alias,7,7,24,A1
migrations,0002_video.py,Simple For Loop,18,21,4,A1
migrations,0002_video.py,Function with Simple argument,10,21,0,A1
migrations,0002_video.py,Simple Class ,23,31,0,B1
migrations,0001_initial.py,Simple List,10,11,19,A1
migrations,0001_initial.py,Simple List,13,23,17,A1
migrations,0001_initial.py,Simple List,16,21,19,A1
migrations,0001_initial.py,Simple Tuple,17,17,16,A1
migrations,0001_initial.py,Simple Tuple,18,18,16,A1
migrations,0001_initial.py,Simple Tuple,19,19,16,A1
migrations,0001_initial.py,Simple Tuple,20,20,16,A1
migrations,0001_initial.py,Simple Atributte,6,6,16,A2
migrations,0001_initial.py,Simple Atributte,14,14,8,A2
migrations,0001_initial.py,Simple Atributte,17,17,23,A2
migrations,0001_initial.py,Simple Atributte,18,18,26,A2
migrations,0001_initial.py,Simple Atributte,19,19,25,A2
migrations,0001_initial.py,Simple Atributte,20,20,29,A2
migrations,0001_initial.py,Simple Assignment,8,8,4,A1
migrations,0001_initial.py,Simple Assignment,10,11,4,A1
migrations,0001_initial.py,Simple Assignment,13,23,4,A1
migrations,0001_initial.py,From,3,3,0,A2
migrations,0001_initial.py,Alias,3,3,22,A1
migrations,0001_initial.py,Alias,3,3,34,A1
migrations,0001_initial.py,Simple Class ,6,23,0,B1
youtube,urls.py,Simple List,6,8,14,A1
youtube,urls.py,Simple Atributte,7,7,13,A2
youtube,urls.py,Simple Assignment,6,8,0,A1
youtube,urls.py,From,3,3,0,A2
youtube,urls.py,Relative From,4,4,0,B1
youtube,urls.py,Alias,3,3,24,A1
youtube,urls.py,Alias,4,4,14,A1
youtube,admin.py,From,1,1,0,A2
youtube,admin.py,Alias,1,1,27,A1
youtube,models.py,Simple Atributte,3,3,12,A2
youtube,models.py,Simple Atributte,4,4,9,A2
youtube,models.py,Simple Atributte,5,5,12,A2
youtube,models.py,Simple Atributte,6,6,11,A2
youtube,models.py,Simple Atributte,7,7,15,A2
youtube,models.py,Simple Assignment,4,4,4,A1
youtube,models.py,Simple Assignment,5,5,4,A1
youtube,models.py,Simple Assignment,6,6,4,A1
youtube,models.py,Simple Assignment,7,7,4,A1
youtube,models.py,From,1,1,0,A2
youtube,models.py,Alias,1,1,22,A1
youtube,models.py,Simple Class ,3,7,0,B1
youtube,views.py,Simple Dictionary,55,57,42,A2
youtube,views.py,Simple Atributte,41,41,4,A2
youtube,views.py,Simple Atributte,40,40,12,A2
youtube,views.py,Simple Atributte,42,42,4,A2
youtube,views.py,Simple Atributte,46,46,7,A2
youtube,views.py,Simple Atributte,52,52,15,A2
youtube,views.py,Simple Atributte,53,53,17,A2
youtube,views.py,Simple Atributte,54,54,15,A2
youtube,views.py,Simple Atributte,40,40,12,A2
youtube,views.py,Simple Atributte,47,47,19,A2
youtube,views.py,Simple Atributte,52,52,15,A2
youtube,views.py,Simple Atributte,53,53,17,A2
youtube,views.py,Simple Atributte,40,40,12,A2
youtube,views.py,Simple Atributte,48,48,15,A2
youtube,views.py,Simple Atributte,52,52,15,A2
youtube,views.py,Simple Atributte,53,53,17,A2
youtube,views.py,Simple Atributte,48,48,15,A2
youtube,views.py,Simple Atributte,50,50,17,A2
youtube,views.py,Simple Atributte,50,50,17,A2
youtube,views.py,Simple Atributte,49,49,32,A2
youtube,views.py,Simple Atributte,51,51,32,A2
youtube,views.py,Subscript,49,49,32,A1
youtube,views.py,Subscript,51,51,32,A1
youtube,views.py,Simple Assignment,8,19,0,A1
youtube,views.py,Simple Assignment,21,35,0,A1
youtube,views.py,Simple Assignment,40,40,4,A1
youtube,views.py,Simple Assignment,41,41,4,A1
youtube,views.py,Simple Assignment,52,52,4,A1
youtube,views.py,Simple Assignment,53,53,4,A1
youtube,views.py,Simple Assignment,54,57,4,A1
youtube,views.py,From,3,3,0,A2
youtube,views.py,From,4,4,0,A2
youtube,views.py,Relative From,6,6,0,B1
youtube,views.py,Alias,3,3,24,A1
youtube,views.py,Alias,4,4,28,A1
youtube,views.py,Alias,4,4,44,A1
youtube,views.py,Alias,6,6,14,A1
youtube,views.py,Simple If statements,46,51,4,A1
youtube,views.py,Simple If statements,47,51,8,A1
youtube,views.py,Simple If statements,48,51,12,A1
youtube,views.py,Simple If statements,50,51,12,A1
youtube,views.py,Function with Simple argument,38,42,0,A1
youtube,views.py,Function with Simple argument,44,58,0,A1
youtube,views.py,Return,58,58,4,A1
django-youtube-3,manage.py,Simple Atributte,8,8,4,A2
django-youtube-3,manage.py,Simple Atributte,17,17,30,A2
django-youtube-3,manage.py,Simple Atributte,8,8,4,A2
django-youtube-3,manage.py,'raise' exception,12,16,8,B1
django-youtube-3,manage.py,Import,3,3,0,A2
django-youtube-3,manage.py,Import,4,4,0,A2
django-youtube-3,manage.py,From,10,10,8,A2
django-youtube-3,manage.py,Alias,3,3,7,A1
django-youtube-3,manage.py,Alias,4,4,7,A1
django-youtube-3,manage.py,Alias,10,10,43,A1
django-youtube-3,manage.py,If statements using → __name__ == ‘__main__’,20,21,0,B2
django-youtube-3,manage.py,Exception --> try/except,9,16,4,B1
django-youtube-3,manage.py,Except Handler,11,16,4,A1
django-youtube-3,manage.py,Function,7,17,0,A1
project,asgi.py,Simple Atributte,14,14,0,A2
project,asgi.py,Simple Atributte,14,14,0,A2
project,asgi.py,Simple Assignment,16,16,0,A1
project,asgi.py,Import,10,10,0,A2
project,asgi.py,From,12,12,0,A2
project,asgi.py,Alias,10,10,7,A1
project,asgi.py,Alias,12,12,29,A1
project,urls.py,Simple List,8,11,14,A1
project,urls.py,Simple Atributte,9,9,19,A2
project,urls.py,Simple Atributte,9,9,19,A2
project,urls.py,Simple Assignment,8,11,0,A1
project,urls.py,From,3,3,0,A2
project,urls.py,From,4,4,0,A2
project,urls.py,From,6,6,0,A2
project,urls.py,Alias,3,3,27,A1
project,urls.py,Alias,4,4,24,A1
project,urls.py,Alias,4,4,33,A1
project,urls.py,Alias,6,6,20,A1
project,settings.py,Simple List,28,28,16,A1
project,settings.py,Simple List,33,41,17,A1
project,settings.py,Simple List,43,51,13,A1
project,settings.py,1 Dictionary List,55,69,12,B1
project,settings.py,4 Dictionary List,88,101,27,B1
project,settings.py,Simple List,58,58,16,A1
project,settings.py,Simple List,61,66,34,A1
project,settings.py,1 Nested Dictionary,77,82,12,B1
project,settings.py,1 List in 1Dictionary of Dictionary,56,68,4,B2
project,settings.py,Simple Dictionary,78,81,15,A2
project,settings.py,Simple Dictionary,89,91,4,A2
project,settings.py,Simple Dictionary,92,94,4,A2
project,settings.py,Simple Dictionary,95,97,4,A2
project,settings.py,Simple Dictionary,98,100,4,A2
project,settings.py,1 List Dictionary,60,67,19,B1
project,settings.py,Simple Atributte,16,16,11,A2
project,settings.py,Simple Atributte,16,16,11,A2
project,settings.py,Simple Atributte,16,16,27,A2
project,settings.py,Simple Atributte,16,16,27,A2
project,settings.py,Simple Atributte,16,16,43,A2
project,settings.py,Simple Atributte,80,80,16,A2
project,settings.py,Simple Atributte,16,16,43,A2
project,settings.py,Simple Atributte,80,80,16,A2
project,settings.py,Simple Assignment,16,16,0,A1
project,settings.py,Simple Assignment,23,23,0,A1
project,settings.py,Simple Assignment,26,26,0,A1
project,settings.py,Simple Assignment,28,28,0,A1
project,settings.py,Simple Assignment,33,41,0,A1
project,settings.py,Simple Assignment,43,51,0,A1
project,settings.py,Simple Assignment,53,53,0,A1
project,settings.py,Simple Assignment,55,69,0,A1
project,settings.py,Simple Assignment,71,71,0,A1
project,settings.py,Simple Assignment,77,82,0,A1
project,settings.py,Simple Assignment,88,101,0,A1
project,settings.py,Simple Assignment,107,107,0,A1
project,settings.py,Simple Assignment,109,109,0,A1
project,settings.py,Simple Assignment,111,111,0,A1
project,settings.py,Simple Assignment,113,113,0,A1
project,settings.py,Simple Assignment,115,115,0,A1
project,settings.py,Simple Assignment,121,121,0,A1
project,settings.py,Import,13,13,0,A2
project,settings.py,Alias,13,13,7,A1
project,wsgi.py,Simple Atributte,14,14,0,A2
project,wsgi.py,Simple Atributte,14,14,0,A2
project,wsgi.py,Simple Assignment,16,16,0,A1
project,wsgi.py,Import,10,10,0,A2
project,wsgi.py,From,12,12,0,A2
project,wsgi.py,Alias,10,10,7,A1
project,wsgi.py,Alias,12,12,29,A1
cms,urls.py,Simple List,19,22,14,A1
cms,urls.py,Simple Atributte,21,21,19,A2
cms,urls.py,Simple Atributte,21,21,19,A2
cms,urls.py,Simple Assignment,19,22,0,A1
cms,urls.py,From,16,16,0,A2
cms,urls.py,From,17,17,0,A2
cms,urls.py,Alias,16,16,27,A1
cms,urls.py,Alias,17,17,24,A1
cms,urls.py,Alias,17,17,33,A1
cms,settings.py,Simple List,28,28,16,A1
cms,settings.py,Simple List,33,41,17,A1
cms,settings.py,Simple List,43,51,13,A1
cms,settings.py,1 Dictionary List,55,69,12,B1
cms,settings.py,4 Dictionary List,88,101,27,B1
cms,settings.py,Simple List,58,58,16,A1
cms,settings.py,Simple List,61,66,34,A1
cms,settings.py,1 Nested Dictionary,77,82,12,B1
cms,settings.py,1 List in 1Dictionary of Dictionary,56,68,4,B2
cms,settings.py,Simple Dictionary,78,81,15,A2
cms,settings.py,Simple Dictionary,89,91,4,A2
cms,settings.py,Simple Dictionary,92,94,4,A2
cms,settings.py,Simple Dictionary,95,97,4,A2
cms,settings.py,Simple Dictionary,98,100,4,A2
cms,settings.py,1 List Dictionary,60,67,19,B1
cms,settings.py,Simple Atributte,16,16,11,A2
cms,settings.py,Simple Atributte,16,16,11,A2
cms,settings.py,Simple Atributte,16,16,27,A2
cms,settings.py,Simple Atributte,16,16,27,A2
cms,settings.py,Simple Atributte,16,16,43,A2
cms,settings.py,Simple Atributte,80,80,16,A2
cms,settings.py,Simple Atributte,16,16,43,A2
cms,settings.py,Simple Atributte,80,80,16,A2
cms,settings.py,Simple Assignment,16,16,0,A1
cms,settings.py,Simple Assignment,23,23,0,A1
cms,settings.py,Simple Assignment,26,26,0,A1
cms,settings.py,Simple Assignment,28,28,0,A1
cms,settings.py,Simple Assignment,33,41,0,A1
cms,settings.py,Simple Assignment,43,51,0,A1
cms,settings.py,Simple Assignment,53,53,0,A1
cms,settings.py,Simple Assignment,55,69,0,A1
cms,settings.py,Simple Assignment,71,71,0,A1
cms,settings.py,Simple Assignment,77,82,0,A1
cms,settings.py,Simple Assignment,88,101,0,A1
cms,settings.py,Simple Assignment,107,107,0,A1
cms,settings.py,Simple Assignment,109,109,0,A1
cms,settings.py,Simple Assignment,111,111,0,A1
cms,settings.py,Simple Assignment,113,113,0,A1
cms,settings.py,Simple Assignment,115,115,0,A1
cms,settings.py,Simple Assignment,121,121,0,A1
cms,settings.py,Import,13,13,0,A2
cms,settings.py,Alias,13,13,7,A1
cms,wsgi.py,Simple Atributte,14,14,0,A2
cms,wsgi.py,Simple Atributte,14,14,0,A2
cms,wsgi.py,Simple Assignment,16,16,0,A1
cms,wsgi.py,Import,10,10,0,A2
cms,wsgi.py,From,12,12,0,A2
cms,wsgi.py,Alias,10,10,7,A1
cms,wsgi.py,Alias,12,12,29,A1
django-cms-forms,manage.py,Simple Atributte,6,6,4,A2
django-cms-forms,manage.py,Simple Atributte,15,15,30,A2
django-cms-forms,manage.py,Simple Atributte,6,6,4,A2
django-cms-forms,manage.py,'raise' exception,10,14,8,B1
django-cms-forms,manage.py,Import,2,2,0,A2
django-cms-forms,manage.py,Import,3,3,0,A2
django-cms-forms,manage.py,From,8,8,8,A2
django-cms-forms,manage.py,Alias,2,2,7,A1
django-cms-forms,manage.py,Alias,3,3,7,A1
django-cms-forms,manage.py,Alias,8,8,43,A1
django-cms-forms,manage.py,If statements using → __name__ == ‘__main__’,5,15,0,B2
django-cms-forms,manage.py,Exception --> try/except,7,14,4,B1
django-cms-forms,manage.py,Except Handler,9,14,4,A1
pages,tests.py,From,1,1,0,A2
pages,tests.py,Alias,1,1,24,A1
pages,urls.py,Simple List,7,10,14,A1
pages,urls.py,Simple Atributte,8,8,13,A2
pages,urls.py,Simple Atributte,9,9,19,A2
pages,urls.py,Simple Assignment,7,10,0,A1
pages,urls.py,From,4,4,0,A2
pages,urls.py,Relative From,5,5,0,B1
pages,urls.py,Alias,4,4,24,A1
pages,urls.py,Alias,5,5,14,A1
pages,admin.py,Simple Atributte,4,4,0,A2
pages,admin.py,Simple Atributte,4,4,0,A2
pages,admin.py,From,1,1,0,A2
pages,admin.py,Relative From,2,2,0,B1
pages,admin.py,Alias,1,1,27,A1
pages,admin.py,Alias,2,2,20,A1
pages,models.py,Simple Atributte,3,3,11,A2
pages,models.py,Simple Atributte,4,4,11,A2
pages,models.py,Simple Atributte,5,5,14,A2
pages,models.py,Simple Assignment,4,4,4,A1
pages,models.py,Simple Assignment,5,5,4,A1
pages,models.py,From,1,1,0,A2
pages,models.py,Alias,1,1,22,A1
pages,models.py,Simple Class ,3,5,0,B1
pages,views.py,Simple Dictionary,11,11,47,A2
pages,views.py,Simple Dictionary,35,36,47,A2
pages,views.py,Simple Dictionary,28,28,47,A2
pages,views.py,Simple Atributte,10,10,12,A2
pages,views.py,Simple Atributte,15,15,7,A2
pages,views.py,Simple Atributte,10,10,12,A2
pages,views.py,Simple Atributte,18,18,15,A2
pages,views.py,Simple Atributte,20,20,27,A2
pages,views.py,Simple Atributte,21,21,11,A2
pages,views.py,Simple Atributte,22,22,12,A2
pages,views.py,Simple Atributte,25,25,7,A2
pages,views.py,Simple Atributte,25,25,34,A2
pages,views.py,Simple Atributte,30,30,15,A2
pages,views.py,Simple Atributte,34,34,27,A2
pages,views.py,Simple Atributte,35,35,23,A2
pages,views.py,Simple Atributte,17,17,16,A2
pages,views.py,Simple Atributte,22,22,24,A2
pages,views.py,Simple Atributte,23,23,12,A2
pages,views.py,Simple Atributte,27,27,16,A2
pages,views.py,Simple Atributte,17,17,16,A2
pages,views.py,Simple Atributte,27,27,16,A2
pages,views.py,Simple Atributte,28,28,59,A2
pages,views.py,Boolean Operation,25,25,7,A1
pages,views.py,Subscript,22,22,24,A1
pages,views.py,Simple Assignment,10,10,4,A1
pages,views.py,Simple Assignment,20,20,8,A1
pages,views.py,Simple Assignment,34,34,8,A1
pages,views.py,Simple Assignment,35,37,8,A1
pages,views.py,Simple Assignment,17,17,12,A1
pages,views.py,Simple Assignment,22,22,12,A1
pages,views.py,Simple Assignment,27,27,12,A1
pages,views.py,Simple Assignment,28,28,12,A1
pages,views.py,Simple Assignment,29,29,12,A1
pages,views.py,Simple Assignment,19,19,12,A1
pages,views.py,Assigment with sum (total = total + 1),31,31,12,A1
pages,views.py,Simple Assignment,32,32,12,A1
pages,views.py,Simple Assignment,33,33,12,A1
pages,views.py,From,1,1,0,A2
pages,views.py,From,2,2,0,A2
pages,views.py,From,3,3,0,A2
pages,views.py,From,4,4,0,A2
pages,views.py,Relative From,5,5,0,B1
pages,views.py,Relative From,6,6,0,B1
pages,views.py,Alias,1,1,24,A1
pages,views.py,Alias,2,2,29,A1
pages,views.py,Alias,3,3,28,A1
pages,views.py,Alias,4,4,41,A1
pages,views.py,Alias,5,5,19,A1
pages,views.py,Alias,6,6,20,A1
pages,views.py,Simple If statements,15,23,4,A1
pages,views.py,Simple If statements,25,38,4,A1
pages,views.py,Simple If statements,21,23,8,A1
pages,views.py,Exception --> try/except,16,19,8,B1
pages,views.py,Exception --> try/except,26,33,8,B1
pages,views.py,Except Handler,18,19,8,A1
pages,views.py,Except Handler,30,33,8,A1
pages,views.py,Function with Simple argument,8,11,0,A1
pages,views.py,Function with Simple argument,13,38,0,A1
pages,views.py,Return,11,11,4,A1
pages,views.py,Return,38,38,8,A1
pages,forms.py,Simple Atributte,3,3,18,A2
pages,forms.py,Simple Atributte,4,4,14,A2
pages,forms.py,Simple Atributte,4,4,54,A2
pages,forms.py,Simple Assignment,4,4,4,A1
pages,forms.py,From,1,1,0,A2
pages,forms.py,Alias,1,1,19,A1
pages,forms.py,Simple Class ,3,4,0,B1
pages,apps.py,Simple Assignment,5,5,4,A1
pages,apps.py,From,1,1,0,A2
pages,apps.py,Alias,1,1,24,A1
pages,apps.py,Inherited Class from AppConfig,4,5,0,B1
youtube,ytchannel.py,Simple List,39,39,22,A1
youtube,ytchannel.py,Simple Dictionary,57,59,31,A2
youtube,ytchannel.py,Simple Atributte,33,33,8,A2
youtube,ytchannel.py,Simple Atributte,34,34,8,A2
youtube,ytchannel.py,Simple Atributte,35,35,8,A2
youtube,ytchannel.py,Simple Atributte,36,36,8,A2
youtube,ytchannel.py,Simple Atributte,37,37,8,A2
youtube,ytchannel.py,Simple Atributte,38,38,8,A2
youtube,ytchannel.py,Simple Atributte,39,39,8,A2
youtube,ytchannel.py,Simple Atributte,71,71,11,A2
youtube,ytchannel.py,Simple Atributte,82,82,8,A2
youtube,ytchannel.py,Simple Atributte,83,83,8,A2
youtube,ytchannel.py,Simple Atributte,89,89,15,A2
youtube,ytchannel.py,Simple Atributte,43,43,12,A2
youtube,ytchannel.py,Simple Atributte,44,44,13,A2
youtube,ytchannel.py,Simple Atributte,56,56,12,A2
youtube,ytchannel.py,Simple Atributte,60,60,13,A2
youtube,ytchannel.py,Simple Atributte,72,72,12,A2
youtube,ytchannel.py,Simple Atributte,84,84,8,A2
youtube,ytchannel.py,Simple Atributte,84,84,38,A2
youtube,ytchannel.py,Simple Atributte,85,85,8,A2
youtube,ytchannel.py,Simple Atributte,89,89,15,A2
youtube,ytchannel.py,Simple Atributte,57,57,12,A2
youtube,ytchannel.py,Simple Atributte,72,72,27,A2
youtube,ytchannel.py,Simple Atributte,84,84,8,A2
youtube,ytchannel.py,Simple Atributte,85,85,8,A2
youtube,ytchannel.py,Simple Atributte,46,46,16,A2
youtube,ytchannel.py,Simple Atributte,57,57,12,A2
youtube,ytchannel.py,Simple Atributte,57,57,40,A2
youtube,ytchannel.py,Simple Atributte,58,58,41,A2
youtube,ytchannel.py,Simple Atributte,59,59,38,A2
youtube,ytchannel.py,Simple Atributte,62,62,16,A2
youtube,ytchannel.py,Simple Atributte,62,62,29,A2
youtube,ytchannel.py,Simple Atributte,63,63,16,A2
youtube,ytchannel.py,Simple Atributte,64,64,16,A2
youtube,ytchannel.py,Simple Atributte,48,48,16,A2
youtube,ytchannel.py,Simple Atributte,66,66,16,A2
youtube,ytchannel.py,Simple Atributte,66,66,26,A2
youtube,ytchannel.py,Simple Atributte,67,67,16,A2
youtube,ytchannel.py,Simple Atributte,68,68,16,A2
youtube,ytchannel.py,Simple Atributte,48,48,28,A2
youtube,ytchannel.py,Simple Atributte,50,50,16,A2
youtube,ytchannel.py,Simple Assignment,33,33,8,A1
youtube,ytchannel.py,Simple Assignment,34,34,8,A1
youtube,ytchannel.py,Simple Assignment,35,35,8,A1
youtube,ytchannel.py,Simple Assignment,36,36,8,A1
youtube,ytchannel.py,Simple Assignment,37,37,8,A1
youtube,ytchannel.py,Simple Assignment,38,38,8,A1
youtube,ytchannel.py,Simple Assignment,39,39,8,A1
youtube,ytchannel.py,Simple Assignment,82,82,8,A1
youtube,ytchannel.py,Simple Assignment,83,83,8,A1
youtube,ytchannel.py,Simple Assignment,43,43,12,A1
youtube,ytchannel.py,Simple Assignment,56,56,12,A1
youtube,ytchannel.py,Assigment with sum (total = total + 1),72,72,12,A1
youtube,ytchannel.py,Simple Assignment,46,46,16,A1
youtube,ytchannel.py,Simple Assignment,62,62,16,A1
youtube,ytchannel.py,Simple Assignment,63,63,16,A1
youtube,ytchannel.py,Simple Assignment,64,64,16,A1
youtube,ytchannel.py,Simple Assignment,48,48,16,A1
youtube,ytchannel.py,Simple Assignment,66,66,16,A1
youtube,ytchannel.py,Simple Assignment,67,67,16,A1
youtube,ytchannel.py,Simple Assignment,68,68,16,A1
youtube,ytchannel.py,Simple Assignment,50,50,16,A1
youtube,ytchannel.py,Import,12,12,0,A2
youtube,ytchannel.py,Import,13,13,0,A2
youtube,ytchannel.py,From,10,10,0,A2
youtube,ytchannel.py,From,11,11,0,A2
youtube,ytchannel.py,Alias,10,10,28,A1
youtube,ytchannel.py,Alias,11,11,20,A1
youtube,ytchannel.py,Alias,12,12,7,A1
youtube,ytchannel.py,Alias,13,13,7,A1
youtube,ytchannel.py,Simple If statements,42,50,8,A1
youtube,ytchannel.py,Simple If statements,55,68,8,A1
youtube,ytchannel.py,Simple If statements,71,72,8,A1
youtube,ytchannel.py,Simple If statements,44,50,8,A1
youtube,ytchannel.py,Simple If statements,60,68,8,A1
youtube,ytchannel.py,Simple If statements,45,50,12,A1
youtube,ytchannel.py,Simple If statements,61,68,12,A1
youtube,ytchannel.py,Simple If statements,47,50,12,A1
youtube,ytchannel.py,Simple If statements,65,68,12,A1
youtube,ytchannel.py,Simple If statements,49,50,12,A1
youtube,ytchannel.py,Function with Simple argument,22,39,4,A1
youtube,ytchannel.py,Function with Simple argument,41,50,4,A1
youtube,ytchannel.py,Function with Simple argument,52,68,4,A1
youtube,ytchannel.py,Function with Simple argument,70,72,4,A1
youtube,ytchannel.py,Function with Simple argument,81,85,4,A1
youtube,ytchannel.py,Function with Simple argument,87,89,4,A1
youtube,ytchannel.py,Return,89,89,8,A1
youtube,ytchannel.py,Inherited Class from ContentHandler,15,72,0,B1
youtube,ytchannel.py,Simple Class ,74,89,0,B1
youtube,tests.py,6 Dictionary List,16,33,24,B1
youtube,tests.py,Simple List,83,86,17,A1
youtube,tests.py,Simple Dictionary,16,18,25,A2
youtube,tests.py,Simple Dictionary,19,21,20,A2
youtube,tests.py,Simple Dictionary,22,24,20,A2
youtube,tests.py,Simple Dictionary,25,27,20,A2
youtube,tests.py,Simple Dictionary,28,30,20,A2
youtube,tests.py,Simple Dictionary,31,33,20,A2
youtube,tests.py,Simple Dictionary,110,110,41,A2
youtube,tests.py,Simple Dictionary,118,118,41,A2
youtube,tests.py,Simple Dictionary,126,126,41,A2
youtube,tests.py,Simple Dictionary,128,128,41,A2
youtube,tests.py,Files --> 'open' call function,38,38,18,A2
youtube,tests.py,Files --> 'open' call function,46,46,18,A2
youtube,tests.py,Files --> 'open' call function,54,54,18,A2
youtube,tests.py,Simple Atributte,13,13,8,A2
youtube,tests.py,Simple Atributte,14,14,8,A2
youtube,tests.py,Simple Atributte,15,15,8,A2
youtube,tests.py,Simple Atributte,16,16,8,A2
youtube,tests.py,Simple Atributte,66,66,8,A2
youtube,tests.py,Simple Atributte,100,100,18,A2
youtube,tests.py,Simple Atributte,38,38,23,A2
youtube,tests.py,Simple Atributte,40,40,17,A2
youtube,tests.py,Simple Atributte,41,41,8,A2
youtube,tests.py,Simple Atributte,41,41,33,A2
youtube,tests.py,Simple Atributte,46,46,23,A2
youtube,tests.py,Simple Atributte,48,48,17,A2
youtube,tests.py,Simple Atributte,49,49,8,A2
youtube,tests.py,Simple Atributte,54,54,23,A2
youtube,tests.py,Simple Atributte,56,56,17,A2
youtube,tests.py,Simple Atributte,57,57,8,A2
youtube,tests.py,Simple Atributte,58,58,8,A2
youtube,tests.py,Simple Atributte,71,71,19,A2
youtube,tests.py,Simple Atributte,72,72,8,A2
youtube,tests.py,Simple Atributte,72,72,25,A2
youtube,tests.py,Simple Atributte,77,77,19,A2
youtube,tests.py,Simple Atributte,78,78,8,A2
youtube,tests.py,Simple Atributte,78,78,25,A2
youtube,tests.py,Simple Atributte,78,78,55,A2
youtube,tests.py,Simple Atributte,87,87,19,A2
youtube,tests.py,Simple Atributte,88,88,18,A2
youtube,tests.py,Simple Atributte,95,95,19,A2
youtube,tests.py,Simple Atributte,97,97,8,A2
youtube,tests.py,Simple Atributte,97,97,22,A2
youtube,tests.py,Simple Atributte,97,97,34,A2
youtube,tests.py,Simple Atributte,98,98,8,A2
youtube,tests.py,Simple Atributte,98,98,22,A2
youtube,tests.py,Simple Atributte,98,98,35,A2
youtube,tests.py,Simple Atributte,101,101,8,A2
youtube,tests.py,Simple Atributte,102,102,8,A2
youtube,tests.py,Simple Atributte,103,103,8,A2
youtube,tests.py,Simple Atributte,105,105,8,A2
youtube,tests.py,Simple Atributte,110,110,19,A2
youtube,tests.py,Simple Atributte,111,111,8,A2
youtube,tests.py,Simple Atributte,111,111,25,A2
youtube,tests.py,Simple Atributte,116,116,19,A2
youtube,tests.py,Simple Atributte,117,117,8,A2
youtube,tests.py,Simple Atributte,117,117,25,A2
youtube,tests.py,Simple Atributte,118,118,19,A2
youtube,tests.py,Simple Atributte,119,119,8,A2
youtube,tests.py,Simple Atributte,119,119,25,A2
youtube,tests.py,Simple Atributte,124,124,19,A2
youtube,tests.py,Simple Atributte,125,125,8,A2
youtube,tests.py,Simple Atributte,125,125,25,A2
youtube,tests.py,Simple Atributte,126,126,19,A2
youtube,tests.py,Simple Atributte,127,127,8,A2
youtube,tests.py,Simple Atributte,127,127,25,A2
youtube,tests.py,Simple Atributte,128,128,19,A2
youtube,tests.py,Simple Atributte,129,129,8,A2
youtube,tests.py,Simple Atributte,129,129,25,A2
youtube,tests.py,Simple Atributte,58,58,33,A2
youtube,tests.py,Simple Atributte,71,71,19,A2
youtube,tests.py,Simple Atributte,77,77,19,A2
youtube,tests.py,Simple Atributte,78,78,25,A2
youtube,tests.py,Simple Atributte,87,87,19,A2
youtube,tests.py,Simple Atributte,88,88,18,A2
youtube,tests.py,Simple Atributte,90,90,12,A2
youtube,tests.py,Simple Atributte,95,95,19,A2
youtube,tests.py,Simple Atributte,110,110,19,A2
youtube,tests.py,Simple Atributte,110,110,48,A2
youtube,tests.py,Simple Atributte,116,116,19,A2
youtube,tests.py,Simple Atributte,118,118,19,A2
youtube,tests.py,Simple Atributte,118,118,48,A2
youtube,tests.py,Simple Atributte,124,124,19,A2
youtube,tests.py,Simple Atributte,126,126,19,A2
youtube,tests.py,Simple Atributte,126,126,48,A2
youtube,tests.py,Simple Atributte,128,128,19,A2
youtube,tests.py,Simple Atributte,128,128,48,A2
youtube,tests.py,Subscript,58,58,33,A1
youtube,tests.py,Subscript,101,101,30,A1
youtube,tests.py,Subscript,102,102,30,A1
youtube,tests.py,Subscript,103,103,30,A1
youtube,tests.py,Subscript,105,105,29,A1
youtube,tests.py,Slice,58,58,47,A1
youtube,tests.py,Simple Assignment,13,13,8,A1
youtube,tests.py,Simple Assignment,14,14,8,A1
youtube,tests.py,Simple Assignment,15,15,8,A1
youtube,tests.py,Simple Assignment,16,33,8,A1
youtube,tests.py,Simple Assignment,38,38,8,A1
youtube,tests.py,Simple Assignment,39,39,8,A1
youtube,tests.py,Simple Assignment,40,40,8,A1
youtube,tests.py,Simple Assignment,46,46,8,A1
youtube,tests.py,Simple Assignment,47,47,8,A1
youtube,tests.py,Simple Assignment,48,48,8,A1
youtube,tests.py,Simple Assignment,54,54,8,A1
youtube,tests.py,Simple Assignment,55,55,8,A1
youtube,tests.py,Simple Assignment,56,56,8,A1
youtube,tests.py,Simple Assignment,66,66,8,A1
youtube,tests.py,Simple Assignment,71,71,8,A1
youtube,tests.py,Simple Assignment,77,77,8,A1
youtube,tests.py,Simple Assignment,83,86,8,A1
youtube,tests.py,Simple Assignment,87,87,8,A1
youtube,tests.py,Simple Assignment,88,88,8,A1
youtube,tests.py,Simple Assignment,95,95,8,A1
youtube,tests.py,Simple Assignment,100,100,8,A1
youtube,tests.py,Simple Assignment,110,110,8,A1
youtube,tests.py,Simple Assignment,116,116,8,A1
youtube,tests.py,Simple Assignment,118,118,8,A1
youtube,tests.py,Simple Assignment,124,124,8,A1
youtube,tests.py,Simple Assignment,126,126,8,A1
youtube,tests.py,Simple Assignment,128,128,8,A1
youtube,tests.py,From,1,1,0,A2
youtube,tests.py,From,2,2,0,A2
youtube,tests.py,From,3,3,0,A2
youtube,tests.py,Relative From,5,5,0,B1
youtube,tests.py,Relative From,6,6,0,B1
youtube,tests.py,Alias,1,1,24,A1
youtube,tests.py,Alias,1,1,34,A1
youtube,tests.py,Alias,2,2,29,A1
youtube,tests.py,Alias,3,3,28,A1
youtube,tests.py,Alias,5,5,14,A1
youtube,tests.py,Alias,6,6,23,A1
youtube,tests.py,Simple For Loop,89,90,8,A1
youtube,tests.py,Function with Simple argument,11,33,4,A1
youtube,tests.py,Function with Simple argument,35,41,4,A1
youtube,tests.py,Function with Simple argument,43,49,4,A1
youtube,tests.py,Function with Simple argument,51,58,4,A1
youtube,tests.py,Function with Simple argument,64,66,4,A1
youtube,tests.py,Function with Simple argument,68,72,4,A1
youtube,tests.py,Function with Simple argument,74,78,4,A1
youtube,tests.py,Function with Simple argument,80,90,4,A1
youtube,tests.py,Function with Simple argument,92,105,4,A1
youtube,tests.py,Function with Simple argument,107,111,4,A1
youtube,tests.py,Function with Simple argument,113,119,4,A1
youtube,tests.py,Function with Simple argument,121,129,4,A1
youtube,tests.py,Inherited Class from SimpleTestCase,8,58,0,B1
youtube,tests.py,Inherited Class from TestCase,61,129,0,B1
migrations,0002_video.py,Simple List,25,27,19,A1
migrations,0002_video.py,Simple List,29,31,17,A1
migrations,0002_video.py,Simple Tuple,26,26,8,A1
migrations,0002_video.py,Simple Atributte,23,23,16,A2
migrations,0002_video.py,Simple Atributte,13,13,12,A2
migrations,0002_video.py,Simple Atributte,16,16,16,A2
migrations,0002_video.py,Simple Atributte,18,18,17,A2
migrations,0002_video.py,Simple Atributte,16,16,16,A2
migrations,0002_video.py,Simple Atributte,21,21,8,A2
migrations,0002_video.py,Simple Atributte,30,30,8,A2
migrations,0002_video.py,Subscript,19,19,25,A1
migrations,0002_video.py,Subscript,19,19,44,A1
migrations,0002_video.py,Subscript,20,20,27,A1
migrations,0002_video.py,Simple Assignment,13,13,4,A1
migrations,0002_video.py,Assigment with sum (total = total + 1),14,15,4,A1
migrations,0002_video.py,Simple Assignment,16,16,4,A1
migrations,0002_video.py,Simple Assignment,17,17,4,A1
migrations,0002_video.py,Simple Assignment,25,27,4,A1
migrations,0002_video.py,Simple Assignment,29,31,4,A1
migrations,0002_video.py,Simple Assignment,19,20,8,A1
migrations,0002_video.py,Import,3,3,0,A2
migrations,0002_video.py,From,5,5,0,A2
migrations,0002_video.py,Relative From,7,7,0,B1
migrations,0002_video.py,Alias,3,3,7,A1
migrations,0002_video.py,Alias,5,5,22,A1
migrations,0002_video.py,Alias,7,7,24,A1
migrations,0002_video.py,Simple For Loop,18,21,4,A1
migrations,0002_video.py,Function with Simple argument,10,21,0,A1
migrations,0002_video.py,Simple Class ,23,31,0,B1
migrations,0001_initial.py,Simple List,10,11,19,A1
migrations,0001_initial.py,Simple List,13,23,17,A1
migrations,0001_initial.py,Simple List,16,21,19,A1
migrations,0001_initial.py,Simple Tuple,17,17,16,A1
migrations,0001_initial.py,Simple Tuple,18,18,16,A1
migrations,0001_initial.py,Simple Tuple,19,19,16,A1
migrations,0001_initial.py,Simple Tuple,20,20,16,A1
migrations,0001_initial.py,Simple Atributte,6,6,16,A2
migrations,0001_initial.py,Simple Atributte,14,14,8,A2
migrations,0001_initial.py,Simple Atributte,17,17,23,A2
migrations,0001_initial.py,Simple Atributte,18,18,26,A2
migrations,0001_initial.py,Simple Atributte,19,19,25,A2
migrations,0001_initial.py,Simple Atributte,20,20,29,A2
migrations,0001_initial.py,Simple Assignment,8,8,4,A1
migrations,0001_initial.py,Simple Assignment,10,11,4,A1
migrations,0001_initial.py,Simple Assignment,13,23,4,A1
migrations,0001_initial.py,From,3,3,0,A2
migrations,0001_initial.py,Alias,3,3,22,A1
migrations,0001_initial.py,Alias,3,3,34,A1
migrations,0001_initial.py,Simple Class ,6,23,0,B1
youtube,urls.py,Simple List,6,8,14,A1
youtube,urls.py,Simple Atributte,7,7,13,A2
youtube,urls.py,Simple Assignment,6,8,0,A1
youtube,urls.py,From,3,3,0,A2
youtube,urls.py,Relative From,4,4,0,B1
youtube,urls.py,Alias,3,3,24,A1
youtube,urls.py,Alias,4,4,14,A1
youtube,admin.py,From,1,1,0,A2
youtube,admin.py,Alias,1,1,27,A1
youtube,models.py,Simple Atributte,3,3,12,A2
youtube,models.py,Simple Atributte,4,4,9,A2
youtube,models.py,Simple Atributte,5,5,12,A2
youtube,models.py,Simple Atributte,6,6,11,A2
youtube,models.py,Simple Atributte,7,7,15,A2
youtube,models.py,Simple Assignment,4,4,4,A1
youtube,models.py,Simple Assignment,5,5,4,A1
youtube,models.py,Simple Assignment,6,6,4,A1
youtube,models.py,Simple Assignment,7,7,4,A1
youtube,models.py,From,1,1,0,A2
youtube,models.py,Alias,1,1,22,A1
youtube,models.py,Simple Class ,3,7,0,B1
youtube,views.py,Simple Dictionary,55,57,42,A2
youtube,views.py,Simple Atributte,41,41,4,A2
youtube,views.py,Simple Atributte,40,40,12,A2
youtube,views.py,Simple Atributte,42,42,4,A2
youtube,views.py,Simple Atributte,46,46,7,A2
youtube,views.py,Simple Atributte,52,52,15,A2
youtube,views.py,Simple Atributte,53,53,17,A2
youtube,views.py,Simple Atributte,54,54,15,A2
youtube,views.py,Simple Atributte,40,40,12,A2
youtube,views.py,Simple Atributte,47,47,19,A2
youtube,views.py,Simple Atributte,52,52,15,A2
youtube,views.py,Simple Atributte,53,53,17,A2
youtube,views.py,Simple Atributte,40,40,12,A2
youtube,views.py,Simple Atributte,48,48,15,A2
youtube,views.py,Simple Atributte,52,52,15,A2
youtube,views.py,Simple Atributte,53,53,17,A2
youtube,views.py,Simple Atributte,48,48,15,A2
youtube,views.py,Simple Atributte,50,50,17,A2
youtube,views.py,Simple Atributte,50,50,17,A2
youtube,views.py,Simple Atributte,49,49,32,A2
youtube,views.py,Simple Atributte,51,51,32,A2
youtube,views.py,Subscript,49,49,32,A1
youtube,views.py,Subscript,51,51,32,A1
youtube,views.py,Simple Assignment,8,19,0,A1
youtube,views.py,Simple Assignment,21,35,0,A1
youtube,views.py,Simple Assignment,40,40,4,A1
youtube,views.py,Simple Assignment,41,41,4,A1
youtube,views.py,Simple Assignment,52,52,4,A1
youtube,views.py,Simple Assignment,53,53,4,A1
youtube,views.py,Simple Assignment,54,57,4,A1
youtube,views.py,From,3,3,0,A2
youtube,views.py,From,4,4,0,A2
youtube,views.py,Relative From,6,6,0,B1
youtube,views.py,Alias,3,3,24,A1
youtube,views.py,Alias,4,4,28,A1
youtube,views.py,Alias,4,4,44,A1
youtube,views.py,Alias,6,6,14,A1
youtube,views.py,Simple If statements,46,51,4,A1
youtube,views.py,Simple If statements,47,51,8,A1
youtube,views.py,Simple If statements,48,51,12,A1
youtube,views.py,Simple If statements,50,51,12,A1
youtube,views.py,Function with Simple argument,38,42,0,A1
youtube,views.py,Function with Simple argument,44,58,0,A1
youtube,views.py,Return,58,58,4,A1
django-youtube-4,manage.py,Simple Atributte,8,8,4,A2
django-youtube-4,manage.py,Simple Atributte,17,17,30,A2
django-youtube-4,manage.py,Simple Atributte,8,8,4,A2
django-youtube-4,manage.py,'raise' exception,12,16,8,B1
django-youtube-4,manage.py,Import,3,3,0,A2
django-youtube-4,manage.py,Import,4,4,0,A2
django-youtube-4,manage.py,From,10,10,8,A2
django-youtube-4,manage.py,Alias,3,3,7,A1
django-youtube-4,manage.py,Alias,4,4,7,A1
django-youtube-4,manage.py,Alias,10,10,43,A1
django-youtube-4,manage.py,If statements using → __name__ == ‘__main__’,20,21,0,B2
django-youtube-4,manage.py,Exception --> try/except,9,16,4,B1
django-youtube-4,manage.py,Except Handler,11,16,4,A1
django-youtube-4,manage.py,Function,7,17,0,A1
project,asgi.py,Simple Atributte,14,14,0,A2
project,asgi.py,Simple Atributte,14,14,0,A2
project,asgi.py,Simple Assignment,16,16,0,A1
project,asgi.py,Import,10,10,0,A2
project,asgi.py,From,12,12,0,A2
project,asgi.py,Alias,10,10,7,A1
project,asgi.py,Alias,12,12,29,A1
project,urls.py,Simple List,8,11,14,A1
project,urls.py,Simple Atributte,9,9,19,A2
project,urls.py,Simple Atributte,9,9,19,A2
project,urls.py,Simple Assignment,8,11,0,A1
project,urls.py,From,3,3,0,A2
project,urls.py,From,4,4,0,A2
project,urls.py,From,6,6,0,A2
project,urls.py,Alias,3,3,27,A1
project,urls.py,Alias,4,4,24,A1
project,urls.py,Alias,4,4,33,A1
project,urls.py,Alias,6,6,20,A1
project,settings.py,Simple List,28,28,16,A1
project,settings.py,Simple List,32,40,17,A1
project,settings.py,Simple List,42,50,13,A1
project,settings.py,1 Dictionary List,54,68,12,B1
project,settings.py,4 Dictionary List,87,100,27,B1
project,settings.py,Simple List,57,57,16,A1
project,settings.py,Simple List,60,65,34,A1
project,settings.py,1 Nested Dictionary,76,81,12,B1
project,settings.py,1 List in 1Dictionary of Dictionary,55,67,4,B2
project,settings.py,Simple Dictionary,77,80,15,A2
project,settings.py,Simple Dictionary,88,90,4,A2
project,settings.py,Simple Dictionary,91,93,4,A2
project,settings.py,Simple Dictionary,94,96,4,A2
project,settings.py,Simple Dictionary,97,99,4,A2
project,settings.py,1 List Dictionary,59,66,19,B1
project,settings.py,Simple Atributte,16,16,11,A2
project,settings.py,Simple Atributte,16,16,11,A2
project,settings.py,Simple Atributte,16,16,27,A2
project,settings.py,Simple Atributte,16,16,27,A2
project,settings.py,Simple Atributte,16,16,43,A2
project,settings.py,Simple Atributte,79,79,16,A2
project,settings.py,Simple Atributte,16,16,43,A2
project,settings.py,Simple Atributte,79,79,16,A2
project,settings.py,Simple Assignment,16,16,0,A1
project,settings.py,Simple Assignment,23,23,0,A1
project,settings.py,Simple Assignment,26,26,0,A1
project,settings.py,Simple Assignment,28,28,0,A1
project,settings.py,Simple Assignment,32,40,0,A1
project,settings.py,Simple Assignment,42,50,0,A1
project,settings.py,Simple Assignment,52,52,0,A1
project,settings.py,Simple Assignment,54,68,0,A1
project,settings.py,Simple Assignment,70,70,0,A1
project,settings.py,Simple Assignment,76,81,0,A1
project,settings.py,Simple Assignment,87,100,0,A1
project,settings.py,Simple Assignment,106,106,0,A1
project,settings.py,Simple Assignment,108,108,0,A1
project,settings.py,Simple Assignment,110,110,0,A1
project,settings.py,Simple Assignment,112,112,0,A1
project,settings.py,Simple Assignment,114,114,0,A1
project,settings.py,Simple Assignment,120,120,0,A1
project,settings.py,Import,13,13,0,A2
project,settings.py,Alias,13,13,7,A1
project,wsgi.py,Simple Atributte,14,14,0,A2
project,wsgi.py,Simple Atributte,14,14,0,A2
project,wsgi.py,Simple Assignment,16,16,0,A1
project,wsgi.py,Import,10,10,0,A2
project,wsgi.py,From,12,12,0,A2
project,wsgi.py,Alias,10,10,7,A1
project,wsgi.py,Alias,12,12,29,A1
youtube,ytchannel.py,Simple List,39,39,22,A1
youtube,ytchannel.py,Simple Dictionary,57,59,31,A2
youtube,ytchannel.py,Simple Atributte,33,33,8,A2
youtube,ytchannel.py,Simple Atributte,34,34,8,A2
youtube,ytchannel.py,Simple Atributte,35,35,8,A2
youtube,ytchannel.py,Simple Atributte,36,36,8,A2
youtube,ytchannel.py,Simple Atributte,37,37,8,A2
youtube,ytchannel.py,Simple Atributte,38,38,8,A2
youtube,ytchannel.py,Simple Atributte,39,39,8,A2
youtube,ytchannel.py,Simple Atributte,71,71,11,A2
youtube,ytchannel.py,Simple Atributte,82,82,8,A2
youtube,ytchannel.py,Simple Atributte,83,83,8,A2
youtube,ytchannel.py,Simple Atributte,89,89,15,A2
youtube,ytchannel.py,Simple Atributte,43,43,12,A2
youtube,ytchannel.py,Simple Atributte,44,44,13,A2
youtube,ytchannel.py,Simple Atributte,56,56,12,A2
youtube,ytchannel.py,Simple Atributte,60,60,13,A2
youtube,ytchannel.py,Simple Atributte,72,72,12,A2
youtube,ytchannel.py,Simple Atributte,84,84,8,A2
youtube,ytchannel.py,Simple Atributte,84,84,38,A2
youtube,ytchannel.py,Simple Atributte,85,85,8,A2
youtube,ytchannel.py,Simple Atributte,89,89,15,A2
youtube,ytchannel.py,Simple Atributte,57,57,12,A2
youtube,ytchannel.py,Simple Atributte,72,72,27,A2
youtube,ytchannel.py,Simple Atributte,84,84,8,A2
youtube,ytchannel.py,Simple Atributte,85,85,8,A2
youtube,ytchannel.py,Simple Atributte,46,46,16,A2
youtube,ytchannel.py,Simple Atributte,57,57,12,A2
youtube,ytchannel.py,Simple Atributte,57,57,40,A2
youtube,ytchannel.py,Simple Atributte,58,58,41,A2
youtube,ytchannel.py,Simple Atributte,59,59,38,A2
youtube,ytchannel.py,Simple Atributte,62,62,16,A2
youtube,ytchannel.py,Simple Atributte,62,62,29,A2
youtube,ytchannel.py,Simple Atributte,63,63,16,A2
youtube,ytchannel.py,Simple Atributte,64,64,16,A2
youtube,ytchannel.py,Simple Atributte,48,48,16,A2
youtube,ytchannel.py,Simple Atributte,66,66,16,A2
youtube,ytchannel.py,Simple Atributte,66,66,26,A2
youtube,ytchannel.py,Simple Atributte,67,67,16,A2
youtube,ytchannel.py,Simple Atributte,68,68,16,A2
youtube,ytchannel.py,Simple Atributte,48,48,28,A2
youtube,ytchannel.py,Simple Atributte,50,50,16,A2
youtube,ytchannel.py,Simple Assignment,33,33,8,A1
youtube,ytchannel.py,Simple Assignment,34,34,8,A1
youtube,ytchannel.py,Simple Assignment,35,35,8,A1
youtube,ytchannel.py,Simple Assignment,36,36,8,A1
youtube,ytchannel.py,Simple Assignment,37,37,8,A1
youtube,ytchannel.py,Simple Assignment,38,38,8,A1
youtube,ytchannel.py,Simple Assignment,39,39,8,A1
youtube,ytchannel.py,Simple Assignment,82,82,8,A1
youtube,ytchannel.py,Simple Assignment,83,83,8,A1
youtube,ytchannel.py,Simple Assignment,43,43,12,A1
youtube,ytchannel.py,Simple Assignment,56,56,12,A1
youtube,ytchannel.py,Assigment with sum (total = total + 1),72,72,12,A1
youtube,ytchannel.py,Simple Assignment,46,46,16,A1
youtube,ytchannel.py,Simple Assignment,62,62,16,A1
youtube,ytchannel.py,Simple Assignment,63,63,16,A1
youtube,ytchannel.py,Simple Assignment,64,64,16,A1
youtube,ytchannel.py,Simple Assignment,48,48,16,A1
youtube,ytchannel.py,Simple Assignment,66,66,16,A1
youtube,ytchannel.py,Simple Assignment,67,67,16,A1
youtube,ytchannel.py,Simple Assignment,68,68,16,A1
youtube,ytchannel.py,Simple Assignment,50,50,16,A1
youtube,ytchannel.py,Import,12,12,0,A2
youtube,ytchannel.py,Import,13,13,0,A2
youtube,ytchannel.py,From,10,10,0,A2
youtube,ytchannel.py,From,11,11,0,A2
youtube,ytchannel.py,Alias,10,10,28,A1
youtube,ytchannel.py,Alias,11,11,20,A1
youtube,ytchannel.py,Alias,12,12,7,A1
youtube,ytchannel.py,Alias,13,13,7,A1
youtube,ytchannel.py,Simple If statements,42,50,8,A1
youtube,ytchannel.py,Simple If statements,55,68,8,A1
youtube,ytchannel.py,Simple If statements,71,72,8,A1
youtube,ytchannel.py,Simple If statements,44,50,8,A1
youtube,ytchannel.py,Simple If statements,60,68,8,A1
youtube,ytchannel.py,Simple If statements,45,50,12,A1
youtube,ytchannel.py,Simple If statements,61,68,12,A1
youtube,ytchannel.py,Simple If statements,47,50,12,A1
youtube,ytchannel.py,Simple If statements,65,68,12,A1
youtube,ytchannel.py,Simple If statements,49,50,12,A1
youtube,ytchannel.py,Function with Simple argument,22,39,4,A1
youtube,ytchannel.py,Function with Simple argument,41,50,4,A1
youtube,ytchannel.py,Function with Simple argument,52,68,4,A1
youtube,ytchannel.py,Function with Simple argument,70,72,4,A1
youtube,ytchannel.py,Function with Simple argument,81,85,4,A1
youtube,ytchannel.py,Function with Simple argument,87,89,4,A1
youtube,ytchannel.py,Return,89,89,8,A1
youtube,ytchannel.py,Inherited Class from ContentHandler,15,72,0,B1
youtube,ytchannel.py,Simple Class ,74,89,0,B1
youtube,tests.py,6 Dictionary List,14,31,24,B1
youtube,tests.py,Simple List,72,75,17,A1
youtube,tests.py,Simple Dictionary,14,16,25,A2
youtube,tests.py,Simple Dictionary,17,19,20,A2
youtube,tests.py,Simple Dictionary,20,22,20,A2
youtube,tests.py,Simple Dictionary,23,25,20,A2
youtube,tests.py,Simple Dictionary,26,28,20,A2
youtube,tests.py,Simple Dictionary,29,31,20,A2
youtube,tests.py,Simple Dictionary,82,82,41,A2
youtube,tests.py,Simple Dictionary,88,88,41,A2
youtube,tests.py,Simple Dictionary,94,94,41,A2
youtube,tests.py,Simple Dictionary,96,96,41,A2
youtube,tests.py,Files --> 'open' call function,35,35,18,A2
youtube,tests.py,Files --> 'open' call function,42,42,18,A2
youtube,tests.py,Files --> 'open' call function,49,49,18,A2
youtube,tests.py,Simple Atributte,11,11,8,A2
youtube,tests.py,Simple Atributte,12,12,8,A2
youtube,tests.py,Simple Atributte,13,13,8,A2
youtube,tests.py,Simple Atributte,14,14,8,A2
youtube,tests.py,Simple Atributte,61,61,8,A2
youtube,tests.py,Simple Atributte,35,35,23,A2
youtube,tests.py,Simple Atributte,37,37,17,A2
youtube,tests.py,Simple Atributte,38,38,8,A2
youtube,tests.py,Simple Atributte,38,38,33,A2
youtube,tests.py,Simple Atributte,42,42,23,A2
youtube,tests.py,Simple Atributte,44,44,17,A2
youtube,tests.py,Simple Atributte,45,45,8,A2
youtube,tests.py,Simple Atributte,49,49,23,A2
youtube,tests.py,Simple Atributte,51,51,17,A2
youtube,tests.py,Simple Atributte,52,52,8,A2
youtube,tests.py,Simple Atributte,53,53,8,A2
youtube,tests.py,Simple Atributte,64,64,19,A2
youtube,tests.py,Simple Atributte,65,65,8,A2
youtube,tests.py,Simple Atributte,65,65,25,A2
youtube,tests.py,Simple Atributte,68,68,19,A2
youtube,tests.py,Simple Atributte,69,69,8,A2
youtube,tests.py,Simple Atributte,69,69,25,A2
youtube,tests.py,Simple Atributte,69,69,55,A2
youtube,tests.py,Simple Atributte,76,76,19,A2
youtube,tests.py,Simple Atributte,77,77,18,A2
youtube,tests.py,Simple Atributte,82,82,19,A2
youtube,tests.py,Simple Atributte,83,83,8,A2
youtube,tests.py,Simple Atributte,83,83,25,A2
youtube,tests.py,Simple Atributte,86,86,19,A2
youtube,tests.py,Simple Atributte,87,87,8,A2
youtube,tests.py,Simple Atributte,87,87,25,A2
youtube,tests.py,Simple Atributte,88,88,19,A2
youtube,tests.py,Simple Atributte,89,89,8,A2
youtube,tests.py,Simple Atributte,89,89,25,A2
youtube,tests.py,Simple Atributte,92,92,19,A2
youtube,tests.py,Simple Atributte,93,93,8,A2
youtube,tests.py,Simple Atributte,93,93,25,A2
youtube,tests.py,Simple Atributte,94,94,19,A2
youtube,tests.py,Simple Atributte,95,95,8,A2
youtube,tests.py,Simple Atributte,95,95,25,A2
youtube,tests.py,Simple Atributte,96,96,19,A2
youtube,tests.py,Simple Atributte,97,97,8,A2
youtube,tests.py,Simple Atributte,97,97,25,A2
youtube,tests.py,Simple Atributte,53,53,33,A2
youtube,tests.py,Simple Atributte,64,64,19,A2
youtube,tests.py,Simple Atributte,68,68,19,A2
youtube,tests.py,Simple Atributte,69,69,25,A2
youtube,tests.py,Simple Atributte,76,76,19,A2
youtube,tests.py,Simple Atributte,77,77,18,A2
youtube,tests.py,Simple Atributte,79,79,12,A2
youtube,tests.py,Simple Atributte,82,82,19,A2
youtube,tests.py,Simple Atributte,82,82,48,A2
youtube,tests.py,Simple Atributte,86,86,19,A2
youtube,tests.py,Simple Atributte,88,88,19,A2
youtube,tests.py,Simple Atributte,88,88,48,A2
youtube,tests.py,Simple Atributte,92,92,19,A2
youtube,tests.py,Simple Atributte,94,94,19,A2
youtube,tests.py,Simple Atributte,94,94,48,A2
youtube,tests.py,Simple Atributte,96,96,19,A2
youtube,tests.py,Simple Atributte,96,96,48,A2
youtube,tests.py,Subscript,53,53,33,A1
youtube,tests.py,Slice,53,53,47,A1
youtube,tests.py,Simple Assignment,11,11,8,A1
youtube,tests.py,Simple Assignment,12,12,8,A1
youtube,tests.py,Simple Assignment,13,13,8,A1
youtube,tests.py,Simple Assignment,14,31,8,A1
youtube,tests.py,Simple Assignment,35,35,8,A1
youtube,tests.py,Simple Assignment,36,36,8,A1
youtube,tests.py,Simple Assignment,37,37,8,A1
youtube,tests.py,Simple Assignment,42,42,8,A1
youtube,tests.py,Simple Assignment,43,43,8,A1
youtube,tests.py,Simple Assignment,44,44,8,A1
youtube,tests.py,Simple Assignment,49,49,8,A1
youtube,tests.py,Simple Assignment,50,50,8,A1
youtube,tests.py,Simple Assignment,51,51,8,A1
youtube,tests.py,Simple Assignment,61,61,8,A1
youtube,tests.py,Simple Assignment,64,64,8,A1
youtube,tests.py,Simple Assignment,68,68,8,A1
youtube,tests.py,Simple Assignment,72,75,8,A1
youtube,tests.py,Simple Assignment,76,76,8,A1
youtube,tests.py,Simple Assignment,77,77,8,A1
youtube,tests.py,Simple Assignment,82,82,8,A1
youtube,tests.py,Simple Assignment,86,86,8,A1
youtube,tests.py,Simple Assignment,88,88,8,A1
youtube,tests.py,Simple Assignment,92,92,8,A1
youtube,tests.py,Simple Assignment,94,94,8,A1
youtube,tests.py,Simple Assignment,96,96,8,A1
youtube,tests.py,From,2,2,0,A2
youtube,tests.py,Relative From,4,4,0,B1
youtube,tests.py,Relative From,5,5,0,B1
youtube,tests.py,Alias,2,2,24,A1
youtube,tests.py,Alias,2,2,34,A1
youtube,tests.py,Alias,4,4,14,A1
youtube,tests.py,Alias,5,5,23,A1
youtube,tests.py,Simple For Loop,78,79,8,A1
youtube,tests.py,Function with Simple argument,10,31,4,A1
youtube,tests.py,Function with Simple argument,33,38,4,A1
youtube,tests.py,Function with Simple argument,40,45,4,A1
youtube,tests.py,Function with Simple argument,47,53,4,A1
youtube,tests.py,Function with Simple argument,59,61,4,A1
youtube,tests.py,Function with Simple argument,63,65,4,A1
youtube,tests.py,Function with Simple argument,67,69,4,A1
youtube,tests.py,Function with Simple argument,71,79,4,A1
youtube,tests.py,Function with Simple argument,81,83,4,A1
youtube,tests.py,Function with Simple argument,85,89,4,A1
youtube,tests.py,Function with Simple argument,91,97,4,A1
youtube,tests.py,Inherited Class from SimpleTestCase,7,53,0,B1
youtube,tests.py,Inherited Class from TestCase,56,97,0,B1
migrations,0002_video.py,Simple List,24,26,19,A1
migrations,0002_video.py,Simple List,28,30,17,A1
migrations,0002_video.py,Simple Tuple,25,25,8,A1
migrations,0002_video.py,Simple Atributte,22,22,16,A2
migrations,0002_video.py,Simple Atributte,12,12,12,A2
migrations,0002_video.py,Simple Atributte,15,15,16,A2
migrations,0002_video.py,Simple Atributte,17,17,17,A2
migrations,0002_video.py,Simple Atributte,15,15,16,A2
migrations,0002_video.py,Simple Atributte,20,20,8,A2
migrations,0002_video.py,Simple Atributte,29,29,8,A2
migrations,0002_video.py,Subscript,18,18,25,A1
migrations,0002_video.py,Subscript,18,18,44,A1
migrations,0002_video.py,Subscript,19,19,27,A1
migrations,0002_video.py,Simple Assignment,12,12,4,A1
migrations,0002_video.py,Assigment with sum (total = total + 1),13,14,4,A1
migrations,0002_video.py,Simple Assignment,15,15,4,A1
migrations,0002_video.py,Simple Assignment,16,16,4,A1
migrations,0002_video.py,Simple Assignment,24,26,4,A1
migrations,0002_video.py,Simple Assignment,28,30,4,A1
migrations,0002_video.py,Simple Assignment,18,19,8,A1
migrations,0002_video.py,Import,3,3,0,A2
migrations,0002_video.py,From,5,5,0,A2
migrations,0002_video.py,Relative From,7,7,0,B1
migrations,0002_video.py,Alias,3,3,7,A1
migrations,0002_video.py,Alias,5,5,22,A1
migrations,0002_video.py,Alias,7,7,24,A1
migrations,0002_video.py,Simple For Loop,17,20,4,A1
migrations,0002_video.py,Function with Simple argument,9,20,0,A1
migrations,0002_video.py,Simple Class ,22,30,0,B1
migrations,0001_initial.py,Simple List,10,11,19,A1
migrations,0001_initial.py,Simple List,13,23,17,A1
migrations,0001_initial.py,Simple List,16,21,19,A1
migrations,0001_initial.py,Simple Tuple,17,17,16,A1
migrations,0001_initial.py,Simple Tuple,18,18,16,A1
migrations,0001_initial.py,Simple Tuple,19,19,16,A1
migrations,0001_initial.py,Simple Tuple,20,20,16,A1
migrations,0001_initial.py,Simple Atributte,6,6,16,A2
migrations,0001_initial.py,Simple Atributte,14,14,8,A2
migrations,0001_initial.py,Simple Atributte,17,17,23,A2
migrations,0001_initial.py,Simple Atributte,18,18,26,A2
migrations,0001_initial.py,Simple Atributte,19,19,25,A2
migrations,0001_initial.py,Simple Atributte,20,20,29,A2
migrations,0001_initial.py,Simple Assignment,8,8,4,A1
migrations,0001_initial.py,Simple Assignment,10,11,4,A1
migrations,0001_initial.py,Simple Assignment,13,23,4,A1
migrations,0001_initial.py,From,3,3,0,A2
migrations,0001_initial.py,Alias,3,3,22,A1
migrations,0001_initial.py,Alias,3,3,34,A1
migrations,0001_initial.py,Simple Class ,6,23,0,B1
youtube,urls.py,Simple List,6,8,14,A1
youtube,urls.py,Simple Atributte,7,7,13,A2
youtube,urls.py,Simple Assignment,6,8,0,A1
youtube,urls.py,From,3,3,0,A2
youtube,urls.py,Relative From,4,4,0,B1
youtube,urls.py,Alias,3,3,24,A1
youtube,urls.py,Alias,4,4,14,A1
youtube,admin.py,From,1,1,0,A2
youtube,admin.py,Alias,1,1,27,A1
youtube,models.py,Simple Atributte,3,3,12,A2
youtube,models.py,Simple Atributte,4,4,9,A2
youtube,models.py,Simple Atributte,5,5,12,A2
youtube,models.py,Simple Atributte,6,6,11,A2
youtube,models.py,Simple Atributte,7,7,15,A2
youtube,models.py,Simple Assignment,4,4,4,A1
youtube,models.py,Simple Assignment,5,5,4,A1
youtube,models.py,Simple Assignment,6,6,4,A1
youtube,models.py,Simple Assignment,7,7,4,A1
youtube,models.py,From,1,1,0,A2
youtube,models.py,Alias,1,1,22,A1
youtube,models.py,Simple Class ,3,7,0,B1
youtube,views.py,Simple Atributte,54,54,4,A2
youtube,views.py,Simple Atributte,40,40,13,A2
youtube,views.py,Simple Atributte,53,53,12,A2
youtube,views.py,Simple Atributte,55,55,4,A2
youtube,views.py,Simple Atributte,59,59,7,A2
youtube,views.py,Simple Atributte,70,70,15,A2
youtube,views.py,Simple Atributte,40,40,13,A2
youtube,views.py,Simple Atributte,53,53,12,A2
youtube,views.py,Simple Atributte,60,60,19,A2
youtube,views.py,Simple Atributte,40,40,13,A2
youtube,views.py,Simple Atributte,42,42,22,A2
youtube,views.py,Simple Atributte,53,53,12,A2
youtube,views.py,Simple Atributte,61,61,15,A2
youtube,views.py,Simple Atributte,42,42,40,A2
youtube,views.py,Simple Atributte,43,43,41,A2
youtube,views.py,Simple Atributte,44,44,38,A2
youtube,views.py,Simple Atributte,61,61,15,A2
youtube,views.py,Simple Atributte,63,63,17,A2
youtube,views.py,Simple Atributte,63,63,17,A2
youtube,views.py,Simple Atributte,62,62,32,A2
youtube,views.py,Simple Atributte,64,64,32,A2
youtube,views.py,Subscript,62,62,32,A1
youtube,views.py,Subscript,64,64,32,A1
youtube,views.py,Simple Assignment,8,23,0,A1
youtube,views.py,Simple Assignment,25,35,0,A1
youtube,views.py,Simple Assignment,39,39,4,A1
youtube,views.py,Simple Assignment,40,40,4,A1
youtube,views.py,Simple Assignment,53,53,4,A1
youtube,views.py,Simple Assignment,54,54,4,A1
youtube,views.py,Simple Assignment,65,65,4,A1
youtube,views.py,Simple Assignment,66,67,4,A1
youtube,views.py,Simple Assignment,68,69,4,A1
youtube,views.py,Simple Assignment,70,71,4,A1
youtube,views.py,Assigment with sum (total = total + 1),42,47,8,A1
youtube,views.py,From,3,3,0,A2
youtube,views.py,From,4,4,0,A2
youtube,views.py,Relative From,6,6,0,B1
youtube,views.py,Alias,3,3,24,A1
youtube,views.py,Alias,4,4,35,A1
youtube,views.py,Alias,6,6,14,A1
youtube,views.py,Simple If statements,59,64,4,A1
youtube,views.py,Simple If statements,60,64,8,A1
youtube,views.py,Simple If statements,61,64,12,A1
youtube,views.py,Simple If statements,63,64,12,A1
youtube,views.py,Simple For Loop,41,47,4,A1
youtube,views.py,Function with Simple argument,37,48,0,A1
youtube,views.py,Function with Simple argument,51,55,0,A1
youtube,views.py,Function with Simple argument,57,72,0,A1
youtube,views.py,Return,48,48,4,A1
youtube,views.py,Return,72,72,4,A1
django-youtube-2,manage.py,Simple Atributte,8,8,4,A2
django-youtube-2,manage.py,Simple Atributte,17,17,30,A2
django-youtube-2,manage.py,Simple Atributte,8,8,4,A2
django-youtube-2,manage.py,'raise' exception,12,16,8,B1
django-youtube-2,manage.py,Import,3,3,0,A2
django-youtube-2,manage.py,Import,4,4,0,A2
django-youtube-2,manage.py,From,10,10,8,A2
django-youtube-2,manage.py,Alias,3,3,7,A1
django-youtube-2,manage.py,Alias,4,4,7,A1
django-youtube-2,manage.py,Alias,10,10,43,A1
django-youtube-2,manage.py,If statements using → __name__ == ‘__main__’,20,21,0,B2
django-youtube-2,manage.py,Exception --> try/except,9,16,4,B1
django-youtube-2,manage.py,Except Handler,11,16,4,A1
django-youtube-2,manage.py,Function,7,17,0,A1
project,asgi.py,Simple Atributte,14,14,0,A2
project,asgi.py,Simple Atributte,14,14,0,A2
project,asgi.py,Simple Assignment,16,16,0,A1
project,asgi.py,Import,10,10,0,A2
project,asgi.py,From,12,12,0,A2
project,asgi.py,Alias,10,10,7,A1
project,asgi.py,Alias,12,12,29,A1
project,urls.py,Simple List,8,11,14,A1
project,urls.py,Simple Atributte,9,9,19,A2
project,urls.py,Simple Atributte,9,9,19,A2
project,urls.py,Simple Assignment,8,11,0,A1
project,urls.py,From,3,3,0,A2
project,urls.py,From,4,4,0,A2
project,urls.py,From,6,6,0,A2
project,urls.py,Alias,3,3,27,A1
project,urls.py,Alias,4,4,24,A1
project,urls.py,Alias,4,4,33,A1
project,urls.py,Alias,6,6,20,A1
project,settings.py,Simple List,28,28,16,A1
project,settings.py,Simple List,33,41,17,A1
project,settings.py,Simple List,43,51,13,A1
project,settings.py,1 Dictionary List,55,69,12,B1
project,settings.py,4 Dictionary List,88,101,27,B1
project,settings.py,Simple List,58,58,16,A1
project,settings.py,Simple List,61,66,34,A1
project,settings.py,1 Nested Dictionary,77,82,12,B1
project,settings.py,1 List in 1Dictionary of Dictionary,56,68,4,B2
project,settings.py,Simple Dictionary,78,81,15,A2
project,settings.py,Simple Dictionary,89,91,4,A2
project,settings.py,Simple Dictionary,92,94,4,A2
project,settings.py,Simple Dictionary,95,97,4,A2
project,settings.py,Simple Dictionary,98,100,4,A2
project,settings.py,1 List Dictionary,60,67,19,B1
project,settings.py,Simple Atributte,16,16,11,A2
project,settings.py,Simple Atributte,16,16,11,A2
project,settings.py,Simple Atributte,16,16,27,A2
project,settings.py,Simple Atributte,16,16,27,A2
project,settings.py,Simple Atributte,16,16,43,A2
project,settings.py,Simple Atributte,80,80,16,A2
project,settings.py,Simple Atributte,16,16,43,A2
project,settings.py,Simple Atributte,80,80,16,A2
project,settings.py,Simple Assignment,16,16,0,A1
project,settings.py,Simple Assignment,23,23,0,A1
project,settings.py,Simple Assignment,26,26,0,A1
project,settings.py,Simple Assignment,28,28,0,A1
project,settings.py,Simple Assignment,33,41,0,A1
project,settings.py,Simple Assignment,43,51,0,A1
project,settings.py,Simple Assignment,53,53,0,A1
project,settings.py,Simple Assignment,55,69,0,A1
project,settings.py,Simple Assignment,71,71,0,A1
project,settings.py,Simple Assignment,77,82,0,A1
project,settings.py,Simple Assignment,88,101,0,A1
project,settings.py,Simple Assignment,107,107,0,A1
project,settings.py,Simple Assignment,109,109,0,A1
project,settings.py,Simple Assignment,111,111,0,A1
project,settings.py,Simple Assignment,113,113,0,A1
project,settings.py,Simple Assignment,115,115,0,A1
project,settings.py,Simple Assignment,121,121,0,A1
project,settings.py,Import,13,13,0,A2
project,settings.py,Alias,13,13,7,A1
project,wsgi.py,Simple Atributte,14,14,0,A2
project,wsgi.py,Simple Atributte,14,14,0,A2
project,wsgi.py,Simple Assignment,16,16,0,A1
project,wsgi.py,Import,10,10,0,A2
project,wsgi.py,From,12,12,0,A2
project,wsgi.py,Alias,10,10,7,A1
project,wsgi.py,Alias,12,12,29,A1
django-images,manage.py,Simple Atributte,8,8,4,A2
django-images,manage.py,Simple Atributte,17,17,30,A2
django-images,manage.py,Simple Atributte,8,8,4,A2
django-images,manage.py,'raise' exception,12,16,8,B1
django-images,manage.py,Import,3,3,0,A2
django-images,manage.py,Import,4,4,0,A2
django-images,manage.py,From,10,10,8,A2
django-images,manage.py,Alias,3,3,7,A1
django-images,manage.py,Alias,4,4,7,A1
django-images,manage.py,Alias,10,10,43,A1
django-images,manage.py,If statements using → __name__ == ‘__main__’,20,21,0,B2
django-images,manage.py,Exception --> try/except,9,16,4,B1
django-images,manage.py,Except Handler,11,16,4,A1
django-images,manage.py,Function,7,17,0,A1
images,tests.py,From,1,1,0,A2
images,tests.py,Alias,1,1,24,A1
images,urls.py,Simple List,5,8,14,A1
images,urls.py,Simple Atributte,6,6,13,A2
images,urls.py,Simple Atributte,7,7,20,A2
images,urls.py,Simple Assignment,5,8,0,A1
images,urls.py,From,1,1,0,A2
images,urls.py,Relative From,3,3,0,B1
images,urls.py,Alias,1,1,24,A1
images,urls.py,Alias,3,3,19,A1
images,urls.py,Alias,3,3,29,A1
images,admin.py,Simple Atributte,7,7,0,A2
images,admin.py,Simple Atributte,7,7,0,A2
images,admin.py,From,1,1,0,A2
images,admin.py,Relative From,5,5,0,B1
images,admin.py,Alias,1,1,27,A1
images,admin.py,Alias,5,5,20,A1
images,models.py,Simple Atributte,5,5,12,A2
images,models.py,Simple Atributte,7,7,11,A2
images,models.py,Simple Assignment,7,7,4,A1
images,models.py,From,1,1,0,A2
images,models.py,Alias,1,1,22,A1
images,models.py,Simple Class ,5,7,0,B1
images,views.py,Simple Assignment,7,7,4,A1
images,views.py,Simple Assignment,8,8,4,A1
images,views.py,Simple Assignment,11,11,4,A1
images,views.py,Simple Assignment,12,12,4,A1
images,views.py,Simple Assignment,13,13,4,A1
images,views.py,Simple Assignment,14,14,4,A1
images,views.py,From,1,1,0,A2
images,views.py,From,2,2,0,A2
images,views.py,Relative From,3,3,0,B1
images,views.py,Relative From,4,4,0,B1
images,views.py,Alias,1,1,33,A1
images,views.py,Alias,1,1,43,A1
images,views.py,Alias,2,2,24,A1
images,views.py,Alias,3,3,19,A1
images,views.py,Alias,4,4,20,A1
images,views.py,Inherited Class from ListView,6,8,0,B1
images,views.py,Inherited Class from CreateView,10,14,0,B1
images,forms.py,Simple List,8,8,17,A1
images,forms.py,Simple Atributte,4,4,17,A2
images,forms.py,Simple Assignment,7,7,8,A1
images,forms.py,Simple Assignment,8,8,8,A1
images,forms.py,From,1,1,0,A2
images,forms.py,Relative From,2,2,0,B1
images,forms.py,Alias,1,1,19,A1
images,forms.py,Alias,2,2,20,A1
images,forms.py,Simple Class ,4,8,0,B1
images,forms.py,Simple Class ,6,8,4,B1
images,apps.py,Simple Assignment,5,5,4,A1
images,apps.py,From,1,1,0,A2
images,apps.py,Alias,1,1,24,A1
images,apps.py,Inherited Class from AppConfig,4,5,0,B1
project,asgi.py,Simple Atributte,14,14,0,A2
project,asgi.py,Simple Atributte,14,14,0,A2
project,asgi.py,Simple Assignment,16,16,0,A1
project,asgi.py,Import,10,10,0,A2
project,asgi.py,From,12,12,0,A2
project,asgi.py,Alias,10,10,7,A1
project,asgi.py,Alias,12,12,29,A1
project,urls.py,Simple List,21,24,14,A1
project,urls.py,Simple Atributte,26,26,3,A2
project,urls.py,Simple Atributte,22,22,19,A2
project,urls.py,Simple Atributte,27,27,26,A2
project,urls.py,Simple Atributte,22,22,19,A2
project,urls.py,Simple Atributte,27,27,60,A2
project,urls.py,Simple Assignment,21,24,0,A1
project,urls.py,Simplified incremental Assignment with increase amount,27,27,4,A2
project,urls.py,From,16,16,0,A2
project,urls.py,From,17,17,0,A2
project,urls.py,From,18,18,0,A2
project,urls.py,From,19,19,0,A2
project,urls.py,Alias,16,16,27,A1
project,urls.py,Alias,17,17,24,A1
project,urls.py,Alias,17,17,30,A1
project,urls.py,Alias,18,18,24,A1
project,urls.py,Alias,19,19,36,A1
project,urls.py,Simple If statements,26,27,0,A1
project,settings.py,Simple List,28,28,16,A1
project,settings.py,Simple List,33,41,17,A1
project,settings.py,Simple List,43,51,13,A1
project,settings.py,1 Dictionary List,55,69,12,B1
project,settings.py,4 Dictionary List,88,101,27,B1
project,settings.py,Simple List,58,58,16,A1
project,settings.py,Simple List,61,66,34,A1
project,settings.py,1 Nested Dictionary,77,82,12,B1
project,settings.py,1 List in 1Dictionary of Dictionary,56,68,4,B2
project,settings.py,Simple Dictionary,78,81,15,A2
project,settings.py,Simple Dictionary,89,91,4,A2
project,settings.py,Simple Dictionary,92,94,4,A2
project,settings.py,Simple Dictionary,95,97,4,A2
project,settings.py,Simple Dictionary,98,100,4,A2
project,settings.py,1 List Dictionary,60,67,19,B1
project,settings.py,Simple Atributte,16,16,11,A2
project,settings.py,Simple Atributte,124,124,13,A2
project,settings.py,Simple Atributte,16,16,11,A2
project,settings.py,Simple Atributte,16,16,27,A2
project,settings.py,Simple Atributte,124,124,13,A2
project,settings.py,Simple Atributte,16,16,27,A2
project,settings.py,Simple Atributte,16,16,43,A2
project,settings.py,Simple Atributte,80,80,16,A2
project,settings.py,Simple Atributte,16,16,43,A2
project,settings.py,Simple Atributte,80,80,16,A2
project,settings.py,Simple Assignment,16,16,0,A1
project,settings.py,Simple Assignment,23,23,0,A1
project,settings.py,Simple Assignment,26,26,0,A1
project,settings.py,Simple Assignment,28,28,0,A1
project,settings.py,Simple Assignment,33,41,0,A1
project,settings.py,Simple Assignment,43,51,0,A1
project,settings.py,Simple Assignment,53,53,0,A1
project,settings.py,Simple Assignment,55,69,0,A1
project,settings.py,Simple Assignment,71,71,0,A1
project,settings.py,Simple Assignment,77,82,0,A1
project,settings.py,Simple Assignment,88,101,0,A1
project,settings.py,Simple Assignment,107,107,0,A1
project,settings.py,Simple Assignment,109,109,0,A1
project,settings.py,Simple Assignment,111,111,0,A1
project,settings.py,Simple Assignment,113,113,0,A1
project,settings.py,Simple Assignment,115,115,0,A1
project,settings.py,Simple Assignment,121,121,0,A1
project,settings.py,Simple Assignment,123,123,0,A1
project,settings.py,Simple Assignment,124,124,0,A1
project,settings.py,Import,13,13,0,A2
project,settings.py,Alias,13,13,7,A1
project,wsgi.py,Simple Atributte,14,14,0,A2
project,wsgi.py,Simple Atributte,14,14,0,A2
project,wsgi.py,Simple Assignment,16,16,0,A1
project,wsgi.py,Import,10,10,0,A2
project,wsgi.py,From,12,12,0,A2
project,wsgi.py,Alias,10,10,7,A1
project,wsgi.py,Alias,12,12,29,A1
items,tests.py,From,1,1,0,A2
items,tests.py,Alias,1,1,24,A1
items,urls.py,Simple List,7,10,14,A1
items,urls.py,Simple Atributte,8,8,13,A2
items,urls.py,Simple Atributte,9,9,19,A2
items,urls.py,Simple Assignment,7,10,0,A1
items,urls.py,From,4,4,0,A2
items,urls.py,Relative From,5,5,0,B1
items,urls.py,Alias,4,4,24,A1
items,urls.py,Alias,5,5,14,A1
items,admin.py,From,1,1,0,A2
items,admin.py,Alias,1,1,27,A1
items,models.py,From,1,1,0,A2
items,models.py,Alias,1,1,22,A1
items,views.py,Simple List,31,31,14,A1
items,views.py,Simple Dictionary,35,35,8,A2
items,views.py,Simple Atributte,49,49,11,A2
items,views.py,Simple Atributte,54,54,7,A2
items,views.py,Simple Atributte,41,41,16,A2
items,views.py,Simple Atributte,46,46,16,A2
items,views.py,Simple Atributte,55,55,22,A2
items,views.py,Simple Atributte,57,57,7,A2
items,views.py,Simple Atributte,57,57,34,A2
items,views.py,Simple Atributte,63,63,18,A2
items,views.py,Simple Atributte,65,65,15,A2
items,views.py,Simple Atributte,55,55,22,A2
items,views.py,Boolean Operation,57,57,7,A1
items,views.py,Subscript,55,55,8,A1
items,views.py,Subscript,41,41,57,A1
items,views.py,Subscript,60,60,27,A1
items,views.py,Simple Assignment,6,16,0,A1
items,views.py,Simple Assignment,18,25,0,A1
items,views.py,Simple Assignment,27,29,0,A1
items,views.py,Simple Assignment,31,31,0,A1
items,views.py,Simple Assignment,33,33,0,A1
items,views.py,Simple Assignment,35,35,0,A1
items,views.py,Simple Assignment,39,39,4,A1
items,views.py,Simple Assignment,49,49,4,A1
items,views.py,Simple Assignment,55,55,8,A1
items,views.py,Simple Assignment,58,58,8,A1
items,views.py,Simple Assignment,63,64,8,A1
items,views.py,Simple Assignment,65,65,8,A1
items,views.py,Simple Assignment,60,60,12,A1
items,views.py,Simple Assignment,62,62,12,A1
items,views.py,Simplified incremental Assignment with increase amount,42,42,4,A2
items,views.py,Simplified incremental Assignment with increase amount,44,44,4,A2
items,views.py,Simplified incremental Assignment with increase amount,47,47,4,A2
items,views.py,Simplified incremental Assignment with increase amount,41,41,8,A2
items,views.py,Simplified incremental Assignment with increase amount,46,46,8,A2
items,views.py,From,1,1,0,A2
items,views.py,From,2,2,0,A2
items,views.py,Alias,1,1,24,A1
items,views.py,Alias,2,2,35,A1
items,views.py,Simple If statements,54,55,4,A1
items,views.py,Simple If statements,57,65,4,A1
items,views.py,Simple If statements,59,62,8,A1
items,views.py,Simple For Loop,40,41,4,A1
items,views.py,Simple For Loop,45,46,4,A1
items,views.py,Function with Simple argument,37,50,0,A1
items,views.py,Function with Simple argument,52,66,0,A1
items,views.py,Return,50,50,4,A1
items,views.py,Return,66,66,4,A1
items,apps.py,Simple Assignment,5,5,4,A1
items,apps.py,From,1,1,0,A2
items,apps.py,Alias,1,1,24,A1
items,apps.py,Inherited Class from AppConfig,4,5,0,B1
shoppinglist,urls.py,Simple List,19,21,14,A1
shoppinglist,urls.py,Simple Assignment,19,21,0,A1
shoppinglist,urls.py,From,16,16,0,A2
shoppinglist,urls.py,From,17,17,0,A2
shoppinglist,urls.py,Alias,16,16,27,A1
shoppinglist,urls.py,Alias,17,17,24,A1
shoppinglist,urls.py,Alias,17,17,33,A1
shoppinglist,settings.py,Simple List,28,28,16,A1
shoppinglist,settings.py,Simple List,33,40,17,A1
shoppinglist,settings.py,Simple List,42,50,13,A1
shoppinglist,settings.py,1 Dictionary List,54,68,12,B1
shoppinglist,settings.py,4 Dictionary List,87,100,27,B1
shoppinglist,settings.py,Simple List,57,57,16,A1
shoppinglist,settings.py,Simple List,60,65,34,A1
shoppinglist,settings.py,1 Nested Dictionary,76,81,12,B1
shoppinglist,settings.py,1 List in 1Dictionary of Dictionary,55,67,4,B2
shoppinglist,settings.py,Simple Dictionary,77,80,15,A2
shoppinglist,settings.py,Simple Dictionary,88,90,4,A2
shoppinglist,settings.py,Simple Dictionary,91,93,4,A2
shoppinglist,settings.py,Simple Dictionary,94,96,4,A2
shoppinglist,settings.py,Simple Dictionary,97,99,4,A2
shoppinglist,settings.py,1 List Dictionary,59,66,19,B1
shoppinglist,settings.py,Simple Atributte,16,16,11,A2
shoppinglist,settings.py,Simple Atributte,16,16,11,A2
shoppinglist,settings.py,Simple Atributte,16,16,27,A2
shoppinglist,settings.py,Simple Atributte,16,16,27,A2
shoppinglist,settings.py,Simple Atributte,16,16,43,A2
shoppinglist,settings.py,Simple Atributte,79,79,16,A2
shoppinglist,settings.py,Simple Atributte,16,16,43,A2
shoppinglist,settings.py,Simple Atributte,79,79,16,A2
shoppinglist,settings.py,Simple Assignment,16,16,0,A1
shoppinglist,settings.py,Simple Assignment,23,23,0,A1
shoppinglist,settings.py,Simple Assignment,26,26,0,A1
shoppinglist,settings.py,Simple Assignment,28,28,0,A1
shoppinglist,settings.py,Simple Assignment,33,40,0,A1
shoppinglist,settings.py,Simple Assignment,42,50,0,A1
shoppinglist,settings.py,Simple Assignment,52,52,0,A1
shoppinglist,settings.py,Simple Assignment,54,68,0,A1
shoppinglist,settings.py,Simple Assignment,70,70,0,A1
shoppinglist,settings.py,Simple Assignment,76,81,0,A1
shoppinglist,settings.py,Simple Assignment,87,100,0,A1
shoppinglist,settings.py,Simple Assignment,106,106,0,A1
shoppinglist,settings.py,Simple Assignment,108,108,0,A1
shoppinglist,settings.py,Simple Assignment,110,110,0,A1
shoppinglist,settings.py,Simple Assignment,112,112,0,A1
shoppinglist,settings.py,Simple Assignment,114,114,0,A1
shoppinglist,settings.py,Simple Assignment,120,120,0,A1
shoppinglist,settings.py,Import,13,13,0,A2
shoppinglist,settings.py,Alias,13,13,7,A1
shoppinglist,wsgi.py,Simple Atributte,14,14,0,A2
shoppinglist,wsgi.py,Simple Atributte,14,14,0,A2
shoppinglist,wsgi.py,Simple Assignment,16,16,0,A1
shoppinglist,wsgi.py,Import,10,10,0,A2
shoppinglist,wsgi.py,From,12,12,0,A2
shoppinglist,wsgi.py,Alias,10,10,7,A1
shoppinglist,wsgi.py,Alias,12,12,29,A1
django-shoppinglist,manage.py,Simple Atributte,6,6,4,A2
django-shoppinglist,manage.py,Simple Atributte,15,15,30,A2
django-shoppinglist,manage.py,Simple Atributte,6,6,4,A2
django-shoppinglist,manage.py,'raise' exception,10,14,8,B1
django-shoppinglist,manage.py,Import,2,2,0,A2
django-shoppinglist,manage.py,Import,3,3,0,A2
django-shoppinglist,manage.py,From,8,8,8,A2
django-shoppinglist,manage.py,Alias,2,2,7,A1
django-shoppinglist,manage.py,Alias,3,3,7,A1
django-shoppinglist,manage.py,Alias,8,8,43,A1
django-shoppinglist,manage.py,If statements using → __name__ == ‘__main__’,5,15,0,B2
django-shoppinglist,manage.py,Exception --> try/except,7,14,4,B1
django-shoppinglist,manage.py,Except Handler,9,14,4,A1
items,tests.py,From,1,1,0,A2
items,tests.py,Alias,1,1,24,A1
items,urls.py,Simple List,7,11,14,A1
items,urls.py,Simple Atributte,8,8,13,A2
items,urls.py,Simple Atributte,9,9,20,A2
items,urls.py,Simple Atributte,10,10,19,A2
items,urls.py,Simple Assignment,7,11,0,A1
items,urls.py,From,4,4,0,A2
items,urls.py,Relative From,5,5,0,B1
items,urls.py,Alias,4,4,24,A1
items,urls.py,Alias,5,5,14,A1
items,admin.py,From,1,1,0,A2
items,admin.py,Alias,1,1,27,A1
items,models.py,From,1,1,0,A2
items,models.py,Alias,1,1,22,A1
items,views.py,Simple List,34,34,14,A1
items,views.py,Simple Dictionary,38,38,8,A2
items,views.py,Simple Atributte,41,41,7,A2
items,views.py,Simple Atributte,41,41,7,A2
items,views.py,Simple Atributte,60,60,11,A2
items,views.py,Simple Atributte,66,66,7,A2
items,views.py,Simple Atributte,52,52,16,A2
items,views.py,Simple Atributte,57,57,16,A2
items,views.py,Simple Atributte,67,67,22,A2
items,views.py,Simple Atributte,69,69,7,A2
items,views.py,Simple Atributte,69,69,34,A2
items,views.py,Simple Atributte,75,75,18,A2
items,views.py,Simple Atributte,77,77,15,A2
items,views.py,Simple Atributte,67,67,22,A2
items,views.py,Simple Atributte,42,42,31,A2
items,views.py,Simple Atributte,42,42,31,A2
items,views.py,Boolean Operation,69,69,7,A1
items,views.py,Subscript,67,67,8,A1
items,views.py,Subscript,52,52,57,A1
items,views.py,Subscript,72,72,27,A1
items,views.py,Simple Assignment,8,19,0,A1
items,views.py,Simple Assignment,21,28,0,A1
items,views.py,Simple Assignment,30,32,0,A1
items,views.py,Simple Assignment,34,34,0,A1
items,views.py,Simple Assignment,36,36,0,A1
items,views.py,Simple Assignment,38,38,0,A1
items,views.py,Simple Assignment,50,50,4,A1
items,views.py,Simple Assignment,60,61,4,A1
items,views.py,Assigment with sum (total = total + 1),42,43,8,A1
items,views.py,Simple Assignment,45,45,8,A1
items,views.py,Simple Assignment,67,67,8,A1
items,views.py,Simple Assignment,70,70,8,A1
items,views.py,Simple Assignment,75,76,8,A1
items,views.py,Simple Assignment,77,78,8,A1
items,views.py,Simple Assignment,72,72,12,A1
items,views.py,Simple Assignment,74,74,12,A1
items,views.py,Simplified incremental Assignment with increase amount,53,53,4,A2
items,views.py,Simplified incremental Assignment with increase amount,55,55,4,A2
items,views.py,Simplified incremental Assignment with increase amount,58,58,4,A2
items,views.py,Simplified incremental Assignment with increase amount,52,52,8,A2
items,views.py,Simplified incremental Assignment with increase amount,57,57,8,A2
items,views.py,From,1,1,0,A2
items,views.py,From,2,2,0,A2
items,views.py,From,3,3,0,A2
items,views.py,From,4,4,0,A2
items,views.py,Alias,1,1,32,A1
items,views.py,Alias,2,2,24,A1
items,views.py,Alias,3,3,35,A1
items,views.py,Alias,4,4,29,A1
items,views.py,Simple If statements,41,45,4,A1
items,views.py,Simple If statements,66,67,4,A1
items,views.py,Simple If statements,69,78,4,A1
items,views.py,Simple If statements,71,74,8,A1
items,views.py,Simple For Loop,51,52,4,A1
items,views.py,Simple For Loop,56,57,4,A1
items,views.py,Function with Simple argument,40,46,0,A1
items,views.py,Function with Simple argument,48,62,0,A1
items,views.py,Function with Simple argument,64,79,0,A1
items,views.py,Function with Simple argument,81,83,0,A1
items,views.py,Return,46,46,4,A1
items,views.py,Return,62,62,4,A1
items,views.py,Return,79,79,4,A1
items,views.py,Return,83,83,4,A1
items,apps.py,Simple Assignment,5,5,4,A1
items,apps.py,From,1,1,0,A2
items,apps.py,Alias,1,1,24,A1
items,apps.py,Inherited Class from AppConfig,4,5,0,B1
shoppinglist,urls.py,Simple List,19,22,14,A1
shoppinglist,urls.py,Simple Atributte,20,20,19,A2
shoppinglist,urls.py,Simple Atributte,20,20,19,A2
shoppinglist,urls.py,Simple Assignment,19,22,0,A1
shoppinglist,urls.py,From,16,16,0,A2
shoppinglist,urls.py,From,17,17,0,A2
shoppinglist,urls.py,Alias,16,16,27,A1
shoppinglist,urls.py,Alias,17,17,24,A1
shoppinglist,urls.py,Alias,17,17,33,A1
shoppinglist,settings.py,Simple List,28,28,16,A1
shoppinglist,settings.py,Simple List,33,40,17,A1
shoppinglist,settings.py,Simple List,42,50,13,A1
shoppinglist,settings.py,1 Dictionary List,54,68,12,B1
shoppinglist,settings.py,4 Dictionary List,87,100,27,B1
shoppinglist,settings.py,Simple List,57,57,16,A1
shoppinglist,settings.py,Simple List,60,65,34,A1
shoppinglist,settings.py,1 Nested Dictionary,76,81,12,B1
shoppinglist,settings.py,1 List in 1Dictionary of Dictionary,55,67,4,B2
shoppinglist,settings.py,Simple Dictionary,77,80,15,A2
shoppinglist,settings.py,Simple Dictionary,88,90,4,A2
shoppinglist,settings.py,Simple Dictionary,91,93,4,A2
shoppinglist,settings.py,Simple Dictionary,94,96,4,A2
shoppinglist,settings.py,Simple Dictionary,97,99,4,A2
shoppinglist,settings.py,1 List Dictionary,59,66,19,B1
shoppinglist,settings.py,Simple Atributte,16,16,11,A2
shoppinglist,settings.py,Simple Atributte,16,16,11,A2
shoppinglist,settings.py,Simple Atributte,16,16,27,A2
shoppinglist,settings.py,Simple Atributte,16,16,27,A2
shoppinglist,settings.py,Simple Atributte,16,16,43,A2
shoppinglist,settings.py,Simple Atributte,79,79,16,A2
shoppinglist,settings.py,Simple Atributte,16,16,43,A2
shoppinglist,settings.py,Simple Atributte,79,79,16,A2
shoppinglist,settings.py,Simple Assignment,16,16,0,A1
shoppinglist,settings.py,Simple Assignment,23,23,0,A1
shoppinglist,settings.py,Simple Assignment,26,26,0,A1
shoppinglist,settings.py,Simple Assignment,28,28,0,A1
shoppinglist,settings.py,Simple Assignment,33,40,0,A1
shoppinglist,settings.py,Simple Assignment,42,50,0,A1
shoppinglist,settings.py,Simple Assignment,52,52,0,A1
shoppinglist,settings.py,Simple Assignment,54,68,0,A1
shoppinglist,settings.py,Simple Assignment,70,70,0,A1
shoppinglist,settings.py,Simple Assignment,76,81,0,A1
shoppinglist,settings.py,Simple Assignment,87,100,0,A1
shoppinglist,settings.py,Simple Assignment,106,106,0,A1
shoppinglist,settings.py,Simple Assignment,108,108,0,A1
shoppinglist,settings.py,Simple Assignment,110,110,0,A1
shoppinglist,settings.py,Simple Assignment,112,112,0,A1
shoppinglist,settings.py,Simple Assignment,114,114,0,A1
shoppinglist,settings.py,Simple Assignment,120,120,0,A1
shoppinglist,settings.py,Import,13,13,0,A2
shoppinglist,settings.py,Alias,13,13,7,A1
shoppinglist,wsgi.py,Simple Atributte,14,14,0,A2
shoppinglist,wsgi.py,Simple Atributte,14,14,0,A2
shoppinglist,wsgi.py,Simple Assignment,16,16,0,A1
shoppinglist,wsgi.py,Import,10,10,0,A2
shoppinglist,wsgi.py,From,12,12,0,A2
shoppinglist,wsgi.py,Alias,10,10,7,A1
shoppinglist,wsgi.py,Alias,12,12,29,A1
django-shoppinglist-users,manage.py,Simple Atributte,6,6,4,A2
django-shoppinglist-users,manage.py,Simple Atributte,15,15,30,A2
django-shoppinglist-users,manage.py,Simple Atributte,6,6,4,A2
django-shoppinglist-users,manage.py,'raise' exception,10,14,8,B1
django-shoppinglist-users,manage.py,Import,2,2,0,A2
django-shoppinglist-users,manage.py,Import,3,3,0,A2
django-shoppinglist-users,manage.py,From,8,8,8,A2
django-shoppinglist-users,manage.py,Alias,2,2,7,A1
django-shoppinglist-users,manage.py,Alias,3,3,7,A1
django-shoppinglist-users,manage.py,Alias,8,8,43,A1
django-shoppinglist-users,manage.py,If statements using → __name__ == ‘__main__’,5,15,0,B2
django-shoppinglist-users,manage.py,Exception --> try/except,7,14,4,B1
django-shoppinglist-users,manage.py,Except Handler,9,14,4,A1
XML,xml-parser-barrapunto.py,Files --> 'open' call function,69,69,10,A2
XML,xml-parser-barrapunto.py,Print,72,72,0,A1
XML,xml-parser-barrapunto.py,Print,56,56,4,A1
XML,xml-parser-barrapunto.py,Print,57,57,4,A1
XML,xml-parser-barrapunto.py,Print,58,58,4,A1
XML,xml-parser-barrapunto.py,Print,41,41,16,A1
XML,xml-parser-barrapunto.py,Print,45,45,16,A1
XML,xml-parser-barrapunto.py,Simple Atributte,65,65,0,A2
XML,xml-parser-barrapunto.py,Simple Atributte,70,70,0,A2
XML,xml-parser-barrapunto.py,Simple Atributte,21,21,8,A2
XML,xml-parser-barrapunto.py,Simple Atributte,22,22,8,A2
XML,xml-parser-barrapunto.py,Simple Atributte,23,23,8,A2
XML,xml-parser-barrapunto.py,Simple Atributte,50,50,11,A2
XML,xml-parser-barrapunto.py,Simple Atributte,55,55,7,A2
XML,xml-parser-barrapunto.py,Simple Atributte,59,59,4,A2
XML,xml-parser-barrapunto.py,Simple Atributte,69,69,15,A2
XML,xml-parser-barrapunto.py,Simple Atributte,27,27,12,A2
XML,xml-parser-barrapunto.py,Simple Atributte,28,28,13,A2
XML,xml-parser-barrapunto.py,Simple Atributte,36,36,12,A2
XML,xml-parser-barrapunto.py,Simple Atributte,37,37,13,A2
XML,xml-parser-barrapunto.py,Simple Atributte,51,51,12,A2
XML,xml-parser-barrapunto.py,Simple Atributte,51,51,30,A2
XML,xml-parser-barrapunto.py,Simple Atributte,30,30,16,A2
XML,xml-parser-barrapunto.py,Simple Atributte,42,42,16,A2
XML,xml-parser-barrapunto.py,Simple Atributte,43,43,16,A2
XML,xml-parser-barrapunto.py,Simple Atributte,32,32,16,A2
XML,xml-parser-barrapunto.py,Simple Atributte,46,46,16,A2
XML,xml-parser-barrapunto.py,Simple Atributte,47,47,16,A2
XML,xml-parser-barrapunto.py,Simple Atributte,39,39,35,A2
XML,xml-parser-barrapunto.py,Simple Atributte,45,45,34,A2
XML,xml-parser-barrapunto.py,Subscript,69,69,15,A1
XML,xml-parser-barrapunto.py,Simple Assignment,63,63,0,A1
XML,xml-parser-barrapunto.py,Simple Assignment,64,64,0,A1
XML,xml-parser-barrapunto.py,Simple Assignment,69,69,0,A1
XML,xml-parser-barrapunto.py,Simple Assignment,21,21,8,A1
XML,xml-parser-barrapunto.py,Simple Assignment,22,22,8,A1
XML,xml-parser-barrapunto.py,Simple Assignment,23,23,8,A1
XML,xml-parser-barrapunto.py,Simple Assignment,27,27,12,A1
XML,xml-parser-barrapunto.py,Simple Assignment,36,36,12,A1
XML,xml-parser-barrapunto.py,Assigment with sum (total = total + 1),51,51,12,A1
XML,xml-parser-barrapunto.py,Simple Assignment,30,30,16,A1
XML,xml-parser-barrapunto.py,Assigment with sum (total = total + 1),39,39,16,A1
XML,xml-parser-barrapunto.py,Simple Assignment,42,42,16,A1
XML,xml-parser-barrapunto.py,Simple Assignment,43,43,16,A1
XML,xml-parser-barrapunto.py,Simple Assignment,32,32,16,A1
XML,xml-parser-barrapunto.py,Simple Assignment,46,46,16,A1
XML,xml-parser-barrapunto.py,Simple Assignment,47,47,16,A1
XML,xml-parser-barrapunto.py,Import,16,16,0,A2
XML,xml-parser-barrapunto.py,From,14,14,0,A2
XML,xml-parser-barrapunto.py,From,15,15,0,A2
XML,xml-parser-barrapunto.py,Alias,14,14,28,A1
XML,xml-parser-barrapunto.py,Alias,15,15,20,A1
XML,xml-parser-barrapunto.py,Alias,16,16,7,A1
XML,xml-parser-barrapunto.py,Simple If statements,55,59,0,A1
XML,xml-parser-barrapunto.py,Simple If statements,26,32,8,A1
XML,xml-parser-barrapunto.py,Simple If statements,35,47,8,A1
XML,xml-parser-barrapunto.py,Simple If statements,50,51,8,A1
XML,xml-parser-barrapunto.py,Simple If statements,28,32,8,A1
XML,xml-parser-barrapunto.py,Simple If statements,37,47,8,A1
XML,xml-parser-barrapunto.py,Simple If statements,29,32,12,A1
XML,xml-parser-barrapunto.py,Simple If statements,38,47,12,A1
XML,xml-parser-barrapunto.py,Simple If statements,31,32,12,A1
XML,xml-parser-barrapunto.py,Simple If statements,44,47,12,A1
XML,xml-parser-barrapunto.py,Function with Simple argument,20,23,4,A1
XML,xml-parser-barrapunto.py,Function with Simple argument,25,32,4,A1
XML,xml-parser-barrapunto.py,Function with Simple argument,34,47,4,A1
XML,xml-parser-barrapunto.py,Function with Simple argument,49,51,4,A1
XML,xml-parser-barrapunto.py,Inherited Class from ContentHandler Using the constructor method --> __init__,18,51,0,B1
XML,yt-channel.py,Print,49,49,4,A1
XML,yt-channel.py,Print,37,37,8,A1
XML,yt-channel.py,Print,38,38,8,A1
XML,yt-channel.py,Print,39,39,8,A1
XML,yt-channel.py,Simple Atributte,45,45,16,A2
XML,yt-channel.py,Simple Atributte,47,47,4,A2
XML,yt-channel.py,Simple Atributte,48,48,11,A2
XML,yt-channel.py,Simple Atributte,36,36,11,A2
XML,yt-channel.py,Simple Atributte,40,40,8,A2
XML,yt-channel.py,Simple Atributte,44,44,10,A2
XML,yt-channel.py,Simple Atributte,45,45,16,A2
XML,yt-channel.py,Simple Atributte,47,47,4,A2
XML,yt-channel.py,Simple Atributte,48,48,30,A2
XML,yt-channel.py,Subscript,44,44,10,A1
XML,yt-channel.py,Simple Assignment,24,34,4,A1
XML,yt-channel.py,Assigment with sum (total = total + 1),43,44,4,A1
XML,yt-channel.py,Simple Assignment,45,45,4,A1
XML,yt-channel.py,Simple Assignment,48,48,4,A1
XML,yt-channel.py,Import,16,16,0,A2
XML,yt-channel.py,Import,17,17,0,A2
XML,yt-channel.py,Import,19,19,0,A2
XML,yt-channel.py,Alias,16,16,7,A1
XML,yt-channel.py,Alias,17,17,7,A1
XML,yt-channel.py,Alias,19,19,7,A1
XML,yt-channel.py,If statements using → __name__ == ‘__main__’,22,49,0,B2
XML,yt-channel.py,Simple If statements,36,40,4,A1
XML,ytparser.py,Files --> 'open' call function,85,85,14,A2
XML,ytparser.py,Print,89,89,4,A1
XML,ytparser.py,Print,79,79,8,A1
XML,ytparser.py,Print,80,80,8,A1
XML,ytparser.py,Print,81,81,8,A1
XML,ytparser.py,Simple Atributte,61,61,0,A2
XML,ytparser.py,Simple Atributte,26,26,8,A2
XML,ytparser.py,Simple Atributte,27,27,8,A2
XML,ytparser.py,Simple Atributte,28,28,8,A2
XML,ytparser.py,Simple Atributte,29,29,8,A2
XML,ytparser.py,Simple Atributte,30,30,8,A2
XML,ytparser.py,Simple Atributte,56,56,11,A2
XML,ytparser.py,Simple Atributte,87,87,4,A2
XML,ytparser.py,Simple Atributte,88,88,11,A2
XML,ytparser.py,Simple Atributte,34,34,12,A2
XML,ytparser.py,Simple Atributte,35,35,13,A2
XML,ytparser.py,Simple Atributte,45,45,12,A2
XML,ytparser.py,Simple Atributte,49,49,13,A2
XML,ytparser.py,Simple Atributte,57,57,12,A2
XML,ytparser.py,Simple Atributte,78,78,11,A2
XML,ytparser.py,Simple Atributte,82,82,8,A2
XML,ytparser.py,Simple Atributte,85,85,19,A2
XML,ytparser.py,Simple Atributte,57,57,27,A2
XML,ytparser.py,Simple Atributte,37,37,16,A2
XML,ytparser.py,Simple Atributte,48,48,23,A2
XML,ytparser.py,Simple Atributte,51,51,16,A2
XML,ytparser.py,Simple Atributte,51,51,29,A2
XML,ytparser.py,Simple Atributte,52,52,16,A2
XML,ytparser.py,Simple Atributte,53,53,16,A2
XML,ytparser.py,Simple Atributte,39,39,16,A2
XML,ytparser.py,Simple Atributte,39,39,28,A2
XML,ytparser.py,Simple Atributte,47,47,45,A2
XML,ytparser.py,Subscript,85,85,19,A1
XML,ytparser.py,Simple Assignment,21,21,0,A1
XML,ytparser.py,Simple Assignment,60,60,0,A1
XML,ytparser.py,Simple Assignment,66,76,4,A1
XML,ytparser.py,Simple Assignment,85,85,4,A1
XML,ytparser.py,Simple Assignment,88,88,4,A1
XML,ytparser.py,Simple Assignment,26,26,8,A1
XML,ytparser.py,Simple Assignment,27,27,8,A1
XML,ytparser.py,Simple Assignment,28,28,8,A1
XML,ytparser.py,Simple Assignment,29,29,8,A1
XML,ytparser.py,Simple Assignment,30,30,8,A1
XML,ytparser.py,Simple Assignment,34,34,12,A1
XML,ytparser.py,Simple Assignment,45,45,12,A1
XML,ytparser.py,Assigment with sum (total = total + 1),46,48,12,A1
XML,ytparser.py,Assigment with sum (total = total + 1),57,57,12,A1
XML,ytparser.py,Simple Assignment,37,37,16,A1
XML,ytparser.py,Simple Assignment,51,51,16,A1
XML,ytparser.py,Simple Assignment,52,52,16,A1
XML,ytparser.py,Simple Assignment,53,53,16,A1
XML,ytparser.py,Simple Assignment,39,39,16,A1
XML,ytparser.py,Import,18,18,0,A2
XML,ytparser.py,Import,19,19,0,A2
XML,ytparser.py,From,16,16,0,A2
XML,ytparser.py,From,17,17,0,A2
XML,ytparser.py,Alias,16,16,28,A1
XML,ytparser.py,Alias,17,17,20,A1
XML,ytparser.py,Alias,18,18,7,A1
XML,ytparser.py,Alias,19,19,7,A1
XML,ytparser.py,If statements using → __name__ == ‘__main__’,64,89,0,B2
XML,ytparser.py,Simple If statements,78,82,4,A1
XML,ytparser.py,Simple If statements,33,39,8,A1
XML,ytparser.py,Simple If statements,44,53,8,A1
XML,ytparser.py,Simple If statements,56,57,8,A1
XML,ytparser.py,Simple If statements,35,39,8,A1
XML,ytparser.py,Simple If statements,49,53,8,A1
XML,ytparser.py,Simple If statements,36,39,12,A1
XML,ytparser.py,Simple If statements,50,53,12,A1
XML,ytparser.py,Simple If statements,38,39,12,A1
XML,ytparser.py,Function with Simple argument,25,30,4,A1
XML,ytparser.py,Function with Simple argument,32,39,4,A1
XML,ytparser.py,Function with Simple argument,41,53,4,A1
XML,ytparser.py,Function with Simple argument,55,57,4,A1
XML,ytparser.py,Inherited Class from ContentHandler Using the constructor method --> __init__,23,57,0,B1
XML,xml-parser-jokes.py,Files --> 'open' call function,61,61,14,A2
XML,xml-parser-jokes.py,Print,64,64,4,A1
XML,xml-parser-jokes.py,Print,50,50,8,A1
XML,xml-parser-jokes.py,Print,51,51,8,A1
XML,xml-parser-jokes.py,Print,52,52,8,A1
XML,xml-parser-jokes.py,Print,26,26,12,A1
XML,xml-parser-jokes.py,Print,34,34,12,A1
XML,xml-parser-jokes.py,Print,36,36,12,A1
XML,xml-parser-jokes.py,Print,38,38,12,A1
XML,xml-parser-jokes.py,Simple Atributte,20,20,8,A2
XML,xml-parser-jokes.py,Simple Atributte,21,21,8,A2
XML,xml-parser-jokes.py,Simple Atributte,39,39,11,A2
XML,xml-parser-jokes.py,Simple Atributte,44,44,11,A2
XML,xml-parser-jokes.py,Simple Atributte,58,58,4,A2
XML,xml-parser-jokes.py,Simple Atributte,62,62,4,A2
XML,xml-parser-jokes.py,Simple Atributte,25,25,12,A2
XML,xml-parser-jokes.py,Simple Atributte,40,40,12,A2
XML,xml-parser-jokes.py,Simple Atributte,41,41,12,A2
XML,xml-parser-jokes.py,Simple Atributte,45,45,12,A2
XML,xml-parser-jokes.py,Simple Atributte,49,49,11,A2
XML,xml-parser-jokes.py,Simple Atributte,53,53,8,A2
XML,xml-parser-jokes.py,Simple Atributte,61,61,19,A2
XML,xml-parser-jokes.py,Simple Atributte,25,25,25,A2
XML,xml-parser-jokes.py,Simple Atributte,28,28,12,A2
XML,xml-parser-jokes.py,Simple Atributte,45,45,30,A2
XML,xml-parser-jokes.py,Simple Atributte,30,30,12,A2
XML,xml-parser-jokes.py,Simple Atributte,26,26,31,A2
XML,xml-parser-jokes.py,Simple Atributte,36,36,32,A2
XML,xml-parser-jokes.py,Simple Atributte,38,38,31,A2
XML,xml-parser-jokes.py,Subscript,61,61,19,A1
XML,xml-parser-jokes.py,Simple Assignment,56,56,4,A1
XML,xml-parser-jokes.py,Simple Assignment,57,57,4,A1
XML,xml-parser-jokes.py,Simple Assignment,61,61,4,A1
XML,xml-parser-jokes.py,Simple Assignment,20,20,8,A1
XML,xml-parser-jokes.py,Simple Assignment,21,21,8,A1
XML,xml-parser-jokes.py,Simple Assignment,25,25,12,A1
XML,xml-parser-jokes.py,Simple Assignment,40,40,12,A1
XML,xml-parser-jokes.py,Simple Assignment,41,41,12,A1
XML,xml-parser-jokes.py,Assigment with sum (total = total + 1),45,45,12,A1
XML,xml-parser-jokes.py,Simple Assignment,28,28,12,A1
XML,xml-parser-jokes.py,Simple Assignment,30,30,12,A1
XML,xml-parser-jokes.py,Import,14,14,0,A2
XML,xml-parser-jokes.py,Import,15,15,0,A2
XML,xml-parser-jokes.py,From,12,12,0,A2
XML,xml-parser-jokes.py,From,13,13,0,A2
XML,xml-parser-jokes.py,Alias,12,12,28,A1
XML,xml-parser-jokes.py,Alias,13,13,20,A1
XML,xml-parser-jokes.py,Alias,14,14,7,A1
XML,xml-parser-jokes.py,Alias,15,15,7,A1
XML,xml-parser-jokes.py,If statements using → __name__ == ‘__main__’,48,64,0,B2
XML,xml-parser-jokes.py,Simple If statements,49,53,4,A1
XML,xml-parser-jokes.py,Simple If statements,24,30,8,A1
XML,xml-parser-jokes.py,Simple If statements,33,38,8,A1
XML,xml-parser-jokes.py,Simple If statements,39,41,8,A1
XML,xml-parser-jokes.py,Simple If statements,44,45,8,A1
XML,xml-parser-jokes.py,Simple If statements,27,30,8,A1
XML,xml-parser-jokes.py,Simple If statements,35,38,8,A1
XML,xml-parser-jokes.py,Simple If statements,29,30,8,A1
XML,xml-parser-jokes.py,Simple If statements,37,38,8,A1
XML,xml-parser-jokes.py,Function with Simple argument,19,21,4,A1
XML,xml-parser-jokes.py,Function with Simple argument,23,30,4,A1
XML,xml-parser-jokes.py,Function with Simple argument,32,41,4,A1
XML,xml-parser-jokes.py,Function with Simple argument,43,45,4,A1
XML,xml-parser-jokes.py,Inherited Class from ContentHandler Using the constructor method --> __init__,17,45,0,B1
XML,xml-parser-rss.py,Print,75,75,0,A1
XML,xml-parser-rss.py,Print,57,57,4,A1
XML,xml-parser-rss.py,Print,58,58,4,A1
XML,xml-parser-rss.py,Print,59,59,4,A1
XML,xml-parser-rss.py,Print,60,60,4,A1
XML,xml-parser-rss.py,Print,61,61,4,A1
XML,xml-parser-rss.py,Print,42,42,16,A1
XML,xml-parser-rss.py,Print,46,46,16,A1
XML,xml-parser-rss.py,Simple Atributte,68,68,0,A2
XML,xml-parser-rss.py,Simple Atributte,73,73,0,A2
XML,xml-parser-rss.py,Simple Atributte,22,22,8,A2
XML,xml-parser-rss.py,Simple Atributte,23,23,8,A2
XML,xml-parser-rss.py,Simple Atributte,24,24,8,A2
XML,xml-parser-rss.py,Simple Atributte,51,51,11,A2
XML,xml-parser-rss.py,Simple Atributte,56,56,7,A2
XML,xml-parser-rss.py,Simple Atributte,62,62,4,A2
XML,xml-parser-rss.py,Simple Atributte,72,72,17,A2
XML,xml-parser-rss.py,Simple Atributte,28,28,12,A2
XML,xml-parser-rss.py,Simple Atributte,29,29,13,A2
XML,xml-parser-rss.py,Simple Atributte,37,37,12,A2
XML,xml-parser-rss.py,Simple Atributte,38,38,13,A2
XML,xml-parser-rss.py,Simple Atributte,52,52,12,A2
XML,xml-parser-rss.py,Simple Atributte,52,52,30,A2
XML,xml-parser-rss.py,Simple Atributte,31,31,16,A2
XML,xml-parser-rss.py,Simple Atributte,43,43,16,A2
XML,xml-parser-rss.py,Simple Atributte,44,44,16,A2
XML,xml-parser-rss.py,Simple Atributte,33,33,16,A2
XML,xml-parser-rss.py,Simple Atributte,47,47,16,A2
XML,xml-parser-rss.py,Simple Atributte,48,48,16,A2
XML,xml-parser-rss.py,Simple Atributte,40,40,35,A2
XML,xml-parser-rss.py,Simple Atributte,46,46,34,A2
XML,xml-parser-rss.py,Subscript,72,72,17,A1
XML,xml-parser-rss.py,Simple Assignment,66,66,0,A1
XML,xml-parser-rss.py,Simple Assignment,67,67,0,A1
XML,xml-parser-rss.py,Simple Assignment,72,72,0,A1
XML,xml-parser-rss.py,Simple Assignment,22,22,8,A1
XML,xml-parser-rss.py,Simple Assignment,23,23,8,A1
XML,xml-parser-rss.py,Simple Assignment,24,24,8,A1
XML,xml-parser-rss.py,Simple Assignment,28,28,12,A1
XML,xml-parser-rss.py,Simple Assignment,37,37,12,A1
XML,xml-parser-rss.py,Assigment with sum (total = total + 1),52,52,12,A1
XML,xml-parser-rss.py,Simple Assignment,31,31,16,A1
XML,xml-parser-rss.py,Assigment with sum (total = total + 1),40,40,16,A1
XML,xml-parser-rss.py,Simple Assignment,43,43,16,A1
XML,xml-parser-rss.py,Simple Assignment,44,44,16,A1
XML,xml-parser-rss.py,Simple Assignment,33,33,16,A1
XML,xml-parser-rss.py,Simple Assignment,47,47,16,A1
XML,xml-parser-rss.py,Simple Assignment,48,48,16,A1
XML,xml-parser-rss.py,Import,17,17,0,A2
XML,xml-parser-rss.py,From,14,14,0,A2
XML,xml-parser-rss.py,From,15,15,0,A2
XML,xml-parser-rss.py,From,16,16,0,A2
XML,xml-parser-rss.py,Alias,14,14,27,A1
XML,xml-parser-rss.py,Alias,15,15,28,A1
XML,xml-parser-rss.py,Alias,16,16,20,A1
XML,xml-parser-rss.py,Alias,17,17,7,A1
XML,xml-parser-rss.py,Simple If statements,56,62,0,A1
XML,xml-parser-rss.py,Simple If statements,27,33,8,A1
XML,xml-parser-rss.py,Simple If statements,36,48,8,A1
XML,xml-parser-rss.py,Simple If statements,51,52,8,A1
XML,xml-parser-rss.py,Simple If statements,29,33,8,A1
XML,xml-parser-rss.py,Simple If statements,38,48,8,A1
XML,xml-parser-rss.py,Simple If statements,30,33,12,A1
XML,xml-parser-rss.py,Simple If statements,39,48,12,A1
XML,xml-parser-rss.py,Simple If statements,32,33,12,A1
XML,xml-parser-rss.py,Simple If statements,45,48,12,A1
XML,xml-parser-rss.py,Function with Simple argument,21,24,4,A1
XML,xml-parser-rss.py,Function with Simple argument,26,33,4,A1
XML,xml-parser-rss.py,Function with Simple argument,35,48,4,A1
XML,xml-parser-rss.py,Function with Simple argument,50,52,4,A1
XML,xml-parser-rss.py,Inherited Class from ContentHandler Using the constructor method --> __init__,19,52,0,B1
Python-JSON,json-municipios-http.py,Print,27,27,4,A1
Python-JSON,json-municipios-http.py,Files --> 'read' call function,23,23,15,A2
Python-JSON,json-municipios-http.py,Simple Atributte,22,22,5,A2
Python-JSON,json-municipios-http.py,Simple Atributte,23,23,15,A2
Python-JSON,json-municipios-http.py,Simple Atributte,24,24,12,A2
Python-JSON,json-municipios-http.py,Simple Atributte,22,22,5,A2
Python-JSON,json-municipios-http.py,Simple Atributte,23,23,15,A2
Python-JSON,json-municipios-http.py,Subscript,27,27,47,A1
Python-JSON,json-municipios-http.py,Subscript,27,27,21,A1
Python-JSON,json-municipios-http.py,Simple Assignment,20,20,0,A1
Python-JSON,json-municipios-http.py,Simple Assignment,23,23,4,A1
Python-JSON,json-municipios-http.py,Simple Assignment,24,24,4,A1
Python-JSON,json-municipios-http.py,Import,17,17,0,A2
Python-JSON,json-municipios-http.py,Import,18,18,0,A2
Python-JSON,json-municipios-http.py,Alias,17,17,7,A1
Python-JSON,json-municipios-http.py,Alias,18,18,7,A1
Python-JSON,json-municipios-http.py,Simple For Loop,26,27,0,A1
Python-JSON,json-municipios-http.py,With,22,24,0,B1
Python-JSON,json-municipios.py,Print,20,20,4,A1
Python-JSON,json-municipios.py,Print,21,21,4,A1
Python-JSON,json-municipios.py,Print,22,22,4,A1
Python-JSON,json-municipios.py,Files --> 'open' call function,25,25,5,A2
Python-JSON,json-municipios.py,Print,29,29,4,A1
Python-JSON,json-municipios.py,Simple Atributte,19,19,7,A2
Python-JSON,json-municipios.py,Simple Atributte,23,23,4,A2
Python-JSON,json-municipios.py,Simple Atributte,26,26,12,A2
Python-JSON,json-municipios.py,Simple Atributte,25,25,10,A2
Python-JSON,json-municipios.py,Subscript,25,25,10,A1
Python-JSON,json-municipios.py,Subscript,29,29,47,A1
Python-JSON,json-municipios.py,Subscript,29,29,21,A1
Python-JSON,json-municipios.py,Simple Assignment,26,26,4,A1
Python-JSON,json-municipios.py,Import,15,15,0,A2
Python-JSON,json-municipios.py,Import,16,16,0,A2
Python-JSON,json-municipios.py,Alias,15,15,7,A1
Python-JSON,json-municipios.py,Alias,16,16,7,A1
Python-JSON,json-municipios.py,Simple If statements,19,23,0,A1
Python-JSON,json-municipios.py,Simple For Loop,28,29,0,A1
Python-JSON,json-municipios.py,With,25,26,0,B1
