Repository,File Name,Type,Name,Line,End Line,Complexity,Rank,Parent,Error
python-algorithms,bellman_ford_algorithm.py,function,bellmanFord,6,24,8,B,,
python-algorithms,breath_first_search.py,function,bfs,3,17,5,A,,
python-algorithms,dijkstras_algorithm_with_min_heap.py,function,dijkstra,31,45,5,A,,
python-algorithms,dijkstras_algorithm_with_sorted_set.py,function,dijkstra,3,21,6,B,,
python-algorithms,kosarajus_algorithm.py,function,get_strongly_connected_components,1,17,5,A,,
python-algorithms,kosarajus_algorithm.py,function,transpose_graph,26,33,4,A,,
python-algorithms,kosarajus_algorithm.py,function,top_sort,19,24,3,A,,
python-algorithms,kosarajus_algorithm.py,function,get_components,35,41,3,A,,
python-algorithms,topological_sort_recursion.py,class,Graph,3,29,3,A,,
python-algorithms,topological_sort_recursion.py,method,topological_sort_util,11,18,3,A,,
python-algorithms,topological_sort_recursion.py,method,topological_sort,20,29,3,A,,
python-algorithms,topological_sort_recursion.py,method,__init__,4,5,1,A,,
python-algorithms,topological_sort_recursion.py,method,add_edge,8,9,1,A,,
python-algorithms,topological_sort_bfs.py,function,topological_sort,13,45,10,B,,
python-algorithms,topological_sort_bfs.py,function,main,47,53,1,A,,
python-algorithms,sss_path_bfs.py,method,find_shortest_path,15,29,4,A,,
python-algorithms,sss_path_bfs.py,class,Graph,6,29,3,A,,
python-algorithms,sss_path_bfs.py,method,__init__,7,10,2,A,,
python-algorithms,sss_path_bfs.py,method,add_edge,12,13,1,A,,
python-algorithms,depth_first_search.py,function,dfs,2,15,5,A,,
python-algorithms,floyd_warshall_algorithm.py,function,floyd_warshall,2,20,11,C,,
python-algorithms,krusals_algorithm.py,function,kruskals_algo,33,48,4,A,,
python-algorithms,krusals_algorithm.py,function,union,5,14,3,A,,
python-algorithms,krusals_algorithm.py,function,find_parent,1,3,2,A,,
python-algorithms,prims_2.py,function,prims_algo,3,21,6,B,,
python-algorithms,prims.py,function,prims_algo,3,17,5,A,,
python-algorithms,insertion_sort.py,function,insertion_sort,4,11,4,A,,
python-algorithms,insertion_sort.py,function,swap,14,15,1,A,,
python-algorithms,selection_sort.py,function,selection_sort,4,15,4,A,,
python-algorithms,selection_sort.py,function,swap,18,19,1,A,,
python-algorithms,merge_sort.py,function,merge_sort_helper,12,35,6,B,,
python-algorithms,merge_sort.py,function,merge_sort,1,10,2,A,,
python-algorithms,bubble_sort.py,function,bubble_sort,4,14,4,A,,
python-algorithms,bubble_sort.py,function,swap,17,18,1,A,,
python-algorithms,quick_sort.py,function,quick_sort_helper,8,28,7,B,,
python-algorithms,quick_sort.py,function,quick_sort,4,6,1,A,,
python-algorithms,quick_sort.py,function,swap,31,32,1,A,,
python-algorithms,kadanes_algorithm.py,function,kadanes_algorithm_2,13,27,5,A,,
python-algorithms,kadanes_algorithm.py,function,kadanes_algorithm,2,9,2,A,,
python-algorithms,contains_duplicate.py,function,contains_duplicate,1,9,3,A,,
python-algorithms,contains_duplicate.py,function,contains_duplicate_2,12,20,3,A,,
python-algorithms,product_of_array_except_self.py,function,product_except_self,4,17,3,A,,
python-algorithms,buy_and_sell_stock.py,function,max_profit,1,14,3,A,,
python-algorithms,two_sum.py,function,two_sum,1,12,3,A,,
python-algorithms,merge_k_sorted_lists.py,function,mergeKLists,18,28,5,A,,
python-algorithms,merge_k_sorted_lists.py,function,mergeTwoLists,30,40,5,A,,
python-algorithms,merge_k_sorted_lists.py,function,mergeKLists2,54,68,4,A,,
python-algorithms,merge_k_sorted_lists.py,function,print_list,75,78,2,A,,
python-algorithms,merge_k_sorted_lists.py,class,ListNode,4,10,2,A,,
python-algorithms,merge_k_sorted_lists.py,method,__init__,5,7,1,A,,
python-algorithms,merge_k_sorted_lists.py,method,__lt__,9,10,1,A,,
python-algorithms,merge_two_sorted_lists.py,function,mergeTwoLists,11,21,5,A,,
python-algorithms,merge_two_sorted_lists.py,class,ListNode,2,5,2,A,,
python-algorithms,merge_two_sorted_lists.py,method,__init__,3,5,1,A,,
python-algorithms,remove_nth_node_from_list.py,function,removeNthFromEnd,7,19,4,A,,
python-algorithms,remove_nth_node_from_list.py,class,ListNode,2,5,2,A,,
python-algorithms,remove_nth_node_from_list.py,method,__init__,3,5,1,A,,
python-algorithms,reorder_list.py,function,reorderList,7,7,8,B,,
python-algorithms,reorder_list.py,function,reverse,26,33,2,A,reorderList,
python-algorithms,reorder_list.py,class,ListNode,2,5,2,A,,
python-algorithms,reorder_list.py,method,__init__,3,5,1,A,,
python-algorithms,linkedlist_cycle.py,function,has_cycle,1,10,5,A,,
python-algorithms,reverse_linkedlist.py,function,reverse_list,1,8,2,A,,
python-algorithms,invert_binary_tree.py,function,invert_binary_tree,1,11,1,A,,
python-algorithms,invert_binary_tree.py,function,invert_tree_helper,2,9,2,A,invert_binary_tree,
python-algorithms,subtree_of_another_tree.py,function,same_tree,12,18,7,B,,
python-algorithms,subtree_of_another_tree.py,function,subtree_of_another_tree,1,9,5,A,,
python-algorithms,max_depth_of_binary_tree.py,function,max_depth_of_tree,1,7,2,A,,
python-algorithms,lca_bst.py,function,lca_bst,1,8,6,B,,
python-algorithms,construct_binary_tree_from_preorder_inorder_traversal.py,function,construct_tree,6,22,2,A,,
python-algorithms,construct_binary_tree_from_preorder_inorder_traversal.py,function,construct_tree_helper,9,21,3,A,construct_tree,
python-algorithms,construct_binary_tree_from_preorder_inorder_traversal.py,class,TreeNode,1,4,2,A,,
python-algorithms,construct_binary_tree_from_preorder_inorder_traversal.py,method,__init__,2,4,1,A,,
python-algorithms,binary_tree_level_order_traversal.py,function,level_order_traversal,3,17,6,B,,
python-algorithms,same_tree.py,function,same_tree,1,8,7,B,,
python-algorithms,kth_smallest_in_bst.py,function,kth_smallest_in_bst,1,19,1,A,,
python-algorithms,kth_smallest_in_bst.py,function,kth_smallest_helper,2,14,4,A,kth_smallest_in_bst,
python-algorithms,binary_tree_maximum_path_sum.py,function,max_path_sum,1,18,1,A,,
python-algorithms,binary_tree_maximum_path_sum.py,function,max_path_helper,2,13,2,A,max_path_sum,
python-algorithms,validate_binary_search_tree.py,function,valid_bst,1,11,1,A,,
python-algorithms,validate_binary_search_tree.py,function,valid_bst_helper,2,9,4,A,valid_bst,
python-algorithms,serialize_and_deserialize_binary_tree.py,class,TreeNode,1,5,2,A,,
python-algorithms,serialize_and_deserialize_binary_tree.py,class,Codec,7,45,2,A,,
python-algorithms,serialize_and_deserialize_binary_tree.py,method,__init__,2,5,1,A,,
python-algorithms,serialize_and_deserialize_binary_tree.py,method,serialize,9,26,1,A,,
python-algorithms,serialize_and_deserialize_binary_tree.py,function,serialize_helper,14,21,2,A,serialize,
python-algorithms,serialize_and_deserialize_binary_tree.py,method,deserialize,29,45,1,A,,
python-algorithms,serialize_and_deserialize_binary_tree.py,function,deserialize_helper,32,43,2,A,deserialize,
python-algorithms,max_product_brute_force.py,function,max_product,1,14,4,A,,
python-algorithms,max_product_subarray.py,function,max_product,1,12,4,A,,
python-algorithms,two_sum.py,function,two_sum,1,10,3,A,,
python-algorithms,product_of_array.py,function,productExceptSelf,1,13,3,A,,
python-algorithms,valid_anagram.py,function,isAnagram,1,15,8,B,,
python-algorithms,valid_anagram.py,function,isAnagram2,18,29,5,A,,
python-algorithms,contains_duplicate.py,function,containsDuplicate,4,11,3,A,,
python-algorithms,contains_duplicate.py,function,containsDuplicate2,16,23,3,A,,
python-algorithms,top_k.py,function,topKFrequent,5,20,7,B,,
python-algorithms,top_k.py,function,topKFrequent2,26,41,5,A,,
python-algorithms,implement_magic_dictionary.py,method,search,12,22,7,B,,
python-algorithms,implement_magic_dictionary.py,class,MagicDictionary,3,22,4,A,,
python-algorithms,implement_magic_dictionary.py,method,buildDict,7,10,2,A,,
python-algorithms,implement_magic_dictionary.py,method,__init__,4,5,1,A,,
python-algorithms,subset_sum.py,function,subset_sum_helper,7,13,2,A,,
python-algorithms,subset_sum.py,function,subset_sum,1,5,1,A,,
python-algorithms,longest_univalue_path.py,function,longest_univalue_path,8,37,2,A,,
python-algorithms,longest_univalue_path.py,function,longest_univalue_path_helper,11,32,6,B,longest_univalue_path,
python-algorithms,longest_univalue_path.py,class,TreeNode,1,5,2,A,,
python-algorithms,longest_univalue_path.py,method,__init__,2,5,1,A,,
python-algorithms,permutation_sequence.py,function,getPermutation,1,19,4,A,,
python-algorithms,partition_to_k.py,function,can_partion_k_subsets,1,28,2,A,,
python-algorithms,partition_to_k.py,function,backtrack,8,26,7,B,can_partion_k_subsets,
python-algorithms,combination_sum.py,function,combination_sum,1,17,1,A,,
python-algorithms,combination_sum.py,function,combination_helper,2,13,4,A,combination_sum,
python-algorithms,distinct_subs.py,function,numDistinct,1,18,1,A,,
python-algorithms,distinct_subs.py,function,count,2,16,3,A,numDistinct,
python-algorithms,palindrome_partition.py,function,partition_helper,7,16,4,A,,
python-algorithms,palindrome_partition.py,function,isPalindrome,18,26,3,A,,
python-algorithms,palindrome_partition.py,function,partition,1,4,1,A,,
python-algorithms,combination_sum.py,function,combination_sum_helper,9,21,6,B,,
python-algorithms,combination_sum.py,function,combination_sum,1,6,1,A,,
python-algorithms,letter_code_permutation.py,function,letter_code_perm,1,24,1,A,,
python-algorithms,letter_code_permutation.py,function,letter_code_perm_helper,2,20,3,A,letter_code_perm,
python-algorithms,subsets.py,function,subset_helper,12,21,4,A,,
python-algorithms,subsets.py,function,subsets,6,10,1,A,,
python-algorithms,subsets.py,function,subsets,1,11,3,A,,
python-algorithms,subsets.py,function,gen_subsets,19,28,2,A,,
python-algorithms,subsets.py,function,subsets_recursive,13,17,1,A,,
python-algorithms,invert_binary_tree.py,class,Node,1,4,2,A,,
python-algorithms,invert_binary_tree.py,function,invert_binary_tree,9,22,1,A,,
python-algorithms,invert_binary_tree.py,function,invert_binary_tree_helper,10,20,2,A,invert_binary_tree,
python-algorithms,invert_binary_tree.py,method,__init__,2,4,1,A,,
python-algorithms,convert_bst_to_greater_tree.py,function,convertBST,1,15,1,A,,
python-algorithms,convert_bst_to_greater_tree.py,function,convertBstHelper,2,11,2,A,convertBST,
python-algorithms,most_frequent_subtree_sum.py,function,findFrequentTreeSum2,31,53,3,A,,
python-algorithms,most_frequent_subtree_sum.py,function,treeSumHelper,32,44,2,A,findFrequentTreeSum2,
python-algorithms,most_frequent_subtree_sum.py,function,findFrequentTreeSum,5,26,1,A,,
python-algorithms,most_frequent_subtree_sum.py,function,treeSumHelper,6,19,2,A,findFrequentTreeSum,
python-algorithms,path_sum.py,class,Node,1,4,2,A,,
python-algorithms,path_sum.py,function,path_sum,7,21,1,A,,
python-algorithms,path_sum.py,function,path_sum_helper,8,19,6,B,path_sum,
python-algorithms,path_sum.py,function,path_sum_2,26,44,1,A,,
python-algorithms,path_sum.py,function,path_sum_helper,27,42,8,B,path_sum_2,
python-algorithms,path_sum.py,method,__init__,2,4,1,A,,
python-algorithms,subtree_of_another_tree.py,function,is_same_tree,11,16,7,B,,
python-algorithms,subtree_of_another_tree.py,function,is_subtree,2,9,5,A,,
python-algorithms,find_duplicate_subtrees.py,function,findDuplicateSubtrees,1,22,1,A,,
python-algorithms,find_duplicate_subtrees.py,function,findDups,2,17,4,A,findDuplicateSubtrees,
python-algorithms,inorder_iterative.py,function,inorder_traversal,7,20,5,A,,
python-algorithms,inorder_iterative.py,class,Node,1,4,2,A,,
python-algorithms,inorder_iterative.py,method,__init__,2,4,1,A,,
python-algorithms,inorder_traversal.py,class,Node,1,4,2,A,,
python-algorithms,inorder_traversal.py,function,inorder_traversal,7,19,1,A,,
python-algorithms,inorder_traversal.py,function,inorder_traversal_helper,8,14,2,A,inorder_traversal,
python-algorithms,inorder_traversal.py,method,__init__,2,4,1,A,,
python-algorithms,find_mode_in_bst.py,function,find_mode_in_bst,6,33,1,A,,
python-algorithms,find_mode_in_bst.py,function,find_mode_in_bst_helper,7,26,6,B,find_mode_in_bst,
python-algorithms,find_mode_in_bst.py,function,find_mode_in_bst_preorder,38,54,1,A,,
python-algorithms,find_mode_in_bst.py,function,find_mode_in_bst_helper,39,48,2,A,find_mode_in_bst_preorder,
python-algorithms,max_depth_of_binary_tree.py,function,max_depth,7,14,2,A,,
python-algorithms,max_depth_of_binary_tree.py,class,Node,1,4,2,A,,
python-algorithms,max_depth_of_binary_tree.py,method,__init__,2,4,1,A,,
python-algorithms,delete_bst_node.py,function,delete_node,5,26,11,C,,
python-algorithms,delete_bst_node.py,function,delete_node_2,32,53,11,C,,
python-algorithms,sum_of_left_leaves.py,class,TreeNode,1,5,2,A,,
python-algorithms,sum_of_left_leaves.py,function,sum_of_left_leaves,7,24,1,A,,
python-algorithms,sum_of_left_leaves.py,function,sum_left_leaves_helper,8,19,5,A,sum_of_left_leaves,
python-algorithms,sum_of_left_leaves.py,function,sumOfLeftLeaves,29,46,1,A,,
python-algorithms,sum_of_left_leaves.py,function,sumOfLeftLeavesHelper,30,41,5,A,sumOfLeftLeaves,
python-algorithms,sum_of_left_leaves.py,method,__init__,2,5,1,A,,
python-algorithms,tree_diameter.py,class,TreeNode,1,5,2,A,,
python-algorithms,tree_diameter.py,function,tree_diameter,8,24,1,A,,
python-algorithms,tree_diameter.py,function,tree_diameter_helper,9,19,2,A,tree_diameter,
python-algorithms,tree_diameter.py,method,__init__,2,5,1,A,,
python-algorithms,trim_a_binary_search_tree.py,function,trimBST,1,15,1,A,,
python-algorithms,trim_a_binary_search_tree.py,function,trim,2,13,4,A,trimBST,
python-algorithms,construct_binary_tree_from_inorder_postorder_traversal.py,function,build_tree,7,25,2,A,,
python-algorithms,construct_binary_tree_from_inorder_postorder_traversal.py,function,buildTreeHelper,9,23,3,A,build_tree,
python-algorithms,construct_binary_tree_from_inorder_postorder_traversal.py,class,TreeNode,1,5,2,A,,
python-algorithms,construct_binary_tree_from_inorder_postorder_traversal.py,method,__init__,2,5,1,A,,
python-algorithms,path_sum.py,function,path_sum,1,18,1,A,,
python-algorithms,path_sum.py,function,path_sum_helper,2,13,5,A,path_sum,
python-algorithms,converted_sorted_array_to_bst.py,function,convert_to_bst,7,23,2,A,,
python-algorithms,converted_sorted_array_to_bst.py,function,convert_to_bst_helper,12,21,3,A,convert_to_bst,
python-algorithms,converted_sorted_array_to_bst.py,function,inorder,26,32,2,A,,
python-algorithms,converted_sorted_array_to_bst.py,class,Node,1,4,2,A,,
python-algorithms,converted_sorted_array_to_bst.py,method,__init__,2,4,1,A,,
python-algorithms,two_sum.py,function,two_sum_bst,2,25,1,A,,
python-algorithms,two_sum.py,function,two_sum_helper,3,21,5,A,two_sum_bst,
python-algorithms,root_to_node.py,class,Node,2,5,2,A,,
python-algorithms,root_to_node.py,function,findPath,7,28,1,A,,
python-algorithms,root_to_node.py,function,solvePath,9,23,5,A,findPath,
python-algorithms,root_to_node.py,method,__init__,3,5,1,A,,
python-algorithms,maximum_binary_tree.py,function,insertIntoMaxTree2,23,40,2,A,,
python-algorithms,maximum_binary_tree.py,function,buildTree,29,38,2,A,insertIntoMaxTree2,
python-algorithms,maximum_binary_tree.py,function,inorder,42,47,2,A,,
python-algorithms,maximum_binary_tree.py,class,TreeNode,2,6,2,A,,
python-algorithms,maximum_binary_tree.py,function,insertIntoMaxTree,9,19,1,A,,
python-algorithms,maximum_binary_tree.py,function,buildTree,10,17,3,A,insertIntoMaxTree,
python-algorithms,maximum_binary_tree.py,method,__init__,3,6,1,A,,
python-algorithms,construct_string_from_tree.py,class,TreeNode,1,5,2,A,,
python-algorithms,construct_string_from_tree.py,function,treeStr,7,22,1,A,,
python-algorithms,construct_string_from_tree.py,function,treeStrHelper,8,20,4,A,treeStr,
python-algorithms,construct_string_from_tree.py,method,__init__,2,5,1,A,,
python-algorithms,traversals_recursive.py,class,Node,1,4,2,A,,
python-algorithms,traversals_recursive.py,function,traversals,6,20,1,A,,
python-algorithms,traversals_recursive.py,function,traverse_helper,7,16,2,A,traversals,
python-algorithms,traversals_recursive.py,method,__init__,2,4,1,A,,
python-algorithms,traversals_iterative.py,function,traversals,6,27,7,B,,
python-algorithms,traversals_iterative.py,class,Node,1,4,2,A,,
python-algorithms,traversals_iterative.py,method,__init__,2,4,1,A,,
python-algorithms,maximum_width_of_binary_tree.py,function,widthOfBinaryTree,3,21,6,B,,
python-algorithms,recover_binary_search_trees.py,function,recover_bst,1,22,5,A,,
python-algorithms,recover_binary_search_trees.py,function,recover_bst_helper,2,14,5,A,recover_bst,
python-algorithms,binary_tree_level_order_traversal.py,function,level_order_bottom,3,23,6,B,,
python-algorithms,min_depth_of_binary_tree.py,function,min_depth_bfs,10,31,8,B,,
python-algorithms,min_depth_of_binary_tree.py,function,min_depth_of_tree,35,55,2,A,,
python-algorithms,min_depth_of_binary_tree.py,function,min_depth_helper,37,50,6,B,min_depth_of_tree,
python-algorithms,min_depth_of_binary_tree.py,class,Node,2,5,2,A,,
python-algorithms,min_depth_of_binary_tree.py,method,__init__,3,5,1,A,,
python-algorithms,lowest_common_ancestor_of_binary_tree.py,function,lca,4,20,1,A,,
python-algorithms,lowest_common_ancestor_of_binary_tree.py,function,lca_helper,6,18,5,A,lca,
python-algorithms,find_bottom_left_tree_value.py,function,findBottomLeftValue,3,19,6,B,,
python-algorithms,all_nodes_distance_k_binary_tree.py,function,build_graph,13,24,4,A,,
python-algorithms,all_nodes_distance_k_binary_tree.py,function,bfs,26,34,4,A,,
python-algorithms,all_nodes_distance_k_binary_tree.py,function,distanceK,2,11,3,A,,
python-algorithms,lca_bst.py,class,TreeNode,1,5,2,A,,
python-algorithms,lca_bst.py,function,lca_bst,7,19,1,A,,
python-algorithms,lca_bst.py,function,lca_helper,8,17,6,B,lca_bst,
python-algorithms,lca_bst.py,method,__init__,2,5,1,A,,
python-algorithms,construct_binary_tree_from_preorder_inorder_traversal.py,function,buildTree,7,24,2,A,,
python-algorithms,construct_binary_tree_from_preorder_inorder_traversal.py,function,buildTreeHelper,9,22,3,A,buildTree,
python-algorithms,construct_binary_tree_from_preorder_inorder_traversal.py,class,TreeNode,1,4,2,A,,
python-algorithms,construct_binary_tree_from_preorder_inorder_traversal.py,method,__init__,2,4,1,A,,
python-algorithms,populate_next_right_pointers.py,function,connect,4,25,7,B,,
python-algorithms,binary_tree_tilt.py,class,TreeNode,2,6,2,A,,
python-algorithms,binary_tree_tilt.py,function,binary_tree_tilt_simple,10,25,1,A,,
python-algorithms,binary_tree_tilt.py,function,binary_tree_tilt_helper,11,20,2,A,binary_tree_tilt_simple,
python-algorithms,binary_tree_tilt.py,function,binary_tree_tilt,30,53,1,A,,
python-algorithms,binary_tree_tilt.py,function,binary_tree_tilt_helper,32,48,4,A,binary_tree_tilt,
python-algorithms,binary_tree_tilt.py,method,__init__,3,6,1,A,,
python-algorithms,binary_tree_level_order_traversal.py,function,level_order_traversal,3,21,6,B,,
python-algorithms,longest_univalue_path.py,function,longest_univalue_path,3,24,1,A,,
python-algorithms,longest_univalue_path.py,function,longest_univalue_path_helper,6,20,6,B,longest_univalue_path,
python-algorithms,flatten_binary_tree_to_linkedlist.py,function,flatten,3,22,1,A,,
python-algorithms,flatten_binary_tree_to_linkedlist.py,function,flatten_helper,4,19,4,A,flatten,
python-algorithms,flatten_binary_tree_to_linkedlist.py,function,flatten,29,43,1,A,,
python-algorithms,flatten_binary_tree_to_linkedlist.py,function,flatten_helper,30,41,5,A,flatten,
python-algorithms,binary_tree_right_side_view.py,function,rightSideView,3,21,7,B,,
python-algorithms,binary_tree_right_side_view.py,function,rightSideViewRecursive,24,37,1,A,,
python-algorithms,binary_tree_right_side_view.py,function,rightSideViewHelper,25,32,3,A,rightSideViewRecursive,
python-algorithms,binary_search_tree_iterator.py,class,BSTIterator,2,24,3,A,,
python-algorithms,binary_search_tree_iterator.py,method,hasNext,14,17,3,A,,
python-algorithms,binary_search_tree_iterator.py,class,BSTIterator2,29,49,3,A,,
python-algorithms,binary_search_tree_iterator.py,method,__init__,3,6,2,A,,
python-algorithms,binary_search_tree_iterator.py,method,next,8,12,2,A,,
python-algorithms,binary_search_tree_iterator.py,method,inorder,19,24,2,A,,
python-algorithms,binary_search_tree_iterator.py,method,next,34,37,2,A,,
python-algorithms,binary_search_tree_iterator.py,method,hasNext,39,42,2,A,,
python-algorithms,binary_search_tree_iterator.py,method,inorder,44,49,2,A,,
python-algorithms,binary_search_tree_iterator.py,method,__init__,30,32,1,A,,
python-algorithms,min_absolute_diff_in_bst.py,class,TreeNode,1,5,2,A,,
python-algorithms,min_absolute_diff_in_bst.py,function,min_absolute_diff,8,24,1,A,,
python-algorithms,min_absolute_diff_in_bst.py,function,min_absolute_diff_helper,10,21,3,A,min_absolute_diff,
python-algorithms,min_absolute_diff_in_bst.py,method,__init__,2,5,1,A,,
python-algorithms,add_one_row_to_tree.py,function,addOneRow,9,34,9,B,,
python-algorithms,add_one_row_to_tree.py,class,TreeNode,3,7,2,A,,
python-algorithms,add_one_row_to_tree.py,method,__init__,4,7,1,A,,
python-algorithms,smallest_string_starting_from_leaf.py,class,Solution,4,28,3,A,,
python-algorithms,smallest_string_starting_from_leaf.py,method,smallestFromLeaf,5,25,2,A,,
python-algorithms,smallest_string_starting_from_leaf.py,function,helper,7,18,4,A,smallestFromLeaf,
python-algorithms,smallest_string_starting_from_leaf.py,method,num_to_char,27,28,1,A,,
python-algorithms,average_of_levels_in_binary_tree.py,function,average_of_levels,3,23,5,A,,
python-algorithms,balanced_binary_tree.py,class,Node,4,7,2,A,,
python-algorithms,balanced_binary_tree.py,function,is_balanced,10,30,1,A,,
python-algorithms,balanced_binary_tree.py,function,is_balanced_helper,13,28,5,A,is_balanced,
python-algorithms,balanced_binary_tree.py,method,__init__,5,7,1,A,,
python-algorithms,maximum_binary_tree.py,function,getMax,46,53,3,A,,
python-algorithms,maximum_binary_tree.py,class,TreeNode,1,5,2,A,,
python-algorithms,maximum_binary_tree.py,function,construct_max_binary_tree,9,21,1,A,,
python-algorithms,maximum_binary_tree.py,function,construct_tree,10,19,2,A,construct_max_binary_tree,
python-algorithms,maximum_binary_tree.py,function,constructMaximumBinaryTree,26,43,1,A,,
python-algorithms,maximum_binary_tree.py,function,buildTree,28,36,2,A,constructMaximumBinaryTree,
python-algorithms,maximum_binary_tree.py,method,__init__,2,5,1,A,,
python-algorithms,count_complete_tree_nodes.py,function,countNodes,1,14,2,A,,
python-algorithms,count_complete_tree_nodes.py,function,countNodesHelper,2,8,2,A,countNodes,
python-algorithms,sum_root_to_leaf_numbers.py,function,sum_numbers,1,11,1,A,,
python-algorithms,sum_root_to_leaf_numbers.py,function,sum_numbers_helper,2,9,4,A,sum_numbers,
python-algorithms,same_tree.py,class,Node,1,4,2,A,,
python-algorithms,same_tree.py,function,same_tree,7,20,1,A,,
python-algorithms,same_tree.py,function,same_tree_helper,8,18,7,B,same_tree,
python-algorithms,same_tree.py,function,same_tree_concise,24,35,1,A,,
python-algorithms,same_tree.py,function,same_tree_helper,25,33,7,B,same_tree_concise,
python-algorithms,same_tree.py,method,__init__,2,4,1,A,,
python-algorithms,kth_smallest_in_bst.py,function,kthSmallest,1,18,1,A,,
python-algorithms,kth_smallest_in_bst.py,function,kthSmallestBstHelper,2,14,4,A,kthSmallest,
python-algorithms,post_traversal.py,class,Node,1,4,2,A,,
python-algorithms,post_traversal.py,function,postorder_traversal,7,19,1,A,,
python-algorithms,post_traversal.py,function,postorder_traversal_helper,8,14,2,A,postorder_traversal,
python-algorithms,post_traversal.py,method,__init__,2,4,1,A,,
python-algorithms,post_order_iterative.py,function,postorder_traversal,7,24,7,B,,
python-algorithms,post_order_iterative.py,class,Node,1,4,2,A,,
python-algorithms,post_order_iterative.py,method,__init__,2,4,1,A,,
python-algorithms,find_largest_value_in_each_tree_row.py,function,largestValues,3,19,6,B,,
python-algorithms,binary_tree_paths.py,class,TreeNode,1,5,2,A,,
python-algorithms,binary_tree_paths.py,function,binary_tree_paths,10,26,1,A,,
python-algorithms,binary_tree_paths.py,function,binary_tree_paths_helper,11,22,4,A,binary_tree_paths,
python-algorithms,binary_tree_paths.py,method,__init__,2,5,1,A,,
python-algorithms,bottom_view.py,function,bottomView,15,37,7,B,,
python-algorithms,bottom_view.py,class,Node,2,5,2,A,,
python-algorithms,bottom_view.py,method,__init__,3,5,1,A,,
python-algorithms,path_sum.py,function,path_sum,1,20,1,A,,
python-algorithms,path_sum.py,function,path_sum_helper,2,16,4,A,path_sum,
python-algorithms,populate_next_right_pointers.py,function,connect,4,25,7,B,,
python-algorithms,house_robber.py,function,rob,1,13,1,A,,
python-algorithms,house_robber.py,function,robHelper,2,11,2,A,rob,
python-algorithms,binary_tree_maximum_path_sum.py,function,maxPathSum,1,20,1,A,,
python-algorithms,binary_tree_maximum_path_sum.py,function,maxPathSumHelper,2,15,2,A,maxPathSum,
python-algorithms,symmetric_tree.py,function,is_symmetric,7,21,2,A,,
python-algorithms,symmetric_tree.py,function,is_symmtric_helper,8,16,7,B,is_symmetric,
python-algorithms,symmetric_tree.py,class,Node,1,4,2,A,,
python-algorithms,symmetric_tree.py,method,__init__,2,4,1,A,,
python-algorithms,vertical_order_traversal.py,function,verticalTraversal,46,79,10,B,,
python-algorithms,vertical_order_traversal.py,function,verticalTraversal,5,29,7,B,,
python-algorithms,second_minimum_node_in_binary_tree.py,function,find_second_min_val,2,18,2,A,,
python-algorithms,second_minimum_node_in_binary_tree.py,function,find_second_min_val_helper,3,13,4,A,find_second_min_val,
python-algorithms,construct_binary_tree_from_preorder_traversal.py,class,TreeNode,1,5,2,A,,
python-algorithms,construct_binary_tree_from_preorder_traversal.py,function,bst_from_preorder,7,23,1,A,,
python-algorithms,construct_binary_tree_from_preorder_traversal.py,function,bst_from_preorder_helper,8,20,3,A,bst_from_preorder,
python-algorithms,construct_binary_tree_from_preorder_traversal.py,method,__init__,2,5,1,A,,
python-algorithms,serialize_deserialize_bst.py,class,TreeNode,2,6,2,A,,
python-algorithms,serialize_deserialize_bst.py,class,Codec,8,45,2,A,,
python-algorithms,serialize_deserialize_bst.py,method,__init__,3,6,1,A,,
python-algorithms,serialize_deserialize_bst.py,method,serialize,9,23,1,A,,
python-algorithms,serialize_deserialize_bst.py,function,preorder,12,17,2,A,serialize,
python-algorithms,serialize_deserialize_bst.py,method,deserialize,25,45,1,A,,
python-algorithms,serialize_deserialize_bst.py,function,deserializeHelper,28,41,4,A,deserialize,
python-algorithms,min_distance_between_bst_nodes.py,function,min_diff_in_bst,1,17,1,A,,
python-algorithms,min_distance_between_bst_nodes.py,function,min_diff_in_bst_helper,2,12,3,A,min_diff_in_bst,
python-algorithms,preorder_iterative.py,function,preorder_traversal,7,20,5,A,,
python-algorithms,preorder_iterative.py,class,Node,1,4,2,A,,
python-algorithms,preorder_iterative.py,method,__init__,2,4,1,A,,
python-algorithms,preorder_traversal.py,class,Node,1,4,2,A,,
python-algorithms,preorder_traversal.py,function,preorder_traversal,7,19,1,A,,
python-algorithms,preorder_traversal.py,function,preorder_traversal_helper,8,14,2,A,preorder_traversal,
python-algorithms,preorder_traversal.py,method,__init__,2,4,1,A,,
python-algorithms,binary_tree_zigzag_level_order_traversal.py,function,zigzag_level_order,3,29,7,B,,
python-algorithms,top_view.py,function,topView,19,42,8,B,,
python-algorithms,top_view.py,class,Node,2,5,2,A,,
python-algorithms,top_view.py,method,__init__,3,5,1,A,,
python-algorithms,validate_binary_search_tree.py,function,valid_bst,1,11,1,A,,
python-algorithms,validate_binary_search_tree.py,function,valid_bst_helper,2,9,4,A,valid_bst,
python-algorithms,print_binary_tree.py,class,Solution,3,30,4,A,,
python-algorithms,print_binary_tree.py,method,printTree,4,21,3,A,,
python-algorithms,print_binary_tree.py,function,fillMatrix,10,17,2,A,printTree,
python-algorithms,print_binary_tree.py,method,getTreeHeight,24,30,2,A,,
python-algorithms,merge_two_binary_trees.py,class,TreeNode,1,5,2,A,,
python-algorithms,merge_two_binary_trees.py,function,merge_trees,8,25,1,A,,
python-algorithms,merge_two_binary_trees.py,function,mergeTreesHelper,9,23,13,C,merge_trees,
python-algorithms,merge_two_binary_trees.py,method,__init__,2,5,1,A,,
python-algorithms,serialize_and_deserialize_binary_tree.py,class,TreeNode,2,6,2,A,,
python-algorithms,serialize_and_deserialize_binary_tree.py,class,Codec,8,53,2,A,,
python-algorithms,serialize_and_deserialize_binary_tree.py,method,__init__,3,6,1,A,,
python-algorithms,serialize_and_deserialize_binary_tree.py,method,serialize,10,27,1,A,,
python-algorithms,serialize_and_deserialize_binary_tree.py,function,preorder,15,22,2,A,serialize,
python-algorithms,serialize_and_deserialize_binary_tree.py,method,deserialize,31,53,1,A,,
python-algorithms,serialize_and_deserialize_binary_tree.py,function,deserializeHelper,38,50,2,A,deserialize,
python-algorithms,evaluate_division.py,function,dfs,28,37,5,A,,
python-algorithms,evaluate_division.py,function,calcEquation,7,20,4,A,,
python-algorithms,evaluate_division.py,function,build_graph,22,26,2,A,,
python-algorithms,evaluate_division.py,class,Node,3,5,2,A,,
python-algorithms,evaluate_division.py,method,__init__,4,5,1,A,,
python-algorithms,bellman_ford_algorithm.py,function,bellmanFord,5,23,8,B,,
python-algorithms,detect_cycle_dfs.py,function,detect_cycle,20,29,5,A,,
python-algorithms,detect_cycle_dfs.py,function,is_cycle,10,17,4,A,,
python-algorithms,detect_cycle_bfs.py,function,detect_cycle,19,33,5,A,,
python-algorithms,detect_cycle_bfs.py,function,is_cycle,10,17,4,A,,
python-algorithms,minimum_height_trees.py,function,findMinHeightTrees,2,35,11,C,,
python-algorithms,bipartite_graph_dfs.py,function,dfs,11,23,6,B,,
python-algorithms,bipartite_graph_dfs.py,function,isBipartite,3,9,4,A,,
python-algorithms,bipartite_graph_bfs.py,function,isBipartite,3,11,5,A,,
python-algorithms,bipartite_graph_bfs.py,function,bfs,13,26,5,A,,
python-algorithms,dijkstras_algorithm_with_min_heap.py,function,dijkstra,31,45,5,A,,
python-algorithms,dijkstras_algorithm_with_sorted_set.py,function,dijkstra,3,21,6,B,,
python-algorithms,bfs_khans_algorithm.py,function,top_sort,3,25,10,B,,
python-algorithms,dfs.py,function,top_sort,1,8,3,A,,
python-algorithms,dfs.py,function,dfs,10,16,3,A,,
python-algorithms,detect_cycle_dfs.py,function,dfs,10,21,5,A,,
python-algorithms,detect_cycle_dfs.py,function,is_cycle,1,8,4,A,,
python-algorithms,detect_cycle_bfs.py,function,is_cycle,6,29,11,C,,
python-algorithms,shortest_path_1.py,function,shortest_path,6,41,8,B,,
python-algorithms,shortest_path_2.py,function,shortest_path,3,32,6,B,,
python-algorithms,kosarajus_algorithm.py,function,get_strongly_connected_components,1,17,5,A,,
python-algorithms,kosarajus_algorithm.py,function,transpose_graph,26,33,4,A,,
python-algorithms,kosarajus_algorithm.py,function,top_sort,19,24,3,A,,
python-algorithms,kosarajus_algorithm.py,function,get_components,35,41,3,A,,
python-algorithms,number_of_islands_bfs.py,function,bfs,14,28,7,B,,
python-algorithms,number_of_islands_bfs.py,function,number_of_islands,3,12,5,A,,
python-algorithms,ninja_training_top_down.py,function,solve,9,25,7,B,,
python-algorithms,ninja_training_top_down.py,function,ninja_training,3,6,1,A,,
python-algorithms,ninja_training_bottom_up.py,function,ninja_training,1,2,1,A,,
python-algorithms,fibonacci_bottom_up.py,function,fib,3,11,3,A,,
python-algorithms,fibonacci_bottom_up.py,function,fib_optimized,16,24,3,A,,
python-algorithms,fibonacci_top_down_recursion.py,function,fib_top_down,10,19,4,A,,
python-algorithms,fibonacci_top_down_recursion.py,function,fib,3,7,1,A,,
python-algorithms,frog_jump_bottom_up.py,function,frog_jump,4,16,4,A,,
python-algorithms,frog_jump_top_down.py,function,frog_jump,3,15,1,A,,
python-algorithms,frog_jump_top_down.py,function,jump_recursive,5,13,3,A,frog_jump,
python-algorithms,frog_jump_top_down.py,function,frog_jump_memo,26,44,1,A,,
python-algorithms,frog_jump_top_down.py,function,jump_recursive,28,40,4,A,frog_jump_memo,
python-algorithms,max_product_brute_force.py,function,max_product,1,14,4,A,,
python-algorithms,max_product_subarray.py,function,max_product,1,14,3,A,,
python-algorithms,house_robber_top_down.py,function,house_robber,3,17,5,A,,
python-algorithms,house_robber_top_down.py,function,solve,20,29,4,A,,
python-algorithms,house_robber_bottom_up.py,function,house_robber,3,12,6,B,,
python-algorithms,house_robber_bottom_up.py,function,solve,14,24,3,A,,
python-algorithms,house_robber_bottom_up.py,function,house_robber_optimal,34,39,3,A,,
python-algorithms,house_robber_bottom_up.py,function,solve_optimal,41,50,3,A,,
python-algorithms,concatenated_words.py,function,wordBreak,9,21,6,B,,
python-algorithms,concatenated_words.py,function,findAllConcatenatedWordsInADict,1,7,3,A,,
python-algorithms,word_break.py,function,wordBreak,1,12,6,B,,
python-algorithms,word_break.py,function,wordBreak2,15,28,5,A,,
python-algorithms,house_robber_top_down_recursion.py,function,house_robber,2,12,1,A,,
python-algorithms,house_robber_top_down_recursion.py,function,compute,3,10,3,A,house_robber,
python-algorithms,house_robber_top_down_recursion.py,function,house_robber_memo,22,36,1,A,,
python-algorithms,house_robber_top_down_recursion.py,function,compute,23,32,4,A,house_robber_memo,
python-algorithms,house_robber_bottom_up.py,function,house_robber,3,13,3,A,,
python-algorithms,house_robber_bottom_up.py,function,house_robber_space_optimization,22,33,3,A,,
python-algorithms,climbing_stairs_top_down.py,function,climb,3,14,1,A,,
python-algorithms,climbing_stairs_top_down.py,function,solve,5,11,4,A,climb,
python-algorithms,climbing_stairs_bottom_up.py,function,climb,3,11,3,A,,
python-algorithms,implement_magic_dictionary.py,method,search,12,22,7,B,,
python-algorithms,implement_magic_dictionary.py,class,MagicDictionary,3,22,4,A,,
python-algorithms,implement_magic_dictionary.py,method,buildDict,7,10,2,A,,
python-algorithms,implement_magic_dictionary.py,method,__init__,4,5,1,A,,
python-algorithms,palindrome_pairs.py,method,search,23,37,8,B,,
python-algorithms,palindrome_pairs.py,class,Trie,6,44,5,A,,
python-algorithms,palindrome_pairs.py,method,insert,10,21,4,A,,
python-algorithms,palindrome_pairs.py,function,palindromePairs,47,57,3,A,,
python-algorithms,palindrome_pairs.py,method,is_palindrome,39,44,3,A,,
python-algorithms,palindrome_pairs.py,class,TrieNode,1,4,2,A,,
python-algorithms,palindrome_pairs.py,method,__init__,2,4,1,A,,
python-algorithms,palindrome_pairs.py,method,__init__,7,8,1,A,,
python-algorithms,implement_trie.py,class,Trie,6,36,3,A,,
python-algorithms,implement_trie.py,method,insert,11,18,3,A,,
python-algorithms,implement_trie.py,method,search,20,27,3,A,,
python-algorithms,implement_trie.py,method,startsWith,29,36,3,A,,
python-algorithms,implement_trie.py,class,TrieNode,1,4,2,A,,
python-algorithms,implement_trie.py,method,__init__,2,4,1,A,,
python-algorithms,implement_trie.py,method,__init__,8,9,1,A,,
python-algorithms,word_break.py,method,find,18,32,6,B,,
python-algorithms,word_break.py,class,Trie,5,32,4,A,,
python-algorithms,word_break.py,method,insert,10,16,3,A,,
python-algorithms,word_break.py,function,wordBreak,34,39,2,A,,
python-algorithms,word_break.py,class,TrieNode,1,3,2,A,,
python-algorithms,word_break.py,method,__init__,2,3,1,A,,
python-algorithms,word_break.py,method,__init__,6,8,1,A,,
python-algorithms,replace_words.py,class,Trie,5,25,4,A,,
python-algorithms,replace_words.py,method,replace,17,25,4,A,,
python-algorithms,replace_words.py,function,replaceWords,28,37,3,A,,
python-algorithms,replace_words.py,method,add_word,9,15,3,A,,
python-algorithms,replace_words.py,class,TrieNode,1,3,2,A,,
python-algorithms,replace_words.py,method,__init__,2,3,1,A,,
python-algorithms,replace_words.py,method,__init__,6,7,1,A,,
python-algorithms,longest_word_in_dictionary_2.py,function,longestWord,1,10,5,A,,
python-algorithms,longest_word_in_dictionary.py,function,longestWord,27,40,7,B,,
python-algorithms,longest_word_in_dictionary.py,class,Trie,5,25,4,A,,
python-algorithms,longest_word_in_dictionary.py,method,search,17,25,4,A,,
python-algorithms,longest_word_in_dictionary.py,method,insert,9,15,3,A,,
python-algorithms,longest_word_in_dictionary.py,class,TrieNode,1,3,2,A,,
python-algorithms,longest_word_in_dictionary.py,method,__init__,2,3,1,A,,
python-algorithms,longest_word_in_dictionary.py,method,__init__,6,7,1,A,,
python-algorithms,map_sum_pairs.py,class,MapSum,6,35,3,A,,
python-algorithms,map_sum_pairs.py,method,insert,11,18,3,A,,
python-algorithms,map_sum_pairs.py,method,sum,20,29,3,A,,
python-algorithms,map_sum_pairs.py,class,TrieNode,1,4,2,A,,
python-algorithms,map_sum_pairs.py,method,dfs,31,35,2,A,,
python-algorithms,map_sum_pairs.py,method,__init__,2,4,1,A,,
python-algorithms,map_sum_pairs.py,method,__init__,8,9,1,A,,
python-algorithms,short_encoding_of_words.py,class,Solution,1,14,5,A,,
python-algorithms,short_encoding_of_words.py,function,minimumLengthEncoding,34,46,4,A,,
python-algorithms,short_encoding_of_words.py,method,minimumLengthEncoding,2,14,4,A,,
python-algorithms,short_encoding_of_words.py,class,Trie,17,30,3,A,,
python-algorithms,short_encoding_of_words.py,method,insert,22,30,3,A,,
python-algorithms,short_encoding_of_words.py,method,__init__,18,20,1,A,,
python-algorithms,delete_node_in_linkedlist.py,function,deleteNode,39,45,4,A,,
python-algorithms,delete_node_in_linkedlist.py,class,ListNode,2,5,2,A,,
python-algorithms,delete_node_in_linkedlist.py,function,deleteNode,31,33,1,A,,
python-algorithms,delete_node_in_linkedlist.py,method,__init__,3,5,1,A,,
python-algorithms,remove_linkedlist_elements.py,function,removeElements,8,20,4,A,,
python-algorithms,remove_linkedlist_elements.py,function,removeElements2,24,35,4,A,,
python-algorithms,remove_linkedlist_elements.py,class,ListNode,2,5,2,A,,
python-algorithms,remove_linkedlist_elements.py,method,__init__,3,5,1,A,,
python-algorithms,palindrome_linkedlist.py,function,isPalindrome,7,19,8,B,,
python-algorithms,palindrome_linkedlist.py,function,reverse_list,22,29,2,A,,
python-algorithms,palindrome_linkedlist.py,class,ListNode,2,5,2,A,,
python-algorithms,palindrome_linkedlist.py,method,__init__,3,5,1,A,,
python-algorithms,odd_even_linkedlist.py,function,oddEvenList,9,25,4,A,,
python-algorithms,odd_even_linkedlist.py,class,ListNode,2,5,2,A,,
python-algorithms,odd_even_linkedlist.py,method,__init__,3,5,1,A,,
python-algorithms,linkedlist_cycle.py,function,detectCycle,8,18,7,B,,
python-algorithms,linkedlist_cycle.py,class,ListNode,2,5,2,A,,
python-algorithms,linkedlist_cycle.py,method,__init__,3,5,1,A,,
python-algorithms,add_two_numbers.py,function,addTwoNumbers,8,23,8,B,,
python-algorithms,add_two_numbers.py,class,ListNode,2,5,2,A,,
python-algorithms,add_two_numbers.py,method,__init__,3,5,1,A,,
python-algorithms,reverse_nodes_in_k_groups.py,function,reverseKGroup,7,33,9,B,,
python-algorithms,reverse_nodes_in_k_groups.py,class,ListNode,2,5,2,A,,
python-algorithms,reverse_nodes_in_k_groups.py,method,__init__,3,5,1,A,,
python-algorithms,swap_nodes_in_pairs.py,function,swapPairs,1,21,7,B,,
python-algorithms,merge_k_sorted_lists.py,function,mergeKLists,18,28,5,A,,
python-algorithms,merge_k_sorted_lists.py,function,mergeTwoLists,30,40,5,A,,
python-algorithms,merge_k_sorted_lists.py,function,mergeKLists2,54,68,4,A,,
python-algorithms,merge_k_sorted_lists.py,function,print_list,75,78,2,A,,
python-algorithms,merge_k_sorted_lists.py,class,ListNode,4,10,2,A,,
python-algorithms,merge_k_sorted_lists.py,method,__init__,5,7,1,A,,
python-algorithms,merge_k_sorted_lists.py,method,__lt__,9,10,1,A,,
python-algorithms,merge_two_sorted_lists.py,function,mergeTwoLists,10,20,5,A,,
python-algorithms,merge_two_sorted_lists.py,class,ListNode,2,5,2,A,,
python-algorithms,merge_two_sorted_lists.py,method,__init__,3,5,1,A,,
python-algorithms,remove_nth_node_from_list.py,function,removeNthFromEnd,7,19,4,A,,
python-algorithms,remove_nth_node_from_list.py,class,ListNode,2,5,2,A,,
python-algorithms,remove_nth_node_from_list.py,method,__init__,3,5,1,A,,
python-algorithms,intersection_of_two_linkedlists.py,function,getIntersectionNode,1,16,8,B,,
python-algorithms,intersection_of_two_linkedlists.py,function,count_list,19,25,2,A,,
python-algorithms,partition_list.py,function,partition,7,22,3,A,,
python-algorithms,partition_list.py,class,ListNode,2,5,2,A,,
python-algorithms,partition_list.py,method,__init__,3,5,1,A,,
python-algorithms,lc_138_copy_list_with_random_pointer.py,function,copyRandomList,7,20,3,A,,
python-algorithms,lc_138_copy_list_with_random_pointer.py,class,Node,1,5,2,A,,
python-algorithms,lc_138_copy_list_with_random_pointer.py,method,__init__,2,5,1,A,,
python-algorithms,reorder_list.py,function,reorderList,7,26,8,B,,
python-algorithms,reorder_list.py,function,reorderList2,39,56,8,B,,
python-algorithms,reorder_list.py,function,reverse,29,36,2,A,,
python-algorithms,reorder_list.py,class,ListNode,2,5,2,A,,
python-algorithms,reorder_list.py,method,__init__,3,5,1,A,,
python-algorithms,sort_list.py,function,mergeTwoLists,28,38,5,A,,
python-algorithms,sort_list.py,function,sortList,8,18,3,A,,
python-algorithms,sort_list.py,function,getMid,21,26,3,A,,
python-algorithms,sort_list.py,class,ListNode,2,5,2,A,,
python-algorithms,sort_list.py,method,__init__,3,5,1,A,,
python-algorithms,sort_list_2.py,function,sortList,10,25,5,A,,
python-algorithms,sort_list_2.py,class,ListNode,4,7,2,A,,
python-algorithms,sort_list_2.py,method,__init__,5,7,1,A,,
python-algorithms,split_linkedlist_in_parts.py,function,splitListToParts,8,27,5,A,,
python-algorithms,split_linkedlist_in_parts.py,class,ListNode,2,5,2,A,,
python-algorithms,split_linkedlist_in_parts.py,method,__init__,3,5,1,A,,
python-algorithms,insertion_sort.py,function,insertionSortList,9,23,4,A,,
python-algorithms,insertion_sort.py,class,ListNode,2,5,2,A,,
python-algorithms,insertion_sort.py,method,__init__,3,5,1,A,,
python-algorithms,linkedlist_cycle.py,function,has_cycle,1,10,5,A,,
python-algorithms,remove_duplicates_from_sorted_list.py,function,deleteDuplicates,11,21,4,A,,
python-algorithms,remove_duplicates_from_sorted_list.py,function,deleteDuplicates2,27,40,4,A,,
python-algorithms,remove_duplicates_from_sorted_list.py,class,ListNode,4,7,2,A,,
python-algorithms,remove_duplicates_from_sorted_list.py,method,__init__,5,7,1,A,,
python-algorithms,convert_sorted_list_binary_tree.py,function,sorted_list_to_bst,15,31,5,A,,
python-algorithms,convert_sorted_list_binary_tree.py,function,sorted_list_to_bst_2,43,58,2,A,,
python-algorithms,convert_sorted_list_binary_tree.py,function,buildTree,49,56,2,A,sorted_list_to_bst_2,
python-algorithms,convert_sorted_list_binary_tree.py,class,ListNode,2,5,2,A,,
python-algorithms,convert_sorted_list_binary_tree.py,class,TreeNode,8,12,2,A,,
python-algorithms,convert_sorted_list_binary_tree.py,method,__init__,3,5,1,A,,
python-algorithms,convert_sorted_list_binary_tree.py,method,__init__,9,12,1,A,,
python-algorithms,reverse_linkedlist_II.py,function,reverseBetween,8,32,8,B,,
python-algorithms,reverse_linkedlist_II.py,class,ListNode,2,5,2,A,,
python-algorithms,reverse_linkedlist_II.py,method,__init__,3,5,1,A,,
python-algorithms,rotate_list.py,function,rotateRight,8,26,8,B,,
python-algorithms,rotate_list.py,function,rotateLeft,31,46,4,A,,
python-algorithms,rotate_list.py,class,ListNode,2,5,2,A,,
python-algorithms,rotate_list.py,method,__init__,3,5,1,A,,
python-algorithms,add_two_numbers_II.py,function,addTwoNumbers,7,25,8,B,,
python-algorithms,add_two_numbers_II.py,function,reverse,28,35,2,A,,
python-algorithms,add_two_numbers_II.py,class,ListNode,2,5,2,A,,
python-algorithms,add_two_numbers_II.py,method,__init__,3,5,1,A,,
python-algorithms,add_two_numbers.py,function,addTwoNumbers,8,21,6,B,,
python-algorithms,add_two_numbers.py,function,create_stack,23,29,2,A,,
python-algorithms,add_two_numbers.py,class,ListNode,2,5,2,A,,
python-algorithms,add_two_numbers.py,method,__init__,3,5,1,A,,
python-algorithms,remove_duplicates_from_sorted_list_II.py,function,deleteDuplicates,8,23,5,A,,
python-algorithms,remove_duplicates_from_sorted_list_II.py,class,ListNode,2,5,2,A,,
python-algorithms,remove_duplicates_from_sorted_list_II.py,method,__init__,3,5,1,A,,
python-algorithms,reverse_linkedlist.py,function,reverse_list,1,8,2,A,,
python-algorithms,task_scheduling_order.py,function,find_order,12,46,11,C,,
python-algorithms,task_scheduling_order.py,function,main,49,54,1,A,,
python-algorithms,alien_dictionary.py,function,find_order,18,59,13,C,,
python-algorithms,alien_dictionary.py,function,main,62,65,1,A,,
python-algorithms,find_cycle.py,function,topological_sort,13,47,11,C,,
python-algorithms,find_cycle.py,function,main,49,55,1,A,,
python-algorithms,course_scheduling_order.py,function,find_order,12,46,11,C,,
python-algorithms,course_scheduling_order.py,function,main,49,54,1,A,,
python-algorithms,course_scheduling.py,function,is_scheduling_possible,14,48,10,B,,
python-algorithms,course_scheduling.py,function,main,51,57,1,A,,
python-algorithms,topological_sort.py,function,topological_sort,13,48,11,C,,
python-algorithms,topological_sort.py,function,main,50,56,1,A,,
python-algorithms,task_scheduling.py,function,is_scheduling_possible,14,48,10,B,,
python-algorithms,task_scheduling.py,function,main,51,57,1,A,,
python-algorithms,path_with_given_sequence.py,function,check_sequence,22,33,7,B,,
python-algorithms,path_with_given_sequence.py,function,find_path,17,20,2,A,,
python-algorithms,path_with_given_sequence.py,class,TreeNode,1,5,2,A,,
python-algorithms,path_with_given_sequence.py,method,__init__,2,5,1,A,,
python-algorithms,sum_of_path_numbers.py,function,find_path_numbers,21,29,4,A,,
python-algorithms,sum_of_path_numbers.py,class,TreeNode,1,5,2,A,,
python-algorithms,sum_of_path_numbers.py,function,find_sum_of_path_numbers,18,19,1,A,,
python-algorithms,sum_of_path_numbers.py,method,__init__,2,5,1,A,,
python-algorithms,find_paths.py,function,get_paths,46,64,5,A,,
python-algorithms,find_paths.py,class,TreeNode,33,37,2,A,,
python-algorithms,find_paths.py,function,find_paths,40,44,1,A,,
python-algorithms,find_paths.py,method,__init__,34,37,1,A,,
python-algorithms,root_to_leaf_paths.py,function,get_paths,15,27,4,A,,
python-algorithms,root_to_leaf_paths.py,class,TreeNode,2,6,2,A,,
python-algorithms,root_to_leaf_paths.py,function,root_to_leaf,9,13,1,A,,
python-algorithms,root_to_leaf_paths.py,method,__init__,3,6,1,A,,
python-algorithms,count_paths_for_sum.py,function,count_paths_recurse,25,43,4,A,,
python-algorithms,count_paths_for_sum.py,class,TreeNode,1,5,2,A,,
python-algorithms,count_paths_for_sum.py,function,count_paths,22,23,1,A,,
python-algorithms,count_paths_for_sum.py,method,__init__,2,5,1,A,,
python-algorithms,btree_path_sum.py,function,has_path,17,27,6,B,,
python-algorithms,btree_path_sum.py,class,TreeNode,1,5,2,A,,
python-algorithms,btree_path_sum.py,method,__init__,2,5,1,A,,
python-algorithms,path_with_max_sum.py,class,MaximumPathSum,22,52,3,A,,
python-algorithms,path_with_max_sum.py,class,TreeNode,4,8,2,A,,
python-algorithms,path_with_max_sum.py,method,find_maximum_path_sum_recursive,29,52,2,A,,
python-algorithms,path_with_max_sum.py,method,__init__,5,8,1,A,,
python-algorithms,path_with_max_sum.py,method,find_maximum_path_sum,24,27,1,A,,
python-algorithms,tree_diameter.py,method,calculate_height,27,47,4,A,,
python-algorithms,tree_diameter.py,class,TreeDiameter,18,47,3,A,,
python-algorithms,tree_diameter.py,class,TreeNode,1,5,2,A,,
python-algorithms,tree_diameter.py,method,__init__,2,5,1,A,,
python-algorithms,tree_diameter.py,method,__init__,20,21,1,A,,
python-algorithms,tree_diameter.py,method,find_diameter,23,25,1,A,,
python-algorithms,subsets.py,function,find_subsets,14,26,3,A,,
python-algorithms,subsets_with_duplicates.py,function,find_subsets,14,31,5,A,,
python-algorithms,unique_gen_abbrev.py,function,generate_generalized_abbreviation,3,4,1,A,,
python-algorithms,balanced_parenthesis.py,function,generate_valid_parentheses,10,29,6,B,,
python-algorithms,balanced_parenthesis.py,class,ParenthesesString,4,8,2,A,,
python-algorithms,balanced_parenthesis.py,method,__init__,5,8,1,A,,
python-algorithms,string_permuations.py,function,find_letter_case_string_permutations,13,27,4,A,,
python-algorithms,permutations.py,function,find_permutations,21,40,5,A,,
python-algorithms,employee_free_time.py,function,find_employee_free_time,1,15,5,A,,
python-algorithms,conflicting_appointments.py,function,can_attend_all_appointments,13,30,6,B,,
python-algorithms,conflicting_appointments.py,function,can_attend_all_appointments_2,34,45,3,A,,
python-algorithms,insert_interval.py,function,insert,10,29,6,B,,
python-algorithms,merge_2.py,function,merge,24,46,4,A,,
python-algorithms,merge_2.py,class,Interval,2,8,2,A,,
python-algorithms,merge_2.py,method,__init__,3,5,1,A,,
python-algorithms,merge_2.py,method,print_interval,7,8,1,A,,
python-algorithms,merge.py,function,merge,15,37,4,A,,
python-algorithms,find_interval.py,function,find_interval,1,15,4,A,,
python-algorithms,find_max_cpu_load.py,function,find_max_cpu_load,17,40,4,A,,
python-algorithms,find_max_cpu_load_clean.py,function,find_max_cpu_load,28,43,4,A,,
python-algorithms,find_max_cpu_load_clean.py,class,job,17,25,2,A,,
python-algorithms,find_max_cpu_load_clean.py,method,__init__,18,21,1,A,,
python-algorithms,find_max_cpu_load_clean.py,method,__lt__,23,25,1,A,,
python-algorithms,min_meeting_rooms.py,function,min_meeting_rooms,18,37,4,A,,
python-algorithms,min_meeting_rooms_clean.py,function,min_meeting_rooms,27,41,4,A,,
python-algorithms,min_meeting_rooms_clean.py,class,Meeting,3,10,2,A,,
python-algorithms,min_meeting_rooms_clean.py,method,__init__,4,6,1,A,,
python-algorithms,min_meeting_rooms_clean.py,method,__lt__,8,10,1,A,,
python-algorithms,interval_intersection.py,function,interval_intersection,1,22,8,B,,
python-algorithms,median_in_sorted_arrays.py,function,merge_arrays,13,48,12,C,,
python-algorithms,median_in_sorted_arrays.py,function,main,57,63,1,A,,
python-algorithms,kth_smallest_number_in_sorted_matrix.py,function,find_Kth_smallest,14,35,7,B,,
python-algorithms,kth_smallest_number_in_sorted_matrix.py,function,main,38,40,1,A,,
python-algorithms,smallest_number_range.py,function,find_smallest_range,14,37,7,B,,
python-algorithms,smallest_number_range.py,function,main,40,44,1,A,,
python-algorithms,merge_k_sorted_arrays.py,function,merge_arrays,13,33,6,B,,
python-algorithms,merge_k_sorted_arrays.py,function,main,42,48,1,A,,
python-algorithms,k_pairs_with_largest_sum.py,function,find_k_largest_pairs,3,20,6,B,,
python-algorithms,k_pairs_with_largest_sum.py,function,main,23,27,1,A,,
python-algorithms,merge_k_sorted_lists.py,function,merge_lists,25,46,6,B,,
python-algorithms,merge_k_sorted_lists.py,function,main,50,67,2,A,,
python-algorithms,merge_k_sorted_lists.py,class,ListNode,6,12,2,A,,
python-algorithms,merge_k_sorted_lists.py,method,__init__,7,9,1,A,,
python-algorithms,merge_k_sorted_lists.py,method,__lt__,11,12,1,A,,
python-algorithms,k_smallest_number.py,function,find_Kth_smallest,13,34,7,B,,
python-algorithms,k_smallest_number.py,function,main,37,43,1,A,,
python-algorithms,number_factors_top_down_approach.py,function,count_ways_recursive,32,51,7,B,,
python-algorithms,number_factors_top_down_approach.py,function,count_ways,9,25,6,B,,
python-algorithms,number_factors_top_down_approach.py,function,count_ways_dp,28,30,2,A,,
python-algorithms,number_factors_bottom_up_approach.py,function,count_ways,3,15,5,A,,
python-algorithms,house_theif_top_down_solution.py,function,find_max_steal_recursive_dp,26,36,3,A,,
python-algorithms,house_theif_top_down_solution.py,function,find_max_steal_recursive,8,15,2,A,,
python-algorithms,house_theif_top_down_solution.py,function,find_max_steal_dp,21,24,2,A,,
python-algorithms,house_theif_top_down_solution.py,function,find_max_steal,4,6,1,A,,
python-algorithms,house_theif_top_down_solution.py,function,main,39,47,1,A,,
python-algorithms,min_jumps_with_fee_top_down_solution.py,function,find_min_recursive_dp,31,47,4,A,,
python-algorithms,min_jumps_with_fee_top_down_solution.py,function,find_min_recursive,8,20,3,A,,
python-algorithms,min_jumps_with_fee_top_down_solution.py,function,find_min_fee_dp,26,29,2,A,,
python-algorithms,min_jumps_with_fee_top_down_solution.py,function,find_min_fee,4,5,1,A,,
python-algorithms,min_jumps_with_fee_top_down_solution.py,function,main,49,56,1,A,,
python-algorithms,staircase_bottom_up_approach.py,function,count_ways,3,15,5,A,,
python-algorithms,staircase_bottom_up_approach.py,function,count_ways_optimal,19,30,4,A,,
python-algorithms,staircase_top_down_approach.py,function,count_ways_recursive,37,50,6,B,,
python-algorithms,staircase_top_down_approach.py,function,count_ways,9,18,5,A,,
python-algorithms,staircase_top_down_approach.py,function,count_ways_dp,32,34,2,A,,
python-algorithms,fibonacci_bottom_up_approach.py,function,calculate_fibonacci,3,8,2,A,,
python-algorithms,fibonacci_bottom_up_approach.py,function,calculate_fib,13,20,2,A,,
python-algorithms,fibonacci_top_down_approach.py,function,calc_fib_memoize,21,29,3,A,,
python-algorithms,fibonacci_top_down_approach.py,function,calculate_fib,8,12,2,A,,
python-algorithms,fibonacci_top_down_approach.py,function,calc_fib,17,19,2,A,,
python-algorithms,lp_substring_top_down_solution.py,function,find_LPS_length_recursive_dp,31,52,6,B,,
python-algorithms,lp_substring_top_down_solution.py,function,find_LPS_length_recursive,6,22,5,A,,
python-algorithms,lp_substring_top_down_solution.py,function,find_LPS_length_dp,25,29,3,A,,
python-algorithms,lp_substring_top_down_solution.py,function,find_LPS_length,1,3,1,A,,
python-algorithms,lp_substring_top_down_solution.py,function,main,55,64,1,A,,
python-algorithms,lps_top_down_approach.py,function,find_LPS_length_recursive_dp,27,44,5,A,,
python-algorithms,lps_top_down_approach.py,function,find_LPS_length_recursive,5,18,4,A,,
python-algorithms,lps_top_down_approach.py,function,find_LPS_length_dp,21,25,3,A,,
python-algorithms,lps_top_down_approach.py,function,find_LPS_length,1,3,1,A,,
python-algorithms,lps_top_down_approach.py,function,main,46,55,1,A,,
python-algorithms,count_of_ps_top_down_approach.py,function,isPalindrome,57,64,5,A,,
python-algorithms,count_of_ps_top_down_approach.py,function,countSubstrings,48,55,2,A,,
python-algorithms,count_of_ps_top_down_approach.py,function,count_PS,1,28,1,A,,
python-algorithms,count_of_ps_top_down_approach.py,function,count_PS_recursive,5,24,7,B,count_PS,
python-algorithms,01_knapsack_top_down_approach.py,function,knapsack_recursive_dp,23,45,5,A,,
python-algorithms,01_knapsack_top_down_approach.py,function,knapsack_recursive,5,15,4,A,,
python-algorithms,01_knapsack_top_down_approach.py,function,solve_knapsack_dp,19,21,3,A,,
python-algorithms,01_knapsack_top_down_approach.py,function,solve_knapsack,2,3,1,A,,
python-algorithms,01_knapsack_top_down_approach.py,function,main,47,54,1,A,,
python-algorithms,square_sorted_array.py,function,square_and_sort_array,5,24,4,A,,
python-algorithms,triplet_sum_to_zero.py,function,search_pair,24,40,8,B,,
python-algorithms,triplet_sum_to_zero.py,function,search_triplets,13,22,4,A,,
python-algorithms,shortest_window_sort.py,function,find_min_index,7,15,5,A,,
python-algorithms,shortest_window_sort.py,function,find_max_index,17,25,4,A,,
python-algorithms,shortest_window_sort.py,function,findUnsortedSubarray,1,5,2,A,,
python-algorithms,shortest_window_sort_2.py,function,findUnsortedSubarray,1,21,10,B,,
python-algorithms,remove_duplicates.py,function,remove_duplicates,3,12,3,A,,
python-algorithms,backspace_compare.py,function,get_str,4,12,3,A,,
python-algorithms,backspace_compare.py,function,backspace_compare,1,2,1,A,,
python-algorithms,backspace_compare.py,function,compare,23,33,1,A,,
python-algorithms,backspace_compare.py,function,parse_str,24,31,4,A,compare,
python-algorithms,find_subarrays.py,function,find_subarrays,1,21,7,B,,
python-algorithms,find_subarrays.py,function,numSubarrayProductLessThanK,30,43,5,A,,
python-algorithms,triplets_with_smaller_sum_2.py,function,search_pairs,28,39,4,A,,
python-algorithms,triplets_with_smaller_sum_2.py,function,triplet_with_smaller_sum,18,25,2,A,,
python-algorithms,triplets_with_smaller_sum.py,function,search_pair,24,37,3,A,,
python-algorithms,triplets_with_smaller_sum.py,function,triplet_with_smaller_sum,14,22,2,A,,
python-algorithms,search_quadruplets.py,function,search_pair,26,43,8,B,,
python-algorithms,search_quadruplets.py,function,search_quadruplets,12,23,7,B,,
python-algorithms,dutch_flag_sort.py,function,dutch_flag_sort,8,23,4,A,,
python-algorithms,remove_keys.py,function,remove_keys,3,11,3,A,,
python-algorithms,pair_with_target_sum.py,function,pair_with_target_sum,3,15,4,A,,
python-algorithms,pair_with_target_sum.py,function,pair_with_target_sum_2,18,29,4,A,,
python-algorithms,pair_with_target_sum.py,function,target_sum_pair,36,45,3,A,,
python-algorithms,find_corrupt_pair.py,function,find_corrupt_pair,1,15,5,A,,
python-algorithms,find_all_missing_numbers.py,function,find_missing_numbers,8,22,6,B,,
python-algorithms,find_duplicates.py,function,find_all_duplicates,7,21,5,A,,
python-algorithms,find_duplicate_number.py,function,find_duplicate,7,20,4,A,,
python-algorithms,find_first_k_missing_positive.py,function,find_first_k_missing_positive,7,33,10,B,,
python-algorithms,find_first_smallest_missing_positive.py,function,find_first_smallest_missing_positive,6,19,7,B,,
python-algorithms,cyclic_sort.py,function,cyclic_sort,13,23,3,A,,
python-algorithms,find_missing_number.py,function,find_missing_number,1,15,6,B,,
python-algorithms,binary_search.py,function,binary_search,9,29,6,B,,
python-algorithms,rotation_count.py,function,count_rotations,1,17,7,B,,
python-algorithms,minimum_difference_element.py,function,search_min_diff_element,1,22,7,B,,
python-algorithms,number_range.py,function,find_range_2,42,53,6,B,,
python-algorithms,number_range.py,function,binary_search,18,34,5,A,,
python-algorithms,number_range.py,function,bin_search,55,67,4,A,,
python-algorithms,number_range.py,function,find_range,9,14,2,A,,
python-algorithms,ceiling_of_number.py,function,search_ceiling_of_a_number,8,26,6,B,,
python-algorithms,ceiling_of_number.py,function,getCeilingNaive,36,44,4,A,,
python-algorithms,search_in_rotated_array.py,function,search_rotated_array,8,30,10,B,,
python-algorithms,search_in_rotated_array.py,function,search_rotated_array,8,28,8,B,,
python-algorithms,next_letter.py,function,simple_binary_search,33,53,7,B,,
python-algorithms,next_letter.py,function,search_next_letter,8,23,4,A,,
python-algorithms,next_letter.py,function,next_letter,65,70,3,A,,
python-algorithms,search_sorted_infinite_array.py,function,binary_search,38,48,4,A,,
python-algorithms,search_sorted_infinite_array.py,class,ArrayReader,4,12,3,A,,
python-algorithms,search_sorted_infinite_array.py,function,search_in_infinite_array,26,35,2,A,,
python-algorithms,search_sorted_infinite_array.py,method,get,9,12,2,A,,
python-algorithms,search_sorted_infinite_array.py,method,__init__,6,7,1,A,,
python-algorithms,bitonic_array_maximum.py,function,find_max,28,42,7,B,,
python-algorithms,bitonic_array_maximum.py,function,find_max_in_bitonic_array,8,19,3,A,,
python-algorithms,floor_of_number.py,function,search_floor_of_a_number,9,28,6,B,,
python-algorithms,search_bitonic_array.py,function,binary_search,30,48,6,B,,
python-algorithms,search_bitonic_array.py,function,search_bitonic_array,8,16,3,A,,
python-algorithms,search_bitonic_array.py,function,find_max,19,28,3,A,,
python-algorithms,start_of_linkedlist_cycle.py,function,find_cycle_start,46,57,4,A,,
python-algorithms,start_of_linkedlist_cycle.py,function,calculate_cycle_count,59,70,3,A,,
python-algorithms,start_of_linkedlist_cycle.py,function,find_start,72,84,3,A,,
python-algorithms,start_of_linkedlist_cycle.py,class,Node,9,12,2,A,,
python-algorithms,start_of_linkedlist_cycle.py,method,__init__,10,12,1,A,,
python-algorithms,happy_number.py,function,find_happy_number,24,34,3,A,,
python-algorithms,happy_number.py,function,find_square_sum,36,44,2,A,,
python-algorithms,reorder_linkedlist.py,function,reorder,22,48,8,B,,
python-algorithms,reorder_linkedlist.py,class,Node,9,19,3,A,,
python-algorithms,reorder_linkedlist.py,function,reverse,51,58,2,A,,
python-algorithms,reorder_linkedlist.py,method,print_list,14,19,2,A,,
python-algorithms,reorder_linkedlist.py,method,__init__,10,12,1,A,,
python-algorithms,length_of_cycle.py,function,find_cycle_length,13,23,4,A,,
python-algorithms,length_of_cycle.py,function,calculate_cycle_length,26,35,3,A,,
python-algorithms,length_of_cycle.py,class,Node,1,4,2,A,,
python-algorithms,length_of_cycle.py,method,__init__,2,4,1,A,,
python-algorithms,find_duplicate.py,function,find_duplicate,4,17,3,A,,
python-algorithms,find_duplicate.py,function,find_start,20,32,3,A,,
python-algorithms,middle_of_linkedlist.py,function,find_middle_of_linked_list,6,12,3,A,,
python-algorithms,middle_of_linkedlist.py,class,Node,1,4,2,A,,
python-algorithms,middle_of_linkedlist.py,method,__init__,2,4,1,A,,
python-algorithms,palindrome_linkedlist.py,function,is_palindromic_linked_list,12,37,10,B,,
python-algorithms,palindrome_linkedlist.py,function,reverse_list,39,47,2,A,,
python-algorithms,palindrome_linkedlist.py,class,Node,7,10,2,A,,
python-algorithms,palindrome_linkedlist.py,method,__init__,8,10,1,A,,
python-algorithms,find_cycle_length.py,function,has_cycle,30,39,4,A,,
python-algorithms,find_cycle_length.py,class,Node,1,4,2,A,,
python-algorithms,find_cycle_length.py,method,__init__,2,4,1,A,,
python-algorithms,frequency_sort.py,function,sort_character_by_frequency,14,33,5,A,,
python-algorithms,top_k_numbers.py,function,find_k_largest_numbers,9,24,4,A,,
python-algorithms,kth_smallest_number.py,function,find_Kth_smallest_number,10,24,4,A,,
python-algorithms,kth_smallest_number.py,function,find_Kth_smallest_number_2,34,43,3,A,,
python-algorithms,k_closest_point_to_origin.py,function,find_closest_points,29,40,4,A,,
python-algorithms,k_closest_point_to_origin.py,class,Point,3,19,2,A,,
python-algorithms,k_closest_point_to_origin.py,method,__init__,5,8,1,A,,
python-algorithms,k_closest_point_to_origin.py,method,__lt__,11,12,1,A,,
python-algorithms,k_closest_point_to_origin.py,method,distance_from_origin,14,16,1,A,,
python-algorithms,k_closest_point_to_origin.py,method,print_point,18,19,1,A,,
python-algorithms,top_k_frequent_numbers.py,function,find_k_frequent_numbers,11,27,5,A,,
python-algorithms,connect_ropes.py,function,minimum_cost_to_connect_ropes,12,23,3,A,,
python-algorithms,kth_largest_number_in_stream.py,class,KthLargestNumberInStream,10,25,3,A,,
python-algorithms,kth_largest_number_in_stream.py,method,__init__,14,17,2,A,,
python-algorithms,kth_largest_number_in_stream.py,method,add,19,25,2,A,,
python-algorithms,k_closest_numbers.py,function,binary_search,31,47,5,A,,
python-algorithms,k_closest_numbers.py,function,find_closest_elements,12,28,3,A,,
python-algorithms,next_interval.py,function,find_next_interval,8,27,7,B,,
python-algorithms,next_interval.py,class,Interval,2,5,2,A,,
python-algorithms,next_interval.py,method,__init__,3,5,1,A,,
python-algorithms,maximize_capital.py,function,find_maximum_capital,12,30,6,B,,
python-algorithms,sliding_window_median.py,method,find_sliding_window_median,22,49,8,B,,
python-algorithms,sliding_window_median.py,class,SlidingWindowMedian,18,66,4,A,,
python-algorithms,sliding_window_median.py,method,rebalance_heaps,51,55,3,A,,
python-algorithms,sliding_window_median.py,method,remove,57,66,2,A,,
python-algorithms,sliding_window_median.py,method,__init__,19,20,1,A,,
python-algorithms,median_of_number_stream.py,class,MedianOfAStream,12,30,5,A,,
python-algorithms,median_of_number_stream.py,method,insert_num,15,24,5,A,,
python-algorithms,median_of_number_stream.py,method,find_median,26,30,2,A,,
python-algorithms,find_minimum_depth.py,function,find_minimum_depth,21,45,8,B,,
python-algorithms,find_minimum_depth.py,class,TreeNode,2,5,2,A,,
python-algorithms,find_minimum_depth.py,method,__init__,3,5,1,A,,
python-algorithms,connect_level_order_siblings.py,function,connect_all_siblings,32,50,6,B,,
python-algorithms,connect_level_order_siblings.py,class,TreeNode,18,29,3,A,,
python-algorithms,connect_level_order_siblings.py,method,print_tree,24,29,2,A,,
python-algorithms,connect_level_order_siblings.py,method,__init__,19,21,1,A,,
python-algorithms,level_order_successor.py,function,find_successor,23,42,7,B,,
python-algorithms,level_order_successor.py,class,TreeNode,4,7,2,A,,
python-algorithms,level_order_successor.py,method,__init__,5,7,1,A,,
python-algorithms,zigzag_traversal.py,function,traverse,22,51,7,B,,
python-algorithms,zigzag_traversal.py,class,TreeNode,4,7,2,A,,
python-algorithms,zigzag_traversal.py,method,__init__,5,7,1,A,,
python-algorithms,level_order_traversal.py,function,traverse,22,44,6,B,,
python-algorithms,level_order_traversal.py,class,TreeNode,4,7,2,A,,
python-algorithms,level_order_traversal.py,method,__init__,5,7,1,A,,
python-algorithms,reverse_level_order_traversal.py,function,traverse,22,43,6,B,,
python-algorithms,reverse_level_order_traversal.py,class,TreeNode,4,7,2,A,,
python-algorithms,reverse_level_order_traversal.py,method,__init__,5,7,1,A,,
python-algorithms,connect_level_order_siblings.py,function,connect_level_order_siblings,39,59,7,B,,
python-algorithms,connect_level_order_siblings.py,method,print_level_order,23,36,6,B,,
python-algorithms,connect_level_order_siblings.py,class,TreeNode,17,36,5,A,,
python-algorithms,connect_level_order_siblings.py,method,__init__,18,20,1,A,,
python-algorithms,level_averages_in_binary_tree.py,function,find_level_averages,22,45,6,B,,
python-algorithms,level_averages_in_binary_tree.py,class,TreeNode,4,7,2,A,,
python-algorithms,level_averages_in_binary_tree.py,method,__init__,5,7,1,A,,
python-algorithms,max_depth_of_tree.py,function,find_maxiimum_depth,21,42,6,B,,
python-algorithms,max_depth_of_tree.py,class,TreeNode,2,5,2,A,,
python-algorithms,max_depth_of_tree.py,method,__init__,3,5,1,A,,
python-algorithms,largest_value_on_each_level.py,function,find_level_averages,22,45,6,B,,
python-algorithms,largest_value_on_each_level.py,class,TreeNode,4,7,2,A,,
python-algorithms,largest_value_on_each_level.py,method,__init__,5,7,1,A,,
python-algorithms,left_view_of_binary_tree.py,function,tree_left_view,23,46,7,B,,
python-algorithms,left_view_of_binary_tree.py,class,TreeNode,5,8,2,A,,
python-algorithms,left_view_of_binary_tree.py,method,__init__,6,8,1,A,,
python-algorithms,right_view_of_binary_tree.py,function,tree_right_view,23,46,7,B,,
python-algorithms,right_view_of_binary_tree.py,class,TreeNode,5,8,2,A,,
python-algorithms,right_view_of_binary_tree.py,method,__init__,6,8,1,A,,
python-algorithms,find_permutation.py,function,find_permutation,1,32,10,B,,
python-algorithms,fruits_into_baskets.py,function,fruits_into_baskets,5,32,6,B,,
python-algorithms,averages_of_subarrays.py,function,find_averages_of_subarrays,1,13,3,A,,
python-algorithms,smallest_subarray_with_greater_sum.py,function,smallest_subarray_with_given_sum,36,50,4,A,,
python-algorithms,smallest_subarray_with_greater_sum.py,function,smallest_subarray_with_greater_sum,6,24,1,A,,
python-algorithms,smallest_subarray_with_greater_sum.py,function,_find_smallest_subarray,8,22,5,A,smallest_subarray_with_greater_sum,
python-algorithms,length_of_longest_substring.py,function,length_of_longest_substring,1,17,5,A,,
python-algorithms,find_subarrays.py,function,find_subarrays,1,21,7,B,,
python-algorithms,longest_substr_with_same_letters.py,function,length_of_longest_substring,9,32,4,A,,
python-algorithms,longest_subtr.py,function,longest_substring_with_k_distinct,6,28,5,A,,
python-algorithms,maximum_sum_subarray_of_size_K.py,function,max_sum_subarray,3,19,5,A,,
python-algorithms,find_substring.py,function,find_substring,1,33,10,B,,
python-algorithms,string_anagram.py,function,find_string_anagrams,1,35,10,B,,
python-algorithms,find_word_concatenation.py,function,find_word_concatenation,1,4,1,A,,
python-algorithms,longest_substr_with_distinct_chars.py,function,non_repeat_substring,9,34,5,A,,
python-algorithms,longest_substr_with_distinct_chars.py,function,non_repeat_substring_2,44,63,3,A,,
python-algorithms,reverse_sublist.py,function,reverse_sub_list,25,55,7,B,,
python-algorithms,reverse_sublist.py,class,Node,10,22,3,A,,
python-algorithms,reverse_sublist.py,method,print_list,15,22,3,A,,
python-algorithms,reverse_sublist.py,method,__init__,11,13,1,A,,
python-algorithms,reverse_alternate_k_elements.py,function,alternate,58,83,10,B,,
python-algorithms,reverse_alternate_k_elements.py,function,reverse_alternate_k_elements,22,53,9,B,,
python-algorithms,reverse_alternate_k_elements.py,class,Node,3,13,3,A,,
python-algorithms,reverse_alternate_k_elements.py,method,print_list,8,13,2,A,,
python-algorithms,reverse_alternate_k_elements.py,method,__init__,4,6,1,A,,
python-algorithms,reverse_linkedlist.py,function,reverse,23,35,3,A,,
python-algorithms,reverse_linkedlist.py,class,Node,11,21,3,A,,
python-algorithms,reverse_linkedlist.py,method,print_list,16,21,2,A,,
python-algorithms,reverse_linkedlist.py,method,__init__,12,14,1,A,,
python-algorithms,rotate_linkedlist.py,function,solution2,54,72,8,B,,
python-algorithms,rotate_linkedlist.py,function,rotate,25,51,7,B,,
python-algorithms,rotate_linkedlist.py,class,Node,4,14,3,A,,
python-algorithms,rotate_linkedlist.py,method,print_list,9,14,2,A,,
python-algorithms,rotate_linkedlist.py,method,__init__,5,7,1,A,,
python-algorithms,reverse_every_k_sublist_iterative.py,function,reverse_every_k_elements,24,52,8,B,,
python-algorithms,reverse_every_k_sublist_iterative.py,class,Node,3,13,3,A,,
python-algorithms,reverse_every_k_sublist_iterative.py,method,print_list,8,13,2,A,,
python-algorithms,reverse_every_k_sublist_iterative.py,method,__init__,4,6,1,A,,
python-algorithms,reverse_every_k_sublist_recursive.py,function,reverse_sub_list,32,57,5,A,,
python-algorithms,reverse_every_k_sublist_recursive.py,function,reverse_every_k_elements,25,30,3,A,,
python-algorithms,reverse_every_k_sublist_recursive.py,class,Node,3,13,3,A,,
python-algorithms,reverse_every_k_sublist_recursive.py,method,print_list,8,13,2,A,,
python-algorithms,reverse_every_k_sublist_recursive.py,method,__init__,4,6,1,A,,
python-algorithms,queue.py,class,LinkedList,12,25,3,A,,
python-algorithms,queue.py,method,__iter__,18,25,3,A,,
python-algorithms,queue.py,class,Queue,27,72,3,A,,
python-algorithms,queue.py,method,dequeue,45,55,3,A,,
python-algorithms,queue.py,class,Node,3,10,2,A,,
python-algorithms,queue.py,method,__str__,32,34,2,A,,
python-algorithms,queue.py,method,enqueue,36,43,2,A,,
python-algorithms,queue.py,method,peek,58,62,2,A,,
python-algorithms,queue.py,method,isEmpty,65,69,2,A,,
python-algorithms,queue.py,method,__init__,4,7,1,A,,
python-algorithms,queue.py,method,__str__,9,10,1,A,,
python-algorithms,queue.py,method,__init__,13,16,1,A,,
python-algorithms,queue.py,method,__init__,28,30,1,A,,
python-algorithms,queue.py,method,delete,71,72,1,A,,
python-algorithms,queue.py,method,enqueue,13,27,4,A,,
python-algorithms,queue.py,method,dequeue,29,53,4,A,,
python-algorithms,queue.py,method,isFull,63,69,4,A,,
python-algorithms,queue.py,class,Queue,1,80,3,A,,
python-algorithms,queue.py,method,__str__,9,11,2,A,,
python-algorithms,queue.py,method,front,55,57,2,A,,
python-algorithms,queue.py,method,rear,59,61,2,A,,
python-algorithms,queue.py,method,isEmpty,71,75,2,A,,
python-algorithms,queue.py,method,__init__,2,7,1,A,,
python-algorithms,queue.py,method,delete,77,80,1,A,,
python-algorithms,queue.py,class,Queue,2,27,2,A,,
python-algorithms,queue.py,method,__str__,7,10,2,A,,
python-algorithms,queue.py,method,dequeue,15,17,2,A,,
python-algorithms,queue.py,method,peek,19,21,2,A,,
python-algorithms,queue.py,method,__init__,3,5,1,A,,
python-algorithms,queue.py,method,enqueue,12,13,1,A,,
python-algorithms,queue.py,method,isEmpty,23,24,1,A,,
python-algorithms,queue.py,method,delete,26,27,1,A,,
python-algorithms,avl_tree.py,function,deleteNode,190,222,14,C,,
python-algorithms,avl_tree.py,function,insertNode,158,183,11,C,,
python-algorithms,avl_tree.py,function,levelOrderTraversal,32,46,5,A,,
python-algorithms,avl_tree.py,function,searchNode,48,62,5,A,,
python-algorithms,avl_tree.py,function,getMinValueNode,185,188,3,A,,
python-algorithms,avl_tree.py,function,preOrderTraversal,11,16,2,A,,
python-algorithms,avl_tree.py,function,inOrderTraversal,18,23,2,A,,
python-algorithms,avl_tree.py,function,postOrderTraversal,25,30,2,A,,
python-algorithms,avl_tree.py,function,getHeight,65,68,2,A,,
python-algorithms,avl_tree.py,function,getBalance,153,156,2,A,,
python-algorithms,avl_tree.py,class,AVLNode,3,9,2,A,,
python-algorithms,avl_tree.py,function,rightRotate,102,109,1,A,,
python-algorithms,avl_tree.py,function,leftRotate,145,151,1,A,,
python-algorithms,avl_tree.py,function,deleteAVL,225,229,1,A,,
python-algorithms,avl_tree.py,method,__init__,4,9,1,A,,
python-algorithms,queue.py,class,LinkedList,12,25,3,A,,
python-algorithms,queue.py,method,__iter__,18,25,3,A,,
python-algorithms,queue.py,class,Queue,27,72,3,A,,
python-algorithms,queue.py,method,dequeue,45,55,3,A,,
python-algorithms,queue.py,class,Node,3,10,2,A,,
python-algorithms,queue.py,method,__str__,32,34,2,A,,
python-algorithms,queue.py,method,enqueue,36,43,2,A,,
python-algorithms,queue.py,method,peek,58,62,2,A,,
python-algorithms,queue.py,method,isEmpty,65,69,2,A,,
python-algorithms,queue.py,method,__init__,4,7,1,A,,
python-algorithms,queue.py,method,__str__,9,10,1,A,,
python-algorithms,queue.py,method,__init__,13,16,1,A,,
python-algorithms,queue.py,method,__init__,28,30,1,A,,
python-algorithms,queue.py,method,delete,71,72,1,A,,
python-algorithms,binary_search_tree.py,function,searchNode,77,95,6,B,,
python-algorithms,binary_search_tree.py,function,deleteNode,104,125,6,B,,
python-algorithms,binary_search_tree.py,function,insertNode,10,24,5,A,,
python-algorithms,binary_search_tree.py,function,levelOrderTraversal,58,73,5,A,,
python-algorithms,binary_search_tree.py,function,preOrderTraversal,28,34,2,A,,
python-algorithms,binary_search_tree.py,function,inOrderTraversal,38,44,2,A,,
python-algorithms,binary_search_tree.py,function,postOrderTraversal,48,54,2,A,,
python-algorithms,binary_search_tree.py,function,getMinValueNode,98,102,2,A,,
python-algorithms,binary_search_tree.py,class,BinarySearchTree,3,8,2,A,,
python-algorithms,binary_search_tree.py,function,deleteBinaryTree,129,133,1,A,,
python-algorithms,binary_search_tree.py,method,__init__,4,8,1,A,,
python-algorithms,queue.py,class,LinkedList,12,25,3,A,,
python-algorithms,queue.py,method,__iter__,18,25,3,A,,
python-algorithms,queue.py,class,Queue,27,72,3,A,,
python-algorithms,queue.py,method,dequeue,45,55,3,A,,
python-algorithms,queue.py,class,Node,3,10,2,A,,
python-algorithms,queue.py,method,__str__,32,34,2,A,,
python-algorithms,queue.py,method,enqueue,36,43,2,A,,
python-algorithms,queue.py,method,peek,58,62,2,A,,
python-algorithms,queue.py,method,isEmpty,65,69,2,A,,
python-algorithms,queue.py,method,__init__,4,7,1,A,,
python-algorithms,queue.py,method,__str__,9,10,1,A,,
python-algorithms,queue.py,method,__init__,13,16,1,A,,
python-algorithms,queue.py,method,__init__,28,30,1,A,,
python-algorithms,queue.py,method,delete,71,72,1,A,,
python-algorithms,binary_tree.py,method,search,21,28,5,A,,
python-algorithms,binary_tree.py,method,deleteNode,73,86,4,A,,
python-algorithms,binary_tree.py,class,BinaryTree,1,95,3,A,,
python-algorithms,binary_tree.py,method,insertNode,12,17,3,A,,
python-algorithms,binary_tree.py,method,preOrderTraversal,33,39,2,A,,
python-algorithms,binary_tree.py,method,inOrderTraversal,44,50,2,A,,
python-algorithms,binary_tree.py,method,postOrderTraversal,56,62,2,A,,
python-algorithms,binary_tree.py,method,levelOrderTraversal,66,68,2,A,,
python-algorithms,binary_tree.py,method,__init__,4,8,1,A,,
python-algorithms,binary_tree.py,method,deleteBinaryTree,90,95,1,A,,
python-algorithms,binary_tree.py,method,delete_deepest_node,127,157,8,B,,
python-algorithms,binary_tree.py,method,delete_node,85,108,7,B,,
python-algorithms,binary_tree.py,method,reverse_level_order_traversal,199,218,6,B,,
python-algorithms,binary_tree.py,class,BinaryTree,58,259,5,A,,
python-algorithms,binary_tree.py,method,insert,62,83,5,A,,
python-algorithms,binary_tree.py,method,get_deepest_node,110,125,5,A,,
python-algorithms,binary_tree.py,method,level_order_traversal,183,197,5,A,,
python-algorithms,binary_tree.py,method,size_iter,238,259,5,A,,
python-algorithms,binary_tree.py,class,Queue,1,26,2,A,,
python-algorithms,binary_tree.py,method,enqueue,8,10,2,A,,
python-algorithms,binary_tree.py,method,dequeue,12,14,2,A,,
python-algorithms,binary_tree.py,method,front,16,18,2,A,,
python-algorithms,binary_tree.py,method,rear,20,22,2,A,,
python-algorithms,binary_tree.py,method,size,24,26,2,A,,
python-algorithms,binary_tree.py,class,Stack,28,49,2,A,,
python-algorithms,binary_tree.py,method,push,35,37,2,A,,
python-algorithms,binary_tree.py,method,peek,39,41,2,A,,
python-algorithms,binary_tree.py,method,pop,43,45,2,A,,
python-algorithms,binary_tree.py,method,size,47,49,2,A,,
python-algorithms,binary_tree.py,class,Node,51,55,2,A,,
python-algorithms,binary_tree.py,method,pre_order_traversal,159,165,2,A,,
python-algorithms,binary_tree.py,method,inorder_traversal,167,173,2,A,,
python-algorithms,binary_tree.py,method,post_order_traversal,175,181,2,A,,
python-algorithms,binary_tree.py,method,height,220,227,2,A,,
python-algorithms,binary_tree.py,method,size_recursive,229,236,2,A,,
python-algorithms,binary_tree.py,method,__init__,2,3,1,A,,
python-algorithms,binary_tree.py,method,is_empty,5,6,1,A,,
python-algorithms,binary_tree.py,method,__init__,29,30,1,A,,
python-algorithms,binary_tree.py,method,is_empty,32,33,1,A,,
python-algorithms,binary_tree.py,method,__init__,52,55,1,A,,
python-algorithms,binary_tree.py,method,__init__,59,60,1,A,,
python-algorithms,queue.py,class,LinkedList,12,25,3,A,,
python-algorithms,queue.py,method,__iter__,18,25,3,A,,
python-algorithms,queue.py,class,Queue,27,72,3,A,,
python-algorithms,queue.py,method,dequeue,45,55,3,A,,
python-algorithms,queue.py,class,Node,3,10,2,A,,
python-algorithms,queue.py,method,__str__,32,34,2,A,,
python-algorithms,queue.py,method,enqueue,36,43,2,A,,
python-algorithms,queue.py,method,peek,58,62,2,A,,
python-algorithms,queue.py,method,isEmpty,65,69,2,A,,
python-algorithms,queue.py,method,__init__,4,7,1,A,,
python-algorithms,queue.py,method,__str__,9,10,1,A,,
python-algorithms,queue.py,method,__init__,13,16,1,A,,
python-algorithms,queue.py,method,__init__,28,30,1,A,,
python-algorithms,queue.py,method,delete,71,72,1,A,,
python-algorithms,binary_heap.py,method,heapifyExtract,70,101,11,C,,
python-algorithms,binary_heap.py,method,heapifyInsert,47,59,5,A,,
python-algorithms,binary_heap.py,class,Heap,4,122,4,A,,
python-algorithms,binary_heap.py,method,levelOrderTraversal,35,40,3,A,,
python-algorithms,binary_heap.py,method,peek,18,22,2,A,,
python-algorithms,binary_heap.py,method,size,26,31,2,A,,
python-algorithms,binary_heap.py,method,insertNode,62,68,2,A,,
python-algorithms,binary_heap.py,method,extractNode,104,119,2,A,,
python-algorithms,binary_heap.py,method,__init__,9,14,1,A,,
python-algorithms,binary_heap.py,method,swap,42,45,1,A,,
python-algorithms,binary_heap.py,method,deleteEntireBP,121,122,1,A,,
python-algorithms,circular_doubly_linked_list.py,method,delete,149,177,7,B,,
python-algorithms,circular_doubly_linked_list.py,method,search,110,130,6,B,,
python-algorithms,circular_doubly_linked_list.py,class,CircularDoublyLinkedList,26,182,4,A,,
python-algorithms,circular_doubly_linked_list.py,method,size,133,147,4,A,,
python-algorithms,circular_doubly_linked_list.py,method,__iter__,32,39,3,A,,
python-algorithms,circular_doubly_linked_list.py,class,Node,1,21,2,A,,
python-algorithms,circular_doubly_linked_list.py,method,insertAfter,42,56,2,A,,
python-algorithms,circular_doubly_linked_list.py,method,push,59,80,2,A,,
python-algorithms,circular_doubly_linked_list.py,method,append,83,107,2,A,,
python-algorithms,circular_doubly_linked_list.py,method,deleteLinkedList,180,182,2,A,,
python-algorithms,circular_doubly_linked_list.py,method,__init__,2,6,1,A,,
python-algorithms,circular_doubly_linked_list.py,method,getNext,8,9,1,A,,
python-algorithms,circular_doubly_linked_list.py,method,getPrev,11,12,1,A,,
python-algorithms,circular_doubly_linked_list.py,method,getData,14,15,1,A,,
python-algorithms,circular_doubly_linked_list.py,method,setNext,17,18,1,A,,
python-algorithms,circular_doubly_linked_list.py,method,setPrev,20,21,1,A,,
python-algorithms,circular_doubly_linked_list.py,method,__init__,28,30,1,A,,
python-algorithms,circular_linked_list.py,method,delete,117,149,7,B,,
python-algorithms,circular_linked_list.py,method,search,102,115,5,A,,
python-algorithms,circular_linked_list.py,class,CircularLinkedList,16,155,4,A,,
python-algorithms,circular_linked_list.py,method,append,63,77,4,A,,
python-algorithms,circular_linked_list.py,method,__iter__,21,27,3,A,,
python-algorithms,circular_linked_list.py,method,printCLList,30,36,3,A,,
python-algorithms,circular_linked_list.py,method,push,41,61,3,A,,
python-algorithms,circular_linked_list.py,method,size,89,100,3,A,,
python-algorithms,circular_linked_list.py,class,Node,1,14,2,A,,
python-algorithms,circular_linked_list.py,method,insertAfter,80,87,2,A,,
python-algorithms,circular_linked_list.py,method,deleteLinkedList,151,155,2,A,,
python-algorithms,circular_linked_list.py,method,__init__,2,5,1,A,,
python-algorithms,circular_linked_list.py,method,getData,7,8,1,A,,
python-algorithms,circular_linked_list.py,method,getNext,10,11,1,A,,
python-algorithms,circular_linked_list.py,method,setNext,13,14,1,A,,
python-algorithms,circular_linked_list.py,method,__init__,17,19,1,A,,
python-algorithms,graph.py,method,bfs,10,23,5,A,,
python-algorithms,graph.py,class,Graph,2,38,3,A,,
python-algorithms,graph.py,method,__init__,3,4,2,A,,
python-algorithms,graph.py,method,dfs,26,38,2,A,,
python-algorithms,graph.py,function,dfs_helper,28,34,3,A,dfs,
python-algorithms,graph.py,method,add,7,8,1,A,,
python-algorithms,linked_list.py,error,,,,,,,"invalid syntax (<unknown>, line 41)"
python-algorithms,disjoint_set.py,class,DisjointSet,6,44,4,A,,
python-algorithms,disjoint_set.py,method,union_by_rank,23,33,4,A,,
python-algorithms,disjoint_set.py,method,union_by_size,35,44,3,A,,
python-algorithms,disjoint_set.py,method,__init__,7,12,2,A,,
python-algorithms,disjoint_set.py,method,find_parent,14,19,2,A,,
python-algorithms,stack_with_list.py,class,Stack,3,29,2,A,,
python-algorithms,stack_with_list.py,method,__str__,8,11,2,A,,
python-algorithms,stack_with_list.py,method,pop,16,18,2,A,,
python-algorithms,stack_with_list.py,method,peek,20,22,2,A,,
python-algorithms,stack_with_list.py,method,__init__,4,6,1,A,,
python-algorithms,stack_with_list.py,method,push,13,14,1,A,,
python-algorithms,stack_with_list.py,method,isEmpty,25,26,1,A,,
python-algorithms,stack_with_list.py,method,delete,28,29,1,A,,
python-algorithms,stack_with_linkedlist.py,class,LinkedList,17,30,3,A,,
python-algorithms,stack_with_linkedlist.py,method,__iter__,23,30,3,A,,
python-algorithms,stack_with_linkedlist.py,class,Node,2,13,2,A,,
python-algorithms,stack_with_linkedlist.py,class,Stack,33,69,2,A,,
python-algorithms,stack_with_linkedlist.py,method,__str__,38,40,2,A,,
python-algorithms,stack_with_linkedlist.py,method,peek,47,51,2,A,,
python-algorithms,stack_with_linkedlist.py,method,pop,53,59,2,A,,
python-algorithms,stack_with_linkedlist.py,method,isEmpty,62,66,2,A,,
python-algorithms,stack_with_linkedlist.py,method,__init__,3,6,1,A,,
python-algorithms,stack_with_linkedlist.py,method,getNext,8,9,1,A,,
python-algorithms,stack_with_linkedlist.py,method,getValue,12,13,1,A,,
python-algorithms,stack_with_linkedlist.py,method,__init__,19,21,1,A,,
python-algorithms,stack_with_linkedlist.py,method,__init__,34,36,1,A,,
python-algorithms,stack_with_linkedlist.py,method,push,42,45,1,A,,
python-algorithms,stack_with_linkedlist.py,method,delete,68,69,1,A,,
python-algorithms,stack_with_limited_list.py,class,Stack,3,47,3,A,,
python-algorithms,stack_with_limited_list.py,method,pop,20,24,3,A,,
python-algorithms,stack_with_limited_list.py,method,__str__,9,12,2,A,,
python-algorithms,stack_with_limited_list.py,method,push,14,18,2,A,,
python-algorithms,stack_with_limited_list.py,method,peek,26,31,2,A,,
python-algorithms,stack_with_limited_list.py,method,isEmpty,34,38,2,A,,
python-algorithms,stack_with_limited_list.py,method,isFull,40,44,2,A,,
python-algorithms,stack_with_limited_list.py,method,__init__,4,7,1,A,,
python-algorithms,stack_with_limited_list.py,method,delete,46,47,1,A,,
python-algorithms,doubly_linked_list.py,method,search,100,119,6,B,,
python-algorithms,doubly_linked_list.py,method,delete,121,145,6,B,,
python-algorithms,doubly_linked_list.py,class,DoublyLinkedList,25,153,4,A,,
python-algorithms,doubly_linked_list.py,method,size,63,76,4,A,,
python-algorithms,doubly_linked_list.py,method,append,78,92,4,A,,
python-algorithms,doubly_linked_list.py,method,__iter__,31,37,3,A,,
python-algorithms,doubly_linked_list.py,class,Node,1,22,2,A,,
python-algorithms,doubly_linked_list.py,method,pushNode,39,46,2,A,,
python-algorithms,doubly_linked_list.py,method,pushValue,48,61,2,A,,
python-algorithms,doubly_linked_list.py,method,deleteDLL,149,153,2,A,,
python-algorithms,doubly_linked_list.py,method,__init__,3,7,1,A,,
python-algorithms,doubly_linked_list.py,method,getNext,9,10,1,A,,
python-algorithms,doubly_linked_list.py,method,getPrev,12,13,1,A,,
python-algorithms,doubly_linked_list.py,method,getData,15,16,1,A,,
python-algorithms,doubly_linked_list.py,method,setNext,18,19,1,A,,
python-algorithms,doubly_linked_list.py,method,setPrev,21,22,1,A,,
python-algorithms,doubly_linked_list.py,method,__init__,27,29,1,A,,
python-algorithms,doubly_linked_list.py,method,insertAfter,94,98,1,A,,
python-algorithms,2_sum_of_natural_numbers.py,function,sum_natural_numbers,1,5,2,A,,
python-algorithms,1_decimal_to_binary.py,function,solve_dec_to_binary,23,28,2,A,,
python-algorithms,1_decimal_to_binary.py,function,dec_to_binary,20,21,1,A,,
python-algorithms,2_palindrome.py,function,is_palindrome,24,32,4,A,,
python-algorithms,1_reverse_string.py,function,revserse_string,19,23,2,A,,
python-algorithms,2_binary_search.py,function,binary_search,1,13,4,A,,
python-algorithms,3_merge_sort_2.py,function,merge,13,36,6,B,,
python-algorithms,3_merge_sort_2.py,function,merge_sort,1,10,2,A,,
python-algorithms,1_fibonacci.py,function,fib,3,7,3,A,,
python-algorithms,1_fibonacci.py,function,fib_optimized,11,22,1,A,,
python-algorithms,1_fibonacci.py,function,fib,14,20,2,A,fib_optimized,
python-algorithms,4_reverse_linkedlist.py,function,print_list,5,9,3,A,,
python-algorithms,4_reverse_linkedlist.py,function,reverse_list,11,19,3,A,,
python-algorithms,4_reverse_linkedlist.py,class,Node,1,3,2,A,,
python-algorithms,4_reverse_linkedlist.py,method,__init__,2,3,1,A,,
python-algorithms,7_get_leaf_nodes.py,class,Node,1,4,2,A,,
python-algorithms,7_get_leaf_nodes.py,function,get_leaf_nodes,6,20,1,A,,
python-algorithms,7_get_leaf_nodes.py,function,gather_leaves,9,17,4,A,get_leaf_nodes,
python-algorithms,7_get_leaf_nodes.py,method,__init__,2,4,1,A,,
python-algorithms,6_insert_into_binary_search_tree.py,function,insert,20,30,3,A,,
python-algorithms,6_insert_into_binary_search_tree.py,function,pre_order,7,13,2,A,,
python-algorithms,6_insert_into_binary_search_tree.py,class,Node,1,4,2,A,,
python-algorithms,6_insert_into_binary_search_tree.py,method,__init__,2,4,1,A,,
python-algorithms,8_depth_first_search.py,class,Node,1,3,2,A,,
python-algorithms,8_depth_first_search.py,function,dfs,5,20,1,A,,
python-algorithms,8_depth_first_search.py,function,find_node,7,18,6,B,dfs,
python-algorithms,8_depth_first_search.py,method,__init__,2,3,1,A,,
python-algorithms,5_merge_two_sorted_list.py,function,merge,13,22,4,A,,
python-algorithms,5_merge_two_sorted_list.py,function,printList,6,11,3,A,,
python-algorithms,5_merge_two_sorted_list.py,class,Node,1,3,2,A,,
python-algorithms,5_merge_two_sorted_list.py,method,__init__,2,3,1,A,,
python-algorithms,3_merge_sort.py,function,merge,9,36,7,B,,
python-algorithms,3_merge_sort.py,function,merge_sort,1,6,2,A,,
python-algorithms,compute_median.py,function,compute_median,3,20,6,B,,
python-algorithms,compute_median.py,function,calculate_median,23,27,2,A,,
python-algorithms,k_largest_elements_1.py,function,k_largest_elements_1,18,33,4,A,,
python-algorithms,k_largest_elements_1.py,function,k_largest_elements,4,13,3,A,,
python-algorithms,k_largest_elements.py,function,k_largest_elements,4,20,4,A,,
python-algorithms,k_closest_stars.py,function,compute_k_closest_stars,17,28,4,A,,
python-algorithms,k_closest_stars.py,class,Star,4,13,2,A,,
python-algorithms,k_closest_stars.py,method,__init__,5,6,1,A,,
python-algorithms,k_closest_stars.py,method,distance,9,10,1,A,,
python-algorithms,k_closest_stars.py,method,__lt__,12,13,1,A,,
python-algorithms,merge_sorted_arrays.py,function,merge_sorted_arrays,40,59,6,B,,
python-algorithms,sort_k_inc_dec_array.py,function,sort_increasing_decreasing_array,17,37,9,B,,
python-algorithms,sort_k_inc_dec_array.py,function,merge_sorted_arrays,40,59,6,B,,
python-algorithms,sort_approximately_sorted_array.py,function,sort_approximately_sorted_array,27,43,4,A,,
python-algorithms,solve_sudoku.py,function,solveSudoku,3,49,4,A,,
python-algorithms,solve_sudoku.py,function,dfs,20,47,7,B,solveSudoku,
python-algorithms,permutations.py,function,permutations,15,30,1,A,,
python-algorithms,permutations.py,function,directed_permutation,16,25,3,A,permutations,
python-algorithms,combinations.py,function,combinations,1,16,1,A,,
python-algorithms,combinations.py,function,directed_combinations,2,12,4,A,combinations,
python-algorithms,towers_of_hanoi.py,function,compute_towers_of_hanoi,6,20,2,A,,
python-algorithms,towers_of_hanoi.py,function,compute_towers,7,13,2,A,compute_towers_of_hanoi,
python-algorithms,gcd.py,function,gcd,1,2,2,A,,
python-algorithms,generate_binary_trees.py,function,generate_binary_trees,7,22,5,A,,
python-algorithms,generate_binary_trees.py,class,Node,2,5,2,A,,
python-algorithms,generate_binary_trees.py,method,__init__,3,5,1,A,,
python-algorithms,power_set.py,function,generate_power_set_iter,25,36,3,A,,
python-algorithms,power_set.py,function,generate_power_set,4,17,1,A,,
python-algorithms,power_set.py,function,directed_power_set,6,12,2,A,generate_power_set,
python-algorithms,palindromic_decompositions.py,function,is_palindrome,19,25,3,A,,
python-algorithms,palindromic_decompositions.py,function,palindromic_decompostions,3,17,1,A,,
python-algorithms,palindromic_decompositions.py,function,directed_palindromic_decompostions,4,12,4,A,palindromic_decompostions,
python-algorithms,generate_balanced_parentheses.py,function,generate_balanced_parentheses_bfs,31,48,8,B,,
python-algorithms,generate_balanced_parentheses.py,function,generate_balanced_parentheses,6,22,2,A,,
python-algorithms,generate_balanced_parentheses.py,function,gen_recursive,11,19,6,B,generate_balanced_parentheses,
python-algorithms,generate_balanced_parentheses.py,class,Paren,2,4,2,A,,
python-algorithms,generate_balanced_parentheses.py,method,__init__,3,4,1,A,,
python-algorithms,reconstruct_bst.py,function,postorder_traversal,30,36,2,A,,
python-algorithms,reconstruct_bst.py,class,TreeNode,1,5,2,A,,
python-algorithms,reconstruct_bst.py,function,reconstruct_bst,7,27,1,A,,
python-algorithms,reconstruct_bst.py,function,reconstruct_bst_helper,11,25,3,A,reconstruct_bst,
python-algorithms,reconstruct_bst.py,method,__init__,2,5,1,A,,
python-algorithms,reconstruct_bst.py,function,preorder_traversal,27,33,2,A,,
python-algorithms,reconstruct_bst.py,class,TreeNode,1,5,2,A,,
python-algorithms,reconstruct_bst.py,function,reconstruct_bst,7,24,1,A,,
python-algorithms,reconstruct_bst.py,function,reconstruct_bst_helper,9,22,3,A,reconstruct_bst,
python-algorithms,reconstruct_bst.py,method,__init__,2,5,1,A,,
python-algorithms,close_entries.py,function,close_entries,3,33,6,B,,
python-algorithms,is_bst_ordered.py,function,is_bst_ordered,25,51,16,C,,
python-algorithms,is_bst_ordered.py,function,search,53,56,4,A,,
python-algorithms,is_bst_ordered.py,class,TreeNode,1,5,2,A,,
python-algorithms,is_bst_ordered.py,method,__init__,2,5,1,A,,
python-algorithms,add_credits.py,class,ClientsCreditInfo,33,79,3,A,,
python-algorithms,add_credits.py,method,remove,51,62,3,A,,
python-algorithms,add_credits.py,method,max,74,79,3,A,,
python-algorithms,add_credits.py,method,lookup,65,67,2,A,,
python-algorithms,add_credits.py,method,__init__,34,37,1,A,,
python-algorithms,add_credits.py,method,insert,42,47,1,A,,
python-algorithms,add_credits.py,method,add_to_all,70,71,1,A,,
python-algorithms,enumerate_numbers.py,function,generate_first_k_a_b_sqrt2,16,28,2,A,,
python-algorithms,enumerate_numbers.py,class,ABSqrt2,4,13,2,A,,
python-algorithms,enumerate_numbers.py,method,__init__,5,7,1,A,,
python-algorithms,enumerate_numbers.py,method,__lt__,9,10,1,A,,
python-algorithms,enumerate_numbers.py,method,__eq__,12,13,1,A,,
python-algorithms,enumerate_numbers_1.py,function,generate_first_k_a_b_sqrt2,16,30,5,A,,
python-algorithms,enumerate_numbers_1.py,class,ABSqrt2,3,12,2,A,,
python-algorithms,enumerate_numbers_1.py,method,__init__,4,6,1,A,,
python-algorithms,enumerate_numbers_1.py,method,__lt__,8,9,1,A,,
python-algorithms,enumerate_numbers_1.py,method,__eq__,11,12,1,A,,
python-algorithms,range_lookup.py,class,TreeNode,1,5,2,A,,
python-algorithms,range_lookup.py,function,range_lookup,9,26,1,A,,
python-algorithms,range_lookup.py,function,range_lookup_helper,12,23,4,A,range_lookup,
python-algorithms,range_lookup.py,method,__init__,2,5,1,A,,
python-algorithms,is_bst_2.py,function,is_bst_valid,20,37,6,B,,
python-algorithms,is_bst_2.py,class,TreeNode,3,7,2,A,,
python-algorithms,is_bst_2.py,method,__init__,4,7,1,A,,
python-algorithms,is_bst.py,function,is_valid,15,22,4,A,,
python-algorithms,is_bst.py,class,TreeNode,6,10,2,A,,
python-algorithms,is_bst.py,function,is_bst,12,13,1,A,,
python-algorithms,is_bst.py,method,__init__,7,10,1,A,,
python-algorithms,min_height_bst_2.py,function,build_min_height_bst,8,22,2,A,,
python-algorithms,min_height_bst_2.py,function,build_bst,14,20,2,A,build_min_height_bst,
python-algorithms,min_height_bst_2.py,function,inorder,25,31,2,A,,
python-algorithms,min_height_bst_2.py,class,TreeNode,1,4,2,A,,
python-algorithms,min_height_bst_2.py,method,__init__,2,4,1,A,,
python-algorithms,min_height_bst.py,function,build_min_height_bst,8,26,2,A,,
python-algorithms,min_height_bst.py,function,build_bst,14,24,3,A,build_min_height_bst,
python-algorithms,min_height_bst.py,function,inorder,29,35,2,A,,
python-algorithms,min_height_bst.py,class,TreeNode,1,4,2,A,,
python-algorithms,min_height_bst.py,method,__init__,2,4,1,A,,
python-algorithms,search_bst.py,function,search_bst,7,14,4,A,,
python-algorithms,search_bst.py,class,TreeNode,1,5,2,A,,
python-algorithms,search_bst.py,method,__init__,2,5,1,A,,
python-algorithms,k_largest_3.py,function,find_k_largest,10,27,2,A,,
python-algorithms,k_largest_3.py,function,inorder,13,19,2,A,find_k_largest,
python-algorithms,k_largest_3.py,class,TreeNode,4,8,2,A,,
python-algorithms,k_largest_3.py,method,__init__,5,8,1,A,,
python-algorithms,k_largest_2.py,function,find_k_largest,19,36,2,A,,
python-algorithms,k_largest_2.py,function,inorder,22,28,2,A,find_k_largest,
python-algorithms,k_largest_2.py,class,TreeNode,5,9,2,A,,
python-algorithms,k_largest_2.py,method,__init__,6,9,1,A,,
python-algorithms,k_largest_1.py,class,TreeNode,5,9,2,A,,
python-algorithms,k_largest_1.py,function,find_k_largest,15,27,1,A,,
python-algorithms,k_largest_1.py,function,find_k_largest_helper,17,23,4,A,find_k_largest,
python-algorithms,k_largest_1.py,method,__init__,6,9,1,A,,
python-algorithms,find_lca.py,function,find_lca,7,16,6,B,,
python-algorithms,find_lca.py,class,TreeNode,1,5,2,A,,
python-algorithms,find_lca.py,function,find_lca_recursive,18,30,1,A,,
python-algorithms,find_lca.py,function,find_lca_helper,19,28,6,B,find_lca_recursive,
python-algorithms,find_lca.py,method,__init__,2,5,1,A,,
python-algorithms,find_first_greater_than_k.py,function,find_first_greater_than_than_k,10,18,3,A,,
python-algorithms,find_first_greater_than_k.py,class,TreeNode,4,8,2,A,,
python-algorithms,find_first_greater_than_k.py,method,__init__,5,8,1,A,,
python-algorithms,reconstruct_bt_1.py,class,TreeNode,1,5,2,A,,
python-algorithms,reconstruct_bt_1.py,function,reconstruct,9,19,1,A,,
python-algorithms,reconstruct_bt_1.py,function,reconstruct_helper,10,17,2,A,reconstruct,
python-algorithms,reconstruct_bt_1.py,function,preorder_traversal,36,47,1,A,,
python-algorithms,reconstruct_bt_1.py,function,preorder,38,44,2,A,preorder_traversal,
python-algorithms,reconstruct_bt_1.py,method,__init__,2,5,1,A,,
python-algorithms,reconstruct_bt_2.py,class,TreeNode,1,5,2,A,,
python-algorithms,reconstruct_bt_2.py,function,reconstruct,10,25,1,A,,
python-algorithms,reconstruct_bt_2.py,function,construct,12,23,2,A,reconstruct,
python-algorithms,reconstruct_bt_2.py,function,preorder_traversal,42,53,1,A,,
python-algorithms,reconstruct_bt_2.py,function,preorder,44,50,2,A,preorder_traversal,
python-algorithms,reconstruct_bt_2.py,method,__init__,2,5,1,A,,
python-algorithms,inorder_traversal.py,function,inorder_traversal,30,48,7,B,,
python-algorithms,inorder_traversal.py,class,Node,1,4,2,A,,
python-algorithms,inorder_traversal.py,method,__init__,2,4,1,A,,
python-algorithms,balanced_binary_tree.py,class,Node,3,6,2,A,,
python-algorithms,balanced_binary_tree.py,function,is_balanced_binary_tree,9,29,1,A,,
python-algorithms,balanced_binary_tree.py,function,check_balance,12,27,4,A,is_balanced_binary_tree,
python-algorithms,balanced_binary_tree.py,method,__init__,4,6,1,A,,
python-algorithms,all_paths.py,class,Node,1,4,2,A,,
python-algorithms,all_paths.py,function,has_path_sum,6,25,1,A,,
python-algorithms,all_paths.py,function,find_paths,7,21,5,A,has_path_sum,
python-algorithms,all_paths.py,method,__init__,2,4,1,A,,
python-algorithms,preorder_traversal.py,function,preorder_traversal,11,23,4,A,,
python-algorithms,preorder_traversal.py,class,Node,1,4,2,A,,
python-algorithms,preorder_traversal.py,method,__init__,2,4,1,A,,
python-algorithms,preorder_traversal.py,function,preorder_traversal,30,48,7,B,,
python-algorithms,preorder_traversal.py,class,Node,1,4,2,A,,
python-algorithms,preorder_traversal.py,method,__init__,2,4,1,A,,
python-algorithms,sum_root_to_leaf.py,class,Node,1,4,2,A,,
python-algorithms,sum_root_to_leaf.py,function,sum_root_to_leaf,6,17,1,A,,
python-algorithms,sum_root_to_leaf.py,function,sum,7,15,4,A,sum_root_to_leaf,
python-algorithms,sum_root_to_leaf.py,method,__init__,2,4,1,A,,
python-algorithms,kth_node.py,function,kth_node_2,36,47,2,A,,
python-algorithms,kth_node.py,function,inorder,39,44,2,A,kth_node_2,
python-algorithms,kth_node.py,class,Node,4,7,2,A,,
python-algorithms,kth_node.py,function,kth_node,10,34,1,A,,
python-algorithms,kth_node.py,function,inorder,14,31,5,A,kth_node,
python-algorithms,kth_node.py,method,__init__,5,7,1,A,,
python-algorithms,tree_traversals.py,function,preorder_traversal,6,12,2,A,,
python-algorithms,tree_traversals.py,function,inorder_traversal,17,23,2,A,,
python-algorithms,tree_traversals.py,function,postorder_traversal,26,32,2,A,,
python-algorithms,tree_traversals.py,class,Node,1,4,2,A,,
python-algorithms,tree_traversals.py,method,__init__,2,4,1,A,,
python-algorithms,has_path_sum.py,function,has_path_sum,6,14,6,B,,
python-algorithms,has_path_sum.py,class,Node,1,4,2,A,,
python-algorithms,has_path_sum.py,method,__init__,2,4,1,A,,
python-algorithms,create_list_2.py,function,create_list_of_leaves,10,16,4,A,,
python-algorithms,create_list_2.py,class,TreeNode,1,5,2,A,,
python-algorithms,create_list_2.py,method,__init__,2,5,1,A,,
python-algorithms,create_list_of_leaves.py,class,TreeNode,1,5,2,A,,
python-algorithms,create_list_of_leaves.py,function,create_list_of_leaves,10,23,1,A,,
python-algorithms,create_list_of_leaves.py,function,traverse_tree,12,20,4,A,create_list_of_leaves,
python-algorithms,create_list_of_leaves.py,method,__init__,2,5,1,A,,
python-algorithms,lca.py,class,Node,3,6,2,A,,
python-algorithms,lca.py,function,lca,8,28,1,A,,
python-algorithms,lca.py,function,lca_helper,11,26,5,A,lca,
python-algorithms,lca.py,method,__init__,4,6,1,A,,
python-algorithms,exterior_bt.py,function,left_boundary_and_leaves,72,80,5,A,,
python-algorithms,exterior_bt.py,function,right_boundary_and_leaves,82,90,5,A,,
python-algorithms,exterior_bt.py,function,is_leaf,66,70,4,A,,
python-algorithms,exterior_bt.py,function,exterior_binary_tree,58,64,2,A,,
python-algorithms,exterior_bt.py,class,TreeNode,4,8,2,A,,
python-algorithms,exterior_bt.py,method,__init__,5,8,1,A,,
python-algorithms,kth_node.py,function,kth_node,7,19,6,B,,
python-algorithms,kth_node.py,class,Node,1,4,2,A,,
python-algorithms,kth_node.py,method,__init__,2,4,1,A,,
python-algorithms,compute_right_sibling_tree.py,function,compute_right_sibling_tree,8,26,7,B,,
python-algorithms,compute_right_sibling_tree.py,class,TreeNode,3,6,2,A,,
python-algorithms,compute_right_sibling_tree.py,method,__init__,4,6,1,A,,
python-algorithms,postorder_traversal.py,function,post_order_traversal,30,49,7,B,,
python-algorithms,postorder_traversal.py,class,Node,1,4,2,A,,
python-algorithms,postorder_traversal.py,method,__init__,2,4,1,A,,
python-algorithms,inorder_traversal.py,function,inorder_traversal,10,22,4,A,,
python-algorithms,inorder_traversal.py,class,Node,1,4,2,A,,
python-algorithms,inorder_traversal.py,method,__init__,2,4,1,A,,
python-algorithms,compute_succesor.py,function,compute_successor,35,49,6,B,,
python-algorithms,compute_succesor.py,class,Node,30,33,2,A,,
python-algorithms,compute_succesor.py,method,__init__,31,33,1,A,,
python-algorithms,is_symetric.py,function,is_symmetric,7,22,2,A,,
python-algorithms,is_symetric.py,function,check_symmetric,11,20,7,B,is_symmetric,
python-algorithms,is_symetric.py,class,Node,2,5,2,A,,
python-algorithms,is_symetric.py,method,__init__,3,5,1,A,,
python-algorithms,reconstruct_bt.py,function,reconstruct,14,44,2,A,,
python-algorithms,reconstruct_bt.py,function,binary_tree_from_preorder_inorder_helper,18,39,3,A,reconstruct,
python-algorithms,reconstruct_bt.py,class,TreeNode,1,5,2,A,,
python-algorithms,reconstruct_bt.py,function,preorder_traversal,61,72,1,A,,
python-algorithms,reconstruct_bt.py,function,preorder,63,69,2,A,preorder_traversal,
python-algorithms,reconstruct_bt.py,function,inorder_traversal,74,85,1,A,,
python-algorithms,reconstruct_bt.py,function,inorder,76,82,2,A,inorder_traversal,
python-algorithms,reconstruct_bt.py,method,__init__,2,5,1,A,,
python-algorithms,lca.py,function,lca,6,37,10,B,,
python-algorithms,lca.py,function,get_depth,39,47,3,A,,
python-algorithms,lca.py,class,Node,1,4,2,A,,
python-algorithms,lca.py,method,__init__,2,4,1,A,,
python-algorithms,delete_node.py,function,print_node,19,24,2,A,,
python-algorithms,delete_node.py,class,ListNode,1,3,2,A,,
python-algorithms,delete_node.py,function,delete_node,7,9,1,A,,
python-algorithms,delete_node.py,method,__init__,2,3,1,A,,
python-algorithms,add_lists.py,function,add_list,9,21,8,B,,
python-algorithms,add_lists.py,function,print_node,34,39,2,A,,
python-algorithms,add_lists.py,class,ListNode,3,5,2,A,,
python-algorithms,add_lists.py,method,__init__,4,5,1,A,,
python-algorithms,reverse_k_sublist.py,function,reverse_sublist,8,31,6,B,,
python-algorithms,reverse_k_sublist.py,function,print_node,46,51,2,A,,
python-algorithms,reverse_k_sublist.py,class,ListNode,2,4,2,A,,
python-algorithms,reverse_k_sublist.py,method,__init__,3,4,1,A,,
python-algorithms,has_overlapping_list.py,function,has_overlapping_lists,6,18,6,B,,
python-algorithms,has_overlapping_list.py,function,list_length,20,27,2,A,,
python-algorithms,has_overlapping_list.py,class,ListNode,1,3,2,A,,
python-algorithms,has_overlapping_list.py,method,__init__,2,3,1,A,,
python-algorithms,merge_list.py,function,merge_two_sorted_lists,8,22,5,A,,
python-algorithms,merge_list.py,class,ListNode,1,3,2,A,,
python-algorithms,merge_list.py,method,__init__,2,3,1,A,,
python-algorithms,remove_kth_last_element.py,function,delete_kth_last_node_2,23,40,9,B,,
python-algorithms,remove_kth_last_element.py,function,delete_kth_last_node,7,19,5,A,,
python-algorithms,remove_kth_last_element.py,function,print_node,51,56,2,A,,
python-algorithms,remove_kth_last_element.py,class,ListNode,1,3,2,A,,
python-algorithms,remove_kth_last_element.py,method,__init__,2,3,1,A,,
python-algorithms,has_cycle.py,function,has_cycle,7,17,7,B,,
python-algorithms,has_cycle.py,function,print_node,19,25,2,A,,
python-algorithms,has_cycle.py,class,ListNode,2,4,2,A,,
python-algorithms,has_cycle.py,method,__init__,3,4,1,A,,
python-algorithms,list_pivoting.py,function,list_pivot,7,31,5,A,,
python-algorithms,list_pivoting.py,function,print_node,49,54,2,A,,
python-algorithms,list_pivoting.py,class,ListNode,2,4,2,A,,
python-algorithms,list_pivoting.py,method,__init__,3,4,1,A,,
python-algorithms,reverse_sublist_2.py,function,reverse_sublist,8,33,6,B,,
python-algorithms,reverse_sublist_2.py,class,ListNode,2,4,2,A,,
python-algorithms,reverse_sublist_2.py,method,__init__,3,4,1,A,,
python-algorithms,reverse_sublist_1.py,function,reverse_sublist,9,23,3,A,,
python-algorithms,reverse_sublist_1.py,class,ListNode,2,4,2,A,,
python-algorithms,reverse_sublist_1.py,method,__init__,3,4,1,A,,
python-algorithms,remove_duplicates.py,function,remove_duplicates,6,16,4,A,,
python-algorithms,remove_duplicates.py,function,print_node,27,32,2,A,,
python-algorithms,remove_duplicates.py,class,ListNode,1,3,2,A,,
python-algorithms,remove_duplicates.py,method,__init__,2,3,1,A,,
python-algorithms,even_odd_merge.py,function,even_odd_merge,6,25,4,A,,
python-algorithms,even_odd_merge.py,function,print_node,39,44,2,A,,
python-algorithms,even_odd_merge.py,class,ListNode,1,3,2,A,,
python-algorithms,even_odd_merge.py,method,__init__,2,3,1,A,,
python-algorithms,merge_two_list.py,function,merge_two_sorted_lists,18,30,5,A,,
python-algorithms,merge_two_list.py,class,ListNode,1,3,2,A,,
python-algorithms,merge_two_list.py,method,__init__,2,3,1,A,,
python-algorithms,has_overlapping_list.py,function,has_overlapping_lists,6,18,6,B,,
python-algorithms,has_overlapping_list.py,function,list_length,20,27,2,A,,
python-algorithms,has_overlapping_list.py,class,ListNode,1,3,2,A,,
python-algorithms,has_overlapping_list.py,method,__init__,2,3,1,A,,
python-algorithms,find_cycle_start_1.py,function,find_cycle_start,7,22,6,B,,
python-algorithms,find_cycle_start_1.py,function,cycle_length,24,33,3,A,,
python-algorithms,find_cycle_start_1.py,class,ListNode,2,4,2,A,,
python-algorithms,find_cycle_start_1.py,method,__init__,3,4,1,A,,
python-algorithms,find_cycle_start_2.py,function,find_cycle_start,7,18,5,A,,
python-algorithms,find_cycle_start_2.py,class,ListNode,2,4,2,A,,
python-algorithms,find_cycle_start_2.py,method,__init__,3,4,1,A,,
python-algorithms,reverse_singly_linkedlist.py,function,reverse_linkedlist,6,13,2,A,,
python-algorithms,reverse_singly_linkedlist.py,function,print_node,22,27,2,A,,
python-algorithms,reverse_singly_linkedlist.py,class,ListNode,1,3,2,A,,
python-algorithms,reverse_singly_linkedlist.py,method,__init__,2,3,1,A,,
python-algorithms,is_palindrome.py,function,isPalindrome,6,20,8,B,,
python-algorithms,is_palindrome.py,function,reverse_linkedlist,22,29,2,A,,
python-algorithms,is_palindrome.py,class,ListNode,1,3,2,A,,
python-algorithms,is_palindrome.py,method,__init__,2,3,1,A,,
python-algorithms,cyclic_right_shift_list.py,function,cyclic_right_shift_list,6,25,5,A,,
python-algorithms,cyclic_right_shift_list.py,function,print_node,37,42,2,A,,
python-algorithms,cyclic_right_shift_list.py,class,ListNode,1,3,2,A,,
python-algorithms,cyclic_right_shift_list.py,method,__init__,2,3,1,A,,
python-algorithms,search_maze.py,function,search_maze,2,25,1,A,,
python-algorithms,search_maze.py,function,search_maze_helper,4,22,9,B,search_maze,
