Repository,File Name,Class,Start Line,End Line,Displacement,Level
blogs,factories.py,Simple List,19,19,17,A1
blogs,factories.py,Simple Tuple,10,10,4,A1
blogs,factories.py,1 List Dictionary,18,20,11,B1
blogs,factories.py,Simple Dictionary,12,16,17,A2
blogs,factories.py,Simple Atributte,10,10,14,A2
blogs,factories.py,Simple Atributte,10,10,14,A2
blogs,factories.py,Simple Atributte,14,14,27,A2
blogs,factories.py,Simple Atributte,15,15,24,A2
blogs,factories.py,Simple Assignment,10,17,4,A1
blogs,factories.py,From,3,3,0,A2
blogs,factories.py,From,5,5,0,A2
blogs,factories.py,Alias,3,3,24,A1
blogs,factories.py,Alias,5,5,30,A1
blogs,factories.py,Function,8,20,0,A1
blogs,factories.py,Return,18,20,4,A1
migrations,0002_remove_translations_and_contributors.py,Simple List,7,9,19,A1
migrations,0002_remove_translations_and_contributors.py,Simple List,11,38,17,A1
migrations,0002_remove_translations_and_contributors.py,Simple Tuple,8,8,8,A1
migrations,0002_remove_translations_and_contributors.py,Simple Atributte,6,6,16,A2
migrations,0002_remove_translations_and_contributors.py,Simple Atributte,12,12,8,A2
migrations,0002_remove_translations_and_contributors.py,Simple Atributte,16,16,8,A2
migrations,0002_remove_translations_and_contributors.py,Simple Atributte,20,20,8,A2
migrations,0002_remove_translations_and_contributors.py,Simple Atributte,24,24,8,A2
migrations,0002_remove_translations_and_contributors.py,Simple Atributte,28,28,8,A2
migrations,0002_remove_translations_and_contributors.py,Simple Atributte,32,32,8,A2
migrations,0002_remove_translations_and_contributors.py,Simple Atributte,35,35,8,A2
migrations,0002_remove_translations_and_contributors.py,Simple Assignment,7,9,4,A1
migrations,0002_remove_translations_and_contributors.py,Simple Assignment,11,38,4,A1
migrations,0002_remove_translations_and_contributors.py,From,3,3,0,A2
migrations,0002_remove_translations_and_contributors.py,Alias,3,3,22,A1
migrations,0002_remove_translations_and_contributors.py,Simple Class ,6,38,0,B1
migrations,0004_normalize_blogentry_urls.py,Simple List,23,25,19,A1
migrations,0004_normalize_blogentry_urls.py,Simple List,27,32,17,A1
migrations,0004_normalize_blogentry_urls.py,Simple Tuple,24,24,8,A1
migrations,0004_normalize_blogentry_urls.py,Simple Atributte,22,22,16,A2
migrations,0004_normalize_blogentry_urls.py,Simple Atributte,16,16,16,A2
migrations,0004_normalize_blogentry_urls.py,Simple Atributte,17,17,4,A2
migrations,0004_normalize_blogentry_urls.py,Simple Atributte,28,28,8,A2
migrations,0004_normalize_blogentry_urls.py,Simple Atributte,17,17,4,A2
migrations,0004_normalize_blogentry_urls.py,Simple Atributte,30,30,25,A2
migrations,0004_normalize_blogentry_urls.py,Simple Atributte,17,17,4,A2
migrations,0004_normalize_blogentry_urls.py,Simple Atributte,30,30,25,A2
migrations,0004_normalize_blogentry_urls.py,Simple Assignment,16,16,4,A1
migrations,0004_normalize_blogentry_urls.py,Simple Assignment,23,25,4,A1
migrations,0004_normalize_blogentry_urls.py,Simple Assignment,27,32,4,A1
migrations,0004_normalize_blogentry_urls.py,From,10,10,0,A2
migrations,0004_normalize_blogentry_urls.py,From,11,11,0,A2
migrations,0004_normalize_blogentry_urls.py,From,12,12,0,A2
migrations,0004_normalize_blogentry_urls.py,Alias,10,10,22,A1
migrations,0004_normalize_blogentry_urls.py,Alias,11,11,29,A1
migrations,0004_normalize_blogentry_urls.py,Alias,12,12,39,A1
migrations,0004_normalize_blogentry_urls.py,Function with Simple argument,15,19,0,A1
migrations,0004_normalize_blogentry_urls.py,Simple Class ,22,32,0,B1
migrations,0001_initial.py,Simple List,7,9,19,A1
migrations,0001_initial.py,Simple List,11,173,17,A1
migrations,0001_initial.py,Simple List,14,20,19,A1
migrations,0001_initial.py,Simple List,30,60,19,A1
migrations,0001_initial.py,Simple List,70,76,19,A1
migrations,0001_initial.py,Simple List,82,88,19,A1
migrations,0001_initial.py,Simple List,94,124,19,A1
migrations,0001_initial.py,Simple List,133,159,19,A1
migrations,0001_initial.py,Simple Tuple,26,26,18,A1
migrations,0001_initial.py,Simple Tuple,66,66,18,A1
migrations,0001_initial.py,Simple Tuple,78,78,18,A1
migrations,0001_initial.py,Simple Tuple,90,90,18,A1
migrations,0001_initial.py,Simple Tuple,129,129,18,A1
migrations,0001_initial.py,Simple Tuple,165,165,18,A1
migrations,0001_initial.py,Simple Tuple,15,15,16,A1
migrations,0001_initial.py,Simple Tuple,16,16,16,A1
migrations,0001_initial.py,Simple Tuple,17,17,16,A1
migrations,0001_initial.py,Simple Tuple,18,18,16,A1
migrations,0001_initial.py,Simple Tuple,19,19,16,A1
migrations,0001_initial.py,Simple Tuple,31,31,16,A1
migrations,0001_initial.py,Simple Tuple,32,32,16,A1
migrations,0001_initial.py,Simple Tuple,33,33,16,A1
migrations,0001_initial.py,Simple Tuple,34,43,16,A1
migrations,0001_initial.py,Simple Tuple,44,53,16,A1
migrations,0001_initial.py,Simple Tuple,54,59,16,A1
migrations,0001_initial.py,Simple Tuple,64,64,28,A1
migrations,0001_initial.py,Simple Tuple,71,71,16,A1
migrations,0001_initial.py,Simple Tuple,72,72,16,A1
migrations,0001_initial.py,Simple Tuple,73,73,16,A1
migrations,0001_initial.py,Simple Tuple,74,74,16,A1
migrations,0001_initial.py,Simple Tuple,75,75,16,A1
migrations,0001_initial.py,Simple Tuple,83,83,16,A1
migrations,0001_initial.py,Simple Tuple,84,84,16,A1
migrations,0001_initial.py,Simple Tuple,85,85,16,A1
migrations,0001_initial.py,Simple Tuple,86,86,16,A1
migrations,0001_initial.py,Simple Tuple,87,87,16,A1
migrations,0001_initial.py,Simple Tuple,95,95,16,A1
migrations,0001_initial.py,Simple Tuple,96,96,16,A1
migrations,0001_initial.py,Simple Tuple,97,97,16,A1
migrations,0001_initial.py,Simple Tuple,98,98,16,A1
migrations,0001_initial.py,Simple Tuple,99,99,16,A1
migrations,0001_initial.py,Simple Tuple,100,100,16,A1
migrations,0001_initial.py,Simple Tuple,101,101,16,A1
migrations,0001_initial.py,Simple Tuple,102,102,16,A1
migrations,0001_initial.py,Simple Tuple,103,103,16,A1
migrations,0001_initial.py,Simple Tuple,104,113,16,A1
migrations,0001_initial.py,Simple Tuple,114,123,16,A1
migrations,0001_initial.py,Simple Tuple,134,134,16,A1
migrations,0001_initial.py,Simple Tuple,135,135,16,A1
migrations,0001_initial.py,Simple Tuple,136,136,16,A1
migrations,0001_initial.py,Simple Tuple,137,137,16,A1
migrations,0001_initial.py,Simple Tuple,138,138,16,A1
migrations,0001_initial.py,Simple Tuple,139,148,16,A1
migrations,0001_initial.py,Simple Tuple,149,158,16,A1
migrations,0001_initial.py,Simple Tuple,163,163,28,A1
migrations,0001_initial.py,Simple Dictionary,21,25,20,A2
migrations,0001_initial.py,Simple Dictionary,61,65,20,A2
migrations,0001_initial.py,Simple Dictionary,77,77,20,A2
migrations,0001_initial.py,Simple Dictionary,89,89,20,A2
migrations,0001_initial.py,Simple Dictionary,125,128,20,A2
migrations,0001_initial.py,Simple Dictionary,160,164,20,A2
migrations,0001_initial.py,Simple Atributte,6,6,16,A2
migrations,0001_initial.py,Simple Atributte,8,8,8,A2
migrations,0001_initial.py,Simple Atributte,8,8,40,A2
migrations,0001_initial.py,Simple Atributte,12,12,8,A2
migrations,0001_initial.py,Simple Atributte,28,28,8,A2
migrations,0001_initial.py,Simple Atributte,68,68,8,A2
migrations,0001_initial.py,Simple Atributte,80,80,8,A2
migrations,0001_initial.py,Simple Atributte,92,92,8,A2
migrations,0001_initial.py,Simple Atributte,131,131,8,A2
migrations,0001_initial.py,Simple Atributte,167,167,8,A2
migrations,0001_initial.py,Simple Atributte,26,26,19,A2
migrations,0001_initial.py,Simple Atributte,66,66,19,A2
migrations,0001_initial.py,Simple Atributte,78,78,19,A2
migrations,0001_initial.py,Simple Atributte,90,90,19,A2
migrations,0001_initial.py,Simple Atributte,129,129,19,A2
migrations,0001_initial.py,Simple Atributte,165,165,19,A2
migrations,0001_initial.py,Simple Atributte,170,170,18,A2
migrations,0001_initial.py,Simple Atributte,170,170,63,A2
migrations,0001_initial.py,Simple Atributte,15,15,23,A2
migrations,0001_initial.py,Simple Atributte,16,16,26,A2
migrations,0001_initial.py,Simple Atributte,17,17,28,A2
migrations,0001_initial.py,Simple Atributte,18,18,29,A2
migrations,0001_initial.py,Simple Atributte,19,19,24,A2
migrations,0001_initial.py,Simple Atributte,31,31,23,A2
migrations,0001_initial.py,Simple Atributte,32,32,28,A2
migrations,0001_initial.py,Simple Atributte,33,33,28,A2
migrations,0001_initial.py,Simple Atributte,36,36,20,A2
migrations,0001_initial.py,Simple Atributte,46,46,20,A2
migrations,0001_initial.py,Simple Atributte,56,56,20,A2
migrations,0001_initial.py,Simple Atributte,71,71,23,A2
migrations,0001_initial.py,Simple Atributte,72,72,25,A2
migrations,0001_initial.py,Simple Atributte,73,73,32,A2
migrations,0001_initial.py,Simple Atributte,74,74,29,A2
migrations,0001_initial.py,Simple Atributte,75,75,32,A2
migrations,0001_initial.py,Simple Atributte,83,83,23,A2
migrations,0001_initial.py,Simple Atributte,84,84,25,A2
migrations,0001_initial.py,Simple Atributte,85,85,25,A2
migrations,0001_initial.py,Simple Atributte,86,86,32,A2
migrations,0001_initial.py,Simple Atributte,87,87,26,A2
migrations,0001_initial.py,Simple Atributte,95,95,23,A2
migrations,0001_initial.py,Simple Atributte,96,96,28,A2
migrations,0001_initial.py,Simple Atributte,97,97,28,A2
migrations,0001_initial.py,Simple Atributte,98,98,25,A2
migrations,0001_initial.py,Simple Atributte,99,99,29,A2
migrations,0001_initial.py,Simple Atributte,100,100,29,A2
migrations,0001_initial.py,Simple Atributte,101,101,30,A2
migrations,0001_initial.py,Simple Atributte,102,102,41,A2
migrations,0001_initial.py,Simple Atributte,103,103,37,A2
migrations,0001_initial.py,Simple Atributte,106,106,20,A2
migrations,0001_initial.py,Simple Atributte,116,116,20,A2
migrations,0001_initial.py,Simple Atributte,134,134,23,A2
migrations,0001_initial.py,Simple Atributte,135,135,28,A2
migrations,0001_initial.py,Simple Atributte,136,136,28,A2
migrations,0001_initial.py,Simple Atributte,137,137,25,A2
migrations,0001_initial.py,Simple Atributte,138,138,24,A2
migrations,0001_initial.py,Simple Atributte,141,141,20,A2
migrations,0001_initial.py,Simple Atributte,151,151,20,A2
migrations,0001_initial.py,Simple Atributte,32,32,72,A2
migrations,0001_initial.py,Simple Atributte,33,33,57,A2
migrations,0001_initial.py,Simple Atributte,38,38,27,A2
migrations,0001_initial.py,Simple Atributte,41,41,34,A2
migrations,0001_initial.py,Simple Atributte,48,48,27,A2
migrations,0001_initial.py,Simple Atributte,51,51,34,A2
migrations,0001_initial.py,Simple Atributte,57,57,27,A2
migrations,0001_initial.py,Simple Atributte,57,57,96,A2
migrations,0001_initial.py,Simple Atributte,96,96,72,A2
migrations,0001_initial.py,Simple Atributte,97,97,57,A2
migrations,0001_initial.py,Simple Atributte,108,108,27,A2
migrations,0001_initial.py,Simple Atributte,111,111,34,A2
migrations,0001_initial.py,Simple Atributte,118,118,27,A2
migrations,0001_initial.py,Simple Atributte,121,121,34,A2
migrations,0001_initial.py,Simple Atributte,135,135,72,A2
migrations,0001_initial.py,Simple Atributte,136,136,57,A2
migrations,0001_initial.py,Simple Atributte,143,143,27,A2
migrations,0001_initial.py,Simple Atributte,146,146,34,A2
migrations,0001_initial.py,Simple Atributte,153,153,27,A2
migrations,0001_initial.py,Simple Atributte,156,156,34,A2
migrations,0001_initial.py,Simple Atributte,32,32,72,A2
migrations,0001_initial.py,Simple Atributte,33,33,57,A2
migrations,0001_initial.py,Simple Atributte,96,96,72,A2
migrations,0001_initial.py,Simple Atributte,97,97,57,A2
migrations,0001_initial.py,Simple Atributte,135,135,72,A2
migrations,0001_initial.py,Simple Atributte,136,136,57,A2
migrations,0001_initial.py,Simple Atributte,32,32,72,A2
migrations,0001_initial.py,Simple Atributte,33,33,57,A2
migrations,0001_initial.py,Simple Atributte,96,96,72,A2
migrations,0001_initial.py,Simple Atributte,97,97,57,A2
migrations,0001_initial.py,Simple Atributte,135,135,72,A2
migrations,0001_initial.py,Simple Atributte,136,136,57,A2
migrations,0001_initial.py,Simple Assignment,7,9,4,A1
migrations,0001_initial.py,Simple Assignment,11,173,4,A1
migrations,0001_initial.py,Import,1,1,0,A2
migrations,0001_initial.py,From,2,2,0,A2
migrations,0001_initial.py,From,3,3,0,A2
migrations,0001_initial.py,Alias,1,1,7,A1
migrations,0001_initial.py,Alias,2,2,24,A1
migrations,0001_initial.py,Alias,3,3,22,A1
migrations,0001_initial.py,Alias,3,3,34,A1
migrations,0001_initial.py,Simple Class ,6,173,0,B1
migrations,0003_alter_relatedblog_creator_and_more.py,Simple List,9,12,19,A1
migrations,0003_alter_relatedblog_creator_and_more.py,Simple List,14,37,17,A1
migrations,0003_alter_relatedblog_creator_and_more.py,Simple Tuple,11,11,8,A1
migrations,0003_alter_relatedblog_creator_and_more.py,Simple Atributte,8,8,16,A2
migrations,0003_alter_relatedblog_creator_and_more.py,Simple Atributte,10,10,8,A2
migrations,0003_alter_relatedblog_creator_and_more.py,Simple Atributte,10,10,40,A2
migrations,0003_alter_relatedblog_creator_and_more.py,Simple Atributte,15,15,8,A2
migrations,0003_alter_relatedblog_creator_and_more.py,Simple Atributte,26,26,8,A2
migrations,0003_alter_relatedblog_creator_and_more.py,Simple Atributte,18,18,18,A2
migrations,0003_alter_relatedblog_creator_and_more.py,Simple Atributte,29,29,18,A2
migrations,0003_alter_relatedblog_creator_and_more.py,Simple Atributte,21,21,26,A2
migrations,0003_alter_relatedblog_creator_and_more.py,Simple Atributte,23,23,19,A2
migrations,0003_alter_relatedblog_creator_and_more.py,Simple Atributte,32,32,26,A2
migrations,0003_alter_relatedblog_creator_and_more.py,Simple Atributte,34,34,19,A2
migrations,0003_alter_relatedblog_creator_and_more.py,Simple Atributte,21,21,26,A2
migrations,0003_alter_relatedblog_creator_and_more.py,Simple Atributte,32,32,26,A2
migrations,0003_alter_relatedblog_creator_and_more.py,Simple Atributte,21,21,26,A2
migrations,0003_alter_relatedblog_creator_and_more.py,Simple Atributte,32,32,26,A2
migrations,0003_alter_relatedblog_creator_and_more.py,Simple Atributte,21,21,26,A2
migrations,0003_alter_relatedblog_creator_and_more.py,Simple Atributte,32,32,26,A2
migrations,0003_alter_relatedblog_creator_and_more.py,Simple Assignment,9,12,4,A1
migrations,0003_alter_relatedblog_creator_and_more.py,Simple Assignment,14,37,4,A1
migrations,0003_alter_relatedblog_creator_and_more.py,Import,3,3,0,A2
migrations,0003_alter_relatedblog_creator_and_more.py,From,4,4,0,A2
migrations,0003_alter_relatedblog_creator_and_more.py,From,5,5,0,A2
migrations,0003_alter_relatedblog_creator_and_more.py,Alias,3,3,7,A1
migrations,0003_alter_relatedblog_creator_and_more.py,Alias,4,4,24,A1
migrations,0003_alter_relatedblog_creator_and_more.py,Alias,5,5,22,A1
migrations,0003_alter_relatedblog_creator_and_more.py,Alias,5,5,34,A1
migrations,0003_alter_relatedblog_creator_and_more.py,Simple Class ,8,37,0,B1
blogs,urls.py,Simple List,7,9,14,A1
blogs,urls.py,Simple Atributte,8,8,13,A2
blogs,urls.py,Simple Atributte,8,8,13,A2
blogs,urls.py,Simple Assignment,7,9,0,A1
blogs,urls.py,From,3,3,0,A2
blogs,urls.py,From,5,5,0,A2
blogs,urls.py,Alias,3,3,24,A1
blogs,urls.py,Alias,5,5,23,A1
blogs,admin.py,Simple List,13,13,19,A1
blogs,admin.py,Simple List,15,15,14,A1
blogs,admin.py,Simple List,28,28,19,A1
blogs,admin.py,Simple Tuple,29,29,35,A1
blogs,admin.py,Simple Dictionary,29,29,26,A2
blogs,admin.py,Simple Atributte,10,10,21,A2
blogs,admin.py,Simple Atributte,25,25,25,A2
blogs,admin.py,Simple Atributte,9,9,1,A2
blogs,admin.py,Simple Atributte,24,24,1,A2
blogs,admin.py,Simple Atributte,32,32,0,A2
blogs,admin.py,Simple Atributte,17,17,5,A2
blogs,admin.py,Simple Atributte,32,32,0,A2
blogs,admin.py,Simple Atributte,21,21,8,A2
blogs,admin.py,Simple Assignment,13,13,4,A1
blogs,admin.py,Simple Assignment,14,14,4,A1
blogs,admin.py,Simple Assignment,15,15,4,A1
blogs,admin.py,Simple Assignment,28,28,4,A1
blogs,admin.py,Simple Assignment,29,29,4,A1
blogs,admin.py,From,3,3,0,A2
blogs,admin.py,From,4,4,0,A2
blogs,admin.py,From,6,6,0,A2
blogs,admin.py,Alias,3,3,27,A1
blogs,admin.py,Alias,4,4,35,A1
blogs,admin.py,Alias,6,6,30,A1
blogs,admin.py,Alias,6,6,41,A1
blogs,admin.py,Alias,6,6,47,A1
blogs,admin.py,Function with Simple argument,18,21,4,A1
blogs,admin.py,Simple Class ,10,21,0,B1
blogs,admin.py,Simple Class ,25,29,0,B1
templatetags,blogs.py,Simple Atributte,10,10,1,A2
templatetags,blogs.py,Simple Atributte,16,16,1,A2
templatetags,blogs.py,Simple Atributte,7,7,11,A2
templatetags,blogs.py,Simple Atributte,13,13,11,A2
templatetags,blogs.py,Simple Atributte,25,25,11,A2
templatetags,blogs.py,Simple Atributte,13,13,11,A2
templatetags,blogs.py,Simple Atributte,25,25,11,A2
templatetags,blogs.py,Simple Atributte,25,25,11,A2
templatetags,blogs.py,Subscript,13,13,11,A1
templatetags,blogs.py,Subscript,25,25,11,A1
templatetags,blogs.py,Slice,13,13,51,A1
templatetags,blogs.py,Slice,25,25,90,A1
templatetags,blogs.py,Simple Assignment,7,7,0,A1
templatetags,blogs.py,From,3,3,0,A2
templatetags,blogs.py,From,5,5,0,A2
templatetags,blogs.py,Alias,3,3,19,A1
templatetags,blogs.py,Alias,5,5,30,A1
templatetags,blogs.py,Function with Simple argument with Default argument,11,13,0,A2
templatetags,blogs.py,Function with Simple argument with Default argument,17,25,0,A2
templatetags,blogs.py,Return,13,13,4,A1
templatetags,blogs.py,Return,25,25,4,A1
blogs,parser.py,Simple List,30,30,14,A1
blogs,parser.py,Simple Tuple,60,60,11,A1
blogs,parser.py,Simple Tuple,64,64,8,A1
blogs,parser.py,Simple Dictionary,35,40,16,A2
blogs,parser.py,Simple Dictionary,49,49,51,A2
blogs,parser.py,Simple Dictionary,66,69,21,A2
blogs,parser.py,Starred,33,33,38,A1
blogs,parser.py,Simple Atributte,21,21,7,A2
blogs,parser.py,Simple Atributte,29,29,8,A2
blogs,parser.py,Simple Atributte,22,22,29,A2
blogs,parser.py,Simple Atributte,33,33,20,A2
blogs,parser.py,Simple Atributte,42,42,8,A2
blogs,parser.py,Simple Atributte,55,59,23,A2
blogs,parser.py,Simple Atributte,60,60,12,A2
blogs,parser.py,Simple Atributte,60,60,36,A2
blogs,parser.py,Simple Atributte,64,64,23,A2
blogs,parser.py,Simple Atributte,23,23,26,A2
blogs,parser.py,Simple Atributte,33,33,73,A2
blogs,parser.py,Simple Atributte,37,37,23,A2
blogs,parser.py,Simple Atributte,64,64,23,A2
blogs,parser.py,Simple Atributte,72,72,12,A2
blogs,parser.py,Simple Atributte,23,23,49,A2
blogs,parser.py,Simple Atributte,23,23,74,A2
blogs,parser.py,Simple Atributte,55,55,23,A2
blogs,parser.py,Simple Atributte,55,55,23,A2
blogs,parser.py,Simple Atributte,56,56,17,A2
blogs,parser.py,Simple Atributte,56,56,17,A2
blogs,parser.py,Simple Atributte,57,57,25,A2
blogs,parser.py,Unary Operation,71,71,11,A1
blogs,parser.py,Subscript,32,32,13,A1
blogs,parser.py,Subscript,36,36,21,A1
blogs,parser.py,Subscript,33,33,39,A1
blogs,parser.py,Subscript,39,39,39,A1
blogs,parser.py,Subscript,33,33,39,A1
blogs,parser.py,Slice,33,33,61,A1
blogs,parser.py,Simple Assignment,15,15,0,A1
blogs,parser.py,Simple Assignment,20,20,4,A1
blogs,parser.py,Simple Assignment,29,29,4,A1
blogs,parser.py,Simple Assignment,30,30,4,A1
blogs,parser.py,Simple Assignment,22,22,8,A1
blogs,parser.py,Simple Assignment,33,33,8,A1
blogs,parser.py,Simple Assignment,35,40,8,A1
blogs,parser.py,Simple Assignment,55,59,8,A1
blogs,parser.py,Simple Assignment,63,63,8,A1
blogs,parser.py,Simple Assignment,64,70,8,A1
blogs,parser.py,'pass' statement,61,61,8,B1
blogs,parser.py,Import,3,3,0,A2
blogs,parser.py,Import,6,6,0,A2
blogs,parser.py,From,4,4,0,A2
blogs,parser.py,From,7,7,0,A2
blogs,parser.py,From,8,8,0,A2
blogs,parser.py,From,10,10,0,A2
blogs,parser.py,From,11,11,0,A2
blogs,parser.py,Alias,3,3,7,A1
blogs,parser.py,Alias,4,4,25,A1
blogs,parser.py,Alias,4,4,35,A1
blogs,parser.py,Alias,6,6,7,A1
blogs,parser.py,Alias,7,7,24,A1
blogs,parser.py,Alias,8,8,35,A1
blogs,parser.py,Alias,10,10,30,A1
blogs,parser.py,Alias,10,10,41,A1
blogs,parser.py,Alias,11,11,30,A1
blogs,parser.py,Simple If statements,21,23,4,A1
blogs,parser.py,Simple If statements,71,72,8,A1
blogs,parser.py,Simple For Loop,32,42,4,A1
blogs,parser.py,Exception --> try/except/else,54,72,4,B1
blogs,parser.py,Except Handler,60,61,4,A1
blogs,parser.py,Function with Simple argument,18,24,0,A1
blogs,parser.py,Function with Simple argument,27,44,0,A1
blogs,parser.py,Function with Simple argument,47,49,0,A1
blogs,parser.py,Function,52,72,0,A1
blogs,parser.py,Return,24,24,4,A1
blogs,parser.py,Return,44,44,4,A1
blogs,parser.py,Return,49,49,4,A1
blogs,parser.py,Return,23,23,8,A1
tests,test_templatetags.py,Simple Atributte,13,13,8,A2
tests,test_templatetags.py,Simple Atributte,20,20,8,A2
tests,test_templatetags.py,Simple Atributte,24,24,8,A2
tests,test_templatetags.py,Simple Atributte,25,25,8,A2
tests,test_templatetags.py,Simple Atributte,28,28,13,A2
tests,test_templatetags.py,Simple Atributte,33,33,8,A2
tests,test_templatetags.py,Simple Atributte,35,35,13,A2
tests,test_templatetags.py,Simple Atributte,40,40,8,A2
tests,test_templatetags.py,Simple Atributte,41,41,13,A2
tests,test_templatetags.py,Simple Atributte,46,46,8,A2
tests,test_templatetags.py,Simple Atributte,56,56,19,A2
tests,test_templatetags.py,Simple Atributte,57,57,8,A2
tests,test_templatetags.py,Simple Atributte,20,20,8,A2
tests,test_templatetags.py,Simple Atributte,20,20,92,A2
tests,test_templatetags.py,Simple Atributte,25,25,25,A2
tests,test_templatetags.py,Simple Atributte,28,28,13,A2
tests,test_templatetags.py,Simple Atributte,33,33,8,A2
tests,test_templatetags.py,Simple Atributte,35,35,13,A2
tests,test_templatetags.py,Simple Atributte,40,40,8,A2
tests,test_templatetags.py,Simple Atributte,41,41,13,A2
tests,test_templatetags.py,Simple Atributte,46,46,8,A2
tests,test_templatetags.py,Simple Atributte,57,57,25,A2
tests,test_templatetags.py,Simple Atributte,25,25,25,A2
tests,test_templatetags.py,Simple Atributte,57,57,25,A2
tests,test_templatetags.py,Subscript,25,25,25,A1
tests,test_templatetags.py,Simple Assignment,13,13,8,A1
tests,test_templatetags.py,Simple Assignment,22,22,8,A1
tests,test_templatetags.py,Simple Assignment,28,32,8,A1
tests,test_templatetags.py,Simple Assignment,35,39,8,A1
tests,test_templatetags.py,Simple Assignment,41,45,8,A1
tests,test_templatetags.py,Simple Assignment,48,54,8,A1
tests,test_templatetags.py,Simple Assignment,56,56,8,A1
tests,test_templatetags.py,From,1,1,0,A2
tests,test_templatetags.py,From,2,2,0,A2
tests,test_templatetags.py,From,3,3,0,A2
tests,test_templatetags.py,From,4,4,0,A2
tests,test_templatetags.py,From,6,6,0,A2
tests,test_templatetags.py,From,7,7,0,A2
tests,test_templatetags.py,From,8,8,0,A2
tests,test_templatetags.py,Alias,1,1,35,A1
tests,test_templatetags.py,Alias,2,2,28,A1
tests,test_templatetags.py,Alias,2,2,37,A1
tests,test_templatetags.py,Alias,3,3,24,A1
tests,test_templatetags.py,Alias,4,4,34,A1
tests,test_templatetags.py,Alias,6,6,30,A1
tests,test_templatetags.py,Alias,6,6,41,A1
tests,test_templatetags.py,Alias,6,6,47,A1
tests,test_templatetags.py,Alias,7,7,42,A1
tests,test_templatetags.py,Alias,8,8,35,A1
tests,test_templatetags.py,Function with Simple argument,12,13,4,A1
tests,test_templatetags.py,Function with Simple argument,15,25,4,A1
tests,test_templatetags.py,Function with Simple argument,27,57,4,A1
tests,test_templatetags.py,Inherited Class from TestCase,11,57,0,B1
tests,test_parser.py,Formatted Value,13,13,47,A1
tests,test_parser.py,Joined String,13,13,38,A1
tests,test_parser.py,Super Function,11,11,8,C2
tests,test_parser.py,Simple Atributte,8,8,21,A2
tests,test_parser.py,Simple Atributte,29,29,27,A2
tests,test_parser.py,Simple Atributte,12,12,8,A2
tests,test_parser.py,Simple Atributte,13,13,8,A2
tests,test_parser.py,Simple Atributte,11,11,8,A2
tests,test_parser.py,Simple Atributte,16,16,8,A2
tests,test_parser.py,Simple Atributte,17,17,8,A2
tests,test_parser.py,Simple Atributte,18,18,8,A2
tests,test_parser.py,Simple Atributte,22,22,8,A2
tests,test_parser.py,Simple Atributte,22,22,59,A2
tests,test_parser.py,Simple Atributte,23,23,8,A2
tests,test_parser.py,Simple Atributte,32,32,8,A2
tests,test_parser.py,Simple Atributte,39,39,8,A2
tests,test_parser.py,Simple Atributte,46,46,8,A2
tests,test_parser.py,Simple Atributte,50,50,8,A2
tests,test_parser.py,Simple Atributte,16,16,29,A2
tests,test_parser.py,Simple Atributte,13,13,48,A2
tests,test_parser.py,Simple Atributte,17,17,25,A2
tests,test_parser.py,Simple Atributte,20,20,12,A2
tests,test_parser.py,Simple Atributte,22,22,30,A2
tests,test_parser.py,Simple Atributte,24,24,12,A2
tests,test_parser.py,Subscript,17,17,25,A1
tests,test_parser.py,Subscript,20,20,12,A1
tests,test_parser.py,Subscript,22,22,30,A1
tests,test_parser.py,Subscript,24,24,12,A1
tests,test_parser.py,Subscript,17,17,25,A1
tests,test_parser.py,Subscript,20,20,12,A1
tests,test_parser.py,Subscript,22,22,30,A1
tests,test_parser.py,Subscript,24,24,12,A1
tests,test_parser.py,Simple Assignment,12,12,8,A1
tests,test_parser.py,Simple Assignment,13,13,8,A1
tests,test_parser.py,Simple Assignment,31,31,8,A1
tests,test_parser.py,Simple Assignment,38,38,8,A1
tests,test_parser.py,Simple Assignment,45,45,8,A1
tests,test_parser.py,Simple Assignment,49,49,8,A1
tests,test_parser.py,Import,1,1,0,A2
tests,test_parser.py,Import,2,2,0,A2
tests,test_parser.py,From,4,4,0,A2
tests,test_parser.py,From,5,5,0,A2
tests,test_parser.py,Alias,1,1,7,A1
tests,test_parser.py,Alias,2,2,7,A1
tests,test_parser.py,Alias,4,4,30,A1
tests,test_parser.py,Alias,4,4,51,A1
tests,test_parser.py,Alias,5,5,35,A1
tests,test_parser.py,Function with Simple argument,10,13,4,A1
tests,test_parser.py,Function with Simple argument,15,26,4,A1
tests,test_parser.py,Function with Simple argument,30,35,4,A1
tests,test_parser.py,Function with Simple argument,37,42,4,A1
tests,test_parser.py,Function with Simple argument,44,46,4,A1
tests,test_parser.py,Function with Simple argument,48,50,4,A1
tests,test_parser.py,Simple Class ,8,26,0,B1
tests,test_parser.py,Simple Class ,29,50,0,B1
tests,test_models.py,Simple Atributte,9,9,14,A2
tests,test_models.py,Simple Atributte,11,11,12,A2
tests,test_models.py,Simple Atributte,23,23,8,A2
tests,test_models.py,Simple Atributte,23,23,33,A2
tests,test_models.py,Simple Atributte,24,24,8,A2
tests,test_models.py,Simple Atributte,24,24,47,A2
tests,test_models.py,Simple Atributte,11,11,12,A2
tests,test_models.py,Simple Atributte,24,24,25,A2
tests,test_models.py,Simple Atributte,16,16,17,A2
tests,test_models.py,Simple Atributte,16,16,17,A2
tests,test_models.py,Simple Assignment,9,9,8,A1
tests,test_models.py,Simple Assignment,11,21,8,A1
tests,test_models.py,From,1,1,0,A2
tests,test_models.py,From,2,2,0,A2
tests,test_models.py,From,4,4,0,A2
tests,test_models.py,Alias,1,1,24,A1
tests,test_models.py,Alias,2,2,25,A1
tests,test_models.py,Alias,4,4,30,A1
tests,test_models.py,Alias,4,4,41,A1
tests,test_models.py,Function with Simple argument,8,24,4,A1
tests,test_models.py,Inherited Class from TestCase,7,24,0,B1
tests,utils.py,Simple Atributte,5,5,15,A2
tests,utils.py,From,1,1,0,A2
tests,utils.py,Alias,1,1,20,A1
tests,utils.py,Function,4,5,0,A1
tests,utils.py,Return,5,5,4,A1
tests,test_views.py,Simple Atributte,11,11,8,A2
tests,test_views.py,Simple Atributte,18,18,8,A2
tests,test_views.py,Simple Atributte,21,21,15,A2
tests,test_views.py,Simple Atributte,22,22,8,A2
tests,test_views.py,Simple Atributte,22,22,25,A2
tests,test_views.py,Simple Atributte,24,24,17,A2
tests,test_views.py,Simple Atributte,25,25,8,A2
tests,test_views.py,Simple Atributte,18,18,8,A2
tests,test_views.py,Simple Atributte,18,18,90,A2
tests,test_views.py,Simple Atributte,21,21,15,A2
tests,test_views.py,Simple Atributte,24,24,17,A2
tests,test_views.py,Simple Atributte,25,25,25,A2
tests,test_views.py,Subscript,25,25,25,A1
tests,test_views.py,Simple Assignment,11,11,8,A1
tests,test_views.py,Simple Assignment,21,21,8,A1
tests,test_views.py,Simple Assignment,24,24,8,A1
tests,test_views.py,From,1,1,0,A2
tests,test_views.py,From,2,2,0,A2
tests,test_views.py,From,3,3,0,A2
tests,test_views.py,From,5,5,0,A2
tests,test_views.py,From,6,6,0,A2
tests,test_views.py,Alias,1,1,35,A1
tests,test_views.py,Alias,2,2,24,A1
tests,test_views.py,Alias,3,3,24,A1
tests,test_views.py,Alias,5,5,30,A1
tests,test_views.py,Alias,5,5,41,A1
tests,test_views.py,Alias,6,6,35,A1
tests,test_views.py,Function with Simple argument,10,11,4,A1
tests,test_views.py,Function with Simple argument,13,25,4,A1
tests,test_views.py,Inherited Class from TestCase,9,25,0,B1
commands,update_blogs.py,Simple Atributte,12,12,20,A2
commands,update_blogs.py,Simple Atributte,23,23,12,A2
commands,update_blogs.py,Simple Atributte,30,30,20,A2
commands,update_blogs.py,Simple Atributte,12,12,20,A2
commands,update_blogs.py,Simple Atributte,13,13,38,A2
commands,update_blogs.py,Simple Atributte,24,24,12,A2
commands,update_blogs.py,Simple Atributte,30,30,20,A2
commands,update_blogs.py,Simple Atributte,31,31,12,A2
commands,update_blogs.py,Simple Atributte,16,16,22,A2
commands,update_blogs.py,Simple Atributte,17,17,16,A2
commands,update_blogs.py,Simple Atributte,17,17,16,A2
commands,update_blogs.py,Simple Assignment,13,13,12,A1
commands,update_blogs.py,Simple Assignment,23,23,12,A1
commands,update_blogs.py,Simple Assignment,16,16,16,A1
commands,update_blogs.py,From,1,1,0,A2
commands,update_blogs.py,From,2,2,0,A2
commands,update_blogs.py,From,4,4,0,A2
commands,update_blogs.py,From,5,5,0,A2
commands,update_blogs.py,Alias,1,1,40,A1
commands,update_blogs.py,Alias,2,2,34,A1
commands,update_blogs.py,Alias,4,4,30,A1
commands,update_blogs.py,Alias,4,4,41,A1
commands,update_blogs.py,Alias,4,4,47,A1
commands,update_blogs.py,Alias,5,5,30,A1
commands,update_blogs.py,Alias,5,5,47,A1
commands,update_blogs.py,1 Nested For Loop,12,24,8,A2
commands,update_blogs.py,Simple For Loop,30,31,8,A1
commands,update_blogs.py,Simple For Loop,15,21,12,A1
commands,update_blogs.py,Function with Simple argument with ** argument,11,31,4,B1
commands,update_blogs.py,Inherited Class from BaseCommand,8,31,0,B1
blogs,models.py,Simple List,13,20,30,A1
blogs,models.py,Simple Atributte,33,33,16,A2
blogs,models.py,Simple Atributte,67,67,11,A2
blogs,models.py,Simple Atributte,80,80,20,A2
blogs,models.py,Simple Atributte,13,13,7,A2
blogs,models.py,Simple Atributte,28,28,12,A2
blogs,models.py,Simple Atributte,30,30,11,A2
blogs,models.py,Simple Atributte,40,40,12,A2
blogs,models.py,Simple Atributte,41,41,14,A2
blogs,models.py,Simple Atributte,42,42,15,A2
blogs,models.py,Simple Atributte,43,43,10,A2
blogs,models.py,Simple Atributte,44,44,11,A2
blogs,models.py,Simple Atributte,55,55,15,A2
blogs,models.py,Simple Atributte,59,59,15,A2
blogs,models.py,Simple Atributte,70,70,11,A2
blogs,models.py,Simple Atributte,71,71,18,A2
blogs,models.py,Simple Atributte,72,72,15,A2
blogs,models.py,Simple Atributte,73,73,18,A2
blogs,models.py,Simple Atributte,77,77,15,A2
blogs,models.py,Simple Atributte,87,87,11,A2
blogs,models.py,Simple Atributte,88,88,11,A2
blogs,models.py,Simple Atributte,89,89,18,A2
blogs,models.py,Simple Atributte,90,90,12,A2
blogs,models.py,Simple Atributte,94,94,15,A2
blogs,models.py,Simple Atributte,100,100,11,A2
blogs,models.py,Simple Atributte,101,101,15,A2
blogs,models.py,Simple Atributte,102,102,15,A2
blogs,models.py,Simple Atributte,103,103,16,A2
blogs,models.py,Simple Atributte,104,104,27,A2
blogs,models.py,Simple Atributte,105,105,23,A2
blogs,models.py,Simple Atributte,115,115,15,A2
blogs,models.py,Simple Atributte,119,119,15,A2
blogs,models.py,Simple Atributte,124,124,8,A2
blogs,models.py,Simple Atributte,125,125,8,A2
blogs,models.py,Simple Atributte,126,126,8,A2
blogs,models.py,Simple Atributte,127,127,8,A2
blogs,models.py,Simple Atributte,13,13,7,A2
blogs,models.py,Simple Atributte,44,44,47,A2
blogs,models.py,Simple Atributte,64,64,30,A2
blogs,models.py,Simple Atributte,123,123,12,A2
blogs,models.py,Simple Atributte,123,123,29,A2
blogs,models.py,Simple Atributte,128,128,8,A2
blogs,models.py,Simple Atributte,30,30,20,A2
blogs,models.py,Unary Operation,22,22,11,A1
blogs,models.py,Subscript,124,124,25,A1
blogs,models.py,Subscript,125,125,24,A1
blogs,models.py,Subscript,126,126,36,A1
blogs,models.py,Subscript,127,127,32,A1
blogs,models.py,Subscript,124,124,25,A1
blogs,models.py,Subscript,125,125,24,A1
blogs,models.py,Subscript,126,126,36,A1
blogs,models.py,Subscript,127,127,32,A1
blogs,models.py,Subscript,127,127,32,A1
blogs,models.py,Generator Expression,30,30,19,C1
blogs,models.py,Simple Assignment,27,27,4,A1
blogs,models.py,Simple Assignment,28,28,4,A1
blogs,models.py,Simple Assignment,29,29,4,A1
blogs,models.py,Simple Assignment,40,40,4,A1
blogs,models.py,Simple Assignment,41,41,4,A1
blogs,models.py,Simple Assignment,42,42,4,A1
blogs,models.py,Simple Assignment,43,43,4,A1
blogs,models.py,Simple Assignment,44,44,4,A1
blogs,models.py,Simple Assignment,70,70,4,A1
blogs,models.py,Simple Assignment,71,71,4,A1
blogs,models.py,Simple Assignment,72,72,4,A1
blogs,models.py,Simple Assignment,73,73,4,A1
blogs,models.py,Simple Assignment,87,87,4,A1
blogs,models.py,Simple Assignment,88,88,4,A1
blogs,models.py,Simple Assignment,89,89,4,A1
blogs,models.py,Simple Assignment,90,90,4,A1
blogs,models.py,Simple Assignment,100,100,4,A1
blogs,models.py,Simple Assignment,101,101,4,A1
blogs,models.py,Simple Assignment,102,102,4,A1
blogs,models.py,Simple Assignment,103,103,4,A1
blogs,models.py,Simple Assignment,104,104,4,A1
blogs,models.py,Simple Assignment,105,105,4,A1
blogs,models.py,Simple Assignment,49,49,8,A1
blogs,models.py,Simple Assignment,50,50,8,A1
blogs,models.py,Simple Assignment,51,51,8,A1
blogs,models.py,Simple Assignment,110,110,8,A1
blogs,models.py,Simple Assignment,111,111,8,A1
blogs,models.py,Simple Assignment,123,123,8,A1
blogs,models.py,Simple Assignment,124,124,8,A1
blogs,models.py,Simple Assignment,125,125,8,A1
blogs,models.py,Simple Assignment,126,126,8,A1
blogs,models.py,Simple Assignment,127,127,8,A1
blogs,models.py,Import,3,3,0,A2
blogs,models.py,From,4,4,0,A2
blogs,models.py,From,5,5,0,A2
blogs,models.py,From,6,6,0,A2
blogs,models.py,From,8,8,0,A2
blogs,models.py,Alias,3,3,7,A1
blogs,models.py,Alias,4,4,16,A1
blogs,models.py,Alias,5,5,24,A1
blogs,models.py,Alias,6,6,22,A1
blogs,models.py,Alias,8,8,28,A1
blogs,models.py,Simple If statements,13,21,4,A1
blogs,models.py,Function with Simple argument,11,22,0,A1
blogs,models.py,Function with Simple argument,25,30,0,A1
blogs,models.py,Function with Simple argument,53,55,4,A1
blogs,models.py,Function with Simple argument,57,59,4,A1
blogs,models.py,Function with Simple argument,62,64,4,A1
blogs,models.py,Function with Simple argument,75,77,4,A1
blogs,models.py,Function with Simple argument,92,94,4,A1
blogs,models.py,Function with Simple argument,113,115,4,A1
blogs,models.py,Function with Simple argument,117,119,4,A1
blogs,models.py,Function with Simple argument,121,128,4,A1
blogs,models.py,Return,22,22,4,A1
blogs,models.py,Return,30,30,4,A1
blogs,models.py,Return,21,21,8,A1
blogs,models.py,Return,55,55,8,A1
blogs,models.py,Return,59,59,8,A1
blogs,models.py,Return,64,64,8,A1
blogs,models.py,Return,77,77,8,A1
blogs,models.py,Return,94,94,8,A1
blogs,models.py,Return,115,115,8,A1
blogs,models.py,Return,119,119,8,A1
blogs,models.py,Simple Class ,33,64,0,B1
blogs,models.py,Simple Class ,67,77,0,B1
blogs,models.py,Simple Class ,80,94,0,B1
blogs,models.py,Inherited Class from ContentManageable,97,128,0,B1
blogs,models.py,Simple Class ,46,51,4,B1
blogs,models.py,Simple Class ,107,111,4,B1
blogs,views.py,Simple List,19,19,24,A1
blogs,views.py,Simple Dictionary,26,29,12,A2
blogs,views.py,Super Function,15,15,18,C2
blogs,views.py,Simple Atributte,15,15,18,A2
blogs,views.py,Simple Atributte,25,25,8,A2
blogs,views.py,Simple Atributte,17,17,18,A2
blogs,views.py,Simple Atributte,17,17,18,A2
blogs,views.py,Subscript,17,17,18,A1
blogs,views.py,Subscript,22,22,27,A1
blogs,views.py,Subscript,23,23,28,A1
blogs,views.py,Slice,17,17,58,A1
blogs,views.py,Slice,23,23,36,A1
blogs,views.py,Simple Assignment,11,11,4,A1
blogs,views.py,Simple Assignment,15,15,8,A1
blogs,views.py,Simple Assignment,17,17,8,A1
blogs,views.py,Simple Assignment,18,18,8,A1
blogs,views.py,Simple Assignment,19,19,8,A1
blogs,views.py,Simple Assignment,22,22,12,A1
blogs,views.py,Simple Assignment,23,23,12,A1
blogs,views.py,From,3,3,0,A2
blogs,views.py,From,5,5,0,A2
blogs,views.py,Alias,3,3,33,A1
blogs,views.py,Alias,5,5,30,A1
blogs,views.py,Simple If statements,21,23,8,A1
blogs,views.py,Function with Simple argument with ** argument,13,32,4,B1
blogs,views.py,Return,32,32,8,A1
blogs,views.py,Inherited Class from TemplateView,8,32,0,B1
blogs,apps.py,Simple Assignment,9,9,4,A1
blogs,apps.py,Simple Assignment,10,10,4,A1
blogs,apps.py,From,3,3,0,A2
blogs,apps.py,Alias,3,3,24,A1
blogs,apps.py,Inherited Class from AppConfig,6,10,0,B1
jobs,factories.py,Simple List,18,27,16,A1
jobs,factories.py,Simple List,29,34,21,A1
jobs,factories.py,Simple List,36,47,17,A1
jobs,factories.py,Simple List,187,195,16,A1
jobs,factories.py,Simple List,196,198,18,A1
jobs,factories.py,Simple Tuple,72,72,31,A1
jobs,factories.py,Simple Tuple,84,84,31,A1
jobs,factories.py,Simple Tuple,179,179,31,A1
jobs,factories.py,2 List Dictionary,186,199,11,B1
jobs,factories.py,Starred,193,193,12,A1
jobs,factories.py,Starred,194,194,12,A1
jobs,factories.py,Simple Atributte,62,62,0,A2
jobs,factories.py,Simple Atributte,112,112,5,A2
jobs,factories.py,Simple Atributte,117,117,5,A2
jobs,factories.py,Simple Atributte,133,133,13,A2
jobs,factories.py,Simple Atributte,139,139,13,A2
jobs,factories.py,Simple Atributte,145,145,13,A2
jobs,factories.py,Simple Atributte,151,151,13,A2
jobs,factories.py,Simple Atributte,157,157,13,A2
jobs,factories.py,Simple Atributte,163,163,13,A2
jobs,factories.py,Simple Atributte,169,169,13,A2
jobs,factories.py,Simple Atributte,62,62,0,A2
jobs,factories.py,Simple Atributte,74,74,11,A2
jobs,factories.py,Simple Atributte,86,86,11,A2
jobs,factories.py,Simple Atributte,97,97,14,A2
jobs,factories.py,Simple Atributte,98,98,15,A2
jobs,factories.py,Simple Atributte,99,99,16,A2
jobs,factories.py,Simple Atributte,103,103,19,A2
jobs,factories.py,Simple Atributte,104,104,26,A2
jobs,factories.py,Simple Atributte,105,105,14,A2
jobs,factories.py,Simple Atributte,106,106,12,A2
jobs,factories.py,Simple Atributte,51,51,15,A2
jobs,factories.py,Simple Atributte,51,51,35,A2
jobs,factories.py,Simple Atributte,55,55,15,A2
jobs,factories.py,Simple Atributte,55,55,35,A2
jobs,factories.py,Simple Atributte,59,59,15,A2
jobs,factories.py,Simple Atributte,59,59,35,A2
jobs,factories.py,Simple Atributte,115,115,15,A2
jobs,factories.py,Simple Atributte,115,115,32,A2
jobs,factories.py,Simple Atributte,127,127,16,A2
jobs,factories.py,Simple Atributte,193,193,13,A2
jobs,factories.py,Simple Atributte,194,194,13,A2
jobs,factories.py,Simple Atributte,127,127,16,A2
jobs,factories.py,Unary Operation,120,120,11,A1
jobs,factories.py,Simple Assignment,18,27,4,A1
jobs,factories.py,Simple Assignment,29,34,4,A1
jobs,factories.py,Simple Assignment,36,47,4,A1
jobs,factories.py,Simple Assignment,74,74,4,A1
jobs,factories.py,Simple Assignment,86,86,4,A1
jobs,factories.py,Simple Assignment,97,97,4,A1
jobs,factories.py,Simple Assignment,98,98,4,A1
jobs,factories.py,Simple Assignment,99,99,4,A1
jobs,factories.py,Simple Assignment,100,100,4,A1
jobs,factories.py,Simple Assignment,101,101,4,A1
jobs,factories.py,Simple Assignment,102,102,4,A1
jobs,factories.py,Simple Assignment,103,103,4,A1
jobs,factories.py,Simple Assignment,104,104,4,A1
jobs,factories.py,Simple Assignment,105,105,4,A1
jobs,factories.py,Simple Assignment,106,106,4,A1
jobs,factories.py,Simple Assignment,107,107,4,A1
jobs,factories.py,Simple Assignment,109,109,4,A1
jobs,factories.py,Simple Assignment,110,110,4,A1
jobs,factories.py,Simple Assignment,133,133,4,A1
jobs,factories.py,Simple Assignment,139,139,4,A1
jobs,factories.py,Simple Assignment,145,145,4,A1
jobs,factories.py,Simple Assignment,151,151,4,A1
jobs,factories.py,Simple Assignment,157,157,4,A1
jobs,factories.py,Simple Assignment,163,163,4,A1
jobs,factories.py,Simple Assignment,169,169,4,A1
jobs,factories.py,Simple Assignment,181,181,4,A1
jobs,factories.py,Simple Assignment,71,71,8,A1
jobs,factories.py,Simple Assignment,72,72,8,A1
jobs,factories.py,Simple Assignment,83,83,8,A1
jobs,factories.py,Simple Assignment,84,84,8,A1
jobs,factories.py,Simple Assignment,95,95,8,A1
jobs,factories.py,Simple Assignment,178,178,8,A1
jobs,factories.py,Simple Assignment,179,179,8,A1
jobs,factories.py,Import,3,3,0,A2
jobs,factories.py,Import,5,5,0,A2
jobs,factories.py,From,6,6,0,A2
jobs,factories.py,From,7,7,0,A2
jobs,factories.py,From,8,8,0,A2
jobs,factories.py,From,9,9,0,A2
jobs,factories.py,From,11,11,0,A2
jobs,factories.py,From,12,12,0,A2
jobs,factories.py,Alias,3,3,7,A1
jobs,factories.py,Alias,5,5,7,A1
jobs,factories.py,Alias,6,6,39,A1
jobs,factories.py,Alias,7,7,25,A1
jobs,factories.py,Alias,8,8,27,A1
jobs,factories.py,Alias,9,9,28,A1
jobs,factories.py,Alias,11,11,29,A1
jobs,factories.py,Alias,11,11,34,A1
jobs,factories.py,Alias,11,11,47,A1
jobs,factories.py,Alias,12,12,33,A1
jobs,factories.py,Simple If statements,120,122,8,A1
jobs,factories.py,Simple If statements,124,127,8,A1
jobs,factories.py,Simple For Loop,126,127,12,A1
jobs,factories.py,Function,184,199,0,A1
jobs,factories.py,Function with Simple argument,49,51,4,A1
jobs,factories.py,Function with Simple argument,53,55,4,A1
jobs,factories.py,Function with Simple argument,57,59,4,A1
jobs,factories.py,Function with Simple argument,113,115,4,A1
jobs,factories.py,Function with Simple argument with ** argument,118,127,4,B1
jobs,factories.py,Return,186,199,4,A1
jobs,factories.py,Return,51,51,8,A1
jobs,factories.py,Return,55,55,8,A1
jobs,factories.py,Return,59,59,8,A1
jobs,factories.py,Return,115,115,8,A1
jobs,factories.py,Return,122,122,12,A1
jobs,factories.py,Inherited Class from BaseProvider,15,59,0,B1
jobs,factories.py,Inherited Class from DjangoModelFactory,65,74,0,B1
jobs,factories.py,Inherited Class from DjangoModelFactory,77,86,0,B1
jobs,factories.py,Inherited Class from DjangoModelFactory,89,127,0,B1
jobs,factories.py,Inherited Class from JobFactory,130,133,0,B1
jobs,factories.py,Inherited Class from JobFactory,136,139,0,B1
jobs,factories.py,Inherited Class from JobFactory,142,145,0,B1
jobs,factories.py,Inherited Class from JobFactory,148,151,0,B1
jobs,factories.py,Inherited Class from JobFactory,154,157,0,B1
jobs,factories.py,Inherited Class from JobFactory,160,163,0,B1
jobs,factories.py,Inherited Class from JobFactory,166,169,0,B1
jobs,factories.py,Inherited Class from DjangoModelFactory,172,181,0,B1
jobs,factories.py,Simple Class ,68,72,4,B1
jobs,factories.py,Simple Class ,80,84,4,B1
jobs,factories.py,Simple Class ,92,95,4,B1
jobs,factories.py,Simple Class ,175,179,4,B1
migrations,0011_jobreviewcomment.py,Simple List,8,11,19,A1
migrations,0011_jobreviewcomment.py,Simple List,13,63,17,A1
migrations,0011_jobreviewcomment.py,Simple List,16,57,19,A1
migrations,0011_jobreviewcomment.py,Simple List,24,30,32,A1
migrations,0011_jobreviewcomment.py,Simple Tuple,10,10,8,A1
migrations,0011_jobreviewcomment.py,Simple Tuple,61,61,18,A1
migrations,0011_jobreviewcomment.py,Simple Tuple,17,17,16,A1
migrations,0011_jobreviewcomment.py,Simple Tuple,18,18,16,A1
migrations,0011_jobreviewcomment.py,Simple Tuple,19,19,16,A1
migrations,0011_jobreviewcomment.py,Simple Tuple,20,20,16,A1
migrations,0011_jobreviewcomment.py,Simple Tuple,21,34,16,A1
migrations,0011_jobreviewcomment.py,Simple Tuple,35,35,16,A1
migrations,0011_jobreviewcomment.py,Simple Tuple,36,45,16,A1
migrations,0011_jobreviewcomment.py,Simple Tuple,46,46,16,A1
migrations,0011_jobreviewcomment.py,Simple Tuple,47,56,16,A1
migrations,0011_jobreviewcomment.py,Simple Tuple,25,25,28,A1
migrations,0011_jobreviewcomment.py,Simple Tuple,26,26,28,A1
migrations,0011_jobreviewcomment.py,Simple Tuple,27,27,28,A1
migrations,0011_jobreviewcomment.py,Simple Tuple,28,28,28,A1
migrations,0011_jobreviewcomment.py,Simple Tuple,29,29,28,A1
migrations,0011_jobreviewcomment.py,Simple Dictionary,58,60,20,A2
migrations,0011_jobreviewcomment.py,Simple Atributte,7,7,16,A2
migrations,0011_jobreviewcomment.py,Simple Atributte,9,9,8,A2
migrations,0011_jobreviewcomment.py,Simple Atributte,9,9,40,A2
migrations,0011_jobreviewcomment.py,Simple Atributte,14,14,8,A2
migrations,0011_jobreviewcomment.py,Simple Atributte,61,61,19,A2
migrations,0011_jobreviewcomment.py,Simple Atributte,17,17,23,A2
migrations,0011_jobreviewcomment.py,Simple Atributte,18,18,28,A2
migrations,0011_jobreviewcomment.py,Simple Atributte,19,19,28,A2
migrations,0011_jobreviewcomment.py,Simple Atributte,20,20,28,A2
migrations,0011_jobreviewcomment.py,Simple Atributte,23,23,20,A2
migrations,0011_jobreviewcomment.py,Simple Atributte,35,35,38,A2
migrations,0011_jobreviewcomment.py,Simple Atributte,38,38,20,A2
migrations,0011_jobreviewcomment.py,Simple Atributte,46,46,24,A2
migrations,0011_jobreviewcomment.py,Simple Atributte,49,49,20,A2
migrations,0011_jobreviewcomment.py,Simple Atributte,18,18,69,A2
migrations,0011_jobreviewcomment.py,Simple Atributte,19,19,57,A2
migrations,0011_jobreviewcomment.py,Simple Atributte,20,20,28,A2
migrations,0011_jobreviewcomment.py,Simple Atributte,40,40,27,A2
migrations,0011_jobreviewcomment.py,Simple Atributte,43,43,34,A2
migrations,0011_jobreviewcomment.py,Simple Atributte,46,46,99,A2
migrations,0011_jobreviewcomment.py,Simple Atributte,51,51,27,A2
migrations,0011_jobreviewcomment.py,Simple Atributte,54,54,34,A2
migrations,0011_jobreviewcomment.py,Simple Atributte,18,18,69,A2
migrations,0011_jobreviewcomment.py,Simple Atributte,19,19,57,A2
migrations,0011_jobreviewcomment.py,Simple Atributte,18,18,69,A2
migrations,0011_jobreviewcomment.py,Simple Atributte,19,19,57,A2
migrations,0011_jobreviewcomment.py,Simple Assignment,8,11,4,A1
migrations,0011_jobreviewcomment.py,Simple Assignment,13,63,4,A1
migrations,0011_jobreviewcomment.py,Import,1,1,0,A2
migrations,0011_jobreviewcomment.py,Import,2,2,0,A2
migrations,0011_jobreviewcomment.py,From,3,3,0,A2
migrations,0011_jobreviewcomment.py,From,4,4,0,A2
migrations,0011_jobreviewcomment.py,Alias,1,1,7,A1
migrations,0011_jobreviewcomment.py,Alias,2,2,7,A1
migrations,0011_jobreviewcomment.py,Alias,3,3,24,A1
migrations,0011_jobreviewcomment.py,Alias,4,4,22,A1
migrations,0011_jobreviewcomment.py,Alias,4,4,34,A1
migrations,0011_jobreviewcomment.py,Simple Class ,7,63,0,B1
migrations,0010_auto_20150416_1853.py,Simple List,5,7,19,A1
migrations,0010_auto_20150416_1853.py,Simple List,9,59,17,A1
migrations,0010_auto_20150416_1853.py,Simple List,15,21,24,A1
migrations,0010_auto_20150416_1853.py,Simple List,33,39,24,A1
migrations,0010_auto_20150416_1853.py,Simple List,49,55,24,A1
migrations,0010_auto_20150416_1853.py,Simple Tuple,6,6,8,A1
migrations,0010_auto_20150416_1853.py,Simple Tuple,16,16,20,A1
migrations,0010_auto_20150416_1853.py,Simple Tuple,17,17,20,A1
migrations,0010_auto_20150416_1853.py,Simple Tuple,18,18,20,A1
migrations,0010_auto_20150416_1853.py,Simple Tuple,19,19,20,A1
migrations,0010_auto_20150416_1853.py,Simple Tuple,20,20,20,A1
migrations,0010_auto_20150416_1853.py,Simple Tuple,34,34,20,A1
migrations,0010_auto_20150416_1853.py,Simple Tuple,35,35,20,A1
migrations,0010_auto_20150416_1853.py,Simple Tuple,36,36,20,A1
migrations,0010_auto_20150416_1853.py,Simple Tuple,37,37,20,A1
migrations,0010_auto_20150416_1853.py,Simple Tuple,38,38,20,A1
migrations,0010_auto_20150416_1853.py,Simple Tuple,50,50,20,A1
migrations,0010_auto_20150416_1853.py,Simple Tuple,51,51,20,A1
migrations,0010_auto_20150416_1853.py,Simple Tuple,52,52,20,A1
migrations,0010_auto_20150416_1853.py,Simple Tuple,53,53,20,A1
migrations,0010_auto_20150416_1853.py,Simple Tuple,54,54,20,A1
migrations,0010_auto_20150416_1853.py,Simple Atributte,4,4,16,A2
migrations,0010_auto_20150416_1853.py,Simple Atributte,10,10,8,A2
migrations,0010_auto_20150416_1853.py,Simple Atributte,27,27,8,A2
migrations,0010_auto_20150416_1853.py,Simple Atributte,43,43,8,A2
migrations,0010_auto_20150416_1853.py,Simple Atributte,13,13,18,A2
migrations,0010_auto_20150416_1853.py,Simple Atributte,30,30,18,A2
migrations,0010_auto_20150416_1853.py,Simple Atributte,46,46,18,A2
migrations,0010_auto_20150416_1853.py,Simple Assignment,5,7,4,A1
migrations,0010_auto_20150416_1853.py,Simple Assignment,9,59,4,A1
migrations,0010_auto_20150416_1853.py,From,1,1,0,A2
migrations,0010_auto_20150416_1853.py,Alias,1,1,22,A1
migrations,0010_auto_20150416_1853.py,Alias,1,1,34,A1
migrations,0010_auto_20150416_1853.py,Simple Class ,4,59,0,B1
migrations,0019_job_submitted_by.py,Simple List,9,12,19,A1
migrations,0019_job_submitted_by.py,Simple List,14,22,17,A1
migrations,0019_job_submitted_by.py,Simple Tuple,11,11,8,A1
migrations,0019_job_submitted_by.py,Simple Atributte,8,8,16,A2
migrations,0019_job_submitted_by.py,Simple Atributte,10,10,8,A2
migrations,0019_job_submitted_by.py,Simple Atributte,10,10,40,A2
migrations,0019_job_submitted_by.py,Simple Atributte,15,15,8,A2
migrations,0019_job_submitted_by.py,Simple Atributte,18,18,18,A2
migrations,0019_job_submitted_by.py,Simple Atributte,19,19,37,A2
migrations,0019_job_submitted_by.py,Simple Atributte,19,19,76,A2
migrations,0019_job_submitted_by.py,Simple Atributte,19,19,37,A2
migrations,0019_job_submitted_by.py,Simple Atributte,19,19,37,A2
migrations,0019_job_submitted_by.py,Simple Atributte,19,19,37,A2
migrations,0019_job_submitted_by.py,Simple Assignment,9,12,4,A1
migrations,0019_job_submitted_by.py,Simple Assignment,14,22,4,A1
migrations,0019_job_submitted_by.py,Import,3,3,0,A2
migrations,0019_job_submitted_by.py,From,4,4,0,A2
migrations,0019_job_submitted_by.py,From,5,5,0,A2
migrations,0019_job_submitted_by.py,Alias,3,3,7,A1
migrations,0019_job_submitted_by.py,Alias,4,4,24,A1
migrations,0019_job_submitted_by.py,Alias,5,5,22,A1
migrations,0019_job_submitted_by.py,Alias,5,5,34,A1
migrations,0019_job_submitted_by.py,Simple Class ,8,22,0,B1
migrations,0007_auto_20150227_2223.py,Simple List,5,7,19,A1
migrations,0007_auto_20150227_2223.py,Simple List,9,24,17,A1
migrations,0007_auto_20150227_2223.py,Simple Tuple,6,6,8,A1
migrations,0007_auto_20150227_2223.py,Simple Atributte,4,4,16,A2
migrations,0007_auto_20150227_2223.py,Simple Atributte,10,10,8,A2
migrations,0007_auto_20150227_2223.py,Simple Atributte,14,14,8,A2
migrations,0007_auto_20150227_2223.py,Simple Atributte,18,18,8,A2
migrations,0007_auto_20150227_2223.py,Simple Atributte,21,21,18,A2
migrations,0007_auto_20150227_2223.py,Simple Assignment,5,7,4,A1
migrations,0007_auto_20150227_2223.py,Simple Assignment,9,24,4,A1
migrations,0007_auto_20150227_2223.py,From,1,1,0,A2
migrations,0007_auto_20150227_2223.py,Alias,1,1,22,A1
migrations,0007_auto_20150227_2223.py,Alias,1,1,34,A1
migrations,0007_auto_20150227_2223.py,Simple Class ,4,24,0,B1
migrations,0022_alter_jobtype_options_alter_job_job_types_and_more.py,Simple List,7,9,19,A1
migrations,0022_alter_jobtype_options_alter_job_job_types_and_more.py,Simple List,11,32,17,A1
migrations,0022_alter_jobtype_options_alter_job_job_types_and_more.py,Simple Tuple,8,8,8,A1
migrations,0022_alter_jobtype_options_alter_job_job_types_and_more.py,Simple Tuple,14,14,33,A1
migrations,0022_alter_jobtype_options_alter_job_job_types_and_more.py,Simple Dictionary,14,14,20,A2
migrations,0022_alter_jobtype_options_alter_job_job_types_and_more.py,Simple Dictionary,21,21,33,A2
migrations,0022_alter_jobtype_options_alter_job_job_types_and_more.py,Simple Atributte,6,6,16,A2
migrations,0022_alter_jobtype_options_alter_job_job_types_and_more.py,Simple Atributte,12,12,8,A2
migrations,0022_alter_jobtype_options_alter_job_job_types_and_more.py,Simple Atributte,16,16,8,A2
migrations,0022_alter_jobtype_options_alter_job_job_types_and_more.py,Simple Atributte,27,27,8,A2
migrations,0022_alter_jobtype_options_alter_job_job_types_and_more.py,Simple Atributte,19,19,18,A2
migrations,0022_alter_jobtype_options_alter_job_job_types_and_more.py,Simple Atributte,30,30,18,A2
migrations,0022_alter_jobtype_options_alter_job_job_types_and_more.py,Simple Assignment,7,9,4,A1
migrations,0022_alter_jobtype_options_alter_job_job_types_and_more.py,Simple Assignment,11,32,4,A1
migrations,0022_alter_jobtype_options_alter_job_job_types_and_more.py,From,3,3,0,A2
migrations,0022_alter_jobtype_options_alter_job_job_types_and_more.py,Alias,3,3,22,A1
migrations,0022_alter_jobtype_options_alter_job_job_types_and_more.py,Alias,3,3,34,A1
migrations,0022_alter_jobtype_options_alter_job_job_types_and_more.py,Simple Class ,6,32,0,B1
migrations,0020_auto_20191101_1601.py,Simple List,7,9,19,A1
migrations,0020_auto_20191101_1601.py,Simple List,11,17,17,A1
migrations,0020_auto_20191101_1601.py,Simple Tuple,8,8,8,A1
migrations,0020_auto_20191101_1601.py,Simple Atributte,6,6,16,A2
migrations,0020_auto_20191101_1601.py,Simple Atributte,12,12,8,A2
migrations,0020_auto_20191101_1601.py,Simple Atributte,15,15,18,A2
migrations,0020_auto_20191101_1601.py,Simple Assignment,7,9,4,A1
migrations,0020_auto_20191101_1601.py,Simple Assignment,11,17,4,A1
migrations,0020_auto_20191101_1601.py,From,3,3,0,A2
migrations,0020_auto_20191101_1601.py,Alias,3,3,22,A1
migrations,0020_auto_20191101_1601.py,Alias,3,3,34,A1
migrations,0020_auto_20191101_1601.py,Simple Class ,6,17,0,B1
migrations,0015_auto_20170814_0301.py,Simple List,5,7,19,A1
migrations,0015_auto_20170814_0301.py,Simple List,9,15,17,A1
migrations,0015_auto_20170814_0301.py,Simple Tuple,6,6,8,A1
migrations,0015_auto_20170814_0301.py,Simple Atributte,4,4,16,A2
migrations,0015_auto_20170814_0301.py,Simple Atributte,10,10,8,A2
migrations,0015_auto_20170814_0301.py,Simple Atributte,13,13,18,A2
migrations,0015_auto_20170814_0301.py,Simple Assignment,5,7,4,A1
migrations,0015_auto_20170814_0301.py,Simple Assignment,9,15,4,A1
migrations,0015_auto_20170814_0301.py,From,1,1,0,A2
migrations,0015_auto_20170814_0301.py,Alias,1,1,22,A1
migrations,0015_auto_20170814_0301.py,Alias,1,1,34,A1
migrations,0015_auto_20170814_0301.py,Simple Class ,4,15,0,B1
migrations,0014_merge.py,Simple List,5,8,19,A1
migrations,0014_merge.py,Simple List,10,10,17,A1
migrations,0014_merge.py,Simple Tuple,6,6,8,A1
migrations,0014_merge.py,Simple Tuple,7,7,8,A1
migrations,0014_merge.py,Simple Atributte,4,4,16,A2
migrations,0014_merge.py,Simple Assignment,5,8,4,A1
migrations,0014_merge.py,Simple Assignment,10,10,4,A1
migrations,0014_merge.py,From,1,1,0,A2
migrations,0014_merge.py,Alias,1,1,22,A1
migrations,0014_merge.py,Simple Class ,4,10,0,B1
migrations,0009_auto_20150317_1815.py,Simple List,6,8,19,A1
migrations,0009_auto_20150317_1815.py,Simple List,10,53,17,A1
migrations,0009_auto_20150317_1815.py,Simple Tuple,7,7,8,A1
migrations,0009_auto_20150317_1815.py,Simple Atributte,5,5,16,A2
migrations,0009_auto_20150317_1815.py,Simple Atributte,11,11,8,A2
migrations,0009_auto_20150317_1815.py,Simple Atributte,17,17,8,A2
migrations,0009_auto_20150317_1815.py,Simple Atributte,23,23,8,A2
migrations,0009_auto_20150317_1815.py,Simple Atributte,29,29,8,A2
migrations,0009_auto_20150317_1815.py,Simple Atributte,35,35,8,A2
migrations,0009_auto_20150317_1815.py,Simple Atributte,41,41,8,A2
migrations,0009_auto_20150317_1815.py,Simple Atributte,47,47,8,A2
migrations,0009_auto_20150317_1815.py,Simple Atributte,14,14,18,A2
migrations,0009_auto_20150317_1815.py,Simple Atributte,20,20,18,A2
migrations,0009_auto_20150317_1815.py,Simple Atributte,26,26,18,A2
migrations,0009_auto_20150317_1815.py,Simple Atributte,32,32,18,A2
migrations,0009_auto_20150317_1815.py,Simple Atributte,38,38,18,A2
migrations,0009_auto_20150317_1815.py,Simple Atributte,44,44,18,A2
migrations,0009_auto_20150317_1815.py,Simple Atributte,50,50,18,A2
migrations,0009_auto_20150317_1815.py,Simple Atributte,26,26,18,A2
migrations,0009_auto_20150317_1815.py,Simple Atributte,44,44,18,A2
migrations,0009_auto_20150317_1815.py,Simple Assignment,6,8,4,A1
migrations,0009_auto_20150317_1815.py,Simple Assignment,10,53,4,A1
migrations,0009_auto_20150317_1815.py,Import,1,1,0,A2
migrations,0009_auto_20150317_1815.py,From,2,2,0,A2
migrations,0009_auto_20150317_1815.py,Alias,1,1,7,A1
migrations,0009_auto_20150317_1815.py,Alias,2,2,22,A1
migrations,0009_auto_20150317_1815.py,Alias,2,2,34,A1
migrations,0009_auto_20150317_1815.py,Simple Class ,5,53,0,B1
migrations,0016_auto_20170821_2000.py,Simple List,5,7,19,A1
migrations,0016_auto_20170821_2000.py,Simple List,9,25,17,A1
migrations,0016_auto_20170821_2000.py,Simple List,14,20,24,A1
migrations,0016_auto_20170821_2000.py,Simple Tuple,6,6,8,A1
migrations,0016_auto_20170821_2000.py,Simple Tuple,15,15,20,A1
migrations,0016_auto_20170821_2000.py,Simple Tuple,16,16,20,A1
migrations,0016_auto_20170821_2000.py,Simple Tuple,17,17,20,A1
migrations,0016_auto_20170821_2000.py,Simple Tuple,18,18,20,A1
migrations,0016_auto_20170821_2000.py,Simple Tuple,19,19,20,A1
migrations,0016_auto_20170821_2000.py,Simple Atributte,4,4,16,A2
migrations,0016_auto_20170821_2000.py,Simple Atributte,10,10,8,A2
migrations,0016_auto_20170821_2000.py,Simple Atributte,13,13,18,A2
migrations,0016_auto_20170821_2000.py,Simple Assignment,5,7,4,A1
migrations,0016_auto_20170821_2000.py,Simple Assignment,9,25,4,A1
migrations,0016_auto_20170821_2000.py,From,1,1,0,A2
migrations,0016_auto_20170821_2000.py,Alias,1,1,22,A1
migrations,0016_auto_20170821_2000.py,Alias,1,1,34,A1
migrations,0016_auto_20170821_2000.py,Simple Class ,4,25,0,B1
migrations,0021_alter_job_creator_alter_job_last_modified_by_and_more.py,Simple List,9,12,19,A1
migrations,0021_alter_job_creator_alter_job_last_modified_by_and_more.py,Simple List,14,59,17,A1
migrations,0021_alter_job_creator_alter_job_last_modified_by_and_more.py,Simple Tuple,11,11,8,A1
migrations,0021_alter_job_creator_alter_job_last_modified_by_and_more.py,Simple Atributte,8,8,16,A2
migrations,0021_alter_job_creator_alter_job_last_modified_by_and_more.py,Simple Atributte,10,10,8,A2
migrations,0021_alter_job_creator_alter_job_last_modified_by_and_more.py,Simple Atributte,10,10,40,A2
migrations,0021_alter_job_creator_alter_job_last_modified_by_and_more.py,Simple Atributte,15,15,8,A2
migrations,0021_alter_job_creator_alter_job_last_modified_by_and_more.py,Simple Atributte,26,26,8,A2
migrations,0021_alter_job_creator_alter_job_last_modified_by_and_more.py,Simple Atributte,37,37,8,A2
migrations,0021_alter_job_creator_alter_job_last_modified_by_and_more.py,Simple Atributte,48,48,8,A2
migrations,0021_alter_job_creator_alter_job_last_modified_by_and_more.py,Simple Atributte,18,18,18,A2
migrations,0021_alter_job_creator_alter_job_last_modified_by_and_more.py,Simple Atributte,29,29,18,A2
migrations,0021_alter_job_creator_alter_job_last_modified_by_and_more.py,Simple Atributte,40,40,18,A2
migrations,0021_alter_job_creator_alter_job_last_modified_by_and_more.py,Simple Atributte,51,51,18,A2
migrations,0021_alter_job_creator_alter_job_last_modified_by_and_more.py,Simple Atributte,21,21,26,A2
migrations,0021_alter_job_creator_alter_job_last_modified_by_and_more.py,Simple Atributte,23,23,19,A2
migrations,0021_alter_job_creator_alter_job_last_modified_by_and_more.py,Simple Atributte,32,32,26,A2
migrations,0021_alter_job_creator_alter_job_last_modified_by_and_more.py,Simple Atributte,34,34,19,A2
migrations,0021_alter_job_creator_alter_job_last_modified_by_and_more.py,Simple Atributte,43,43,26,A2
migrations,0021_alter_job_creator_alter_job_last_modified_by_and_more.py,Simple Atributte,45,45,19,A2
migrations,0021_alter_job_creator_alter_job_last_modified_by_and_more.py,Simple Atributte,54,54,26,A2
migrations,0021_alter_job_creator_alter_job_last_modified_by_and_more.py,Simple Atributte,56,56,19,A2
migrations,0021_alter_job_creator_alter_job_last_modified_by_and_more.py,Simple Atributte,21,21,26,A2
migrations,0021_alter_job_creator_alter_job_last_modified_by_and_more.py,Simple Atributte,32,32,26,A2
migrations,0021_alter_job_creator_alter_job_last_modified_by_and_more.py,Simple Atributte,43,43,26,A2
migrations,0021_alter_job_creator_alter_job_last_modified_by_and_more.py,Simple Atributte,54,54,26,A2
migrations,0021_alter_job_creator_alter_job_last_modified_by_and_more.py,Simple Atributte,21,21,26,A2
migrations,0021_alter_job_creator_alter_job_last_modified_by_and_more.py,Simple Atributte,32,32,26,A2
migrations,0021_alter_job_creator_alter_job_last_modified_by_and_more.py,Simple Atributte,43,43,26,A2
migrations,0021_alter_job_creator_alter_job_last_modified_by_and_more.py,Simple Atributte,54,54,26,A2
migrations,0021_alter_job_creator_alter_job_last_modified_by_and_more.py,Simple Atributte,21,21,26,A2
migrations,0021_alter_job_creator_alter_job_last_modified_by_and_more.py,Simple Atributte,32,32,26,A2
migrations,0021_alter_job_creator_alter_job_last_modified_by_and_more.py,Simple Atributte,43,43,26,A2
migrations,0021_alter_job_creator_alter_job_last_modified_by_and_more.py,Simple Atributte,54,54,26,A2
migrations,0021_alter_job_creator_alter_job_last_modified_by_and_more.py,Simple Assignment,9,12,4,A1
migrations,0021_alter_job_creator_alter_job_last_modified_by_and_more.py,Simple Assignment,14,59,4,A1
migrations,0021_alter_job_creator_alter_job_last_modified_by_and_more.py,Import,3,3,0,A2
migrations,0021_alter_job_creator_alter_job_last_modified_by_and_more.py,From,4,4,0,A2
migrations,0021_alter_job_creator_alter_job_last_modified_by_and_more.py,From,5,5,0,A2
migrations,0021_alter_job_creator_alter_job_last_modified_by_and_more.py,Alias,3,3,7,A1
migrations,0021_alter_job_creator_alter_job_last_modified_by_and_more.py,Alias,4,4,24,A1
migrations,0021_alter_job_creator_alter_job_last_modified_by_and_more.py,Alias,5,5,22,A1
migrations,0021_alter_job_creator_alter_job_last_modified_by_and_more.py,Alias,5,5,34,A1
migrations,0021_alter_job_creator_alter_job_last_modified_by_and_more.py,Simple Class ,8,59,0,B1
migrations,0013_auto_20170810_1627.py,Simple List,5,7,19,A1
migrations,0013_auto_20170810_1627.py,Simple List,9,14,17,A1
migrations,0013_auto_20170810_1627.py,Simple Tuple,6,6,8,A1
migrations,0013_auto_20170810_1627.py,Simple Tuple,12,12,33,A1
migrations,0013_auto_20170810_1627.py,Simple Dictionary,12,12,20,A2
migrations,0013_auto_20170810_1627.py,Simple Atributte,4,4,16,A2
migrations,0013_auto_20170810_1627.py,Simple Atributte,10,10,8,A2
migrations,0013_auto_20170810_1627.py,Simple Assignment,5,7,4,A1
migrations,0013_auto_20170810_1627.py,Simple Assignment,9,14,4,A1
migrations,0013_auto_20170810_1627.py,From,1,1,0,A2
migrations,0013_auto_20170810_1627.py,Alias,1,1,22,A1
migrations,0013_auto_20170810_1627.py,Simple Class ,4,14,0,B1
migrations,0003_auto_20150211_1738.py,Simple List,17,20,19,A1
migrations,0003_auto_20150211_1738.py,Simple List,22,24,17,A1
migrations,0003_auto_20150211_1738.py,Simple Tuple,18,18,8,A1
migrations,0003_auto_20150211_1738.py,Simple Tuple,19,19,8,A1
migrations,0003_auto_20150211_1738.py,Simple Atributte,16,16,16,A2
migrations,0003_auto_20150211_1738.py,Simple Atributte,8,8,10,A2
migrations,0003_auto_20150211_1738.py,Simple Atributte,12,12,11,A2
migrations,0003_auto_20150211_1738.py,Simple Atributte,10,10,21,A2
migrations,0003_auto_20150211_1738.py,Simple Atributte,11,11,8,A2
migrations,0003_auto_20150211_1738.py,Simple Atributte,23,23,8,A2
migrations,0003_auto_20150211_1738.py,Simple Atributte,10,10,21,A2
migrations,0003_auto_20150211_1738.py,Simple Assignment,8,8,4,A1
migrations,0003_auto_20150211_1738.py,Simple Assignment,17,20,4,A1
migrations,0003_auto_20150211_1738.py,Simple Assignment,22,24,4,A1
migrations,0003_auto_20150211_1738.py,Simple Assignment,10,10,8,A1
migrations,0003_auto_20150211_1738.py,'pass' statement,13,13,8,B1
migrations,0003_auto_20150211_1738.py,From,1,1,0,A2
migrations,0003_auto_20150211_1738.py,Alias,1,1,22,A1
migrations,0003_auto_20150211_1738.py,Exception --> try/except,9,13,4,B1
migrations,0003_auto_20150211_1738.py,Except Handler,12,13,4,A1
migrations,0003_auto_20150211_1738.py,Function with Simple argument,4,13,0,A1
migrations,0003_auto_20150211_1738.py,Simple Class ,16,24,0,B1
migrations,0005_job_other_job_type.py,Simple List,5,7,19,A1
migrations,0005_job_other_job_type.py,Simple List,9,16,17,A1
migrations,0005_job_other_job_type.py,Simple Tuple,6,6,8,A1
migrations,0005_job_other_job_type.py,Simple Atributte,4,4,16,A2
migrations,0005_job_other_job_type.py,Simple Atributte,10,10,8,A2
migrations,0005_job_other_job_type.py,Simple Atributte,13,13,18,A2
migrations,0005_job_other_job_type.py,Simple Assignment,5,7,4,A1
migrations,0005_job_other_job_type.py,Simple Assignment,9,16,4,A1
migrations,0005_job_other_job_type.py,From,1,1,0,A2
migrations,0005_job_other_job_type.py,Alias,1,1,22,A1
migrations,0005_job_other_job_type.py,Alias,1,1,34,A1
migrations,0005_job_other_job_type.py,Simple Class ,4,16,0,B1
migrations,0002_auto_20150211_1634.py,Simple List,6,8,19,A1
migrations,0002_auto_20150211_1634.py,Simple List,10,55,17,A1
migrations,0002_auto_20150211_1634.py,Simple List,21,27,24,A1
migrations,0002_auto_20150211_1634.py,Simple List,43,49,24,A1
migrations,0002_auto_20150211_1634.py,Simple Tuple,7,7,8,A1
migrations,0002_auto_20150211_1634.py,Simple Tuple,22,22,20,A1
migrations,0002_auto_20150211_1634.py,Simple Tuple,23,23,20,A1
migrations,0002_auto_20150211_1634.py,Simple Tuple,24,24,20,A1
migrations,0002_auto_20150211_1634.py,Simple Tuple,25,25,20,A1
migrations,0002_auto_20150211_1634.py,Simple Tuple,26,26,20,A1
migrations,0002_auto_20150211_1634.py,Simple Tuple,44,44,20,A1
migrations,0002_auto_20150211_1634.py,Simple Tuple,45,45,20,A1
migrations,0002_auto_20150211_1634.py,Simple Tuple,46,46,20,A1
migrations,0002_auto_20150211_1634.py,Simple Tuple,47,47,20,A1
migrations,0002_auto_20150211_1634.py,Simple Tuple,48,48,20,A1
migrations,0002_auto_20150211_1634.py,Simple Atributte,5,5,16,A2
migrations,0002_auto_20150211_1634.py,Simple Atributte,11,11,8,A2
migrations,0002_auto_20150211_1634.py,Simple Atributte,17,17,8,A2
migrations,0002_auto_20150211_1634.py,Simple Atributte,33,33,8,A2
migrations,0002_auto_20150211_1634.py,Simple Atributte,39,39,8,A2
migrations,0002_auto_20150211_1634.py,Simple Atributte,14,14,18,A2
migrations,0002_auto_20150211_1634.py,Simple Atributte,20,20,18,A2
migrations,0002_auto_20150211_1634.py,Simple Atributte,36,36,18,A2
migrations,0002_auto_20150211_1634.py,Simple Atributte,42,42,18,A2
migrations,0002_auto_20150211_1634.py,Simple Atributte,14,14,18,A2
migrations,0002_auto_20150211_1634.py,Simple Atributte,36,36,18,A2
migrations,0002_auto_20150211_1634.py,Simple Assignment,6,8,4,A1
migrations,0002_auto_20150211_1634.py,Simple Assignment,10,55,4,A1
migrations,0002_auto_20150211_1634.py,Import,1,1,0,A2
migrations,0002_auto_20150211_1634.py,From,2,2,0,A2
migrations,0002_auto_20150211_1634.py,Alias,1,1,7,A1
migrations,0002_auto_20150211_1634.py,Alias,2,2,22,A1
migrations,0002_auto_20150211_1634.py,Alias,2,2,34,A1
migrations,0002_auto_20150211_1634.py,Simple Class ,5,55,0,B1
migrations,0013_auto_20170810_1625.py,Simple List,5,7,19,A1
migrations,0013_auto_20170810_1625.py,Simple List,9,14,17,A1
migrations,0013_auto_20170810_1625.py,Simple Tuple,6,6,8,A1
migrations,0013_auto_20170810_1625.py,Simple Tuple,12,12,33,A1
migrations,0013_auto_20170810_1625.py,Simple Dictionary,12,12,20,A2
migrations,0013_auto_20170810_1625.py,Simple Atributte,4,4,16,A2
migrations,0013_auto_20170810_1625.py,Simple Atributte,10,10,8,A2
migrations,0013_auto_20170810_1625.py,Simple Assignment,5,7,4,A1
migrations,0013_auto_20170810_1625.py,Simple Assignment,9,14,4,A1
migrations,0013_auto_20170810_1625.py,From,1,1,0,A2
migrations,0013_auto_20170810_1625.py,Alias,1,1,22,A1
migrations,0013_auto_20170810_1625.py,Simple Class ,4,14,0,B1
migrations,0008_auto_20150316_1205.py,Simple List,5,7,19,A1
migrations,0008_auto_20150316_1205.py,Simple List,9,28,17,A1
migrations,0008_auto_20150316_1205.py,Simple Tuple,6,6,8,A1
migrations,0008_auto_20150316_1205.py,Simple Atributte,4,4,16,A2
migrations,0008_auto_20150316_1205.py,Simple Atributte,10,10,8,A2
migrations,0008_auto_20150316_1205.py,Simple Atributte,16,16,8,A2
migrations,0008_auto_20150316_1205.py,Simple Atributte,22,22,8,A2
migrations,0008_auto_20150316_1205.py,Simple Atributte,13,13,18,A2
migrations,0008_auto_20150316_1205.py,Simple Atributte,19,19,18,A2
migrations,0008_auto_20150316_1205.py,Simple Atributte,25,25,18,A2
migrations,0008_auto_20150316_1205.py,Simple Assignment,5,7,4,A1
migrations,0008_auto_20150316_1205.py,Simple Assignment,9,28,4,A1
migrations,0008_auto_20150316_1205.py,From,1,1,0,A2
migrations,0008_auto_20150316_1205.py,Alias,1,1,22,A1
migrations,0008_auto_20150316_1205.py,Alias,1,1,34,A1
migrations,0008_auto_20150316_1205.py,Simple Class ,4,28,0,B1
migrations,0006_region_nullable.py,Simple List,5,7,19,A1
migrations,0006_region_nullable.py,Simple List,9,16,17,A1
migrations,0006_region_nullable.py,Simple Tuple,6,6,8,A1
migrations,0006_region_nullable.py,Simple Atributte,4,4,16,A2
migrations,0006_region_nullable.py,Simple Atributte,10,10,8,A2
migrations,0006_region_nullable.py,Simple Atributte,13,13,18,A2
migrations,0006_region_nullable.py,Simple Assignment,5,7,4,A1
migrations,0006_region_nullable.py,Simple Assignment,9,16,4,A1
migrations,0006_region_nullable.py,From,1,1,0,A2
migrations,0006_region_nullable.py,Alias,1,1,22,A1
migrations,0006_region_nullable.py,Alias,1,1,34,A1
migrations,0006_region_nullable.py,Simple Class ,4,16,0,B1
migrations,0012_auto_20170809_1849.py,Simple List,35,35,15,A1
migrations,0012_auto_20170809_1849.py,Simple List,63,66,19,A1
migrations,0012_auto_20170809_1849.py,Simple List,70,72,17,A1
migrations,0012_auto_20170809_1849.py,Simple Tuple,64,64,8,A1
migrations,0012_auto_20170809_1849.py,Simple Tuple,65,65,8,A1
migrations,0012_auto_20170809_1849.py,Simple Tuple,68,68,28,A1
migrations,0012_auto_20170809_1849.py,Simple Dictionary,34,34,17,A2
migrations,0012_auto_20170809_1849.py,Simple Atributte,62,62,16,A2
migrations,0012_auto_20170809_1849.py,Simple Atributte,22,22,15,A2
migrations,0012_auto_20170809_1849.py,Simple Atributte,58,58,15,A2
migrations,0012_auto_20170809_1849.py,Simple Atributte,19,19,23,A2
migrations,0012_auto_20170809_1849.py,Simple Atributte,20,20,10,A2
migrations,0012_auto_20170809_1849.py,Simple Atributte,21,21,18,A2
migrations,0012_auto_20170809_1849.py,Simple Atributte,22,22,15,A2
migrations,0012_auto_20170809_1849.py,Simple Atributte,27,27,11,A2
migrations,0012_auto_20170809_1849.py,Simple Atributte,29,29,19,A2
migrations,0012_auto_20170809_1849.py,Simple Atributte,53,53,4,A2
migrations,0012_auto_20170809_1849.py,Simple Atributte,57,57,23,A2
migrations,0012_auto_20170809_1849.py,Simple Atributte,58,58,15,A2
migrations,0012_auto_20170809_1849.py,Simple Atributte,59,59,4,A2
migrations,0012_auto_20170809_1849.py,Simple Atributte,67,67,7,A2
migrations,0012_auto_20170809_1849.py,Simple Atributte,14,14,18,A2
migrations,0012_auto_20170809_1849.py,Simple Atributte,18,18,24,A2
migrations,0012_auto_20170809_1849.py,Simple Atributte,26,26,26,A2
migrations,0012_auto_20170809_1849.py,Simple Atributte,30,30,21,A2
migrations,0012_auto_20170809_1849.py,Simple Atributte,52,52,8,A2
migrations,0012_auto_20170809_1849.py,Simple Atributte,68,68,8,A2
migrations,0012_auto_20170809_1849.py,Simple Atributte,71,71,8,A2
migrations,0012_auto_20170809_1849.py,Simple Atributte,29,29,19,A2
migrations,0012_auto_20170809_1849.py,Simple Atributte,38,38,29,A2
migrations,0012_auto_20170809_1849.py,Simple Atributte,48,48,20,A2
migrations,0012_auto_20170809_1849.py,Simple Atributte,49,49,20,A2
migrations,0012_auto_20170809_1849.py,Simple Atributte,53,53,4,A2
migrations,0012_auto_20170809_1849.py,Simple Atributte,59,59,4,A2
migrations,0012_auto_20170809_1849.py,Simple Atributte,26,26,26,A2
migrations,0012_auto_20170809_1849.py,Simple Atributte,29,29,19,A2
migrations,0012_auto_20170809_1849.py,Simple Atributte,43,43,19,A2
migrations,0012_auto_20170809_1849.py,Simple Atributte,47,47,29,A2
migrations,0012_auto_20170809_1849.py,Simple Atributte,53,53,4,A2
migrations,0012_auto_20170809_1849.py,Simple Atributte,26,26,26,A2
migrations,0012_auto_20170809_1849.py,Simple Atributte,41,41,22,A2
migrations,0012_auto_20170809_1849.py,Simple Atributte,42,42,27,A2
migrations,0012_auto_20170809_1849.py,Simple Atributte,59,59,4,A2
migrations,0012_auto_20170809_1849.py,Simple Atributte,41,41,57,A2
migrations,0012_auto_20170809_1849.py,Simple Atributte,59,59,4,A2
migrations,0012_auto_20170809_1849.py,Simple Atributte,41,41,22,A2
migrations,0012_auto_20170809_1849.py,Simple Atributte,41,41,22,A2
migrations,0012_auto_20170809_1849.py,Subscript,18,18,24,A1
migrations,0012_auto_20170809_1849.py,Subscript,38,38,18,A1
migrations,0012_auto_20170809_1849.py,Subscript,42,42,16,A1
migrations,0012_auto_20170809_1849.py,Simple Assignment,6,6,0,A1
migrations,0012_auto_20170809_1849.py,Simple Assignment,8,8,0,A1
migrations,0012_auto_20170809_1849.py,Simple Assignment,9,9,0,A1
migrations,0012_auto_20170809_1849.py,Simple Assignment,19,19,4,A1
migrations,0012_auto_20170809_1849.py,Simple Assignment,20,20,4,A1
migrations,0012_auto_20170809_1849.py,Simple Assignment,21,21,4,A1
migrations,0012_auto_20170809_1849.py,Simple Assignment,22,22,4,A1
migrations,0012_auto_20170809_1849.py,Simple Assignment,29,33,4,A1
migrations,0012_auto_20170809_1849.py,Simple Assignment,34,34,4,A1
migrations,0012_auto_20170809_1849.py,Simple Assignment,35,35,4,A1
migrations,0012_auto_20170809_1849.py,Simple Assignment,57,57,4,A1
migrations,0012_auto_20170809_1849.py,Simple Assignment,58,58,4,A1
migrations,0012_auto_20170809_1849.py,Simple Assignment,63,66,4,A1
migrations,0012_auto_20170809_1849.py,Simple Assignment,70,72,4,A1
migrations,0012_auto_20170809_1849.py,Simple Assignment,14,14,8,A1
migrations,0012_auto_20170809_1849.py,Simple Assignment,26,26,8,A1
migrations,0012_auto_20170809_1849.py,Simple Assignment,45,51,8,A1
migrations,0012_auto_20170809_1849.py,Simple Assignment,38,38,12,A1
migrations,0012_auto_20170809_1849.py,Simple Assignment,41,41,16,A1
migrations,0012_auto_20170809_1849.py,Simple Assignment,42,42,16,A1
migrations,0012_auto_20170809_1849.py,From with 'as' extension ,1,1,0,B1
migrations,0012_auto_20170809_1849.py,From,2,2,0,A2
migrations,0012_auto_20170809_1849.py,From,3,3,0,A2
migrations,0012_auto_20170809_1849.py,From,4,4,0,A2
migrations,0012_auto_20170809_1849.py,Alias,1,1,24,A1
migrations,0012_auto_20170809_1849.py,Alias,2,2,51,A1
migrations,0012_auto_20170809_1849.py,Alias,3,3,22,A1
migrations,0012_auto_20170809_1849.py,Alias,4,4,34,A1
migrations,0012_auto_20170809_1849.py,Simple If statements,67,68,4,A1
migrations,0012_auto_20170809_1849.py,Simple For Loop,36,52,4,A1
migrations,0012_auto_20170809_1849.py,'continue' statement,44,44,16,B1
migrations,0012_auto_20170809_1849.py,Exception --> try/except,13,17,4,B1
migrations,0012_auto_20170809_1849.py,Exception --> try/except,23,28,4,B1
migrations,0012_auto_20170809_1849.py,Exception --> try/except,37,44,8,B1
migrations,0012_auto_20170809_1849.py,Exception --> try/except,40,44,12,B1
migrations,0012_auto_20170809_1849.py,Except Handler,15,17,4,A1
migrations,0012_auto_20170809_1849.py,Except Handler,27,28,4,A1
migrations,0012_auto_20170809_1849.py,Except Handler,39,44,8,A1
migrations,0012_auto_20170809_1849.py,Except Handler,43,44,12,A1
migrations,0012_auto_20170809_1849.py,Function with Simple argument,12,53,0,A1
migrations,0012_auto_20170809_1849.py,Function with Simple argument,56,59,0,A1
migrations,0012_auto_20170809_1849.py,Return,17,17,8,A1
migrations,0012_auto_20170809_1849.py,Return,28,28,8,A1
migrations,0012_auto_20170809_1849.py,Simple Class ,62,72,0,B1
migrations,0001_initial.py,Simple List,8,11,19,A1
migrations,0001_initial.py,Simple List,13,192,17,A1
migrations,0001_initial.py,Simple List,16,103,19,A1
migrations,0001_initial.py,Simple List,115,119,19,A1
migrations,0001_initial.py,Simple List,129,133,19,A1
migrations,0001_initial.py,Simple List,106,106,31,A1
migrations,0001_initial.py,Simple List,27,33,32,A1
migrations,0001_initial.py,Simple List,49,55,32,A1
migrations,0001_initial.py,Simple List,67,73,32,A1
migrations,0001_initial.py,Simple List,85,93,32,A1
migrations,0001_initial.py,Simple Tuple,10,10,8,A1
migrations,0001_initial.py,Simple Tuple,111,111,18,A1
migrations,0001_initial.py,Simple Tuple,125,125,18,A1
migrations,0001_initial.py,Simple Tuple,139,139,18,A1
migrations,0001_initial.py,Simple Tuple,17,17,16,A1
migrations,0001_initial.py,Simple Tuple,18,18,16,A1
migrations,0001_initial.py,Simple Tuple,19,19,16,A1
migrations,0001_initial.py,Simple Tuple,20,20,16,A1
migrations,0001_initial.py,Simple Tuple,21,21,16,A1
migrations,0001_initial.py,Simple Tuple,22,22,16,A1
migrations,0001_initial.py,Simple Tuple,23,37,16,A1
migrations,0001_initial.py,Simple Tuple,38,38,16,A1
migrations,0001_initial.py,Simple Tuple,39,39,16,A1
migrations,0001_initial.py,Simple Tuple,40,40,16,A1
migrations,0001_initial.py,Simple Tuple,41,41,16,A1
migrations,0001_initial.py,Simple Tuple,42,42,16,A1
migrations,0001_initial.py,Simple Tuple,43,43,16,A1
migrations,0001_initial.py,Simple Tuple,44,44,16,A1
migrations,0001_initial.py,Simple Tuple,45,59,16,A1
migrations,0001_initial.py,Simple Tuple,60,60,16,A1
migrations,0001_initial.py,Simple Tuple,61,61,16,A1
migrations,0001_initial.py,Simple Tuple,62,62,16,A1
migrations,0001_initial.py,Simple Tuple,63,77,16,A1
migrations,0001_initial.py,Simple Tuple,78,78,16,A1
migrations,0001_initial.py,Simple Tuple,79,79,16,A1
migrations,0001_initial.py,Simple Tuple,80,80,16,A1
migrations,0001_initial.py,Simple Tuple,81,97,16,A1
migrations,0001_initial.py,Simple Tuple,98,98,16,A1
migrations,0001_initial.py,Simple Tuple,99,99,16,A1
migrations,0001_initial.py,Simple Tuple,100,100,16,A1
migrations,0001_initial.py,Simple Tuple,101,101,16,A1
migrations,0001_initial.py,Simple Tuple,102,102,16,A1
migrations,0001_initial.py,Simple Tuple,108,108,28,A1
migrations,0001_initial.py,Simple Tuple,116,116,16,A1
migrations,0001_initial.py,Simple Tuple,117,117,16,A1
migrations,0001_initial.py,Simple Tuple,118,118,16,A1
migrations,0001_initial.py,Simple Tuple,123,123,28,A1
migrations,0001_initial.py,Simple Tuple,130,130,16,A1
migrations,0001_initial.py,Simple Tuple,131,131,16,A1
migrations,0001_initial.py,Simple Tuple,132,132,16,A1
migrations,0001_initial.py,Simple Tuple,137,137,28,A1
migrations,0001_initial.py,Simple Tuple,106,106,32,A1
migrations,0001_initial.py,Simple Tuple,28,28,28,A1
migrations,0001_initial.py,Simple Tuple,29,29,28,A1
migrations,0001_initial.py,Simple Tuple,30,30,28,A1
migrations,0001_initial.py,Simple Tuple,31,31,28,A1
migrations,0001_initial.py,Simple Tuple,32,32,28,A1
migrations,0001_initial.py,Simple Tuple,50,50,28,A1
migrations,0001_initial.py,Simple Tuple,51,51,28,A1
migrations,0001_initial.py,Simple Tuple,52,52,28,A1
migrations,0001_initial.py,Simple Tuple,53,53,28,A1
migrations,0001_initial.py,Simple Tuple,54,54,28,A1
migrations,0001_initial.py,Simple Tuple,68,68,28,A1
migrations,0001_initial.py,Simple Tuple,69,69,28,A1
migrations,0001_initial.py,Simple Tuple,70,70,28,A1
migrations,0001_initial.py,Simple Tuple,71,71,28,A1
migrations,0001_initial.py,Simple Tuple,72,72,28,A1
migrations,0001_initial.py,Simple Tuple,86,86,28,A1
migrations,0001_initial.py,Simple Tuple,87,87,28,A1
migrations,0001_initial.py,Simple Tuple,88,88,28,A1
migrations,0001_initial.py,Simple Tuple,89,89,28,A1
migrations,0001_initial.py,Simple Tuple,90,90,28,A1
migrations,0001_initial.py,Simple Tuple,91,91,28,A1
migrations,0001_initial.py,Simple Tuple,92,92,28,A1
migrations,0001_initial.py,1 List Dictionary,104,110,20,B1
migrations,0001_initial.py,Simple Dictionary,120,124,20,A2
migrations,0001_initial.py,Simple Dictionary,134,138,20,A2
migrations,0001_initial.py,Simple Atributte,7,7,16,A2
migrations,0001_initial.py,Simple Atributte,9,9,8,A2
migrations,0001_initial.py,Simple Atributte,9,9,40,A2
migrations,0001_initial.py,Simple Atributte,14,14,8,A2
migrations,0001_initial.py,Simple Atributte,113,113,8,A2
migrations,0001_initial.py,Simple Atributte,127,127,8,A2
migrations,0001_initial.py,Simple Atributte,141,141,8,A2
migrations,0001_initial.py,Simple Atributte,147,147,8,A2
migrations,0001_initial.py,Simple Atributte,160,160,8,A2
migrations,0001_initial.py,Simple Atributte,172,172,8,A2
migrations,0001_initial.py,Simple Atributte,180,180,8,A2
migrations,0001_initial.py,Simple Atributte,111,111,19,A2
migrations,0001_initial.py,Simple Atributte,125,125,19,A2
migrations,0001_initial.py,Simple Atributte,139,139,19,A2
migrations,0001_initial.py,Simple Atributte,144,144,18,A2
migrations,0001_initial.py,Simple Atributte,150,150,18,A2
migrations,0001_initial.py,Simple Atributte,163,163,18,A2
migrations,0001_initial.py,Simple Atributte,175,175,18,A2
migrations,0001_initial.py,Simple Atributte,183,183,18,A2
migrations,0001_initial.py,Simple Atributte,144,144,90,A2
migrations,0001_initial.py,Simple Atributte,156,156,26,A2
migrations,0001_initial.py,Simple Atributte,165,165,19,A2
migrations,0001_initial.py,Simple Atributte,168,168,26,A2
migrations,0001_initial.py,Simple Atributte,185,185,19,A2
migrations,0001_initial.py,Simple Atributte,188,188,26,A2
migrations,0001_initial.py,Simple Atributte,17,17,23,A2
migrations,0001_initial.py,Simple Atributte,18,18,28,A2
migrations,0001_initial.py,Simple Atributte,19,19,28,A2
migrations,0001_initial.py,Simple Atributte,20,20,33,A2
migrations,0001_initial.py,Simple Atributte,21,21,40,A2
migrations,0001_initial.py,Simple Atributte,22,22,30,A2
migrations,0001_initial.py,Simple Atributte,25,25,20,A2
migrations,0001_initial.py,Simple Atributte,38,38,50,A2
migrations,0001_initial.py,Simple Atributte,39,39,25,A2
migrations,0001_initial.py,Simple Atributte,40,40,27,A2
migrations,0001_initial.py,Simple Atributte,41,41,28,A2
migrations,0001_initial.py,Simple Atributte,42,42,34,A2
migrations,0001_initial.py,Simple Atributte,43,43,33,A2
migrations,0001_initial.py,Simple Atributte,44,44,32,A2
migrations,0001_initial.py,Simple Atributte,47,47,20,A2
migrations,0001_initial.py,Simple Atributte,60,60,33,A2
migrations,0001_initial.py,Simple Atributte,61,61,28,A2
migrations,0001_initial.py,Simple Atributte,62,62,42,A2
migrations,0001_initial.py,Simple Atributte,65,65,20,A2
migrations,0001_initial.py,Simple Atributte,78,78,43,A2
migrations,0001_initial.py,Simple Atributte,79,79,26,A2
migrations,0001_initial.py,Simple Atributte,80,80,24,A2
migrations,0001_initial.py,Simple Atributte,83,83,20,A2
migrations,0001_initial.py,Simple Atributte,98,98,29,A2
migrations,0001_initial.py,Simple Atributte,99,99,27,A2
migrations,0001_initial.py,Simple Atributte,100,100,34,A2
migrations,0001_initial.py,Simple Atributte,101,101,29,A2
migrations,0001_initial.py,Simple Atributte,102,102,32,A2
migrations,0001_initial.py,Simple Atributte,116,116,23,A2
migrations,0001_initial.py,Simple Atributte,117,117,25,A2
migrations,0001_initial.py,Simple Atributte,118,118,25,A2
migrations,0001_initial.py,Simple Atributte,130,130,23,A2
migrations,0001_initial.py,Simple Atributte,131,131,25,A2
migrations,0001_initial.py,Simple Atributte,132,132,25,A2
migrations,0001_initial.py,Simple Atributte,18,18,72,A2
migrations,0001_initial.py,Simple Atributte,19,19,57,A2
migrations,0001_initial.py,Simple Atributte,21,21,40,A2
migrations,0001_initial.py,Simple Atributte,44,44,32,A2
migrations,0001_initial.py,Simple Atributte,60,60,33,A2
migrations,0001_initial.py,Simple Atributte,18,18,72,A2
migrations,0001_initial.py,Simple Atributte,19,19,57,A2
migrations,0001_initial.py,Simple Atributte,18,18,72,A2
migrations,0001_initial.py,Simple Atributte,19,19,57,A2
migrations,0001_initial.py,Simple Assignment,8,11,4,A1
migrations,0001_initial.py,Simple Assignment,13,192,4,A1
migrations,0001_initial.py,Import,1,1,0,A2
migrations,0001_initial.py,Import,2,2,0,A2
migrations,0001_initial.py,From,3,3,0,A2
migrations,0001_initial.py,From,4,4,0,A2
migrations,0001_initial.py,Alias,1,1,7,A1
migrations,0001_initial.py,Alias,2,2,7,A1
migrations,0001_initial.py,Alias,3,3,24,A1
migrations,0001_initial.py,Alias,4,4,22,A1
migrations,0001_initial.py,Alias,4,4,34,A1
migrations,0001_initial.py,Simple Class ,7,192,0,B1
migrations,0017_auto_20180705_0348.py,Simple List,8,10,19,A1
migrations,0017_auto_20180705_0348.py,Simple List,12,34,17,A1
migrations,0017_auto_20180705_0348.py,Simple Tuple,9,9,8,A1
migrations,0017_auto_20180705_0348.py,Simple Dictionary,17,17,33,A2
migrations,0017_auto_20180705_0348.py,Simple Dictionary,28,28,33,A2
migrations,0017_auto_20180705_0348.py,Simple Atributte,7,7,16,A2
migrations,0017_auto_20180705_0348.py,Simple Atributte,13,13,8,A2
migrations,0017_auto_20180705_0348.py,Simple Atributte,23,23,8,A2
migrations,0017_auto_20180705_0348.py,Simple Atributte,16,16,18,A2
migrations,0017_auto_20180705_0348.py,Simple Atributte,26,26,18,A2
migrations,0017_auto_20180705_0348.py,Simple Atributte,18,18,26,A2
migrations,0017_auto_20180705_0348.py,Simple Atributte,18,18,26,A2
migrations,0017_auto_20180705_0348.py,Simple Atributte,18,18,26,A2
migrations,0017_auto_20180705_0348.py,Simple Atributte,18,18,26,A2
migrations,0017_auto_20180705_0348.py,Simple Assignment,8,10,4,A1
migrations,0017_auto_20180705_0348.py,Simple Assignment,12,34,4,A1
migrations,0017_auto_20180705_0348.py,Import,3,3,0,A2
migrations,0017_auto_20180705_0348.py,From,4,4,0,A2
migrations,0017_auto_20180705_0348.py,Alias,3,3,7,A1
migrations,0017_auto_20180705_0348.py,Alias,4,4,22,A1
migrations,0017_auto_20180705_0348.py,Alias,4,4,34,A1
migrations,0017_auto_20180705_0348.py,Simple Class ,7,34,0,B1
migrations,0004_auto_20150216_1544.py,Simple List,5,7,19,A1
migrations,0004_auto_20150216_1544.py,Simple List,9,20,17,A1
migrations,0004_auto_20150216_1544.py,Simple Tuple,6,6,8,A1
migrations,0004_auto_20150216_1544.py,Simple Atributte,4,4,16,A2
migrations,0004_auto_20150216_1544.py,Simple Atributte,10,10,8,A2
migrations,0004_auto_20150216_1544.py,Simple Atributte,14,14,8,A2
migrations,0004_auto_20150216_1544.py,Simple Atributte,17,17,18,A2
migrations,0004_auto_20150216_1544.py,Simple Assignment,5,7,4,A1
migrations,0004_auto_20150216_1544.py,Simple Assignment,9,20,4,A1
migrations,0004_auto_20150216_1544.py,From,1,1,0,A2
migrations,0004_auto_20150216_1544.py,Alias,1,1,22,A1
migrations,0004_auto_20150216_1544.py,Alias,1,1,34,A1
migrations,0004_auto_20150216_1544.py,Simple Class ,4,20,0,B1
migrations,0018_auto_20180705_0352.py,Simple List,7,9,19,A1
migrations,0018_auto_20180705_0352.py,Simple List,11,22,17,A1
migrations,0018_auto_20180705_0352.py,Simple Tuple,8,8,8,A1
migrations,0018_auto_20180705_0352.py,Simple Atributte,6,6,16,A2
migrations,0018_auto_20180705_0352.py,Simple Atributte,12,12,8,A2
migrations,0018_auto_20180705_0352.py,Simple Atributte,17,17,8,A2
migrations,0018_auto_20180705_0352.py,Simple Atributte,15,15,18,A2
migrations,0018_auto_20180705_0352.py,Simple Atributte,20,20,18,A2
migrations,0018_auto_20180705_0352.py,Simple Assignment,7,9,4,A1
migrations,0018_auto_20180705_0352.py,Simple Assignment,11,22,4,A1
migrations,0018_auto_20180705_0352.py,From,3,3,0,A2
migrations,0018_auto_20180705_0352.py,Alias,3,3,22,A1
migrations,0018_auto_20180705_0352.py,Alias,3,3,34,A1
migrations,0018_auto_20180705_0352.py,Simple Class ,6,22,0,B1
jobs,feeds.py,Formatted Value,26,26,17,A1
jobs,feeds.py,Formatted Value,26,26,42,A1
jobs,feeds.py,Formatted Value,26,26,71,A1
jobs,feeds.py,Joined String,26,26,15,A1
jobs,feeds.py,Simple Atributte,22,22,15,A2
jobs,feeds.py,Simple Atributte,18,18,15,A2
jobs,feeds.py,Simple Atributte,26,26,18,A2
jobs,feeds.py,Simple Atributte,26,26,43,A2
jobs,feeds.py,Simple Atributte,26,26,72,A2
jobs,feeds.py,Simple Atributte,18,18,15,A2
jobs,feeds.py,Simple Atributte,26,26,43,A2
jobs,feeds.py,Simple Atributte,26,26,72,A2
jobs,feeds.py,Subscript,18,18,15,A1
jobs,feeds.py,Slice,18,18,38,A1
jobs,feeds.py,Simple Assignment,12,12,4,A1
jobs,feeds.py,Simple Assignment,13,13,4,A1
jobs,feeds.py,Simple Assignment,14,14,4,A1
jobs,feeds.py,From,3,3,0,A2
jobs,feeds.py,From,4,4,0,A2
jobs,feeds.py,From,6,6,0,A2
jobs,feeds.py,Alias,3,3,45,A1
jobs,feeds.py,Alias,4,4,24,A1
jobs,feeds.py,Alias,6,6,29,A1
jobs,feeds.py,Function with Simple argument,16,18,4,A1
jobs,feeds.py,Function with Simple argument,20,22,4,A1
jobs,feeds.py,Function with Simple argument,24,26,4,A1
jobs,feeds.py,Return,18,18,8,A1
jobs,feeds.py,Return,22,22,8,A1
jobs,feeds.py,Return,26,26,8,A1
jobs,feeds.py,Inherited Class from Feed,9,26,0,B1
jobs,urls.py,Simple List,9,29,14,A1
jobs,urls.py,Simple Atributte,10,10,13,A2
jobs,urls.py,Simple Atributte,11,11,22,A2
jobs,urls.py,Simple Atributte,12,12,20,A2
jobs,urls.py,Simple Atributte,13,13,35,A2
jobs,urls.py,Simple Atributte,14,14,18,A2
jobs,urls.py,Simple Atributte,15,15,20,A2
jobs,urls.py,Simple Atributte,16,16,22,A2
jobs,urls.py,Simple Atributte,17,17,20,A2
jobs,urls.py,Simple Atributte,18,18,34,A2
jobs,urls.py,Simple Atributte,19,19,34,A2
jobs,urls.py,Simple Atributte,20,20,30,A2
jobs,urls.py,Simple Atributte,21,21,34,A2
jobs,urls.py,Simple Atributte,22,22,23,A2
jobs,urls.py,Simple Atributte,23,23,19,A2
jobs,urls.py,Simple Atributte,24,24,24,A2
jobs,urls.py,Simple Atributte,25,25,27,A2
jobs,urls.py,Simple Atributte,26,26,30,A2
jobs,urls.py,Simple Atributte,27,27,29,A2
jobs,urls.py,Simple Atributte,28,28,22,A2
jobs,urls.py,Simple Atributte,10,10,13,A2
jobs,urls.py,Simple Atributte,12,12,20,A2
jobs,urls.py,Simple Atributte,13,13,35,A2
jobs,urls.py,Simple Atributte,14,14,18,A2
jobs,urls.py,Simple Atributte,15,15,20,A2
jobs,urls.py,Simple Atributte,16,16,22,A2
jobs,urls.py,Simple Atributte,18,18,34,A2
jobs,urls.py,Simple Atributte,19,19,34,A2
jobs,urls.py,Simple Atributte,20,20,30,A2
jobs,urls.py,Simple Atributte,21,21,34,A2
jobs,urls.py,Simple Atributte,22,22,23,A2
jobs,urls.py,Simple Atributte,23,23,19,A2
jobs,urls.py,Simple Atributte,24,24,24,A2
jobs,urls.py,Simple Atributte,25,25,27,A2
jobs,urls.py,Simple Atributte,26,26,30,A2
jobs,urls.py,Simple Atributte,27,27,29,A2
jobs,urls.py,Simple Atributte,28,28,22,A2
jobs,urls.py,Simple Assignment,8,8,0,A1
jobs,urls.py,Simple Assignment,9,29,0,A1
jobs,urls.py,From,3,3,0,A2
jobs,urls.py,From,4,4,0,A2
jobs,urls.py,From,6,6,0,A2
jobs,urls.py,Alias,3,3,24,A1
jobs,urls.py,Alias,4,4,33,A1
jobs,urls.py,Alias,6,6,22,A1
jobs,urls.py,Alias,6,6,29,A1
jobs,managers.py,Simple Atributte,14,14,15,A2
jobs,managers.py,Simple Atributte,18,18,14,A2
jobs,managers.py,Simple Atributte,20,25,12,A2
jobs,managers.py,Simple Atributte,34,34,15,A2
jobs,managers.py,Simple Atributte,38,38,14,A2
jobs,managers.py,Simple Atributte,39,42,15,A2
jobs,managers.py,Simple Atributte,50,50,15,A2
jobs,managers.py,Simple Atributte,54,54,15,A2
jobs,managers.py,Simple Atributte,58,58,15,A2
jobs,managers.py,Simple Atributte,62,62,15,A2
jobs,managers.py,Simple Atributte,66,66,15,A2
jobs,managers.py,Simple Atributte,70,70,15,A2
jobs,managers.py,Simple Atributte,74,74,15,A2
jobs,managers.py,Simple Atributte,78,78,15,A2
jobs,managers.py,Simple Atributte,83,86,15,A2
jobs,managers.py,Simple Atributte,90,90,15,A2
jobs,managers.py,Simple Atributte,97,97,15,A2
jobs,managers.py,Simple Atributte,101,101,15,A2
jobs,managers.py,Simple Atributte,50,50,34,A2
jobs,managers.py,Simple Atributte,54,54,34,A2
jobs,managers.py,Simple Atributte,58,58,34,A2
jobs,managers.py,Simple Atributte,62,62,34,A2
jobs,managers.py,Simple Atributte,66,66,34,A2
jobs,managers.py,Simple Atributte,70,70,34,A2
jobs,managers.py,Simple Atributte,78,78,35,A2
jobs,managers.py,Simple Atributte,82,82,27,A2
jobs,managers.py,Simple Atributte,82,82,44,A2
jobs,managers.py,Simple Atributte,90,90,35,A2
jobs,managers.py,Simple Atributte,20,21,12,A2
jobs,managers.py,Simple Atributte,39,39,15,A2
jobs,managers.py,Simple Atributte,50,50,34,A2
jobs,managers.py,Simple Atributte,54,54,34,A2
jobs,managers.py,Simple Atributte,58,58,34,A2
jobs,managers.py,Simple Atributte,62,62,34,A2
jobs,managers.py,Simple Atributte,66,66,34,A2
jobs,managers.py,Simple Atributte,70,70,34,A2
jobs,managers.py,Simple Atributte,78,78,35,A2
jobs,managers.py,Simple Atributte,83,83,15,A2
jobs,managers.py,Simple Atributte,90,90,35,A2
jobs,managers.py,Simple Atributte,97,97,15,A2
jobs,managers.py,Simple Atributte,97,97,51,A2
jobs,managers.py,Simple Atributte,84,84,19,A2
jobs,managers.py,Simple Atributte,20,20,12,A2
jobs,managers.py,Simple Atributte,84,84,19,A2
jobs,managers.py,Simple Assignment,18,18,8,A1
jobs,managers.py,Simple Assignment,38,38,8,A1
jobs,managers.py,Assigment with sum (total = total + 1),82,82,8,A1
jobs,managers.py,Import,3,3,0,A2
jobs,managers.py,From,5,5,0,A2
jobs,managers.py,From,6,6,0,A2
jobs,managers.py,Alias,3,3,7,A1
jobs,managers.py,Alias,5,5,35,A1
jobs,managers.py,Alias,6,6,25,A1
jobs,managers.py,Function with Simple argument,12,14,4,A1
jobs,managers.py,Function with Simple argument,16,26,4,A1
jobs,managers.py,Function with Simple argument,32,34,4,A1
jobs,managers.py,Function with Simple argument,36,42,4,A1
jobs,managers.py,Function with Simple argument,48,50,4,A1
jobs,managers.py,Function with Simple argument,52,54,4,A1
jobs,managers.py,Function with Simple argument,56,58,4,A1
jobs,managers.py,Function with Simple argument,60,62,4,A1
jobs,managers.py,Function with Simple argument,64,66,4,A1
jobs,managers.py,Function with Simple argument,68,70,4,A1
jobs,managers.py,Function with Simple argument,72,74,4,A1
jobs,managers.py,Function with Simple argument,76,78,4,A1
jobs,managers.py,Function with Simple argument,80,86,4,A1
jobs,managers.py,Function with Simple argument,88,90,4,A1
jobs,managers.py,Function with Simple argument,92,97,4,A1
jobs,managers.py,Function with Simple argument,99,101,4,A1
jobs,managers.py,Return,14,14,8,A1
jobs,managers.py,Return,19,26,8,A1
jobs,managers.py,Return,34,34,8,A1
jobs,managers.py,Return,39,42,8,A1
jobs,managers.py,Return,50,50,8,A1
jobs,managers.py,Return,54,54,8,A1
jobs,managers.py,Return,58,58,8,A1
jobs,managers.py,Return,62,62,8,A1
jobs,managers.py,Return,66,66,8,A1
jobs,managers.py,Return,70,70,8,A1
jobs,managers.py,Return,74,74,8,A1
jobs,managers.py,Return,78,78,8,A1
jobs,managers.py,Return,83,86,8,A1
jobs,managers.py,Return,90,90,8,A1
jobs,managers.py,Return,97,97,8,A1
jobs,managers.py,Return,101,101,8,A1
jobs,managers.py,Inherited Class from QuerySet,9,26,0,B1
jobs,managers.py,Inherited Class from QuerySet,29,42,0,B1
jobs,managers.py,Inherited Class from QuerySet,45,101,0,B1
jobs,signals.py,Simple Assignment,6,6,0,A1
jobs,signals.py,Simple Assignment,8,8,0,A1
jobs,signals.py,Simple Assignment,10,10,0,A1
jobs,signals.py,Simple Assignment,12,12,0,A1
jobs,signals.py,From,3,3,0,A2
jobs,signals.py,Alias,3,3,28,A1
jobs,admin.py,Simple List,14,14,24,A1
jobs,admin.py,Simple List,15,15,19,A1
jobs,admin.py,Simple List,16,16,18,A1
jobs,admin.py,Simple List,17,17,20,A1
jobs,admin.py,Simple List,18,18,20,A1
jobs,admin.py,Simple List,25,25,19,A1
jobs,admin.py,Simple List,26,26,18,A1
jobs,admin.py,Simple List,34,34,19,A1
jobs,admin.py,Simple List,35,35,18,A1
jobs,admin.py,Simple List,43,43,19,A1
jobs,admin.py,Simple Tuple,27,27,15,A1
jobs,admin.py,Simple Tuple,36,36,15,A1
jobs,admin.py,Simple Tuple,44,44,15,A1
jobs,admin.py,Simple Atributte,9,9,1,A2
jobs,admin.py,Simple Atributte,21,21,1,A2
jobs,admin.py,Simple Atributte,30,30,1,A2
jobs,admin.py,Simple Atributte,39,39,1,A2
jobs,admin.py,Simple Assignment,13,13,4,A1
jobs,admin.py,Simple Assignment,14,14,4,A1
jobs,admin.py,Simple Assignment,15,15,4,A1
jobs,admin.py,Simple Assignment,16,16,4,A1
jobs,admin.py,Simple Assignment,17,17,4,A1
jobs,admin.py,Simple Assignment,18,18,4,A1
jobs,admin.py,Simple Assignment,25,25,4,A1
jobs,admin.py,Simple Assignment,26,26,4,A1
jobs,admin.py,Simple Assignment,27,27,4,A1
jobs,admin.py,Simple Assignment,34,34,4,A1
jobs,admin.py,Simple Assignment,35,35,4,A1
jobs,admin.py,Simple Assignment,36,36,4,A1
jobs,admin.py,Simple Assignment,43,43,4,A1
jobs,admin.py,Simple Assignment,44,44,4,A1
jobs,admin.py,From,3,3,0,A2
jobs,admin.py,From,5,5,0,A2
jobs,admin.py,From,6,6,0,A2
jobs,admin.py,Alias,3,3,27,A1
jobs,admin.py,Alias,5,5,27,A1
jobs,admin.py,Alias,5,5,56,A1
jobs,admin.py,Alias,6,6,29,A1
jobs,admin.py,Alias,6,6,34,A1
jobs,admin.py,Alias,6,6,47,A1
jobs,admin.py,Alias,6,6,65,A1
jobs,admin.py,Inherited Class from ContentManageableModelAdmin,10,18,0,B1
jobs,admin.py,Inherited Class from NameSlugAdmin,22,27,0,B1
jobs,admin.py,Inherited Class from NameSlugAdmin,31,36,0,B1
jobs,admin.py,Inherited Class from ContentManageableModelAdmin,40,44,0,B1
jobs,search_indexes.py,Simple Dictionary,33,33,52,A2
jobs,search_indexes.py,Simple Dictionary,65,65,56,A2
jobs,search_indexes.py,Simple Dictionary,108,108,49,A2
jobs,search_indexes.py,Super Function,37,37,15,C2
jobs,search_indexes.py,Super Function,69,69,15,C2
jobs,search_indexes.py,Super Function,112,112,15,C2
jobs,search_indexes.py,Simple Atributte,10,10,19,A2
jobs,search_indexes.py,Simple Atributte,10,10,40,A2
jobs,search_indexes.py,Simple Atributte,42,42,23,A2
jobs,search_indexes.py,Simple Atributte,42,42,44,A2
jobs,search_indexes.py,Simple Atributte,74,74,15,A2
jobs,search_indexes.py,Simple Atributte,74,74,36,A2
jobs,search_indexes.py,Simple Atributte,13,13,11,A2
jobs,search_indexes.py,Simple Atributte,14,14,11,A2
jobs,search_indexes.py,Simple Atributte,15,15,11,A2
jobs,search_indexes.py,Simple Atributte,17,17,23,A2
jobs,search_indexes.py,Simple Atributte,45,45,11,A2
jobs,search_indexes.py,Simple Atributte,46,46,11,A2
jobs,search_indexes.py,Simple Atributte,47,47,11,A2
jobs,search_indexes.py,Simple Atributte,49,49,23,A2
jobs,search_indexes.py,Simple Atributte,77,77,11,A2
jobs,search_indexes.py,Simple Atributte,78,78,11,A2
jobs,search_indexes.py,Simple Atributte,79,79,11,A2
jobs,search_indexes.py,Simple Atributte,80,80,13,A2
jobs,search_indexes.py,Simple Atributte,81,81,14,A2
jobs,search_indexes.py,Simple Atributte,82,82,20,A2
jobs,search_indexes.py,Simple Atributte,84,84,18,A2
jobs,search_indexes.py,Simple Atributte,86,86,11,A2
jobs,search_indexes.py,Simple Atributte,88,88,23,A2
jobs,search_indexes.py,Simple Atributte,25,25,15,A2
jobs,search_indexes.py,Simple Atributte,37,37,15,A2
jobs,search_indexes.py,Simple Atributte,57,57,15,A2
jobs,search_indexes.py,Simple Atributte,69,69,15,A2
jobs,search_indexes.py,Simple Atributte,96,96,15,A2
jobs,search_indexes.py,Simple Atributte,112,112,15,A2
jobs,search_indexes.py,Simple Atributte,25,25,15,A2
jobs,search_indexes.py,Simple Atributte,57,57,15,A2
jobs,search_indexes.py,Simple Atributte,96,96,15,A2
jobs,search_indexes.py,Simple Atributte,104,104,44,A2
jobs,search_indexes.py,Simple Atributte,33,33,61,A2
jobs,search_indexes.py,Simple Atributte,65,65,65,A2
jobs,search_indexes.py,Simple Atributte,104,104,44,A2
jobs,search_indexes.py,Simple Atributte,108,108,56,A2
jobs,search_indexes.py,Subscript,38,38,8,A1
jobs,search_indexes.py,Subscript,70,70,8,A1
jobs,search_indexes.py,Subscript,113,113,8,A1
jobs,search_indexes.py,Simple Assignment,13,13,4,A1
jobs,search_indexes.py,Simple Assignment,14,14,4,A1
jobs,search_indexes.py,Simple Assignment,15,15,4,A1
jobs,search_indexes.py,Simple Assignment,17,17,4,A1
jobs,search_indexes.py,Simple Assignment,45,45,4,A1
jobs,search_indexes.py,Simple Assignment,46,46,4,A1
jobs,search_indexes.py,Simple Assignment,47,47,4,A1
jobs,search_indexes.py,Simple Assignment,49,49,4,A1
jobs,search_indexes.py,Simple Assignment,77,77,4,A1
jobs,search_indexes.py,Simple Assignment,78,78,4,A1
jobs,search_indexes.py,Simple Assignment,79,79,4,A1
jobs,search_indexes.py,Simple Assignment,80,80,4,A1
jobs,search_indexes.py,Simple Assignment,81,81,4,A1
jobs,search_indexes.py,Simple Assignment,82,82,4,A1
jobs,search_indexes.py,Simple Assignment,84,84,4,A1
jobs,search_indexes.py,Simple Assignment,86,86,4,A1
jobs,search_indexes.py,Simple Assignment,88,88,4,A1
jobs,search_indexes.py,Simple Assignment,37,37,8,A1
jobs,search_indexes.py,Simple Assignment,38,38,8,A1
jobs,search_indexes.py,Simple Assignment,69,69,8,A1
jobs,search_indexes.py,Simple Assignment,70,70,8,A1
jobs,search_indexes.py,Simple Assignment,112,112,8,A1
jobs,search_indexes.py,Simple Assignment,113,113,8,A1
jobs,search_indexes.py,From,3,3,0,A2
jobs,search_indexes.py,From,4,4,0,A2
jobs,search_indexes.py,From,5,5,0,A2
jobs,search_indexes.py,From,7,7,0,A2
jobs,search_indexes.py,Alias,3,3,43,A1
jobs,search_indexes.py,Alias,3,3,54,A1
jobs,search_indexes.py,Alias,4,4,24,A1
jobs,search_indexes.py,Alias,5,5,21,A1
jobs,search_indexes.py,Alias,7,7,29,A1
jobs,search_indexes.py,Alias,7,7,34,A1
jobs,search_indexes.py,Alias,7,7,47,A1
jobs,search_indexes.py,Function with Simple argument,19,21,4,A1
jobs,search_indexes.py,Function with Simple argument with Default argument,23,25,4,A2
jobs,search_indexes.py,Function with Simple argument,27,29,4,A1
jobs,search_indexes.py,Function with Simple argument,31,33,4,A1
jobs,search_indexes.py,Function with Simple argument,35,39,4,A1
jobs,search_indexes.py,Function with Simple argument,51,53,4,A1
jobs,search_indexes.py,Function with Simple argument with Default argument,55,57,4,A2
jobs,search_indexes.py,Function with Simple argument,59,61,4,A1
jobs,search_indexes.py,Function with Simple argument,63,65,4,A1
jobs,search_indexes.py,Function with Simple argument,67,71,4,A1
jobs,search_indexes.py,Function with Simple argument,90,92,4,A1
jobs,search_indexes.py,Function with Simple argument with Default argument,94,96,4,A2
jobs,search_indexes.py,Function with Simple argument,98,100,4,A1
jobs,search_indexes.py,Function with Simple argument,102,104,4,A1
jobs,search_indexes.py,Function with Simple argument,106,108,4,A1
jobs,search_indexes.py,Function with Simple argument,110,114,4,A1
jobs,search_indexes.py,Return,21,21,8,A1
jobs,search_indexes.py,Return,25,25,8,A1
jobs,search_indexes.py,Return,29,29,8,A1
jobs,search_indexes.py,Return,33,33,8,A1
jobs,search_indexes.py,Return,39,39,8,A1
jobs,search_indexes.py,Return,53,53,8,A1
jobs,search_indexes.py,Return,57,57,8,A1
jobs,search_indexes.py,Return,61,61,8,A1
jobs,search_indexes.py,Return,65,65,8,A1
jobs,search_indexes.py,Return,71,71,8,A1
jobs,search_indexes.py,Return,92,92,8,A1
jobs,search_indexes.py,Return,96,96,8,A1
jobs,search_indexes.py,Return,100,100,8,A1
jobs,search_indexes.py,Return,104,104,8,A1
jobs,search_indexes.py,Return,108,108,8,A1
jobs,search_indexes.py,Return,114,114,8,A1
jobs,search_indexes.py,Simple Class ,10,39,0,B1
jobs,search_indexes.py,Simple Class ,42,71,0,B1
jobs,search_indexes.py,Simple Class ,74,114,0,B1
tests,test_models.py,Simple Dictionary,12,16,21,A2
tests,test_models.py,Simple Atributte,24,24,20,A2
tests,test_models.py,Simple Atributte,26,26,8,A2
tests,test_models.py,Simple Atributte,95,95,8,A2
tests,test_models.py,Simple Atributte,111,111,8,A2
tests,test_models.py,Simple Atributte,111,111,22,A2
tests,test_models.py,Simple Atributte,17,17,8,A2
tests,test_models.py,Simple Atributte,18,18,15,A2
tests,test_models.py,Simple Atributte,21,21,14,A2
tests,test_models.py,Simple Atributte,22,22,8,A2
tests,test_models.py,Simple Atributte,22,22,24,A2
tests,test_models.py,Simple Atributte,27,27,8,A2
tests,test_models.py,Simple Atributte,27,27,25,A2
tests,test_models.py,Simple Atributte,30,30,14,A2
tests,test_models.py,Simple Atributte,31,31,8,A2
tests,test_models.py,Simple Atributte,31,31,25,A2
tests,test_models.py,Simple Atributte,34,34,8,A2
tests,test_models.py,Simple Atributte,35,35,8,A2
tests,test_models.py,Simple Atributte,36,36,8,A2
tests,test_models.py,Simple Atributte,39,39,8,A2
tests,test_models.py,Simple Atributte,40,40,8,A2
tests,test_models.py,Simple Atributte,41,41,8,A2
tests,test_models.py,Simple Atributte,44,44,8,A2
tests,test_models.py,Simple Atributte,45,45,8,A2
tests,test_models.py,Simple Atributte,46,46,8,A2
tests,test_models.py,Simple Atributte,49,49,8,A2
tests,test_models.py,Simple Atributte,50,50,8,A2
tests,test_models.py,Simple Atributte,51,51,8,A2
tests,test_models.py,Simple Atributte,54,54,8,A2
tests,test_models.py,Simple Atributte,55,55,8,A2
tests,test_models.py,Simple Atributte,56,56,8,A2
tests,test_models.py,Simple Atributte,59,59,8,A2
tests,test_models.py,Simple Atributte,60,60,8,A2
tests,test_models.py,Simple Atributte,61,61,8,A2
tests,test_models.py,Simple Atributte,64,64,8,A2
tests,test_models.py,Simple Atributte,65,65,8,A2
tests,test_models.py,Simple Atributte,66,66,8,A2
tests,test_models.py,Simple Atributte,69,69,13,A2
tests,test_models.py,Simple Atributte,70,70,13,A2
tests,test_models.py,Simple Atributte,72,72,13,A2
tests,test_models.py,Simple Atributte,74,74,18,A2
tests,test_models.py,Simple Atributte,75,75,8,A2
tests,test_models.py,Simple Atributte,76,76,8,A2
tests,test_models.py,Simple Atributte,77,77,8,A2
tests,test_models.py,Simple Atributte,78,78,8,A2
tests,test_models.py,Simple Atributte,81,81,13,A2
tests,test_models.py,Simple Atributte,82,82,13,A2
tests,test_models.py,Simple Atributte,83,83,13,A2
tests,test_models.py,Simple Atributte,84,84,8,A2
tests,test_models.py,Simple Atributte,86,86,13,A2
tests,test_models.py,Simple Atributte,87,87,8,A2
tests,test_models.py,Simple Atributte,88,88,8,A2
tests,test_models.py,Simple Atributte,89,89,8,A2
tests,test_models.py,Simple Atributte,92,92,13,A2
tests,test_models.py,Simple Atributte,93,93,13,A2
tests,test_models.py,Simple Atributte,94,94,13,A2
tests,test_models.py,Simple Atributte,96,96,8,A2
tests,test_models.py,Simple Atributte,98,98,13,A2
tests,test_models.py,Simple Atributte,99,99,8,A2
tests,test_models.py,Simple Atributte,100,100,8,A2
tests,test_models.py,Simple Atributte,101,101,8,A2
tests,test_models.py,Simple Atributte,104,104,15,A2
tests,test_models.py,Simple Atributte,105,105,15,A2
tests,test_models.py,Simple Atributte,106,106,15,A2
tests,test_models.py,Simple Atributte,108,108,8,A2
tests,test_models.py,Simple Atributte,109,109,8,A2
tests,test_models.py,Simple Atributte,112,112,8,A2
tests,test_models.py,Simple Atributte,114,114,8,A2
tests,test_models.py,Simple Atributte,115,115,8,A2
tests,test_models.py,Simple Atributte,117,117,8,A2
tests,test_models.py,Simple Atributte,118,118,8,A2
tests,test_models.py,Simple Atributte,121,121,14,A2
tests,test_models.py,Simple Atributte,122,122,8,A2
tests,test_models.py,Simple Atributte,122,122,25,A2
tests,test_models.py,Simple Atributte,123,123,8,A2
tests,test_models.py,Simple Atributte,123,123,25,A2
tests,test_models.py,Simple Atributte,124,124,8,A2
tests,test_models.py,Simple Atributte,124,124,25,A2
tests,test_models.py,Simple Atributte,127,127,15,A2
tests,test_models.py,Simple Atributte,128,128,8,A2
tests,test_models.py,Simple Atributte,128,128,25,A2
tests,test_models.py,Simple Atributte,130,130,15,A2
tests,test_models.py,Simple Atributte,131,131,8,A2
tests,test_models.py,Simple Atributte,131,131,25,A2
tests,test_models.py,Simple Atributte,26,26,22,A2
tests,test_models.py,Simple Atributte,34,34,25,A2
tests,test_models.py,Simple Atributte,36,36,25,A2
tests,test_models.py,Simple Atributte,39,39,25,A2
tests,test_models.py,Simple Atributte,41,41,25,A2
tests,test_models.py,Simple Atributte,44,44,25,A2
tests,test_models.py,Simple Atributte,46,46,25,A2
tests,test_models.py,Simple Atributte,49,49,25,A2
tests,test_models.py,Simple Atributte,51,51,25,A2
tests,test_models.py,Simple Atributte,54,54,25,A2
tests,test_models.py,Simple Atributte,56,56,25,A2
tests,test_models.py,Simple Atributte,59,59,25,A2
tests,test_models.py,Simple Atributte,61,61,25,A2
tests,test_models.py,Simple Atributte,64,64,25,A2
tests,test_models.py,Simple Atributte,66,66,25,A2
tests,test_models.py,Simple Atributte,71,71,15,A2
tests,test_models.py,Simple Atributte,71,71,32,A2
tests,test_models.py,Simple Atributte,74,74,18,A2
tests,test_models.py,Simple Atributte,84,84,8,A2
tests,test_models.py,Simple Atributte,86,86,13,A2
tests,test_models.py,Simple Atributte,98,98,13,A2
tests,test_models.py,Simple Atributte,104,104,38,A2
tests,test_models.py,Simple Atributte,106,106,38,A2
tests,test_models.py,Simple Atributte,108,108,25,A2
tests,test_models.py,Simple Atributte,109,109,25,A2
tests,test_models.py,Simple Atributte,114,114,25,A2
tests,test_models.py,Simple Atributte,115,115,25,A2
tests,test_models.py,Simple Atributte,117,117,25,A2
tests,test_models.py,Simple Atributte,118,118,25,A2
tests,test_models.py,Simple Atributte,34,34,25,A2
tests,test_models.py,Simple Atributte,36,36,25,A2
tests,test_models.py,Simple Atributte,39,39,25,A2
tests,test_models.py,Simple Atributte,41,41,25,A2
tests,test_models.py,Simple Atributte,44,44,25,A2
tests,test_models.py,Simple Atributte,46,46,25,A2
tests,test_models.py,Simple Atributte,49,49,25,A2
tests,test_models.py,Simple Atributte,51,51,25,A2
tests,test_models.py,Simple Atributte,54,54,25,A2
tests,test_models.py,Simple Atributte,56,56,25,A2
tests,test_models.py,Simple Atributte,59,59,25,A2
tests,test_models.py,Simple Atributte,61,61,25,A2
tests,test_models.py,Simple Atributte,64,64,25,A2
tests,test_models.py,Simple Atributte,66,66,25,A2
tests,test_models.py,Simple Atributte,34,34,25,A2
tests,test_models.py,Simple Atributte,36,36,25,A2
tests,test_models.py,Simple Atributte,39,39,25,A2
tests,test_models.py,Simple Atributte,41,41,25,A2
tests,test_models.py,Simple Atributte,44,44,25,A2
tests,test_models.py,Simple Atributte,46,46,25,A2
tests,test_models.py,Simple Atributte,49,49,25,A2
tests,test_models.py,Simple Atributte,51,51,25,A2
tests,test_models.py,Simple Atributte,54,54,25,A2
tests,test_models.py,Simple Atributte,56,56,25,A2
tests,test_models.py,Simple Atributte,59,59,25,A2
tests,test_models.py,Simple Atributte,61,61,25,A2
tests,test_models.py,Simple Atributte,64,64,25,A2
tests,test_models.py,Simple Atributte,66,66,25,A2
tests,test_models.py,Simple Assignment,12,16,8,A1
tests,test_models.py,Simple Assignment,21,21,8,A1
tests,test_models.py,Simple Assignment,24,24,8,A1
tests,test_models.py,Assigment with sum (total = total + 1),26,26,8,A1
tests,test_models.py,Simple Assignment,30,30,8,A1
tests,test_models.py,Simple Assignment,69,69,8,A1
tests,test_models.py,Simple Assignment,70,70,8,A1
tests,test_models.py,Assigment with sum (total = total + 1),71,71,8,A1
tests,test_models.py,Simple Assignment,72,72,8,A1
tests,test_models.py,Simple Assignment,74,74,8,A1
tests,test_models.py,Simple Assignment,81,81,8,A1
tests,test_models.py,Simple Assignment,82,82,8,A1
tests,test_models.py,Simple Assignment,83,83,8,A1
tests,test_models.py,Simple Assignment,86,86,8,A1
tests,test_models.py,Simple Assignment,92,92,8,A1
tests,test_models.py,Simple Assignment,93,93,8,A1
tests,test_models.py,Simple Assignment,94,94,8,A1
tests,test_models.py,Simple Assignment,95,95,8,A1
tests,test_models.py,Simple Assignment,98,98,8,A1
tests,test_models.py,Simple Assignment,104,104,8,A1
tests,test_models.py,Simple Assignment,105,105,8,A1
tests,test_models.py,Simple Assignment,106,106,8,A1
tests,test_models.py,Simple Assignment,111,111,8,A1
tests,test_models.py,Simple Assignment,121,121,8,A1
tests,test_models.py,Simple Assignment,127,127,8,A1
tests,test_models.py,Simple Assignment,130,130,8,A1
tests,test_models.py,Import,1,1,0,A2
tests,test_models.py,From,3,3,0,A2
tests,test_models.py,From,4,4,0,A2
tests,test_models.py,From,6,6,0,A2
tests,test_models.py,From,7,7,0,A2
tests,test_models.py,Alias,1,1,7,A1
tests,test_models.py,Alias,3,3,24,A1
tests,test_models.py,Alias,4,4,25,A1
tests,test_models.py,Alias,6,6,22,A1
tests,test_models.py,Alias,7,7,29,A1
tests,test_models.py,Alias,7,7,34,A1
tests,test_models.py,Alias,7,7,47,A1
tests,test_models.py,Function with Simple argument with ** argument,11,18,4,B1
tests,test_models.py,Function with Simple argument,20,27,4,A1
tests,test_models.py,Function with Simple argument,29,31,4,A1
tests,test_models.py,Function with Simple argument,33,36,4,A1
tests,test_models.py,Function with Simple argument,38,41,4,A1
tests,test_models.py,Function with Simple argument,43,46,4,A1
tests,test_models.py,Function with Simple argument,48,51,4,A1
tests,test_models.py,Function with Simple argument,53,56,4,A1
tests,test_models.py,Function with Simple argument,58,61,4,A1
tests,test_models.py,Function with Simple argument,63,66,4,A1
tests,test_models.py,Function with Simple argument,68,78,4,A1
tests,test_models.py,Function with Simple argument,80,89,4,A1
tests,test_models.py,Function with Simple argument,91,101,4,A1
tests,test_models.py,Function with Simple argument,103,118,4,A1
tests,test_models.py,Function with Simple argument,120,124,4,A1
tests,test_models.py,Function with Simple argument,126,131,4,A1
tests,test_models.py,Return,18,18,8,A1
tests,test_models.py,Inherited Class from TestCase,10,131,0,B1
tests,test_views.py,Simple List,214,214,28,A1
tests,test_views.py,Simple List,281,281,22,A1
tests,test_views.py,Simple List,547,547,22,A1
tests,test_views.py,Simple List,580,580,22,A1
tests,test_views.py,Simple List,593,593,22,A1
tests,test_views.py,Simple List,612,612,22,A1
tests,test_views.py,Simple List,629,629,22,A1
tests,test_views.py,Simple List,640,640,22,A1
tests,test_views.py,Simple List,653,653,22,A1
tests,test_views.py,Simple List,666,666,22,A1
tests,test_views.py,Simple List,290,290,25,A1
tests,test_views.py,Simple List,578,578,37,A1
tests,test_views.py,Simple List,591,591,37,A1
tests,test_views.py,Simple List,624,624,44,A1
tests,test_views.py,Simple List,636,636,44,A1
tests,test_views.py,Simple List,677,677,44,A1
tests,test_views.py,Simple List,27,27,19,A1
tests,test_views.py,1 List Dictionary,288,301,20,B1
tests,test_views.py,Simple Dictionary,358,362,20,A2
tests,test_views.py,Simple Dictionary,615,618,20,A2
tests,test_views.py,Simple Dictionary,643,646,20,A2
tests,test_views.py,Simple Dictionary,656,659,20,A2
tests,test_views.py,Simple Dictionary,669,672,20,A2
tests,test_views.py,Simple Dictionary,337,337,49,A2
tests,test_views.py,Simple Dictionary,538,538,40,A2
tests,test_views.py,Simple Dictionary,66,66,51,A2
tests,test_views.py,Simple Dictionary,73,73,55,A2
tests,test_views.py,Simple Dictionary,80,80,55,A2
tests,test_views.py,Simple Dictionary,131,131,48,A2
tests,test_views.py,Simple Dictionary,149,149,48,A2
tests,test_views.py,Simple Dictionary,156,156,48,A2
tests,test_views.py,Simple Dictionary,164,164,48,A2
tests,test_views.py,Simple Dictionary,170,170,46,A2
tests,test_views.py,Simple Dictionary,176,176,49,A2
tests,test_views.py,Simple Dictionary,201,201,46,A2
tests,test_views.py,Simple Dictionary,256,256,48,A2
tests,test_views.py,Simple Dictionary,326,326,57,A2
tests,test_views.py,Simple Dictionary,350,350,49,A2
tests,test_views.py,Simple Dictionary,433,433,51,A2
tests,test_views.py,Simple Dictionary,438,438,55,A2
tests,test_views.py,Simple Dictionary,571,571,35,A2
tests,test_views.py,Simple Dictionary,584,584,35,A2
tests,test_views.py,Simple Dictionary,595,595,46,A2
tests,test_views.py,Simple Dictionary,600,600,35,A2
tests,test_views.py,Simple Dictionary,604,604,46,A2
tests,test_views.py,Simple Dictionary,608,608,46,A2
tests,test_views.py,Formatted Value,166,166,69,A1
tests,test_views.py,Formatted Value,217,217,47,A1
tests,test_views.py,Formatted Value,224,224,69,A1
tests,test_views.py,Formatted Value,345,345,79,A1
tests,test_views.py,Formatted Value,417,417,50,A1
tests,test_views.py,Formatted Value,417,417,72,A1
tests,test_views.py,Formatted Value,420,420,50,A1
tests,test_views.py,Formatted Value,420,420,72,A1
tests,test_views.py,Formatted Value,423,423,50,A1
tests,test_views.py,Formatted Value,423,423,72,A1
tests,test_views.py,Joined String,166,166,39,A1
tests,test_views.py,Joined String,217,217,39,A1
tests,test_views.py,Joined String,224,224,39,A1
tests,test_views.py,Joined String,345,345,49,A1
tests,test_views.py,Joined String,417,417,48,A1
tests,test_views.py,Joined String,420,420,48,A1
tests,test_views.py,Joined String,423,423,48,A1
tests,test_views.py,Simple Atributte,20,20,8,A2
tests,test_views.py,Simple Atributte,22,22,8,A2
tests,test_views.py,Simple Atributte,24,24,8,A2
tests,test_views.py,Simple Atributte,30,30,8,A2
tests,test_views.py,Simple Atributte,32,32,8,A2
tests,test_views.py,Simple Atributte,34,34,8,A2
tests,test_views.py,Simple Atributte,47,47,8,A2
tests,test_views.py,Simple Atributte,100,100,8,A2
tests,test_views.py,Simple Atributte,210,210,15,A2
tests,test_views.py,Simple Atributte,281,281,8,A2
tests,test_views.py,Simple Atributte,419,419,8,A2
tests,test_views.py,Simple Atributte,422,422,8,A2
tests,test_views.py,Simple Atributte,426,426,8,A2
tests,test_views.py,Simple Atributte,429,429,8,A2
tests,test_views.py,Simple Atributte,445,445,8,A2
tests,test_views.py,Simple Atributte,446,446,8,A2
tests,test_views.py,Simple Atributte,447,447,8,A2
tests,test_views.py,Simple Atributte,449,449,8,A2
tests,test_views.py,Simple Atributte,450,450,8,A2
tests,test_views.py,Simple Atributte,451,451,8,A2
tests,test_views.py,Simple Atributte,452,452,8,A2
tests,test_views.py,Simple Atributte,454,454,8,A2
tests,test_views.py,Simple Atributte,455,455,8,A2
tests,test_views.py,Simple Atributte,456,456,8,A2
tests,test_views.py,Simple Atributte,459,459,8,A2
tests,test_views.py,Simple Atributte,461,461,8,A2
tests,test_views.py,Simple Atributte,463,463,8,A2
tests,test_views.py,Simple Atributte,465,465,8,A2
tests,test_views.py,Simple Atributte,467,467,8,A2
tests,test_views.py,Simple Atributte,469,469,8,A2
tests,test_views.py,Simple Atributte,482,482,8,A2
tests,test_views.py,Simple Atributte,495,495,8,A2
tests,test_views.py,Simple Atributte,547,547,8,A2
tests,test_views.py,Simple Atributte,580,580,8,A2
tests,test_views.py,Simple Atributte,593,593,8,A2
tests,test_views.py,Simple Atributte,612,612,8,A2
tests,test_views.py,Simple Atributte,629,629,8,A2
tests,test_views.py,Simple Atributte,640,640,8,A2
tests,test_views.py,Simple Atributte,653,653,8,A2
tests,test_views.py,Simple Atributte,666,666,8,A2
tests,test_views.py,Simple Atributte,45,45,8,A2
tests,test_views.py,Simple Atributte,45,45,31,A2
tests,test_views.py,Simple Atributte,57,57,8,A2
tests,test_views.py,Simple Atributte,57,57,37,A2
tests,test_views.py,Simple Atributte,61,61,19,A2
tests,test_views.py,Simple Atributte,62,62,8,A2
tests,test_views.py,Simple Atributte,62,62,25,A2
tests,test_views.py,Simple Atributte,63,63,8,A2
tests,test_views.py,Simple Atributte,64,64,8,A2
tests,test_views.py,Simple Atributte,67,67,19,A2
tests,test_views.py,Simple Atributte,68,68,8,A2
tests,test_views.py,Simple Atributte,68,68,25,A2
tests,test_views.py,Simple Atributte,69,69,8,A2
tests,test_views.py,Simple Atributte,70,70,8,A2
tests,test_views.py,Simple Atributte,71,71,8,A2
tests,test_views.py,Simple Atributte,74,74,19,A2
tests,test_views.py,Simple Atributte,75,75,8,A2
tests,test_views.py,Simple Atributte,75,75,25,A2
tests,test_views.py,Simple Atributte,76,76,8,A2
tests,test_views.py,Simple Atributte,77,77,8,A2
tests,test_views.py,Simple Atributte,78,78,8,A2
tests,test_views.py,Simple Atributte,81,81,19,A2
tests,test_views.py,Simple Atributte,82,82,8,A2
tests,test_views.py,Simple Atributte,83,83,8,A2
tests,test_views.py,Simple Atributte,83,83,25,A2
tests,test_views.py,Simple Atributte,84,84,8,A2
tests,test_views.py,Simple Atributte,85,85,8,A2
tests,test_views.py,Simple Atributte,90,90,19,A2
tests,test_views.py,Simple Atributte,91,91,8,A2
tests,test_views.py,Simple Atributte,98,98,18,A2
tests,test_views.py,Simple Atributte,111,111,8,A2
tests,test_views.py,Simple Atributte,113,113,19,A2
tests,test_views.py,Simple Atributte,114,114,8,A2
tests,test_views.py,Simple Atributte,114,114,25,A2
tests,test_views.py,Simple Atributte,115,115,8,A2
tests,test_views.py,Simple Atributte,116,116,8,A2
tests,test_views.py,Simple Atributte,117,117,8,A2
tests,test_views.py,Simple Atributte,118,118,8,A2
tests,test_views.py,Simple Atributte,123,123,8,A2
tests,test_views.py,Simple Atributte,125,125,19,A2
tests,test_views.py,Simple Atributte,126,126,8,A2
tests,test_views.py,Simple Atributte,126,126,25,A2
tests,test_views.py,Simple Atributte,129,129,8,A2
tests,test_views.py,Simple Atributte,129,129,28,A2
tests,test_views.py,Simple Atributte,129,129,40,A2
tests,test_views.py,Simple Atributte,132,132,19,A2
tests,test_views.py,Simple Atributte,133,133,8,A2
tests,test_views.py,Simple Atributte,135,135,8,A2
tests,test_views.py,Simple Atributte,136,136,8,A2
tests,test_views.py,Simple Atributte,136,136,25,A2
tests,test_views.py,Simple Atributte,136,136,37,A2
tests,test_views.py,Simple Atributte,141,141,8,A2
tests,test_views.py,Simple Atributte,143,143,19,A2
tests,test_views.py,Simple Atributte,144,144,8,A2
tests,test_views.py,Simple Atributte,144,144,25,A2
tests,test_views.py,Simple Atributte,145,145,8,A2
tests,test_views.py,Simple Atributte,147,147,8,A2
tests,test_views.py,Simple Atributte,147,147,28,A2
tests,test_views.py,Simple Atributte,147,147,45,A2
tests,test_views.py,Simple Atributte,150,150,19,A2
tests,test_views.py,Simple Atributte,151,151,8,A2
tests,test_views.py,Simple Atributte,153,153,8,A2
tests,test_views.py,Simple Atributte,153,153,28,A2
tests,test_views.py,Simple Atributte,153,153,45,A2
tests,test_views.py,Simple Atributte,158,158,8,A2
tests,test_views.py,Simple Atributte,160,160,19,A2
tests,test_views.py,Simple Atributte,161,161,8,A2
tests,test_views.py,Simple Atributte,161,161,25,A2
tests,test_views.py,Simple Atributte,165,165,19,A2
tests,test_views.py,Simple Atributte,166,166,8,A2
tests,test_views.py,Simple Atributte,169,169,8,A2
tests,test_views.py,Simple Atributte,171,171,19,A2
tests,test_views.py,Simple Atributte,172,172,8,A2
tests,test_views.py,Simple Atributte,172,172,25,A2
tests,test_views.py,Simple Atributte,175,175,8,A2
tests,test_views.py,Simple Atributte,177,177,19,A2
tests,test_views.py,Simple Atributte,178,178,8,A2
tests,test_views.py,Simple Atributte,178,178,25,A2
tests,test_views.py,Simple Atributte,186,186,18,A2
tests,test_views.py,Simple Atributte,198,198,8,A2
tests,test_views.py,Simple Atributte,198,198,26,A2
tests,test_views.py,Simple Atributte,200,200,8,A2
tests,test_views.py,Simple Atributte,203,203,19,A2
tests,test_views.py,Simple Atributte,204,204,8,A2
tests,test_views.py,Simple Atributte,204,204,25,A2
tests,test_views.py,Simple Atributte,205,205,8,A2
tests,test_views.py,Simple Atributte,209,209,15,A2
tests,test_views.py,Simple Atributte,214,214,29,A2
tests,test_views.py,Simple Atributte,216,216,19,A2
tests,test_views.py,Simple Atributte,217,217,8,A2
tests,test_views.py,Simple Atributte,218,218,21,A2
tests,test_views.py,Simple Atributte,219,219,8,A2
tests,test_views.py,Simple Atributte,219,219,25,A2
tests,test_views.py,Simple Atributte,221,221,8,A2
tests,test_views.py,Simple Atributte,222,222,19,A2
tests,test_views.py,Simple Atributte,223,223,8,A2
tests,test_views.py,Simple Atributte,223,223,25,A2
tests,test_views.py,Simple Atributte,224,224,8,A2
tests,test_views.py,Simple Atributte,227,227,8,A2
tests,test_views.py,Simple Atributte,228,228,19,A2
tests,test_views.py,Simple Atributte,229,229,8,A2
tests,test_views.py,Simple Atributte,229,229,25,A2
tests,test_views.py,Simple Atributte,232,232,14,A2
tests,test_views.py,Simple Atributte,233,233,19,A2
tests,test_views.py,Simple Atributte,235,235,8,A2
tests,test_views.py,Simple Atributte,235,235,25,A2
tests,test_views.py,Simple Atributte,236,236,8,A2
tests,test_views.py,Simple Atributte,237,237,8,A2
tests,test_views.py,Simple Atributte,240,240,14,A2
tests,test_views.py,Simple Atributte,241,241,19,A2
tests,test_views.py,Simple Atributte,242,242,8,A2
tests,test_views.py,Simple Atributte,242,242,25,A2
tests,test_views.py,Simple Atributte,245,245,8,A2
tests,test_views.py,Simple Atributte,246,246,19,A2
tests,test_views.py,Simple Atributte,247,247,8,A2
tests,test_views.py,Simple Atributte,247,247,25,A2
tests,test_views.py,Simple Atributte,250,250,8,A2
tests,test_views.py,Simple Atributte,251,251,8,A2
tests,test_views.py,Simple Atributte,252,252,19,A2
tests,test_views.py,Simple Atributte,253,253,8,A2
tests,test_views.py,Simple Atributte,253,253,25,A2
tests,test_views.py,Simple Atributte,257,257,19,A2
tests,test_views.py,Simple Atributte,258,258,8,A2
tests,test_views.py,Simple Atributte,258,258,25,A2
tests,test_views.py,Simple Atributte,265,265,19,A2
tests,test_views.py,Simple Atributte,266,266,8,A2
tests,test_views.py,Simple Atributte,266,266,25,A2
tests,test_views.py,Simple Atributte,269,269,19,A2
tests,test_views.py,Simple Atributte,270,270,8,A2
tests,test_views.py,Simple Atributte,270,270,25,A2
tests,test_views.py,Simple Atributte,273,273,8,A2
tests,test_views.py,Simple Atributte,274,274,19,A2
tests,test_views.py,Simple Atributte,275,275,8,A2
tests,test_views.py,Simple Atributte,275,275,25,A2
tests,test_views.py,Simple Atributte,277,277,19,A2
tests,test_views.py,Simple Atributte,278,278,8,A2
tests,test_views.py,Simple Atributte,278,278,25,A2
tests,test_views.py,Simple Atributte,283,283,19,A2
tests,test_views.py,Simple Atributte,285,285,8,A2
tests,test_views.py,Simple Atributte,285,285,25,A2
tests,test_views.py,Simple Atributte,286,286,8,A2
tests,test_views.py,Simple Atributte,289,289,24,A2
tests,test_views.py,Simple Atributte,304,304,19,A2
tests,test_views.py,Simple Atributte,305,305,8,A2
tests,test_views.py,Simple Atributte,305,305,25,A2
tests,test_views.py,Simple Atributte,306,306,8,A2
tests,test_views.py,Simple Atributte,316,316,18,A2
tests,test_views.py,Simple Atributte,317,317,8,A2
tests,test_views.py,Simple Atributte,319,319,19,A2
tests,test_views.py,Simple Atributte,322,322,15,A2
tests,test_views.py,Simple Atributte,323,323,8,A2
tests,test_views.py,Simple Atributte,327,327,8,A2
tests,test_views.py,Simple Atributte,329,329,8,A2
tests,test_views.py,Simple Atributte,329,329,28,A2
tests,test_views.py,Simple Atributte,330,330,8,A2
tests,test_views.py,Simple Atributte,330,330,28,A2
tests,test_views.py,Simple Atributte,331,331,8,A2
tests,test_views.py,Simple Atributte,331,331,25,A2
tests,test_views.py,Simple Atributte,332,332,8,A2
tests,test_views.py,Simple Atributte,332,332,25,A2
tests,test_views.py,Simple Atributte,334,334,8,A2
tests,test_views.py,Simple Atributte,337,337,19,A2
tests,test_views.py,Simple Atributte,340,340,14,A2
tests,test_views.py,Simple Atributte,341,341,8,A2
tests,test_views.py,Simple Atributte,341,341,25,A2
tests,test_views.py,Simple Atributte,344,344,8,A2
tests,test_views.py,Simple Atributte,345,345,8,A2
tests,test_views.py,Simple Atributte,345,345,25,A2
tests,test_views.py,Simple Atributte,347,347,12,A2
tests,test_views.py,Simple Atributte,352,352,8,A2
tests,test_views.py,Simple Atributte,353,353,19,A2
tests,test_views.py,Simple Atributte,354,354,8,A2
tests,test_views.py,Simple Atributte,354,354,25,A2
tests,test_views.py,Simple Atributte,365,365,8,A2
tests,test_views.py,Simple Atributte,368,368,8,A2
tests,test_views.py,Simple Atributte,369,369,8,A2
tests,test_views.py,Simple Atributte,375,375,19,A2
tests,test_views.py,Simple Atributte,376,376,8,A2
tests,test_views.py,Simple Atributte,376,376,25,A2
tests,test_views.py,Simple Atributte,377,377,8,A2
tests,test_views.py,Simple Atributte,377,377,22,A2
tests,test_views.py,Simple Atributte,378,378,8,A2
tests,test_views.py,Simple Atributte,384,384,19,A2
tests,test_views.py,Simple Atributte,385,385,8,A2
tests,test_views.py,Simple Atributte,385,385,25,A2
tests,test_views.py,Simple Atributte,386,386,8,A2
tests,test_views.py,Simple Atributte,386,386,22,A2
tests,test_views.py,Simple Atributte,387,387,8,A2
tests,test_views.py,Simple Atributte,398,398,8,A2
tests,test_views.py,Simple Atributte,398,398,27,A2
tests,test_views.py,Simple Atributte,401,401,19,A2
tests,test_views.py,Simple Atributte,402,402,8,A2
tests,test_views.py,Simple Atributte,402,402,25,A2
tests,test_views.py,Simple Atributte,403,403,8,A2
tests,test_views.py,Simple Atributte,403,403,22,A2
tests,test_views.py,Simple Atributte,404,404,8,A2
tests,test_views.py,Simple Atributte,406,406,22,A2
tests,test_views.py,Simple Atributte,407,407,8,A2
tests,test_views.py,Simple Atributte,408,408,8,A2
tests,test_views.py,Simple Atributte,412,412,19,A2
tests,test_views.py,Simple Atributte,413,413,8,A2
tests,test_views.py,Simple Atributte,413,413,25,A2
tests,test_views.py,Simple Atributte,414,414,8,A2
tests,test_views.py,Simple Atributte,414,414,22,A2
tests,test_views.py,Simple Atributte,417,417,8,A2
tests,test_views.py,Simple Atributte,417,417,25,A2
tests,test_views.py,Simple Atributte,419,419,8,A2
tests,test_views.py,Simple Atributte,420,420,8,A2
tests,test_views.py,Simple Atributte,420,420,25,A2
tests,test_views.py,Simple Atributte,422,422,8,A2
tests,test_views.py,Simple Atributte,423,423,8,A2
tests,test_views.py,Simple Atributte,423,423,25,A2
tests,test_views.py,Simple Atributte,426,426,8,A2
tests,test_views.py,Simple Atributte,427,427,8,A2
tests,test_views.py,Simple Atributte,427,427,25,A2
tests,test_views.py,Simple Atributte,427,427,59,A2
tests,test_views.py,Simple Atributte,429,429,8,A2
tests,test_views.py,Simple Atributte,430,430,8,A2
tests,test_views.py,Simple Atributte,430,430,25,A2
tests,test_views.py,Simple Atributte,430,430,59,A2
tests,test_views.py,Simple Atributte,434,434,19,A2
tests,test_views.py,Simple Atributte,435,435,8,A2
tests,test_views.py,Simple Atributte,435,435,25,A2
tests,test_views.py,Simple Atributte,439,439,19,A2
tests,test_views.py,Simple Atributte,440,440,8,A2
tests,test_views.py,Simple Atributte,440,440,25,A2
tests,test_views.py,Simple Atributte,459,459,23,A2
tests,test_views.py,Simple Atributte,459,459,48,A2
tests,test_views.py,Simple Atributte,459,459,71,A2
tests,test_views.py,Simple Atributte,459,459,91,A2
tests,test_views.py,Simple Atributte,461,461,25,A2
tests,test_views.py,Simple Atributte,461,461,55,A2
tests,test_views.py,Simple Atributte,461,461,76,A2
tests,test_views.py,Simple Atributte,461,461,94,A2
tests,test_views.py,Simple Atributte,463,463,23,A2
tests,test_views.py,Simple Atributte,463,463,48,A2
tests,test_views.py,Simple Atributte,463,463,71,A2
tests,test_views.py,Simple Atributte,463,463,91,A2
tests,test_views.py,Simple Atributte,480,480,8,A2
tests,test_views.py,Simple Atributte,480,480,32,A2
tests,test_views.py,Simple Atributte,493,493,8,A2
tests,test_views.py,Simple Atributte,493,493,32,A2
tests,test_views.py,Simple Atributte,506,506,8,A2
tests,test_views.py,Simple Atributte,506,506,32,A2
tests,test_views.py,Simple Atributte,513,513,19,A2
tests,test_views.py,Simple Atributte,514,514,8,A2
tests,test_views.py,Simple Atributte,516,516,8,A2
tests,test_views.py,Simple Atributte,517,517,19,A2
tests,test_views.py,Simple Atributte,518,518,8,A2
tests,test_views.py,Simple Atributte,518,518,25,A2
tests,test_views.py,Simple Atributte,519,519,8,A2
tests,test_views.py,Simple Atributte,520,520,8,A2
tests,test_views.py,Simple Atributte,522,522,8,A2
tests,test_views.py,Simple Atributte,524,524,19,A2
tests,test_views.py,Simple Atributte,526,526,8,A2
tests,test_views.py,Simple Atributte,526,526,25,A2
tests,test_views.py,Simple Atributte,527,527,8,A2
tests,test_views.py,Simple Atributte,528,528,8,A2
tests,test_views.py,Simple Atributte,529,529,8,A2
tests,test_views.py,Simple Atributte,529,529,25,A2
tests,test_views.py,Simple Atributte,537,537,8,A2
tests,test_views.py,Simple Atributte,538,538,19,A2
tests,test_views.py,Simple Atributte,540,540,8,A2
tests,test_views.py,Simple Atributte,540,540,25,A2
tests,test_views.py,Simple Atributte,541,541,8,A2
tests,test_views.py,Simple Atributte,542,542,8,A2
tests,test_views.py,Simple Atributte,543,543,8,A2
tests,test_views.py,Simple Atributte,550,550,19,A2
tests,test_views.py,Simple Atributte,551,551,8,A2
tests,test_views.py,Simple Atributte,553,553,8,A2
tests,test_views.py,Simple Atributte,554,554,19,A2
tests,test_views.py,Simple Atributte,555,555,8,A2
tests,test_views.py,Simple Atributte,555,555,25,A2
tests,test_views.py,Simple Atributte,556,556,8,A2
tests,test_views.py,Simple Atributte,557,557,8,A2
tests,test_views.py,Simple Atributte,559,559,8,A2
tests,test_views.py,Simple Atributte,561,561,19,A2
tests,test_views.py,Simple Atributte,563,563,8,A2
tests,test_views.py,Simple Atributte,563,563,25,A2
tests,test_views.py,Simple Atributte,564,564,8,A2
tests,test_views.py,Simple Atributte,565,565,8,A2
tests,test_views.py,Simple Atributte,565,565,22,A2
tests,test_views.py,Simple Atributte,566,566,8,A2
tests,test_views.py,Simple Atributte,566,566,22,A2
tests,test_views.py,Simple Atributte,567,567,8,A2
tests,test_views.py,Simple Atributte,567,567,22,A2
tests,test_views.py,Simple Atributte,570,570,8,A2
tests,test_views.py,Simple Atributte,571,571,8,A2
tests,test_views.py,Simple Atributte,572,572,13,A2
tests,test_views.py,Simple Atributte,573,573,8,A2
tests,test_views.py,Simple Atributte,573,573,25,A2
tests,test_views.py,Simple Atributte,573,573,36,A2
tests,test_views.py,Simple Atributte,576,576,8,A2
tests,test_views.py,Simple Atributte,577,577,18,A2
tests,test_views.py,Simple Atributte,578,578,8,A2
tests,test_views.py,Simple Atributte,578,578,25,A2
tests,test_views.py,Simple Atributte,579,579,8,A2
tests,test_views.py,Simple Atributte,579,579,22,A2
tests,test_views.py,Simple Atributte,579,579,36,A2
tests,test_views.py,Simple Atributte,583,583,8,A2
tests,test_views.py,Simple Atributte,584,584,8,A2
tests,test_views.py,Simple Atributte,585,585,13,A2
tests,test_views.py,Simple Atributte,586,586,8,A2
tests,test_views.py,Simple Atributte,586,586,25,A2
tests,test_views.py,Simple Atributte,586,586,36,A2
tests,test_views.py,Simple Atributte,589,589,8,A2
tests,test_views.py,Simple Atributte,590,590,18,A2
tests,test_views.py,Simple Atributte,591,591,8,A2
tests,test_views.py,Simple Atributte,591,591,25,A2
tests,test_views.py,Simple Atributte,592,592,8,A2
tests,test_views.py,Simple Atributte,592,592,22,A2
tests,test_views.py,Simple Atributte,592,592,36,A2
tests,test_views.py,Simple Atributte,595,595,19,A2
tests,test_views.py,Simple Atributte,596,596,8,A2
tests,test_views.py,Simple Atributte,597,597,13,A2
tests,test_views.py,Simple Atributte,598,598,8,A2
tests,test_views.py,Simple Atributte,598,598,25,A2
tests,test_views.py,Simple Atributte,598,598,36,A2
tests,test_views.py,Simple Atributte,600,600,8,A2
tests,test_views.py,Simple Atributte,601,601,13,A2
tests,test_views.py,Simple Atributte,602,602,8,A2
tests,test_views.py,Simple Atributte,602,602,25,A2
tests,test_views.py,Simple Atributte,602,602,36,A2
tests,test_views.py,Simple Atributte,604,604,19,A2
tests,test_views.py,Simple Atributte,605,605,8,A2
tests,test_views.py,Simple Atributte,605,605,25,A2
tests,test_views.py,Simple Atributte,608,608,19,A2
tests,test_views.py,Simple Atributte,609,609,8,A2
tests,test_views.py,Simple Atributte,609,609,25,A2
tests,test_views.py,Simple Atributte,613,613,8,A2
tests,test_views.py,Simple Atributte,616,616,19,A2
tests,test_views.py,Simple Atributte,619,619,8,A2
tests,test_views.py,Simple Atributte,620,620,19,A2
tests,test_views.py,Simple Atributte,621,621,8,A2
tests,test_views.py,Simple Atributte,621,621,25,A2
tests,test_views.py,Simple Atributte,622,622,8,A2
tests,test_views.py,Simple Atributte,624,624,8,A2
tests,test_views.py,Simple Atributte,624,624,25,A2
tests,test_views.py,Simple Atributte,625,625,8,A2
tests,test_views.py,Simple Atributte,625,625,54,A2
tests,test_views.py,Simple Atributte,626,626,8,A2
tests,test_views.py,Simple Atributte,630,630,8,A2
tests,test_views.py,Simple Atributte,631,631,8,A2
tests,test_views.py,Simple Atributte,632,632,19,A2
tests,test_views.py,Simple Atributte,633,633,8,A2
tests,test_views.py,Simple Atributte,633,633,25,A2
tests,test_views.py,Simple Atributte,634,634,8,A2
tests,test_views.py,Simple Atributte,636,636,8,A2
tests,test_views.py,Simple Atributte,636,636,25,A2
tests,test_views.py,Simple Atributte,637,637,8,A2
tests,test_views.py,Simple Atributte,637,637,87,A2
tests,test_views.py,Simple Atributte,641,641,8,A2
tests,test_views.py,Simple Atributte,644,644,19,A2
tests,test_views.py,Simple Atributte,647,647,8,A2
tests,test_views.py,Simple Atributte,648,648,19,A2
tests,test_views.py,Simple Atributte,649,649,8,A2
tests,test_views.py,Simple Atributte,649,649,25,A2
tests,test_views.py,Simple Atributte,650,650,8,A2
tests,test_views.py,Simple Atributte,654,654,8,A2
tests,test_views.py,Simple Atributte,657,657,19,A2
tests,test_views.py,Simple Atributte,660,660,8,A2
tests,test_views.py,Simple Atributte,661,661,19,A2
tests,test_views.py,Simple Atributte,662,662,8,A2
tests,test_views.py,Simple Atributte,662,662,25,A2
tests,test_views.py,Simple Atributte,663,663,8,A2
tests,test_views.py,Simple Atributte,667,667,8,A2
tests,test_views.py,Simple Atributte,670,670,19,A2
tests,test_views.py,Simple Atributte,673,673,8,A2
tests,test_views.py,Simple Atributte,674,674,19,A2
tests,test_views.py,Simple Atributte,675,675,8,A2
tests,test_views.py,Simple Atributte,675,675,25,A2
tests,test_views.py,Simple Atributte,676,676,8,A2
tests,test_views.py,Simple Atributte,677,677,8,A2
tests,test_views.py,Simple Atributte,677,677,25,A2
tests,test_views.py,Simple Atributte,36,36,21,A2
tests,test_views.py,Simple Atributte,43,43,20,A2
tests,test_views.py,Simple Atributte,45,45,8,A2
tests,test_views.py,Simple Atributte,49,49,21,A2
tests,test_views.py,Simple Atributte,55,55,20,A2
tests,test_views.py,Simple Atributte,57,57,8,A2
tests,test_views.py,Simple Atributte,61,61,19,A2
tests,test_views.py,Simple Atributte,67,67,19,A2
tests,test_views.py,Simple Atributte,74,74,19,A2
tests,test_views.py,Simple Atributte,81,81,19,A2
tests,test_views.py,Simple Atributte,90,90,19,A2
tests,test_views.py,Simple Atributte,91,91,39,A2
tests,test_views.py,Simple Atributte,98,98,18,A2
tests,test_views.py,Simple Atributte,102,102,21,A2
tests,test_views.py,Simple Atributte,111,111,8,A2
tests,test_views.py,Simple Atributte,113,113,19,A2
tests,test_views.py,Simple Atributte,116,116,25,A2
tests,test_views.py,Simple Atributte,123,123,8,A2
tests,test_views.py,Simple Atributte,123,123,35,A2
tests,test_views.py,Simple Atributte,125,125,19,A2
tests,test_views.py,Simple Atributte,128,128,14,A2
tests,test_views.py,Simple Atributte,132,132,19,A2
tests,test_views.py,Simple Atributte,141,141,8,A2
tests,test_views.py,Simple Atributte,141,141,35,A2
tests,test_views.py,Simple Atributte,143,143,19,A2
tests,test_views.py,Simple Atributte,147,147,28,A2
tests,test_views.py,Simple Atributte,147,147,45,A2
tests,test_views.py,Simple Atributte,150,150,19,A2
tests,test_views.py,Simple Atributte,153,153,28,A2
tests,test_views.py,Simple Atributte,153,153,45,A2
tests,test_views.py,Simple Atributte,158,158,8,A2
tests,test_views.py,Simple Atributte,158,158,35,A2
tests,test_views.py,Simple Atributte,160,160,19,A2
tests,test_views.py,Simple Atributte,165,165,19,A2
tests,test_views.py,Simple Atributte,169,169,8,A2
tests,test_views.py,Simple Atributte,169,169,35,A2
tests,test_views.py,Simple Atributte,171,171,19,A2
tests,test_views.py,Simple Atributte,175,175,8,A2
tests,test_views.py,Simple Atributte,175,175,35,A2
tests,test_views.py,Simple Atributte,177,177,19,A2
tests,test_views.py,Simple Atributte,186,186,18,A2
tests,test_views.py,Simple Atributte,190,190,21,A2
tests,test_views.py,Simple Atributte,198,198,8,A2
tests,test_views.py,Simple Atributte,200,200,8,A2
tests,test_views.py,Simple Atributte,203,203,19,A2
tests,test_views.py,Simple Atributte,214,214,29,A2
tests,test_views.py,Simple Atributte,216,216,19,A2
tests,test_views.py,Simple Atributte,218,218,21,A2
tests,test_views.py,Simple Atributte,218,218,40,A2
tests,test_views.py,Simple Atributte,219,219,25,A2
tests,test_views.py,Simple Atributte,221,221,8,A2
tests,test_views.py,Simple Atributte,222,222,19,A2
tests,test_views.py,Simple Atributte,227,227,8,A2
tests,test_views.py,Simple Atributte,227,227,35,A2
tests,test_views.py,Simple Atributte,228,228,19,A2
tests,test_views.py,Simple Atributte,232,232,14,A2
tests,test_views.py,Simple Atributte,233,233,19,A2
tests,test_views.py,Simple Atributte,236,236,25,A2
tests,test_views.py,Simple Atributte,240,240,14,A2
tests,test_views.py,Simple Atributte,241,241,19,A2
tests,test_views.py,Simple Atributte,245,245,8,A2
tests,test_views.py,Simple Atributte,245,245,35,A2
tests,test_views.py,Simple Atributte,246,246,19,A2
tests,test_views.py,Simple Atributte,250,250,8,A2
tests,test_views.py,Simple Atributte,251,251,8,A2
tests,test_views.py,Simple Atributte,251,251,35,A2
tests,test_views.py,Simple Atributte,252,252,19,A2
tests,test_views.py,Simple Atributte,252,252,35,A2
tests,test_views.py,Simple Atributte,257,257,19,A2
tests,test_views.py,Simple Atributte,265,265,19,A2
tests,test_views.py,Simple Atributte,265,265,35,A2
tests,test_views.py,Simple Atributte,269,269,19,A2
tests,test_views.py,Simple Atributte,269,269,35,A2
tests,test_views.py,Simple Atributte,273,273,8,A2
tests,test_views.py,Simple Atributte,273,273,35,A2
tests,test_views.py,Simple Atributte,274,274,19,A2
tests,test_views.py,Simple Atributte,274,274,35,A2
tests,test_views.py,Simple Atributte,277,277,19,A2
tests,test_views.py,Simple Atributte,277,277,35,A2
tests,test_views.py,Simple Atributte,283,283,19,A2
tests,test_views.py,Simple Atributte,289,289,24,A2
tests,test_views.py,Simple Atributte,290,290,26,A2
tests,test_views.py,Simple Atributte,304,304,19,A2
tests,test_views.py,Simple Atributte,316,316,18,A2
tests,test_views.py,Simple Atributte,317,317,8,A2
tests,test_views.py,Simple Atributte,317,317,35,A2
tests,test_views.py,Simple Atributte,319,319,19,A2
tests,test_views.py,Simple Atributte,322,322,15,A2
tests,test_views.py,Simple Atributte,334,334,29,A2
tests,test_views.py,Simple Atributte,337,337,19,A2
tests,test_views.py,Simple Atributte,340,340,14,A2
tests,test_views.py,Simple Atributte,340,340,33,A2
tests,test_views.py,Simple Atributte,344,344,29,A2
tests,test_views.py,Simple Atributte,352,352,8,A2
tests,test_views.py,Simple Atributte,352,352,35,A2
tests,test_views.py,Simple Atributte,353,353,19,A2
tests,test_views.py,Simple Atributte,365,365,8,A2
tests,test_views.py,Simple Atributte,368,368,8,A2
tests,test_views.py,Simple Atributte,369,369,8,A2
tests,test_views.py,Simple Atributte,375,375,19,A2
tests,test_views.py,Simple Atributte,377,377,37,A2
tests,test_views.py,Simple Atributte,378,378,36,A2
tests,test_views.py,Simple Atributte,384,384,19,A2
tests,test_views.py,Simple Atributte,386,386,41,A2
tests,test_views.py,Simple Atributte,387,387,40,A2
tests,test_views.py,Simple Atributte,392,392,21,A2
tests,test_views.py,Simple Atributte,398,398,8,A2
tests,test_views.py,Simple Atributte,401,401,19,A2
tests,test_views.py,Simple Atributte,403,403,32,A2
tests,test_views.py,Simple Atributte,404,404,31,A2
tests,test_views.py,Simple Atributte,412,412,19,A2
tests,test_views.py,Simple Atributte,414,414,32,A2
tests,test_views.py,Simple Atributte,417,417,25,A2
tests,test_views.py,Simple Atributte,420,420,25,A2
tests,test_views.py,Simple Atributte,423,423,25,A2
tests,test_views.py,Simple Atributte,426,426,8,A2
tests,test_views.py,Simple Atributte,427,427,25,A2
tests,test_views.py,Simple Atributte,427,427,59,A2
tests,test_views.py,Simple Atributte,430,430,25,A2
tests,test_views.py,Simple Atributte,430,430,59,A2
tests,test_views.py,Simple Atributte,434,434,19,A2
tests,test_views.py,Simple Atributte,439,439,19,A2
tests,test_views.py,Simple Atributte,459,459,23,A2
tests,test_views.py,Simple Atributte,461,461,25,A2
tests,test_views.py,Simple Atributte,463,463,23,A2
tests,test_views.py,Simple Atributte,472,472,21,A2
tests,test_views.py,Simple Atributte,476,476,18,A2
tests,test_views.py,Simple Atributte,477,477,20,A2
tests,test_views.py,Simple Atributte,478,478,20,A2
tests,test_views.py,Simple Atributte,480,480,8,A2
tests,test_views.py,Simple Atributte,485,485,21,A2
tests,test_views.py,Simple Atributte,489,489,18,A2
tests,test_views.py,Simple Atributte,490,490,20,A2
tests,test_views.py,Simple Atributte,491,491,20,A2
tests,test_views.py,Simple Atributte,493,493,8,A2
tests,test_views.py,Simple Atributte,498,498,21,A2
tests,test_views.py,Simple Atributte,502,502,18,A2
tests,test_views.py,Simple Atributte,503,503,20,A2
tests,test_views.py,Simple Atributte,504,504,20,A2
tests,test_views.py,Simple Atributte,506,506,8,A2
tests,test_views.py,Simple Atributte,513,513,19,A2
tests,test_views.py,Simple Atributte,514,514,39,A2
tests,test_views.py,Simple Atributte,516,516,8,A2
tests,test_views.py,Simple Atributte,516,516,35,A2
tests,test_views.py,Simple Atributte,516,516,67,A2
tests,test_views.py,Simple Atributte,517,517,19,A2
tests,test_views.py,Simple Atributte,520,520,8,A2
tests,test_views.py,Simple Atributte,522,522,8,A2
tests,test_views.py,Simple Atributte,522,522,35,A2
tests,test_views.py,Simple Atributte,522,522,65,A2
tests,test_views.py,Simple Atributte,524,524,19,A2
tests,test_views.py,Simple Atributte,528,528,27,A2
tests,test_views.py,Simple Atributte,529,529,36,A2
tests,test_views.py,Simple Atributte,537,537,8,A2
tests,test_views.py,Simple Atributte,537,537,35,A2
tests,test_views.py,Simple Atributte,537,537,65,A2
tests,test_views.py,Simple Atributte,538,538,19,A2
tests,test_views.py,Simple Atributte,542,542,27,A2
tests,test_views.py,Simple Atributte,543,543,28,A2
tests,test_views.py,Simple Atributte,550,550,19,A2
tests,test_views.py,Simple Atributte,551,551,39,A2
tests,test_views.py,Simple Atributte,553,553,8,A2
tests,test_views.py,Simple Atributte,553,553,35,A2
tests,test_views.py,Simple Atributte,553,553,67,A2
tests,test_views.py,Simple Atributte,554,554,19,A2
tests,test_views.py,Simple Atributte,557,557,8,A2
tests,test_views.py,Simple Atributte,559,559,8,A2
tests,test_views.py,Simple Atributte,559,559,35,A2
tests,test_views.py,Simple Atributte,559,559,65,A2
tests,test_views.py,Simple Atributte,561,561,19,A2
tests,test_views.py,Simple Atributte,565,565,33,A2
tests,test_views.py,Simple Atributte,566,566,33,A2
tests,test_views.py,Simple Atributte,567,567,33,A2
tests,test_views.py,Simple Atributte,570,570,29,A2
tests,test_views.py,Simple Atributte,571,571,8,A2
tests,test_views.py,Simple Atributte,572,572,13,A2
tests,test_views.py,Simple Atributte,572,572,32,A2
tests,test_views.py,Simple Atributte,576,576,29,A2
tests,test_views.py,Simple Atributte,578,578,38,A2
tests,test_views.py,Simple Atributte,583,583,29,A2
tests,test_views.py,Simple Atributte,584,584,8,A2
tests,test_views.py,Simple Atributte,585,585,13,A2
tests,test_views.py,Simple Atributte,585,585,32,A2
tests,test_views.py,Simple Atributte,589,589,29,A2
tests,test_views.py,Simple Atributte,591,591,38,A2
tests,test_views.py,Simple Atributte,595,595,19,A2
tests,test_views.py,Simple Atributte,597,597,13,A2
tests,test_views.py,Simple Atributte,597,597,32,A2
tests,test_views.py,Simple Atributte,600,600,8,A2
tests,test_views.py,Simple Atributte,601,601,13,A2
tests,test_views.py,Simple Atributte,601,601,32,A2
tests,test_views.py,Simple Atributte,604,604,19,A2
tests,test_views.py,Simple Atributte,608,608,19,A2
tests,test_views.py,Simple Atributte,613,613,8,A2
tests,test_views.py,Simple Atributte,613,613,35,A2
tests,test_views.py,Simple Atributte,613,613,67,A2
tests,test_views.py,Simple Atributte,616,616,19,A2
tests,test_views.py,Simple Atributte,619,619,29,A2
tests,test_views.py,Simple Atributte,620,620,19,A2
tests,test_views.py,Simple Atributte,622,622,29,A2
tests,test_views.py,Simple Atributte,626,626,8,A2
tests,test_views.py,Simple Atributte,630,630,8,A2
tests,test_views.py,Simple Atributte,630,630,35,A2
tests,test_views.py,Simple Atributte,630,630,65,A2
tests,test_views.py,Simple Atributte,631,631,29,A2
tests,test_views.py,Simple Atributte,632,632,19,A2
tests,test_views.py,Simple Atributte,634,634,29,A2
tests,test_views.py,Simple Atributte,636,636,64,A2
tests,test_views.py,Simple Atributte,641,641,8,A2
tests,test_views.py,Simple Atributte,641,641,35,A2
tests,test_views.py,Simple Atributte,641,641,67,A2
tests,test_views.py,Simple Atributte,644,644,19,A2
tests,test_views.py,Simple Atributte,647,647,29,A2
tests,test_views.py,Simple Atributte,648,648,19,A2
tests,test_views.py,Simple Atributte,650,650,29,A2
tests,test_views.py,Simple Atributte,654,654,8,A2
tests,test_views.py,Simple Atributte,654,654,35,A2
tests,test_views.py,Simple Atributte,654,654,67,A2
tests,test_views.py,Simple Atributte,657,657,19,A2
tests,test_views.py,Simple Atributte,660,660,29,A2
tests,test_views.py,Simple Atributte,661,661,19,A2
tests,test_views.py,Simple Atributte,663,663,29,A2
tests,test_views.py,Simple Atributte,667,667,8,A2
tests,test_views.py,Simple Atributte,667,667,35,A2
tests,test_views.py,Simple Atributte,667,667,65,A2
tests,test_views.py,Simple Atributte,670,670,19,A2
tests,test_views.py,Simple Atributte,673,673,29,A2
tests,test_views.py,Simple Atributte,674,674,19,A2
tests,test_views.py,Simple Atributte,676,676,29,A2
tests,test_views.py,Simple Atributte,677,677,45,A2
tests,test_views.py,Simple Atributte,45,45,8,A2
tests,test_views.py,Simple Atributte,57,57,8,A2
tests,test_views.py,Simple Atributte,66,66,60,A2
tests,test_views.py,Simple Atributte,69,69,29,A2
tests,test_views.py,Simple Atributte,73,73,64,A2
tests,test_views.py,Simple Atributte,76,76,29,A2
tests,test_views.py,Simple Atributte,80,80,64,A2
tests,test_views.py,Simple Atributte,82,82,29,A2
tests,test_views.py,Simple Atributte,115,115,29,A2
tests,test_views.py,Simple Atributte,123,123,35,A2
tests,test_views.py,Simple Atributte,131,131,55,A2
tests,test_views.py,Simple Atributte,141,141,35,A2
tests,test_views.py,Simple Atributte,145,145,29,A2
tests,test_views.py,Simple Atributte,149,149,55,A2
tests,test_views.py,Simple Atributte,156,156,55,A2
tests,test_views.py,Simple Atributte,158,158,35,A2
tests,test_views.py,Simple Atributte,164,164,55,A2
tests,test_views.py,Simple Atributte,166,166,70,A2
tests,test_views.py,Simple Atributte,169,169,35,A2
tests,test_views.py,Simple Atributte,170,170,53,A2
tests,test_views.py,Simple Atributte,175,175,35,A2
tests,test_views.py,Simple Atributte,176,176,56,A2
tests,test_views.py,Simple Atributte,201,201,53,A2
tests,test_views.py,Simple Atributte,217,217,48,A2
tests,test_views.py,Simple Atributte,224,224,70,A2
tests,test_views.py,Simple Atributte,227,227,35,A2
tests,test_views.py,Simple Atributte,245,245,35,A2
tests,test_views.py,Simple Atributte,251,251,35,A2
tests,test_views.py,Simple Atributte,252,252,35,A2
tests,test_views.py,Simple Atributte,265,265,35,A2
tests,test_views.py,Simple Atributte,269,269,35,A2
tests,test_views.py,Simple Atributte,273,273,35,A2
tests,test_views.py,Simple Atributte,274,274,35,A2
tests,test_views.py,Simple Atributte,277,277,35,A2
tests,test_views.py,Simple Atributte,290,290,26,A2
tests,test_views.py,Simple Atributte,326,326,64,A2
tests,test_views.py,Simple Atributte,345,345,25,A2
tests,test_views.py,Simple Atributte,345,345,80,A2
tests,test_views.py,Simple Atributte,352,352,35,A2
tests,test_views.py,Simple Atributte,417,417,51,A2
tests,test_views.py,Simple Atributte,417,417,73,A2
tests,test_views.py,Simple Atributte,420,420,51,A2
tests,test_views.py,Simple Atributte,420,420,73,A2
tests,test_views.py,Simple Atributte,423,423,51,A2
tests,test_views.py,Simple Atributte,423,423,73,A2
tests,test_views.py,Simple Atributte,427,427,25,A2
tests,test_views.py,Simple Atributte,427,427,59,A2
tests,test_views.py,Simple Atributte,430,430,25,A2
tests,test_views.py,Simple Atributte,430,430,59,A2
tests,test_views.py,Simple Atributte,476,476,18,A2
tests,test_views.py,Simple Atributte,480,480,8,A2
tests,test_views.py,Simple Atributte,489,489,18,A2
tests,test_views.py,Simple Atributte,493,493,8,A2
tests,test_views.py,Simple Atributte,502,502,18,A2
tests,test_views.py,Simple Atributte,506,506,8,A2
tests,test_views.py,Simple Atributte,527,527,29,A2
tests,test_views.py,Simple Atributte,541,541,29,A2
tests,test_views.py,Simple Atributte,564,564,29,A2
tests,test_views.py,Simple Atributte,571,571,46,A2
tests,test_views.py,Simple Atributte,572,572,32,A2
tests,test_views.py,Simple Atributte,578,578,38,A2
tests,test_views.py,Simple Atributte,584,584,46,A2
tests,test_views.py,Simple Atributte,585,585,32,A2
tests,test_views.py,Simple Atributte,591,591,38,A2
tests,test_views.py,Simple Atributte,595,595,57,A2
tests,test_views.py,Simple Atributte,597,597,32,A2
tests,test_views.py,Simple Atributte,600,600,46,A2
tests,test_views.py,Simple Atributte,601,601,32,A2
tests,test_views.py,Simple Atributte,608,608,57,A2
tests,test_views.py,Simple Atributte,624,624,25,A2
tests,test_views.py,Simple Atributte,625,625,54,A2
tests,test_views.py,Simple Atributte,636,636,25,A2
tests,test_views.py,Simple Atributte,637,637,87,A2
tests,test_views.py,Simple Atributte,677,677,25,A2
tests,test_views.py,Simple Atributte,677,677,45,A2
tests,test_views.py,Simple Atributte,66,66,60,A2
tests,test_views.py,Simple Atributte,73,73,64,A2
tests,test_views.py,Simple Atributte,80,80,64,A2
tests,test_views.py,Simple Atributte,149,149,55,A2
tests,test_views.py,Simple Atributte,156,156,55,A2
tests,test_views.py,Simple Atributte,164,164,55,A2
tests,test_views.py,Simple Atributte,166,166,70,A2
tests,test_views.py,Simple Atributte,170,170,53,A2
tests,test_views.py,Simple Atributte,176,176,56,A2
tests,test_views.py,Simple Atributte,417,417,51,A2
tests,test_views.py,Simple Atributte,417,417,73,A2
tests,test_views.py,Simple Atributte,420,420,51,A2
tests,test_views.py,Simple Atributte,420,420,73,A2
tests,test_views.py,Simple Atributte,423,423,51,A2
tests,test_views.py,Simple Atributte,423,423,73,A2
tests,test_views.py,Simple Atributte,571,571,46,A2
tests,test_views.py,Simple Atributte,584,584,46,A2
tests,test_views.py,Simple Atributte,595,595,57,A2
tests,test_views.py,Simple Atributte,600,600,46,A2
tests,test_views.py,Simple Atributte,608,608,57,A2
tests,test_views.py,Subscript,128,128,14,A1
tests,test_views.py,Subscript,209,209,15,A1
tests,test_views.py,Subscript,214,214,8,A1
tests,test_views.py,Subscript,215,215,8,A1
tests,test_views.py,Subscript,309,309,8,A1
tests,test_views.py,Subscript,324,324,14,A1
tests,test_views.py,Subscript,347,347,12,A1
tests,test_views.py,Subscript,577,577,18,A1
tests,test_views.py,Subscript,590,590,18,A1
tests,test_views.py,Subscript,116,116,25,A1
tests,test_views.py,Subscript,128,128,14,A1
tests,test_views.py,Subscript,236,236,25,A1
tests,test_views.py,Subscript,377,377,37,A1
tests,test_views.py,Subscript,378,378,36,A1
tests,test_views.py,Subscript,386,386,41,A1
tests,test_views.py,Subscript,387,387,40,A1
tests,test_views.py,Subscript,403,403,32,A1
tests,test_views.py,Subscript,404,404,31,A1
tests,test_views.py,Subscript,414,414,32,A1
tests,test_views.py,Subscript,528,528,27,A1
tests,test_views.py,Subscript,529,529,36,A1
tests,test_views.py,Subscript,542,542,27,A1
tests,test_views.py,Subscript,543,543,28,A1
tests,test_views.py,Subscript,565,565,33,A1
tests,test_views.py,Subscript,566,566,33,A1
tests,test_views.py,Subscript,567,567,33,A1
tests,test_views.py,Subscript,69,69,29,A1
tests,test_views.py,Subscript,76,76,29,A1
tests,test_views.py,Subscript,82,82,29,A1
tests,test_views.py,Subscript,115,115,29,A1
tests,test_views.py,Subscript,145,145,29,A1
tests,test_views.py,Subscript,345,345,25,A1
tests,test_views.py,Subscript,368,368,35,A1
tests,test_views.py,Subscript,368,368,67,A1
tests,test_views.py,Subscript,527,527,29,A1
tests,test_views.py,Subscript,541,541,29,A1
tests,test_views.py,Subscript,564,564,29,A1
tests,test_views.py,Subscript,624,624,25,A1
tests,test_views.py,Subscript,625,625,54,A1
tests,test_views.py,Subscript,636,636,25,A1
tests,test_views.py,Subscript,637,637,87,A1
tests,test_views.py,Subscript,677,677,25,A1
tests,test_views.py,Slice,347,347,24,A1
tests,test_views.py,Simple Assignment,20,20,8,A1
tests,test_views.py,Simple Assignment,22,22,8,A1
tests,test_views.py,Simple Assignment,24,28,8,A1
tests,test_views.py,Simple Assignment,30,30,8,A1
tests,test_views.py,Simple Assignment,32,32,8,A1
tests,test_views.py,Simple Assignment,34,44,8,A1
tests,test_views.py,Simple Assignment,47,56,8,A1
tests,test_views.py,Simple Assignment,60,60,8,A1
tests,test_views.py,Simple Assignment,61,61,8,A1
tests,test_views.py,Simple Assignment,66,66,8,A1
tests,test_views.py,Simple Assignment,67,67,8,A1
tests,test_views.py,Simple Assignment,73,73,8,A1
tests,test_views.py,Simple Assignment,74,74,8,A1
tests,test_views.py,Simple Assignment,80,80,8,A1
tests,test_views.py,Simple Assignment,81,81,8,A1
tests,test_views.py,Simple Assignment,88,88,8,A1
tests,test_views.py,Simple Assignment,90,90,8,A1
tests,test_views.py,Simple Assignment,93,93,8,A1
tests,test_views.py,Simple Assignment,94,94,8,A1
tests,test_views.py,Simple Assignment,95,95,8,A1
tests,test_views.py,Simple Assignment,97,97,8,A1
tests,test_views.py,Simple Assignment,98,98,8,A1
tests,test_views.py,Simple Assignment,100,109,8,A1
tests,test_views.py,Simple Assignment,113,113,8,A1
tests,test_views.py,Simple Assignment,121,121,8,A1
tests,test_views.py,Simple Assignment,125,125,8,A1
tests,test_views.py,Simple Assignment,128,128,8,A1
tests,test_views.py,Simple Assignment,131,131,8,A1
tests,test_views.py,Simple Assignment,132,132,8,A1
tests,test_views.py,Simple Assignment,139,139,8,A1
tests,test_views.py,Simple Assignment,143,143,8,A1
tests,test_views.py,Simple Assignment,149,149,8,A1
tests,test_views.py,Simple Assignment,150,150,8,A1
tests,test_views.py,Simple Assignment,156,156,8,A1
tests,test_views.py,Simple Assignment,160,160,8,A1
tests,test_views.py,Simple Assignment,164,164,8,A1
tests,test_views.py,Simple Assignment,165,165,8,A1
tests,test_views.py,Simple Assignment,170,170,8,A1
tests,test_views.py,Simple Assignment,171,171,8,A1
tests,test_views.py,Simple Assignment,176,176,8,A1
tests,test_views.py,Simple Assignment,177,177,8,A1
tests,test_views.py,Simple Assignment,181,181,8,A1
tests,test_views.py,Simple Assignment,182,182,8,A1
tests,test_views.py,Simple Assignment,183,183,8,A1
tests,test_views.py,Simple Assignment,185,185,8,A1
tests,test_views.py,Simple Assignment,186,186,8,A1
tests,test_views.py,Simple Assignment,188,197,8,A1
tests,test_views.py,Simple Assignment,201,201,8,A1
tests,test_views.py,Simple Assignment,203,203,8,A1
tests,test_views.py,Simple Assignment,209,209,8,A1
tests,test_views.py,Simple Assignment,210,210,8,A1
tests,test_views.py,Simple Assignment,214,214,8,A1
tests,test_views.py,Simple Assignment,215,215,8,A1
tests,test_views.py,Simple Assignment,216,216,8,A1
tests,test_views.py,Simple Assignment,218,218,8,A1
tests,test_views.py,Simple Assignment,222,222,8,A1
tests,test_views.py,Simple Assignment,228,228,8,A1
tests,test_views.py,Simple Assignment,232,232,8,A1
tests,test_views.py,Simple Assignment,233,233,8,A1
tests,test_views.py,Simple Assignment,240,240,8,A1
tests,test_views.py,Simple Assignment,241,241,8,A1
tests,test_views.py,Simple Assignment,246,246,8,A1
tests,test_views.py,Simple Assignment,252,252,8,A1
tests,test_views.py,Simple Assignment,256,256,8,A1
tests,test_views.py,Simple Assignment,257,257,8,A1
tests,test_views.py,Simple Assignment,265,265,8,A1
tests,test_views.py,Simple Assignment,269,269,8,A1
tests,test_views.py,Simple Assignment,274,274,8,A1
tests,test_views.py,Simple Assignment,277,277,8,A1
tests,test_views.py,Simple Assignment,281,281,8,A1
tests,test_views.py,Simple Assignment,282,282,8,A1
tests,test_views.py,Simple Assignment,283,283,8,A1
tests,test_views.py,Simple Assignment,288,301,8,A1
tests,test_views.py,Simple Assignment,304,304,8,A1
tests,test_views.py,Simple Assignment,309,309,8,A1
tests,test_views.py,Simple Assignment,311,311,8,A1
tests,test_views.py,Simple Assignment,312,312,8,A1
tests,test_views.py,Simple Assignment,313,313,8,A1
tests,test_views.py,Simple Assignment,315,315,8,A1
tests,test_views.py,Simple Assignment,316,316,8,A1
tests,test_views.py,Simple Assignment,319,319,8,A1
tests,test_views.py,Simple Assignment,322,322,8,A1
tests,test_views.py,Simple Assignment,324,324,8,A1
tests,test_views.py,Simple Assignment,326,326,8,A1
tests,test_views.py,Simple Assignment,337,337,8,A1
tests,test_views.py,Simple Assignment,340,340,8,A1
tests,test_views.py,Simple Assignment,350,350,8,A1
tests,test_views.py,Simple Assignment,353,353,8,A1
tests,test_views.py,Simple Assignment,357,357,8,A1
tests,test_views.py,Simple Assignment,358,362,8,A1
tests,test_views.py,Simple Assignment,364,364,8,A1
tests,test_views.py,Simple Assignment,372,372,8,A1
tests,test_views.py,Simple Assignment,374,374,8,A1
tests,test_views.py,Simple Assignment,375,375,8,A1
tests,test_views.py,Simple Assignment,381,381,8,A1
tests,test_views.py,Simple Assignment,383,383,8,A1
tests,test_views.py,Simple Assignment,384,384,8,A1
tests,test_views.py,Simple Assignment,390,397,8,A1
tests,test_views.py,Simple Assignment,400,400,8,A1
tests,test_views.py,Simple Assignment,401,401,8,A1
tests,test_views.py,Simple Assignment,406,406,8,A1
tests,test_views.py,Simple Assignment,411,411,8,A1
tests,test_views.py,Simple Assignment,412,412,8,A1
tests,test_views.py,Simple Assignment,419,419,8,A1
tests,test_views.py,Simple Assignment,422,422,8,A1
tests,test_views.py,Simple Assignment,426,426,8,A1
tests,test_views.py,Simple Assignment,429,429,8,A1
tests,test_views.py,Simple Assignment,433,433,8,A1
tests,test_views.py,Simple Assignment,434,434,8,A1
tests,test_views.py,Simple Assignment,438,438,8,A1
tests,test_views.py,Simple Assignment,439,439,8,A1
tests,test_views.py,Simple Assignment,445,445,8,A1
tests,test_views.py,Simple Assignment,446,446,8,A1
tests,test_views.py,Simple Assignment,447,447,8,A1
tests,test_views.py,Simple Assignment,449,449,8,A1
tests,test_views.py,Simple Assignment,450,450,8,A1
tests,test_views.py,Simple Assignment,451,451,8,A1
tests,test_views.py,Simple Assignment,452,452,8,A1
tests,test_views.py,Simple Assignment,454,454,8,A1
tests,test_views.py,Simple Assignment,455,455,8,A1
tests,test_views.py,Simple Assignment,456,456,8,A1
tests,test_views.py,Simple Assignment,458,458,8,A1
tests,test_views.py,Simple Assignment,459,459,8,A1
tests,test_views.py,Simple Assignment,461,461,8,A1
tests,test_views.py,Simple Assignment,463,463,8,A1
tests,test_views.py,Simple Assignment,465,465,8,A1
tests,test_views.py,Simple Assignment,467,467,8,A1
tests,test_views.py,Simple Assignment,469,479,8,A1
tests,test_views.py,Simple Assignment,482,492,8,A1
tests,test_views.py,Simple Assignment,495,505,8,A1
tests,test_views.py,Simple Assignment,509,509,8,A1
tests,test_views.py,Simple Assignment,511,511,8,A1
tests,test_views.py,Simple Assignment,513,513,8,A1
tests,test_views.py,Simple Assignment,517,517,8,A1
tests,test_views.py,Simple Assignment,524,524,8,A1
tests,test_views.py,Simple Assignment,532,532,8,A1
tests,test_views.py,Simple Assignment,534,534,8,A1
tests,test_views.py,Simple Assignment,535,535,8,A1
tests,test_views.py,Simple Assignment,538,538,8,A1
tests,test_views.py,Simple Assignment,547,547,8,A1
tests,test_views.py,Simple Assignment,548,548,8,A1
tests,test_views.py,Simple Assignment,550,550,8,A1
tests,test_views.py,Simple Assignment,554,554,8,A1
tests,test_views.py,Simple Assignment,561,561,8,A1
tests,test_views.py,Simple Assignment,572,572,8,A1
tests,test_views.py,Simple Assignment,577,577,8,A1
tests,test_views.py,Simple Assignment,580,580,8,A1
tests,test_views.py,Simple Assignment,585,585,8,A1
tests,test_views.py,Simple Assignment,590,590,8,A1
tests,test_views.py,Simple Assignment,593,593,8,A1
tests,test_views.py,Simple Assignment,595,595,8,A1
tests,test_views.py,Simple Assignment,597,597,8,A1
tests,test_views.py,Simple Assignment,601,601,8,A1
tests,test_views.py,Simple Assignment,604,604,8,A1
tests,test_views.py,Simple Assignment,608,608,8,A1
tests,test_views.py,Simple Assignment,612,612,8,A1
tests,test_views.py,Simple Assignment,614,614,8,A1
tests,test_views.py,Simple Assignment,615,618,8,A1
tests,test_views.py,Simple Assignment,620,620,8,A1
tests,test_views.py,Simple Assignment,629,629,8,A1
tests,test_views.py,Simple Assignment,632,632,8,A1
tests,test_views.py,Simple Assignment,640,640,8,A1
tests,test_views.py,Simple Assignment,642,642,8,A1
tests,test_views.py,Simple Assignment,643,646,8,A1
tests,test_views.py,Simple Assignment,648,648,8,A1
tests,test_views.py,Simple Assignment,653,653,8,A1
tests,test_views.py,Simple Assignment,655,655,8,A1
tests,test_views.py,Simple Assignment,656,659,8,A1
tests,test_views.py,Simple Assignment,661,661,8,A1
tests,test_views.py,Simple Assignment,666,666,8,A1
tests,test_views.py,Simple Assignment,668,668,8,A1
tests,test_views.py,Simple Assignment,669,672,8,A1
tests,test_views.py,Simple Assignment,674,674,8,A1
tests,test_views.py,Delete,347,347,8,A1
tests,test_views.py,From,1,1,0,A2
tests,test_views.py,From,2,2,0,A2
tests,test_views.py,From,3,3,0,A2
tests,test_views.py,From,4,4,0,A2
tests,test_views.py,From,6,13,0,A2
tests,test_views.py,From,14,14,0,A2
tests,test_views.py,From,15,15,0,A2
tests,test_views.py,Alias,1,1,32,A1
tests,test_views.py,Alias,2,2,24,A1
tests,test_views.py,Alias,3,3,24,A1
tests,test_views.py,Alias,4,4,24,A1
tests,test_views.py,Alias,7,7,4,A1
tests,test_views.py,Alias,8,8,4,A1
tests,test_views.py,Alias,9,9,4,A1
tests,test_views.py,Alias,10,10,4,A1
tests,test_views.py,Alias,11,11,4,A1
tests,test_views.py,Alias,12,12,4,A1
tests,test_views.py,Alias,14,14,29,A1
tests,test_views.py,Alias,15,15,33,A1
tests,test_views.py,Function with Simple argument,19,57,4,A1
tests,test_views.py,Function with Simple argument,59,85,4,A1
tests,test_views.py,Function with Simple argument,87,118,4,A1
tests,test_views.py,Function with Simple argument,120,136,4,A1
tests,test_views.py,Function with Simple argument,138,153,4,A1
tests,test_views.py,Function with Simple argument,155,161,4,A1
tests,test_views.py,Function with Simple argument,163,166,4,A1
tests,test_views.py,Function with Simple argument,168,172,4,A1
tests,test_views.py,Function with Simple argument,174,178,4,A1
tests,test_views.py,Function with Simple argument,180,229,4,A1
tests,test_views.py,Function with Simple argument,231,258,4,A1
tests,test_views.py,Function with Simple argument,260,278,4,A1
tests,test_views.py,Function with Simple argument,280,347,4,A1
tests,test_views.py,Function with Simple argument,349,354,4,A1
tests,test_views.py,Function with Simple argument,356,369,4,A1
tests,test_views.py,Function with Simple argument,371,378,4,A1
tests,test_views.py,Function with Simple argument,380,387,4,A1
tests,test_views.py,Function with Simple argument,389,408,4,A1
tests,test_views.py,Function with Simple argument,410,414,4,A1
tests,test_views.py,Function with Simple argument,416,423,4,A1
tests,test_views.py,Function with Simple argument,425,430,4,A1
tests,test_views.py,Function with Simple argument,432,435,4,A1
tests,test_views.py,Function with Simple argument,437,440,4,A1
tests,test_views.py,Function with Simple argument,444,506,4,A1
tests,test_views.py,Function with Simple argument,508,529,4,A1
tests,test_views.py,Function with Simple argument,531,543,4,A1
tests,test_views.py,Function with Simple argument,545,609,4,A1
tests,test_views.py,Function with Simple argument,611,637,4,A1
tests,test_views.py,Function with Simple argument,639,650,4,A1
tests,test_views.py,Function with Simple argument,652,663,4,A1
tests,test_views.py,Function with Simple argument,665,677,4,A1
tests,test_views.py,Inherited Class from TestCase,18,440,0,B1
tests,test_views.py,Inherited Class from TestCase,443,677,0,B1
jobs,listeners.py,Simple List,26,26,14,A1
jobs,listeners.py,Simple List,72,72,57,A1
jobs,listeners.py,Simple List,107,107,57,A1
jobs,listeners.py,Simple Dictionary,29,33,14,A2
jobs,listeners.py,Simple Dictionary,63,68,14,A2
jobs,listeners.py,Simple Dictionary,103,103,14,A2
jobs,listeners.py,Formatted Value,48,48,61,A1
jobs,listeners.py,Joined String,48,48,48,A1
jobs,listeners.py,Simple Atributte,21,21,10,A2
jobs,listeners.py,Simple Atributte,19,19,11,A2
jobs,listeners.py,Simple Atributte,22,22,7,A2
jobs,listeners.py,Simple Atributte,28,28,25,A2
jobs,listeners.py,Simple Atributte,28,28,46,A2
jobs,listeners.py,Simple Atributte,30,30,19,A2
jobs,listeners.py,Simple Atributte,47,47,14,A2
jobs,listeners.py,Simple Atributte,47,47,67,A2
jobs,listeners.py,Simple Atributte,48,48,28,A2
jobs,listeners.py,Simple Atributte,50,50,19,A2
jobs,listeners.py,Simple Atributte,51,51,37,A2
jobs,listeners.py,Simple Atributte,60,60,23,A2
jobs,listeners.py,Simple Atributte,61,61,23,A2
jobs,listeners.py,Simple Atributte,62,62,44,A2
jobs,listeners.py,Simple Atributte,70,70,14,A2
jobs,listeners.py,Simple Atributte,71,71,14,A2
jobs,listeners.py,Simple Atributte,72,72,32,A2
jobs,listeners.py,Simple Atributte,100,100,23,A2
jobs,listeners.py,Simple Atributte,101,101,23,A2
jobs,listeners.py,Simple Atributte,104,104,14,A2
jobs,listeners.py,Simple Atributte,105,105,14,A2
jobs,listeners.py,Simple Atributte,107,107,32,A2
jobs,listeners.py,Simple Atributte,23,23,15,A2
jobs,listeners.py,Simple Atributte,25,25,76,A2
jobs,listeners.py,Simple Atributte,27,27,20,A2
jobs,listeners.py,Simple Atributte,27,27,55,A2
jobs,listeners.py,Simple Atributte,28,28,25,A2
jobs,listeners.py,Simple Atributte,28,28,46,A2
jobs,listeners.py,Simple Atributte,30,30,19,A2
jobs,listeners.py,Simple Atributte,32,32,16,A2
jobs,listeners.py,Simple Atributte,38,38,8,A2
jobs,listeners.py,Simple Atributte,38,38,23,A2
jobs,listeners.py,Simple Atributte,62,62,20,A2
jobs,listeners.py,Simple Atributte,64,64,21,A2
jobs,listeners.py,Simple Atributte,67,67,16,A2
jobs,listeners.py,Simple Atributte,72,72,58,A2
jobs,listeners.py,Simple Atributte,103,103,46,A2
jobs,listeners.py,Simple Atributte,25,25,15,A2
jobs,listeners.py,Simple Atributte,25,25,46,A2
jobs,listeners.py,Simple Atributte,27,27,20,A2
jobs,listeners.py,Simple Atributte,27,27,55,A2
jobs,listeners.py,Simple Atributte,32,32,16,A2
jobs,listeners.py,Simple Atributte,67,67,16,A2
jobs,listeners.py,Simple Atributte,70,70,14,A2
jobs,listeners.py,Simple Atributte,103,103,46,A2
jobs,listeners.py,Simple Atributte,25,25,15,A2
jobs,listeners.py,Simple Atributte,25,25,46,A2
jobs,listeners.py,Unary Operation,19,19,7,A1
jobs,listeners.py,Boolean Operation,27,27,20,A1
jobs,listeners.py,Boolean Operation,62,62,20,A1
jobs,listeners.py,Boolean Operation,23,23,15,A1
jobs,listeners.py,Boolean Operation,25,25,15,A1
jobs,listeners.py,Boolean Operation,64,64,21,A1
jobs,listeners.py,Subscript,40,40,8,A1
jobs,listeners.py,Subscript,41,41,8,A1
jobs,listeners.py,Subscript,44,44,8,A1
jobs,listeners.py,Simple Assignment,13,13,0,A1
jobs,listeners.py,Simple Assignment,21,21,4,A1
jobs,listeners.py,Simple Assignment,26,26,4,A1
jobs,listeners.py,Simple Assignment,27,27,4,A1
jobs,listeners.py,Simple Assignment,28,28,4,A1
jobs,listeners.py,Simple Assignment,29,33,4,A1
jobs,listeners.py,Simple Assignment,47,47,4,A1
jobs,listeners.py,Simple Assignment,48,48,4,A1
jobs,listeners.py,Simple Assignment,50,50,4,A1
jobs,listeners.py,Simple Assignment,60,60,4,A1
jobs,listeners.py,Simple Assignment,61,61,4,A1
jobs,listeners.py,Simple Assignment,62,62,4,A1
jobs,listeners.py,Simple Assignment,63,68,4,A1
jobs,listeners.py,Simple Assignment,70,70,4,A1
jobs,listeners.py,Simple Assignment,71,71,4,A1
jobs,listeners.py,Simple Assignment,100,100,4,A1
jobs,listeners.py,Simple Assignment,101,101,4,A1
jobs,listeners.py,Simple Assignment,103,103,4,A1
jobs,listeners.py,Simple Assignment,104,104,4,A1
jobs,listeners.py,Simple Assignment,105,105,4,A1
jobs,listeners.py,Simple Assignment,23,23,8,A1
jobs,listeners.py,Simple Assignment,25,25,8,A1
jobs,listeners.py,Simple Assignment,40,40,8,A1
jobs,listeners.py,Simple Assignment,41,41,8,A1
jobs,listeners.py,Simple Assignment,42,42,8,A1
jobs,listeners.py,Simple Assignment,44,44,8,A1
jobs,listeners.py,Simple Assignment,45,45,8,A1
jobs,listeners.py,From,3,3,0,A2
jobs,listeners.py,From,4,4,0,A2
jobs,listeners.py,From,5,5,0,A2
jobs,listeners.py,From,6,6,0,A2
jobs,listeners.py,From,7,7,0,A2
jobs,listeners.py,From with 'as' extension ,8,8,0,B1
jobs,listeners.py,From,10,10,0,A2
jobs,listeners.py,Alias,3,3,24,A1
jobs,listeners.py,Alias,4,4,40,A1
jobs,listeners.py,Alias,5,5,29,A1
jobs,listeners.py,Alias,6,6,28,A1
jobs,listeners.py,Alias,7,7,28,A1
jobs,listeners.py,Alias,8,8,37,A1
jobs,listeners.py,Alias,10,10,30,A1
jobs,listeners.py,Alias,10,10,50,A1
jobs,listeners.py,Alias,10,10,68,A1
jobs,listeners.py,Alias,10,10,86,A1
jobs,listeners.py,Simple If statements,19,20,4,A1
jobs,listeners.py,Simple If statements,22,25,4,A1
jobs,listeners.py,Simple If statements,35,45,4,A1
jobs,listeners.py,Function with Simple argument with ** argument,17,52,0,B1
jobs,listeners.py,Function with Simple argument,55,72,0,A1
jobs,listeners.py,Function with Simple argument with ** argument,76,83,0,B1
jobs,listeners.py,Function with Simple argument with ** argument,87,94,0,B1
jobs,listeners.py,Function with Simple argument with ** argument,98,107,0,B1
jobs,listeners.py,Return,52,52,4,A1
jobs,listeners.py,Return,20,20,8,A1
commands,expire_jobs.py,Simple Atributte,17,17,8,A2
commands,expire_jobs.py,Simple Atributte,15,15,21,A2
commands,expire_jobs.py,Simple Atributte,15,15,38,A2
commands,expire_jobs.py,Simple Atributte,17,17,77,A2
commands,expire_jobs.py,Simple Atributte,17,17,8,A2
commands,expire_jobs.py,Simple Atributte,17,17,8,A2
commands,expire_jobs.py,Simple Atributte,17,17,8,A2
commands,expire_jobs.py,Simple Assignment,14,14,8,A1
commands,expire_jobs.py,Assigment with sum (total = total + 1),15,15,8,A1
commands,expire_jobs.py,Import,1,1,0,A2
commands,expire_jobs.py,From,3,3,0,A2
commands,expire_jobs.py,From,4,4,0,A2
commands,expire_jobs.py,From,5,5,0,A2
commands,expire_jobs.py,From,7,7,0,A2
commands,expire_jobs.py,Alias,1,1,7,A1
commands,expire_jobs.py,Alias,3,3,24,A1
commands,expire_jobs.py,Alias,4,4,35,A1
commands,expire_jobs.py,Alias,5,5,25,A1
commands,expire_jobs.py,Alias,7,7,29,A1
commands,expire_jobs.py,Function with Simple argument with ** argument,13,17,4,B1
commands,expire_jobs.py,Inherited Class from BaseCommand,10,17,0,B1
commands,jobs_monthly_report.py,Simple List,58,58,12,A1
commands,jobs_monthly_report.py,Simple Dictionary,45,50,18,A2
commands,jobs_monthly_report.py,Simple Atributte,22,22,24,A2
commands,jobs_monthly_report.py,Simple Atributte,32,32,25,A2
commands,jobs_monthly_report.py,Simple Atributte,17,17,16,A2
commands,jobs_monthly_report.py,Simple Atributte,18,18,11,A2
commands,jobs_monthly_report.py,Simple Atributte,24,27,12,A2
commands,jobs_monthly_report.py,Simple Atributte,34,37,12,A2
commands,jobs_monthly_report.py,Simple Atributte,42,42,27,A2
commands,jobs_monthly_report.py,Simple Atributte,43,43,27,A2
commands,jobs_monthly_report.py,Simple Atributte,52,52,18,A2
commands,jobs_monthly_report.py,Simple Atributte,53,53,18,A2
commands,jobs_monthly_report.py,Simple Atributte,57,57,12,A2
commands,jobs_monthly_report.py,Simple Atributte,30,30,40,A2
commands,jobs_monthly_report.py,Simple Atributte,40,40,41,A2
commands,jobs_monthly_report.py,Simple Atributte,17,17,16,A2
commands,jobs_monthly_report.py,Simple Atributte,24,26,12,A2
commands,jobs_monthly_report.py,Simple Atributte,32,32,26,A2
commands,jobs_monthly_report.py,Simple Atributte,32,32,49,A2
commands,jobs_monthly_report.py,Simple Atributte,34,36,12,A2
commands,jobs_monthly_report.py,Simple Atributte,52,52,18,A2
commands,jobs_monthly_report.py,Simple Atributte,24,25,12,A2
commands,jobs_monthly_report.py,Simple Atributte,34,35,12,A2
commands,jobs_monthly_report.py,Simple Atributte,24,24,12,A2
commands,jobs_monthly_report.py,Simple Atributte,34,34,12,A2
commands,jobs_monthly_report.py,Simple Atributte,24,24,12,A2
commands,jobs_monthly_report.py,Simple Atributte,34,34,12,A2
commands,jobs_monthly_report.py,Subscript,29,29,30,A1
commands,jobs_monthly_report.py,Subscript,29,29,43,A1
commands,jobs_monthly_report.py,Subscript,39,39,31,A1
commands,jobs_monthly_report.py,Subscript,39,39,44,A1
commands,jobs_monthly_report.py,Simple Dictionary Comprehension,29,29,29,C1
commands,jobs_monthly_report.py,Simple Dictionary Comprehension,39,39,30,C1
commands,jobs_monthly_report.py,Simple Assignment,12,12,0,A1
commands,jobs_monthly_report.py,Simple Assignment,17,17,8,A1
commands,jobs_monthly_report.py,Simple Assignment,22,22,8,A1
commands,jobs_monthly_report.py,Simple Assignment,23,28,8,A1
commands,jobs_monthly_report.py,Simple Assignment,29,29,8,A1
commands,jobs_monthly_report.py,Simple Assignment,30,30,8,A1
commands,jobs_monthly_report.py,Simple Assignment,32,32,8,A1
commands,jobs_monthly_report.py,Simple Assignment,33,38,8,A1
commands,jobs_monthly_report.py,Simple Assignment,39,39,8,A1
commands,jobs_monthly_report.py,Simple Assignment,40,40,8,A1
commands,jobs_monthly_report.py,Simple Assignment,42,42,8,A1
commands,jobs_monthly_report.py,Simple Assignment,43,43,8,A1
commands,jobs_monthly_report.py,Simple Assignment,45,50,8,A1
commands,jobs_monthly_report.py,Simple Assignment,52,52,8,A1
commands,jobs_monthly_report.py,Simple Assignment,53,53,8,A1
commands,jobs_monthly_report.py,Import,1,1,0,A2
commands,jobs_monthly_report.py,From,3,3,0,A2
commands,jobs_monthly_report.py,From,4,4,0,A2
commands,jobs_monthly_report.py,From,5,5,0,A2
commands,jobs_monthly_report.py,From,6,6,0,A2
commands,jobs_monthly_report.py,From,7,7,0,A2
commands,jobs_monthly_report.py,From,8,8,0,A2
commands,jobs_monthly_report.py,From,10,10,0,A2
commands,jobs_monthly_report.py,Alias,1,1,7,A1
commands,jobs_monthly_report.py,Alias,3,3,24,A1
commands,jobs_monthly_report.py,Alias,4,4,29,A1
commands,jobs_monthly_report.py,Alias,5,5,35,A1
commands,jobs_monthly_report.py,Alias,6,6,29,A1
commands,jobs_monthly_report.py,Alias,7,7,28,A1
commands,jobs_monthly_report.py,Alias,8,8,25,A1
commands,jobs_monthly_report.py,Alias,10,10,29,A1
commands,jobs_monthly_report.py,Simple If statements,18,20,8,A1
commands,jobs_monthly_report.py,Function with Simple argument with ** argument,16,59,4,B1
commands,jobs_monthly_report.py,Return,20,20,12,A1
commands,jobs_monthly_report.py,Inherited Class from BaseCommand,15,59,0,B1
jobs,models.py,Simple List,133,133,22,A1
jobs,models.py,49 Nested Tuple,107,115,21,A2
jobs,models.py,Simple Tuple,35,35,19,A1
jobs,models.py,Simple Tuple,50,50,19,A1
jobs,models.py,Simple Tuple,108,108,8,A1
jobs,models.py,Simple Tuple,109,109,8,A1
jobs,models.py,Simple Tuple,110,110,8,A1
jobs,models.py,Simple Tuple,111,111,8,A1
jobs,models.py,Simple Tuple,112,112,8,A1
jobs,models.py,Simple Tuple,113,113,8,A1
jobs,models.py,Simple Tuple,114,114,8,A1
jobs,models.py,Simple Tuple,129,129,19,A1
jobs,models.py,Simple Tuple,141,141,25,A1
jobs,models.py,Simple Tuple,232,232,19,A1
jobs,models.py,Simple Tuple,133,133,23,A1
jobs,models.py,Simple Tuple,212,212,30,A1
jobs,models.py,Simple Tuple,201,201,43,A1
jobs,models.py,Simple Dictionary,61,61,25,A2
jobs,models.py,Simple Dictionary,69,69,25,A2
jobs,models.py,Simple Dictionary,186,186,49,A2
jobs,models.py,Simple Dictionary,255,255,52,A2
jobs,models.py,Formatted Value,137,137,30,A1
jobs,models.py,Formatted Value,191,191,17,A1
jobs,models.py,Formatted Value,191,191,35,A1
jobs,models.py,Formatted Value,241,241,23,A1
jobs,models.py,Formatted Value,241,241,38,A1
jobs,models.py,Formatted Value,145,145,33,A1
jobs,models.py,Formatted Value,145,145,48,A1
jobs,models.py,Joined String,137,137,15,A1
jobs,models.py,Joined String,191,191,15,A1
jobs,models.py,Joined String,241,241,15,A1
jobs,models.py,Joined String,145,145,31,A1
jobs,models.py,Super Function,153,153,15,C2
jobs,models.py,Super Function,237,237,15,C2
jobs,models.py,Simple Atributte,26,26,13,A2
jobs,models.py,Simple Atributte,28,28,14,A2
jobs,models.py,Simple Atributte,41,41,13,A2
jobs,models.py,Simple Atributte,43,43,14,A2
jobs,models.py,Simple Atributte,56,56,20,A2
jobs,models.py,Simple Atributte,58,58,15,A2
jobs,models.py,Simple Atributte,64,64,16,A2
jobs,models.py,Simple Atributte,71,71,21,A2
jobs,models.py,Simple Atributte,76,76,19,A2
jobs,models.py,Simple Atributte,78,78,16,A2
jobs,models.py,Simple Atributte,80,80,11,A2
jobs,models.py,Simple Atributte,81,81,13,A2
jobs,models.py,Simple Atributte,82,82,14,A2
jobs,models.py,Simple Atributte,83,83,20,A2
jobs,models.py,Simple Atributte,84,84,19,A2
jobs,models.py,Simple Atributte,89,89,14,A2
jobs,models.py,Simple Atributte,90,90,12,A2
jobs,models.py,Simple Atributte,91,91,10,A2
jobs,models.py,Simple Atributte,93,93,19,A2
jobs,models.py,Simple Atributte,116,116,13,A2
jobs,models.py,Simple Atributte,117,117,14,A2
jobs,models.py,Simple Atributte,119,119,20,A2
jobs,models.py,Simple Atributte,120,120,15,A2
jobs,models.py,Simple Atributte,122,122,18,A2
jobs,models.py,Simple Atributte,124,124,14,A2
jobs,models.py,Simple Atributte,146,146,8,A2
jobs,models.py,Simple Atributte,147,147,8,A2
jobs,models.py,Simple Atributte,160,160,21,A2
jobs,models.py,Simple Atributte,161,161,8,A2
jobs,models.py,Simple Atributte,161,161,22,A2
jobs,models.py,Simple Atributte,171,171,8,A2
jobs,models.py,Simple Atributte,171,171,22,A2
jobs,models.py,Simple Atributte,180,180,8,A2
jobs,models.py,Simple Atributte,180,180,22,A2
jobs,models.py,Simple Atributte,196,196,15,A2
jobs,models.py,Simple Atributte,226,226,10,A2
jobs,models.py,Simple Atributte,251,251,7,A2
jobs,models.py,Simple Atributte,254,254,7,A2
jobs,models.py,Simple Atributte,254,254,26,A2
jobs,models.py,Simple Atributte,62,62,18,A2
jobs,models.py,Simple Atributte,96,96,18,A2
jobs,models.py,Simple Atributte,141,141,26,A2
jobs,models.py,Simple Atributte,141,141,37,A2
jobs,models.py,Simple Atributte,141,141,50,A2
jobs,models.py,Simple Atributte,147,147,36,A2
jobs,models.py,Simple Atributte,151,151,12,A2
jobs,models.py,Simple Atributte,153,153,15,A2
jobs,models.py,Simple Atributte,162,162,8,A2
jobs,models.py,Simple Atributte,163,163,25,A2
jobs,models.py,Simple Atributte,172,172,8,A2
jobs,models.py,Simple Atributte,173,173,8,A2
jobs,models.py,Simple Atributte,181,181,8,A2
jobs,models.py,Simple Atributte,182,182,8,A2
jobs,models.py,Simple Atributte,202,202,15,A2
jobs,models.py,Simple Atributte,207,207,15,A2
jobs,models.py,Simple Atributte,212,212,15,A2
jobs,models.py,Simple Atributte,216,216,15,A2
jobs,models.py,Simple Atributte,220,220,15,A2
jobs,models.py,Simple Atributte,226,226,75,A2
jobs,models.py,Simple Atributte,236,236,8,A2
jobs,models.py,Simple Atributte,237,237,15,A2
jobs,models.py,Simple Atributte,137,137,31,A2
jobs,models.py,Simple Atributte,149,149,15,A2
jobs,models.py,Simple Atributte,149,149,32,A2
jobs,models.py,Simple Atributte,149,149,47,A2
jobs,models.py,Simple Atributte,150,150,20,A2
jobs,models.py,Simple Atributte,164,164,12,A2
jobs,models.py,Special Class Attribute __class__,173,173,37,B2
jobs,models.py,Special Class Attribute __class__,182,182,37,B2
jobs,models.py,Simple Atributte,191,191,18,A2
jobs,models.py,Simple Atributte,191,191,36,A2
jobs,models.py,Simple Atributte,207,207,48,A2
jobs,models.py,Simple Atributte,212,212,31,A2
jobs,models.py,Simple Atributte,212,212,50,A2
jobs,models.py,Simple Atributte,212,212,70,A2
jobs,models.py,Simple Atributte,216,216,51,A2
jobs,models.py,Simple Atributte,220,220,47,A2
jobs,models.py,Special Class Attribute __class__,236,236,39,B2
jobs,models.py,Simple Atributte,241,241,24,A2
jobs,models.py,Simple Atributte,150,150,44,A2
jobs,models.py,Simple Atributte,151,151,27,A2
jobs,models.py,Special Class Attribute __class__,164,164,42,B2
jobs,models.py,Simple Atributte,186,186,56,A2
jobs,models.py,Simple Atributte,201,201,44,A2
jobs,models.py,Simple Atributte,201,201,55,A2
jobs,models.py,Simple Atributte,201,201,68,A2
jobs,models.py,Simple Atributte,207,207,31,A2
jobs,models.py,Simple Atributte,241,241,24,A2
jobs,models.py,Simple Atributte,241,241,39,A2
jobs,models.py,Simple Atributte,241,241,39,A2
jobs,models.py,Simple Atributte,255,255,59,A2
jobs,models.py,Unary Operation,149,149,11,A1
jobs,models.py,Boolean Operation,149,149,11,A1
jobs,models.py,Subscript,241,241,39,A1
jobs,models.py,Slice,241,241,56,A1
jobs,models.py,List Comprehension with 1If statements,201,201,25,C1
jobs,models.py,Simple Assignment,20,20,0,A1
jobs,models.py,Simple Assignment,26,26,4,A1
jobs,models.py,Simple Assignment,28,28,4,A1
jobs,models.py,Simple Assignment,41,41,4,A1
jobs,models.py,Simple Assignment,43,43,4,A1
jobs,models.py,Simple Assignment,56,56,4,A1
jobs,models.py,Simple Assignment,58,63,4,A1
jobs,models.py,Simple Assignment,64,70,4,A1
jobs,models.py,Simple Assignment,71,75,4,A1
jobs,models.py,Simple Assignment,76,76,4,A1
jobs,models.py,Simple Assignment,77,77,4,A1
jobs,models.py,Simple Assignment,78,78,4,A1
jobs,models.py,Simple Assignment,80,80,4,A1
jobs,models.py,Simple Assignment,81,81,4,A1
jobs,models.py,Simple Assignment,82,82,4,A1
jobs,models.py,Simple Assignment,83,83,4,A1
jobs,models.py,Simple Assignment,84,84,4,A1
jobs,models.py,Simple Assignment,86,86,4,A1
jobs,models.py,Simple Assignment,87,87,4,A1
jobs,models.py,Simple Assignment,89,89,4,A1
jobs,models.py,Simple Assignment,90,90,4,A1
jobs,models.py,Simple Assignment,91,91,4,A1
jobs,models.py,Simple Assignment,93,97,4,A1
jobs,models.py,Simple Assignment,99,99,4,A1
jobs,models.py,Simple Assignment,100,100,4,A1
jobs,models.py,Simple Assignment,101,101,4,A1
jobs,models.py,Simple Assignment,102,102,4,A1
jobs,models.py,Simple Assignment,103,103,4,A1
jobs,models.py,Simple Assignment,104,104,4,A1
jobs,models.py,Simple Assignment,105,105,4,A1
jobs,models.py,Simple Assignment,107,115,4,A1
jobs,models.py,Simple Assignment,116,116,4,A1
jobs,models.py,Simple Assignment,117,117,4,A1
jobs,models.py,Simple Assignment,119,119,4,A1
jobs,models.py,Simple Assignment,120,120,4,A1
jobs,models.py,Simple Assignment,122,122,4,A1
jobs,models.py,Simple Assignment,124,124,4,A1
jobs,models.py,Simple Assignment,226,226,4,A1
jobs,models.py,Simple Assignment,227,227,4,A1
jobs,models.py,Simple Assignment,33,33,8,A1
jobs,models.py,Simple Assignment,34,34,8,A1
jobs,models.py,Simple Assignment,35,35,8,A1
jobs,models.py,Simple Assignment,48,48,8,A1
jobs,models.py,Simple Assignment,49,49,8,A1
jobs,models.py,Simple Assignment,50,50,8,A1
jobs,models.py,Simple Assignment,129,129,8,A1
jobs,models.py,Simple Assignment,130,130,8,A1
jobs,models.py,Simple Assignment,131,131,8,A1
jobs,models.py,Simple Assignment,132,132,8,A1
jobs,models.py,Simple Assignment,133,133,8,A1
jobs,models.py,Simple Assignment,141,141,8,A1
jobs,models.py,Simple Assignment,142,142,8,A1
jobs,models.py,Simple Assignment,146,146,8,A1
jobs,models.py,Simple Assignment,147,147,8,A1
jobs,models.py,Simple Assignment,160,160,8,A1
jobs,models.py,Simple Assignment,161,161,8,A1
jobs,models.py,Simple Assignment,171,171,8,A1
jobs,models.py,Simple Assignment,180,180,8,A1
jobs,models.py,Simple Assignment,201,201,8,A1
jobs,models.py,Simple Assignment,232,232,8,A1
jobs,models.py,Simple Assignment,150,150,12,A1
jobs,models.py,Assigment with sum (total = total + 1),151,151,12,A1
jobs,models.py,Simple Assignment,145,145,16,A1
jobs,models.py,Import,3,3,0,A2
jobs,models.py,From,5,5,0,A2
jobs,models.py,From,6,6,0,A2
jobs,models.py,From,7,7,0,A2
jobs,models.py,From,8,8,0,A2
jobs,models.py,From,9,9,0,A2
jobs,models.py,From,10,10,0,A2
jobs,models.py,From,11,11,0,A2
jobs,models.py,From,12,12,0,A2
jobs,models.py,From,14,14,0,A2
jobs,models.py,From,15,15,0,A2
jobs,models.py,From,16,16,0,A2
jobs,models.py,From,17,17,0,A2
jobs,models.py,From,18,18,0,A2
jobs,models.py,Alias,3,3,7,A1
jobs,models.py,Alias,5,5,24,A1
jobs,models.py,Alias,6,6,22,A1
jobs,models.py,Alias,7,7,37,A1
jobs,models.py,Alias,8,8,28,A1
jobs,models.py,Alias,9,9,43,A1
jobs,models.py,Alias,10,10,24,A1
jobs,models.py,Alias,11,11,25,A1
jobs,models.py,Alias,12,12,31,A1
jobs,models.py,Alias,14,14,28,A1
jobs,models.py,Alias,14,14,47,A1
jobs,models.py,Alias,15,15,31,A1
jobs,models.py,Alias,15,15,52,A1
jobs,models.py,Alias,15,15,65,A1
jobs,models.py,Alias,16,16,30,A1
jobs,models.py,Alias,16,16,50,A1
jobs,models.py,Alias,16,16,68,A1
jobs,models.py,Alias,16,16,86,A1
jobs,models.py,Alias,17,17,30,A1
jobs,models.py,Alias,18,18,25,A1
jobs,models.py,Simple If statements,251,252,4,A1
jobs,models.py,Simple If statements,254,257,4,A1
jobs,models.py,Simple If statements,149,151,8,A1
jobs,models.py,Simple If statements,163,164,8,A1
jobs,models.py,Simple If statements,144,145,12,A1
jobs,models.py,Simple For Loop,143,145,8,A1
jobs,models.py,Function with Simple argument with ** argument,245,257,0,B1
jobs,models.py,Function with Simple argument,135,137,4,A1
jobs,models.py,Function with Simple argument with ** argument,139,153,4,B1
jobs,models.py,Function with Simple argument,155,164,4,A1
jobs,models.py,Function with Simple argument,166,173,4,A1
jobs,models.py,Function with Simple argument,175,182,4,A1
jobs,models.py,Function with Simple argument,184,186,4,A1
jobs,models.py,Function with Simple argument,189,191,4,A1
jobs,models.py,Function with Simple argument,194,196,4,A1
jobs,models.py,Function with Simple argument,199,202,4,A1
jobs,models.py,Function with Simple argument,205,207,4,A1
jobs,models.py,Function with Simple argument,210,212,4,A1
jobs,models.py,Function with Simple argument,214,216,4,A1
jobs,models.py,Function with Simple argument,218,220,4,A1
jobs,models.py,Function with Simple argument with ** argument,234,237,4,B1
jobs,models.py,Function with Simple argument,239,241,4,A1
jobs,models.py,Return,137,137,8,A1
jobs,models.py,Return,153,153,8,A1
jobs,models.py,Return,186,186,8,A1
jobs,models.py,Return,191,191,8,A1
jobs,models.py,Return,196,196,8,A1
jobs,models.py,Return,202,202,8,A1
jobs,models.py,Return,207,207,8,A1
jobs,models.py,Return,212,212,8,A1
jobs,models.py,Return,216,216,8,A1
jobs,models.py,Return,220,220,8,A1
jobs,models.py,Return,237,237,8,A1
jobs,models.py,Return,241,241,8,A1
jobs,models.py,Return,252,252,8,A1
jobs,models.py,Inherited Class from NameSlugModel,23,35,0,B1
jobs,models.py,Inherited Class from NameSlugModel,38,50,0,B1
jobs,models.py,Inherited Class from ContentManageable,53,220,0,B1
jobs,models.py,Inherited Class from ContentManageable,223,241,0,B1
jobs,models.py,Simple Class ,30,35,4,B1
jobs,models.py,Simple Class ,45,50,4,B1
jobs,models.py,Simple Class ,126,133,4,B1
jobs,models.py,Simple Class ,229,232,4,B1
jobs,views.py,Simple Tuple,235,235,15,A1
jobs,views.py,Simple Dictionary,390,390,24,A2
jobs,views.py,Simple Dictionary,77,83,12,A2
jobs,views.py,Simple Dictionary,323,323,66,A2
jobs,views.py,Simple Dictionary,383,383,49,A2
jobs,views.py,Simple Dictionary,413,413,50,A2
jobs,views.py,Simple Dictionary,466,466,54,A2
jobs,views.py,Formatted Value,278,278,59,A1
jobs,views.py,Formatted Value,240,240,68,A1
jobs,views.py,Formatted Value,396,396,68,A1
jobs,views.py,Formatted Value,396,396,89,A1
jobs,views.py,Formatted Value,244,244,68,A1
jobs,views.py,Formatted Value,249,249,68,A1
jobs,views.py,Formatted Value,254,254,68,A1
jobs,views.py,Joined String,278,278,56,A1
jobs,views.py,Joined String,240,240,65,A1
jobs,views.py,Joined String,396,396,65,A1
jobs,views.py,Joined String,244,244,65,A1
jobs,views.py,Joined String,249,249,65,A1
jobs,views.py,Joined String,254,254,65,A1
jobs,views.py,Super Function,58,58,15,C2
jobs,views.py,Super Function,66,66,18,C2
jobs,views.py,Super Function,120,120,18,C2
jobs,views.py,Super Function,138,138,18,C2
jobs,views.py,Super Function,156,156,18,C2
jobs,views.py,Super Function,195,195,18,C2
jobs,views.py,Super Function,213,213,18,C2
jobs,views.py,Super Function,262,262,18,C2
jobs,views.py,Super Function,297,297,18,C2
jobs,views.py,Super Function,318,318,18,C2
jobs,views.py,Super Function,351,351,14,C2
jobs,views.py,Super Function,365,365,18,C2
jobs,views.py,Super Function,400,400,15,C2
jobs,views.py,Super Function,417,417,17,C2
jobs,views.py,Super Function,423,423,18,C2
jobs,views.py,Super Function,432,432,15,C2
jobs,views.py,Super Function,450,450,15,C2
jobs,views.py,Super Function,454,454,18,C2
jobs,views.py,Super Function,467,467,15,C2
jobs,views.py,Super Function,106,106,15,C2
jobs,views.py,Super Function,209,209,15,C2
jobs,views.py,Simple Atributte,56,56,11,A2
jobs,views.py,Simple Atributte,133,133,8,A2
jobs,views.py,Simple Atributte,139,139,34,A2
jobs,views.py,Simple Atributte,151,151,8,A2
jobs,views.py,Simple Atributte,157,157,38,A2
jobs,views.py,Simple Atributte,176,176,15,A2
jobs,views.py,Simple Atributte,184,184,15,A2
jobs,views.py,Simple Atributte,215,215,26,A2
jobs,views.py,Simple Atributte,276,276,8,A2
jobs,views.py,Simple Atributte,276,276,21,A2
jobs,views.py,Simple Atributte,310,310,11,A2
jobs,views.py,Simple Atributte,343,343,8,A2
jobs,views.py,Simple Atributte,356,356,11,A2
jobs,views.py,Simple Atributte,399,399,8,A2
jobs,views.py,Simple Atributte,399,399,32,A2
jobs,views.py,Simple Atributte,418,418,28,A2
jobs,views.py,Simple Atributte,429,429,8,A2
jobs,views.py,Simple Atributte,429,429,32,A2
jobs,views.py,Simple Atributte,430,430,8,A2
jobs,views.py,Simple Atributte,430,430,37,A2
jobs,views.py,Simple Atributte,431,431,8,A2
jobs,views.py,Simple Atributte,449,449,8,A2
jobs,views.py,Simple Atributte,449,449,41,A2
jobs,views.py,Simple Atributte,465,465,11,A2
jobs,views.py,Simple Atributte,56,56,11,A2
jobs,views.py,Simple Atributte,58,58,15,A2
jobs,views.py,Simple Atributte,66,66,18,A2
jobs,views.py,Simple Atributte,69,71,12,A2
jobs,views.py,Simple Atributte,76,76,8,A2
jobs,views.py,Simple Atributte,92,92,11,A2
jobs,views.py,Simple Atributte,92,92,41,A2
jobs,views.py,Simple Atributte,94,94,22,A2
jobs,views.py,Simple Atributte,95,95,15,A2
jobs,views.py,Simple Atributte,106,106,15,A2
jobs,views.py,Simple Atributte,116,116,15,A2
jobs,views.py,Simple Atributte,120,120,18,A2
jobs,views.py,Simple Atributte,134,134,15,A2
jobs,views.py,Simple Atributte,138,138,18,A2
jobs,views.py,Simple Atributte,152,152,15,A2
jobs,views.py,Simple Atributte,156,156,18,A2
jobs,views.py,Simple Atributte,169,169,15,A2
jobs,views.py,Simple Atributte,195,195,18,A2
jobs,views.py,Simple Atributte,197,197,26,A2
jobs,views.py,Simple Atributte,209,209,15,A2
jobs,views.py,Simple Atributte,213,213,18,A2
jobs,views.py,Simple Atributte,214,214,36,A2
jobs,views.py,Simple Atributte,228,228,15,A2
jobs,views.py,Simple Atributte,258,258,24,A2
jobs,views.py,Simple Atributte,262,262,18,A2
jobs,views.py,Simple Atributte,274,274,15,A2
jobs,views.py,Simple Atributte,277,277,8,A2
jobs,views.py,Simple Atributte,278,278,8,A2
jobs,views.py,Simple Atributte,278,278,38,A2
jobs,views.py,Simple Atributte,289,289,19,A2
jobs,views.py,Simple Atributte,290,290,12,A2
jobs,views.py,Simple Atributte,297,297,18,A2
jobs,views.py,Simple Atributte,307,307,19,A2
jobs,views.py,Simple Atributte,308,308,11,A2
jobs,views.py,Simple Atributte,310,310,11,A2
jobs,views.py,Simple Atributte,314,314,15,A2
jobs,views.py,Simple Atributte,318,318,18,A2
jobs,views.py,Simple Atributte,322,322,14,A2
jobs,views.py,Simple Atributte,343,343,22,A2
jobs,views.py,Simple Atributte,347,347,15,A2
jobs,views.py,Simple Atributte,351,351,14,A2
jobs,views.py,Simple Atributte,353,353,48,A2
jobs,views.py,Simple Atributte,356,356,11,A2
jobs,views.py,Simple Atributte,359,359,15,A2
jobs,views.py,Simple Atributte,365,365,18,A2
jobs,views.py,Simple Atributte,368,368,14,A2
jobs,views.py,Simple Atributte,371,371,26,A2
jobs,views.py,Simple Atributte,371,371,40,A2
jobs,views.py,Simple Atributte,389,389,17,A2
jobs,views.py,Simple Atributte,390,390,36,A2
jobs,views.py,Simple Atributte,390,390,67,A2
jobs,views.py,Simple Atributte,399,399,8,A2
jobs,views.py,Simple Atributte,399,399,32,A2
jobs,views.py,Simple Atributte,400,400,15,A2
jobs,views.py,Simple Atributte,417,417,17,A2
jobs,views.py,Simple Atributte,423,423,18,A2
jobs,views.py,Simple Atributte,429,429,8,A2
jobs,views.py,Simple Atributte,429,429,32,A2
jobs,views.py,Simple Atributte,430,430,8,A2
jobs,views.py,Simple Atributte,430,430,37,A2
jobs,views.py,Simple Atributte,431,431,8,A2
jobs,views.py,Simple Atributte,432,432,15,A2
jobs,views.py,Simple Atributte,443,443,11,A2
jobs,views.py,Simple Atributte,445,445,15,A2
jobs,views.py,Simple Atributte,449,449,8,A2
jobs,views.py,Simple Atributte,449,449,41,A2
jobs,views.py,Simple Atributte,450,450,15,A2
jobs,views.py,Simple Atributte,454,454,18,A2
jobs,views.py,Simple Atributte,462,462,19,A2
jobs,views.py,Simple Atributte,465,465,11,A2
jobs,views.py,Simple Atributte,467,467,15,A2
jobs,views.py,Simple Atributte,56,56,11,A2
jobs,views.py,Simple Atributte,92,92,11,A2
jobs,views.py,Simple Atributte,92,92,41,A2
jobs,views.py,Simple Atributte,94,94,22,A2
jobs,views.py,Simple Atributte,176,176,15,A2
jobs,views.py,Simple Atributte,184,184,15,A2
jobs,views.py,Simple Atributte,228,228,15,A2
jobs,views.py,Simple Atributte,233,233,18,A2
jobs,views.py,Simple Atributte,234,234,21,A2
jobs,views.py,Simple Atributte,235,235,26,A2
jobs,views.py,Simple Atributte,239,239,12,A2
jobs,views.py,Simple Atributte,239,239,24,A2
jobs,views.py,Simple Atributte,240,240,12,A2
jobs,views.py,Simple Atributte,240,240,33,A2
jobs,views.py,Simple Atributte,240,240,47,A2
jobs,views.py,Simple Atributte,273,273,18,A2
jobs,views.py,Simple Atributte,289,289,19,A2
jobs,views.py,Simple Atributte,290,290,12,A2
jobs,views.py,Simple Atributte,292,292,19,A2
jobs,views.py,Simple Atributte,307,307,19,A2
jobs,views.py,Simple Atributte,310,310,11,A2
jobs,views.py,Simple Atributte,319,319,35,A2
jobs,views.py,Simple Atributte,322,322,14,A2
jobs,views.py,Simple Atributte,344,344,11,A2
jobs,views.py,Simple Atributte,345,345,12,A2
jobs,views.py,Simple Atributte,353,353,11,A2
jobs,views.py,Simple Atributte,353,353,26,A2
jobs,views.py,Simple Atributte,356,356,11,A2
jobs,views.py,Simple Atributte,368,368,14,A2
jobs,views.py,Simple Atributte,387,387,11,A2
jobs,views.py,Simple Atributte,387,387,41,A2
jobs,views.py,Simple Atributte,389,389,17,A2
jobs,views.py,Simple Atributte,394,394,28,A2
jobs,views.py,Simple Atributte,395,395,47,A2
jobs,views.py,Simple Atributte,396,396,12,A2
jobs,views.py,Simple Atributte,396,396,33,A2
jobs,views.py,Simple Atributte,396,396,47,A2
jobs,views.py,Simple Atributte,398,398,12,A2
jobs,views.py,Simple Atributte,398,398,33,A2
jobs,views.py,Simple Atributte,398,398,47,A2
jobs,views.py,Simple Atributte,424,424,39,A2
jobs,views.py,Simple Atributte,444,444,19,A2
jobs,views.py,Simple Atributte,445,445,15,A2
jobs,views.py,Simple Atributte,456,456,26,A2
jobs,views.py,Simple Atributte,456,456,58,A2
jobs,views.py,Simple Atributte,457,457,39,A2
jobs,views.py,Simple Atributte,462,462,19,A2
jobs,views.py,Simple Atributte,69,70,12,A2
jobs,views.py,Simple Atributte,78,78,30,A2
jobs,views.py,Simple Atributte,79,79,32,A2
jobs,views.py,Simple Atributte,80,80,37,A2
jobs,views.py,Simple Atributte,82,82,36,A2
jobs,views.py,Simple Atributte,92,92,11,A2
jobs,views.py,Simple Atributte,92,92,41,A2
jobs,views.py,Simple Atributte,94,94,22,A2
jobs,views.py,Simple Atributte,106,106,15,A2
jobs,views.py,Simple Atributte,116,116,15,A2
jobs,views.py,Simple Atributte,116,116,30,A2
jobs,views.py,Simple Atributte,133,133,60,A2
jobs,views.py,Simple Atributte,134,134,15,A2
jobs,views.py,Simple Atributte,134,134,77,A2
jobs,views.py,Simple Atributte,151,151,68,A2
jobs,views.py,Simple Atributte,152,152,15,A2
jobs,views.py,Simple Atributte,152,152,76,A2
jobs,views.py,Simple Atributte,169,169,15,A2
jobs,views.py,Simple Atributte,169,169,75,A2
jobs,views.py,Simple Atributte,176,176,15,A2
jobs,views.py,Simple Atributte,184,184,15,A2
jobs,views.py,Simple Atributte,197,197,26,A2
jobs,views.py,Simple Atributte,209,209,15,A2
jobs,views.py,Simple Atributte,233,233,18,A2
jobs,views.py,Simple Atributte,243,243,12,A2
jobs,views.py,Simple Atributte,243,243,23,A2
jobs,views.py,Simple Atributte,244,244,12,A2
jobs,views.py,Simple Atributte,244,244,33,A2
jobs,views.py,Simple Atributte,244,244,47,A2
jobs,views.py,Simple Atributte,247,247,12,A2
jobs,views.py,Simple Atributte,247,247,25,A2
jobs,views.py,Simple Atributte,273,273,18,A2
jobs,views.py,Simple Atributte,273,273,49,A2
jobs,views.py,Simple Atributte,290,290,12,A2
jobs,views.py,Simple Atributte,313,313,19,A2
jobs,views.py,Simple Atributte,313,313,40,A2
jobs,views.py,Simple Atributte,313,313,52,A2
jobs,views.py,Simple Atributte,319,319,35,A2
jobs,views.py,Simple Atributte,321,321,12,A2
jobs,views.py,Simple Atributte,321,321,35,A2
jobs,views.py,Simple Atributte,321,321,56,A2
jobs,views.py,Simple Atributte,323,323,74,A2
jobs,views.py,Simple Atributte,344,344,11,A2
jobs,views.py,Simple Atributte,345,345,12,A2
jobs,views.py,Simple Atributte,346,346,40,A2
jobs,views.py,Simple Atributte,353,353,26,A2
jobs,views.py,Simple Atributte,367,367,12,A2
jobs,views.py,Simple Atributte,367,367,35,A2
jobs,views.py,Simple Atributte,367,367,56,A2
jobs,views.py,Simple Atributte,387,387,11,A2
jobs,views.py,Simple Atributte,387,387,41,A2
jobs,views.py,Simple Atributte,387,387,84,A2
jobs,views.py,Simple Atributte,389,389,17,A2
jobs,views.py,Simple Atributte,392,392,19,A2
jobs,views.py,Simple Atributte,395,395,20,A2
jobs,views.py,Simple Atributte,395,395,47,A2
jobs,views.py,Simple Atributte,413,413,57,A2
jobs,views.py,Simple Atributte,444,444,19,A2
jobs,views.py,Simple Atributte,445,445,15,A2
jobs,views.py,Simple Atributte,456,456,26,A2
jobs,views.py,Simple Atributte,456,456,58,A2
jobs,views.py,Simple Atributte,462,462,19,A2
jobs,views.py,Simple Atributte,79,79,32,A2
jobs,views.py,Simple Atributte,80,80,37,A2
jobs,views.py,Simple Atributte,94,94,22,A2
jobs,views.py,Simple Atributte,116,116,15,A2
jobs,views.py,Simple Atributte,116,116,30,A2
jobs,views.py,Simple Atributte,233,233,37,A2
jobs,views.py,Simple Atributte,248,248,12,A2
jobs,views.py,Simple Atributte,249,249,12,A2
jobs,views.py,Simple Atributte,249,249,33,A2
jobs,views.py,Simple Atributte,249,249,47,A2
jobs,views.py,Simple Atributte,252,252,12,A2
jobs,views.py,Simple Atributte,252,252,25,A2
jobs,views.py,Simple Atributte,313,313,52,A2
jobs,views.py,Simple Atributte,319,319,35,A2
jobs,views.py,Simple Atributte,321,321,12,A2
jobs,views.py,Simple Atributte,321,321,35,A2
jobs,views.py,Simple Atributte,344,344,11,A2
jobs,views.py,Simple Atributte,367,367,12,A2
jobs,views.py,Simple Atributte,367,367,35,A2
jobs,views.py,Simple Atributte,383,383,56,A2
jobs,views.py,Simple Atributte,387,387,11,A2
jobs,views.py,Simple Atributte,387,387,41,A2
jobs,views.py,Simple Atributte,395,395,20,A2
jobs,views.py,Simple Atributte,396,396,69,A2
jobs,views.py,Simple Atributte,413,413,57,A2
jobs,views.py,Simple Atributte,445,445,15,A2
jobs,views.py,Simple Atributte,456,456,26,A2
jobs,views.py,Simple Atributte,456,456,58,A2
jobs,views.py,Simple Atributte,466,466,61,A2
jobs,views.py,Simple Atributte,69,69,12,A2
jobs,views.py,Simple Atributte,78,78,30,A2
jobs,views.py,Simple Atributte,106,106,15,A2
jobs,views.py,Simple Atributte,134,134,15,A2
jobs,views.py,Simple Atributte,152,152,15,A2
jobs,views.py,Simple Atributte,169,169,15,A2
jobs,views.py,Simple Atributte,197,197,26,A2
jobs,views.py,Simple Atributte,209,209,15,A2
jobs,views.py,Simple Atributte,253,253,12,A2
jobs,views.py,Simple Atributte,254,254,12,A2
jobs,views.py,Simple Atributte,254,254,33,A2
jobs,views.py,Simple Atributte,254,254,47,A2
jobs,views.py,Simple Atributte,319,319,35,A2
jobs,views.py,Simple Atributte,383,383,56,A2
jobs,views.py,Simple Atributte,387,387,41,A2
jobs,views.py,Simple Atributte,396,396,69,A2
jobs,views.py,Simple Atributte,466,466,61,A2
jobs,views.py,Simple Atributte,69,69,12,A2
jobs,views.py,Simple Atributte,78,78,30,A2
jobs,views.py,Simple Atributte,134,134,15,A2
jobs,views.py,Simple Atributte,152,152,15,A2
jobs,views.py,Simple Atributte,169,169,15,A2
jobs,views.py,Simple Atributte,197,197,26,A2
jobs,views.py,Simple Atributte,383,383,56,A2
jobs,views.py,Simple Atributte,209,209,15,A2
jobs,views.py,Unary Operation,359,359,11,A1
jobs,views.py,Unary Operation,424,424,35,A1
jobs,views.py,Unary Operation,457,457,35,A1
jobs,views.py,Unary Operation,387,387,80,A1
jobs,views.py,Unary Operation,392,392,15,A1
jobs,views.py,Boolean Operation,92,92,11,A1
jobs,views.py,Boolean Operation,320,322,35,A1
jobs,views.py,Boolean Operation,353,353,11,A1
jobs,views.py,Boolean Operation,366,368,35,A1
jobs,views.py,Boolean Operation,387,387,11,A1
jobs,views.py,Boolean Operation,391,391,11,A1
jobs,views.py,Boolean Operation,456,456,26,A1
jobs,views.py,Boolean Operation,321,321,12,A1
jobs,views.py,Boolean Operation,367,367,12,A1
jobs,views.py,Subscript,121,121,8,A1
jobs,views.py,Subscript,139,139,8,A1
jobs,views.py,Subscript,157,157,8,A1
jobs,views.py,Subscript,197,197,8,A1
jobs,views.py,Subscript,214,214,8,A1
jobs,views.py,Subscript,215,215,8,A1
jobs,views.py,Subscript,263,263,8,A1
jobs,views.py,Subscript,298,298,8,A1
jobs,views.py,Subscript,319,319,8,A1
jobs,views.py,Subscript,319,319,35,A1
jobs,views.py,Subscript,320,320,8,A1
jobs,views.py,Subscript,323,323,8,A1
jobs,views.py,Subscript,366,366,8,A1
jobs,views.py,Subscript,369,369,8,A1
jobs,views.py,Subscript,371,371,8,A1
jobs,views.py,Subscript,418,418,8,A1
jobs,views.py,Subscript,424,424,8,A1
jobs,views.py,Subscript,455,455,8,A1
jobs,views.py,Subscript,456,456,8,A1
jobs,views.py,Subscript,457,457,8,A1
jobs,views.py,Subscript,234,234,21,A1
jobs,views.py,Subscript,133,133,60,A1
jobs,views.py,Subscript,134,134,77,A1
jobs,views.py,Subscript,151,151,68,A1
jobs,views.py,Subscript,152,152,76,A1
jobs,views.py,Subscript,169,169,75,A1
jobs,views.py,Subscript,233,233,37,A1
jobs,views.py,Slice,319,319,88,A1
jobs,views.py,Simple Assignment,49,49,4,A1
jobs,views.py,Simple Assignment,50,50,4,A1
jobs,views.py,Simple Assignment,101,101,4,A1
jobs,views.py,Simple Assignment,102,102,4,A1
jobs,views.py,Simple Assignment,112,112,4,A1
jobs,views.py,Simple Assignment,128,128,4,A1
jobs,views.py,Simple Assignment,129,129,4,A1
jobs,views.py,Simple Assignment,146,146,4,A1
jobs,views.py,Simple Assignment,147,147,4,A1
jobs,views.py,Simple Assignment,164,164,4,A1
jobs,views.py,Simple Assignment,165,165,4,A1
jobs,views.py,Simple Assignment,175,175,4,A1
jobs,views.py,Simple Assignment,176,176,4,A1
jobs,views.py,Simple Assignment,177,177,4,A1
jobs,views.py,Simple Assignment,183,183,4,A1
jobs,views.py,Simple Assignment,184,184,4,A1
jobs,views.py,Simple Assignment,185,185,4,A1
jobs,views.py,Simple Assignment,191,191,4,A1
jobs,views.py,Simple Assignment,205,205,4,A1
jobs,views.py,Simple Assignment,222,222,4,A1
jobs,views.py,Simple Assignment,223,223,4,A1
jobs,views.py,Simple Assignment,224,224,4,A1
jobs,views.py,Simple Assignment,285,285,4,A1
jobs,views.py,Simple Assignment,330,330,4,A1
jobs,views.py,Simple Assignment,331,331,4,A1
jobs,views.py,Simple Assignment,378,378,4,A1
jobs,views.py,Simple Assignment,379,379,4,A1
jobs,views.py,Simple Assignment,406,406,4,A1
jobs,views.py,Simple Assignment,407,407,4,A1
jobs,views.py,Simple Assignment,409,409,4,A1
jobs,views.py,Simple Assignment,438,438,4,A1
jobs,views.py,Simple Assignment,439,439,4,A1
jobs,views.py,Simple Assignment,66,66,8,A1
jobs,views.py,Simple Assignment,68,74,8,A1
jobs,views.py,Simple Assignment,94,94,8,A1
jobs,views.py,Simple Assignment,120,120,8,A1
jobs,views.py,Simple Assignment,121,121,8,A1
jobs,views.py,Simple Assignment,133,133,8,A1
jobs,views.py,Simple Assignment,138,138,8,A1
jobs,views.py,Simple Assignment,139,139,8,A1
jobs,views.py,Simple Assignment,151,151,8,A1
jobs,views.py,Simple Assignment,156,156,8,A1
jobs,views.py,Simple Assignment,157,157,8,A1
jobs,views.py,Simple Assignment,195,195,8,A1
jobs,views.py,Simple Assignment,197,197,8,A1
jobs,views.py,Simple Assignment,213,213,8,A1
jobs,views.py,Simple Assignment,214,214,8,A1
jobs,views.py,Simple Assignment,215,215,8,A1
jobs,views.py,Simple Assignment,262,262,8,A1
jobs,views.py,Simple Assignment,263,263,8,A1
jobs,views.py,Simple Assignment,276,276,8,A1
jobs,views.py,Simple Assignment,289,289,8,A1
jobs,views.py,Simple Assignment,290,290,8,A1
jobs,views.py,Simple Assignment,297,297,8,A1
jobs,views.py,Simple Assignment,298,298,8,A1
jobs,views.py,Simple Assignment,307,307,8,A1
jobs,views.py,Simple Assignment,318,318,8,A1
jobs,views.py,Simple Assignment,319,319,8,A1
jobs,views.py,Simple Assignment,320,322,8,A1
jobs,views.py,Simple Assignment,323,323,8,A1
jobs,views.py,Simple Assignment,343,343,8,A1
jobs,views.py,Simple Assignment,351,351,8,A1
jobs,views.py,Simple Assignment,365,365,8,A1
jobs,views.py,Simple Assignment,366,368,8,A1
jobs,views.py,Simple Assignment,369,369,8,A1
jobs,views.py,Simple Assignment,371,371,8,A1
jobs,views.py,Simple Assignment,389,389,8,A1
jobs,views.py,Simple Assignment,390,390,8,A1
jobs,views.py,Simple Assignment,399,399,8,A1
jobs,views.py,Simple Assignment,417,417,8,A1
jobs,views.py,Simple Assignment,418,418,8,A1
jobs,views.py,Simple Assignment,423,423,8,A1
jobs,views.py,Simple Assignment,424,424,8,A1
jobs,views.py,Simple Assignment,429,429,8,A1
jobs,views.py,Simple Assignment,430,430,8,A1
jobs,views.py,Simple Assignment,431,431,8,A1
jobs,views.py,Simple Assignment,449,449,8,A1
jobs,views.py,Simple Assignment,454,454,8,A1
jobs,views.py,Simple Assignment,455,455,8,A1
jobs,views.py,Simple Assignment,456,456,8,A1
jobs,views.py,Simple Assignment,457,457,8,A1
jobs,views.py,Simple Assignment,462,462,8,A1
jobs,views.py,Simple Assignment,233,233,12,A1
jobs,views.py,Simple Assignment,234,234,12,A1
jobs,views.py,Simple Assignment,273,273,12,A1
jobs,views.py,Simple Assignment,394,394,12,A1
jobs,views.py,Simple Assignment,247,247,12,A1
jobs,views.py,Simple Assignment,252,252,12,A1
jobs,views.py,'raise' exception,360,360,12,B1
jobs,views.py,'raise' exception,256,256,12,B1
jobs,views.py,From,3,3,0,A2
jobs,views.py,From,4,4,0,A2
jobs,views.py,From,5,5,0,A2
jobs,views.py,From,6,6,0,A2
jobs,views.py,From,7,7,0,A2
jobs,views.py,From,9,9,0,A2
jobs,views.py,From,10,10,0,A2
jobs,views.py,From,11,11,0,A2
jobs,views.py,Alias,3,3,27,A1
jobs,views.py,Alias,4,4,24,A1
jobs,views.py,Alias,4,4,33,A1
jobs,views.py,Alias,4,4,47,A1
jobs,views.py,Alias,5,5,29,A1
jobs,views.py,Alias,5,5,48,A1
jobs,views.py,Alias,6,6,24,A1
jobs,views.py,Alias,7,7,33,A1
jobs,views.py,Alias,7,7,45,A1
jobs,views.py,Alias,7,7,57,A1
jobs,views.py,Alias,7,7,67,A1
jobs,views.py,Alias,7,7,81,A1
jobs,views.py,Alias,7,7,93,A1
jobs,views.py,Alias,9,9,28,A1
jobs,views.py,Alias,9,9,37,A1
jobs,views.py,Alias,10,10,29,A1
jobs,views.py,Alias,10,10,34,A1
jobs,views.py,Alias,10,10,47,A1
jobs,views.py,Alias,10,10,65,A1
jobs,views.py,Alias,11,11,28,A1
jobs,views.py,Alias,11,11,48,A1
jobs,views.py,Simple If statements,56,57,8,A1
jobs,views.py,Simple If statements,92,93,8,A1
jobs,views.py,Simple If statements,238,256,8,A1
jobs,views.py,Simple If statements,291,292,8,A1
jobs,views.py,Simple If statements,308,309,8,A1
jobs,views.py,Simple If statements,310,313,8,A1
jobs,views.py,Simple If statements,344,346,8,A1
jobs,views.py,Simple If statements,353,354,8,A1
jobs,views.py,Simple If statements,356,357,8,A1
jobs,views.py,Simple If statements,359,360,8,A1
jobs,views.py,Simple If statements,387,388,8,A1
jobs,views.py,Simple If statements,391,398,8,A1
jobs,views.py,Simple If statements,443,444,8,A1
jobs,views.py,Simple If statements,463,464,8,A1
jobs,views.py,Simple If statements,465,466,8,A1
jobs,views.py,Simple If statements,242,256,8,A1
jobs,views.py,Simple If statements,392,393,12,A1
jobs,views.py,Simple If statements,246,256,8,A1
jobs,views.py,Simple If statements,251,256,8,A1
jobs,views.py,Exception --> try/except,232,236,8,B1
jobs,views.py,Exception --> try/except,272,275,8,B1
jobs,views.py,Except Handler,235,236,8,A1
jobs,views.py,Except Handler,274,275,8,A1
jobs,views.py,Function with Simple argument,17,19,4,A1
jobs,views.py,Function with Simple argument,25,27,4,A1
jobs,views.py,Function with Simple argument,33,35,4,A1
jobs,views.py,Function with Simple argument,41,43,4,A1
jobs,views.py,Function with Simple argument,52,58,4,A1
jobs,views.py,Function with Simple argument with ** argument,64,86,4,B1
jobs,views.py,Function with Simple argument,88,95,4,A1
jobs,views.py,Function with Simple argument,104,106,4,A1
jobs,views.py,Function with Simple argument,114,116,4,A1
jobs,views.py,Function with Simple argument with ** argument,118,122,4,B1
jobs,views.py,Function with Simple argument,131,134,4,A1
jobs,views.py,Function with Simple argument with ** argument,136,140,4,B1
jobs,views.py,Function with Simple argument,149,152,4,A1
jobs,views.py,Function with Simple argument with ** argument,154,158,4,B1
jobs,views.py,Function with Simple argument,167,169,4,A1
jobs,views.py,Function with Simple argument with ** argument,193,199,4,B1
jobs,views.py,Function with Simple argument,207,209,4,A1
jobs,views.py,Function with Simple argument with ** argument,211,216,4,B1
jobs,views.py,Function with Simple argument,226,228,4,A1
jobs,views.py,Function with Simple argument,230,258,4,A1
jobs,views.py,Function with Simple argument with ** argument,260,264,4,B1
jobs,views.py,Function with Simple argument,270,279,4,A1
jobs,views.py,Function with Simple argument,287,293,4,A1
jobs,views.py,Function with Simple argument with ** argument,295,299,4,B1
jobs,views.py,Function with Simple argument,305,314,4,A1
jobs,views.py,Function with Simple argument with ** argument,316,324,4,B1
jobs,views.py,Function with Simple argument,333,335,4,A1
jobs,views.py,Function with Simple argument with * argument  with ** argument,337,347,4,B1
jobs,views.py,Function with Simple argument with Default argument,349,361,4,A2
jobs,views.py,Function with Simple argument with ** argument,363,372,4,B1
jobs,views.py,Function with Simple argument,381,383,4,A1
jobs,views.py,Function with Simple argument,385,400,4,A1
jobs,views.py,Function with Simple argument,411,413,4,A1
jobs,views.py,Function with Simple argument,415,419,4,A1
jobs,views.py,Function with Simple argument with ** argument,421,425,4,B1
jobs,views.py,Function with Simple argument,427,432,4,A1
jobs,views.py,Function with Simple argument,441,445,4,A1
jobs,views.py,Function with Simple argument,447,450,4,A1
jobs,views.py,Function with Simple argument with ** argument,452,458,4,B1
jobs,views.py,Function with Simple argument,460,467,4,A1
jobs,views.py,Return,19,19,8,A1
jobs,views.py,Return,27,27,8,A1
jobs,views.py,Return,35,35,8,A1
jobs,views.py,Return,43,43,8,A1
jobs,views.py,Return,58,58,8,A1
jobs,views.py,Return,86,86,8,A1
jobs,views.py,Return,95,95,8,A1
jobs,views.py,Return,106,106,8,A1
jobs,views.py,Return,116,116,8,A1
jobs,views.py,Return,122,122,8,A1
jobs,views.py,Return,134,134,8,A1
jobs,views.py,Return,140,140,8,A1
jobs,views.py,Return,152,152,8,A1
jobs,views.py,Return,158,158,8,A1
jobs,views.py,Return,169,169,8,A1
jobs,views.py,Return,199,199,8,A1
jobs,views.py,Return,209,209,8,A1
jobs,views.py,Return,216,216,8,A1
jobs,views.py,Return,228,228,8,A1
jobs,views.py,Return,258,258,8,A1
jobs,views.py,Return,264,264,8,A1
jobs,views.py,Return,279,279,8,A1
jobs,views.py,Return,293,293,8,A1
jobs,views.py,Return,299,299,8,A1
jobs,views.py,Return,314,314,8,A1
jobs,views.py,Return,324,324,8,A1
jobs,views.py,Return,335,335,8,A1
jobs,views.py,Return,347,347,8,A1
jobs,views.py,Return,361,361,8,A1
jobs,views.py,Return,372,372,8,A1
jobs,views.py,Return,383,383,8,A1
jobs,views.py,Return,400,400,8,A1
jobs,views.py,Return,413,413,8,A1
jobs,views.py,Return,419,419,8,A1
jobs,views.py,Return,425,425,8,A1
jobs,views.py,Return,432,432,8,A1
jobs,views.py,Return,445,445,8,A1
jobs,views.py,Return,450,450,8,A1
jobs,views.py,Return,458,458,8,A1
jobs,views.py,Return,467,467,8,A1
jobs,views.py,Return,57,57,12,A1
jobs,views.py,Return,93,93,12,A1
jobs,views.py,Return,292,292,12,A1
jobs,views.py,Return,309,309,12,A1
jobs,views.py,Return,313,313,12,A1
jobs,views.py,Return,346,346,12,A1
jobs,views.py,Return,354,354,12,A1
jobs,views.py,Return,357,357,12,A1
jobs,views.py,Return,388,388,12,A1
jobs,views.py,Return,444,444,12,A1
jobs,views.py,Return,464,464,12,A1
jobs,views.py,Return,466,466,12,A1
jobs,views.py,Return,236,236,12,A1
jobs,views.py,Return,275,275,12,A1
jobs,views.py,Return,393,393,16,A1
jobs,views.py,Simple Class ,14,19,0,B1
jobs,views.py,Simple Class ,22,27,0,B1
jobs,views.py,Simple Class ,30,35,0,B1
jobs,views.py,Simple Class ,38,43,0,B1
jobs,views.py,Inherited Class from GroupRequiredMixin,46,58,0,B1
jobs,views.py,Simple Class ,61,95,0,B1
jobs,views.py,Inherited Class from ListView,98,106,0,B1
jobs,views.py,Inherited Class from ListView,109,122,0,B1
jobs,views.py,Inherited Class from ListView,125,140,0,B1
jobs,views.py,Inherited Class from ListView,143,158,0,B1
jobs,views.py,Inherited Class from ListView,161,169,0,B1
jobs,views.py,Inherited Class from ListView,172,177,0,B1
jobs,views.py,Inherited Class from ListView,180,185,0,B1
jobs,views.py,Inherited Class from TemplateView,188,199,0,B1
jobs,views.py,Inherited Class from JobList,202,216,0,B1
jobs,views.py,Inherited Class from ListView,219,264,0,B1
jobs,views.py,Inherited Class from View,267,279,0,B1
jobs,views.py,Inherited Class from JobReview,282,299,0,B1
jobs,views.py,Inherited Class from DetailView,302,324,0,B1
jobs,views.py,Inherited Class from UpdateView,327,372,0,B1
jobs,views.py,Inherited Class from CreateView,375,400,0,B1
jobs,views.py,Inherited Class from CreateView,403,432,0,B1
jobs,views.py,Inherited Class from UpdateView,435,467,0,B1
jobs,forms.py,Simple List,74,74,17,A1
jobs,forms.py,Simple Tuple,20,37,17,A1
jobs,forms.py,Simple Dictionary,38,40,18,A2
jobs,forms.py,Simple Dictionary,41,47,21,A2
jobs,forms.py,Simple Dictionary,75,77,18,A2
jobs,forms.py,Starred,51,51,25,A1
jobs,forms.py,Super Function,51,51,8,C2
jobs,forms.py,Super Function,56,56,14,C2
jobs,forms.py,Super Function,83,83,19,C2
jobs,forms.py,Simple Atributte,52,52,8,A2
jobs,forms.py,Simple Atributte,68,68,14,A2
jobs,forms.py,Simple Atributte,51,51,8,A2
jobs,forms.py,Simple Atributte,56,56,14,A2
jobs,forms.py,Simple Atributte,57,57,8,A2
jobs,forms.py,Simple Atributte,58,58,17,A2
jobs,forms.py,Simple Atributte,82,82,11,A2
jobs,forms.py,Simple Atributte,52,52,8,A2
jobs,forms.py,Simple Atributte,57,57,8,A2
jobs,forms.py,Simple Atributte,59,59,12,A2
jobs,forms.py,Simple Atributte,83,83,19,A2
jobs,forms.py,Simple Atributte,59,59,12,A2
jobs,forms.py,Subscript,58,58,17,A1
jobs,forms.py,Subscript,82,82,11,A1
jobs,forms.py,Subscript,52,52,8,A1
jobs,forms.py,Simple Assignment,14,14,4,A1
jobs,forms.py,Simple Assignment,68,68,4,A1
jobs,forms.py,Simple Assignment,19,19,8,A1
jobs,forms.py,Simple Assignment,20,37,8,A1
jobs,forms.py,Simple Assignment,38,40,8,A1
jobs,forms.py,Simple Assignment,41,47,8,A1
jobs,forms.py,Simple Assignment,52,52,8,A1
jobs,forms.py,Simple Assignment,56,56,8,A1
jobs,forms.py,Simple Assignment,73,73,8,A1
jobs,forms.py,Simple Assignment,74,74,8,A1
jobs,forms.py,Simple Assignment,75,77,8,A1
jobs,forms.py,From,3,3,0,A2
jobs,forms.py,From,4,4,0,A2
jobs,forms.py,From,5,5,0,A2
jobs,forms.py,From,7,7,0,A2
jobs,forms.py,From,8,8,0,A2
jobs,forms.py,Alias,3,3,19,A1
jobs,forms.py,Alias,4,4,33,A1
jobs,forms.py,Alias,4,4,57,A1
jobs,forms.py,Alias,5,5,32,A1
jobs,forms.py,Alias,7,7,27,A1
jobs,forms.py,Alias,8,8,29,A1
jobs,forms.py,Alias,8,8,34,A1
jobs,forms.py,Simple If statements,82,83,8,A1
jobs,forms.py,Simple For Loop,58,59,8,A1
jobs,forms.py,Function with Simple argument with * argument  with ** argument,49,52,4,B1
jobs,forms.py,Function with Simple argument with Default argument,54,60,4,A2
jobs,forms.py,Function with Simple argument with Default argument,79,84,4,A2
jobs,forms.py,Return,60,60,8,A1
jobs,forms.py,Return,84,84,8,A1
jobs,forms.py,Return,83,83,12,A1
jobs,forms.py,Inherited Class from ContentManageableModelForm,11,60,0,B1
jobs,forms.py,Inherited Class from ContentManageableModelForm,63,84,0,B1
jobs,forms.py,Simple Class ,16,47,4,B1
jobs,forms.py,Simple Class ,70,77,4,B1
jobs,apps.py,Simple Assignment,9,9,4,A1
jobs,apps.py,Simple Assignment,10,10,4,A1
jobs,apps.py,Simple Assignment,11,11,4,A1
jobs,apps.py,Import,15,15,8,A2
jobs,apps.py,From,3,3,0,A2
jobs,apps.py,Alias,3,3,24,A1
jobs,apps.py,Alias,15,15,15,A1
jobs,apps.py,Function with Simple argument,13,15,4,A1
jobs,apps.py,Inherited Class from AppConfig,6,15,0,B1
companies,tests.py,Simple Atributte,8,8,8,A2
companies,tests.py,Simple Atributte,9,9,8,A2
companies,tests.py,Simple Atributte,13,13,8,A2
companies,tests.py,From,1,1,0,A2
companies,tests.py,From,3,3,0,A2
companies,tests.py,Alias,1,1,24,A1
companies,tests.py,Alias,3,3,50,A1
companies,tests.py,Function with Simple argument,7,16,4,A1
companies,tests.py,Inherited Class from TestCase,6,16,0,B1
companies,factories.py,Simple Tuple,16,16,31,A1
companies,factories.py,Simple Dictionary,26,28,11,A2
companies,factories.py,Simple Atributte,18,18,11,A2
companies,factories.py,Simple Atributte,19,19,14,A2
companies,factories.py,Simple Atributte,20,20,12,A2
companies,factories.py,Simple Atributte,21,21,10,A2
companies,factories.py,Simple Atributte,27,27,21,A2
companies,factories.py,Simple Assignment,18,18,4,A1
companies,factories.py,Simple Assignment,19,19,4,A1
companies,factories.py,Simple Assignment,20,20,4,A1
companies,factories.py,Simple Assignment,21,21,4,A1
companies,factories.py,Simple Assignment,15,15,8,A1
companies,factories.py,Simple Assignment,16,16,8,A1
companies,factories.py,Import,3,3,0,A2
companies,factories.py,From,4,4,0,A2
companies,factories.py,From,6,6,0,A2
companies,factories.py,Alias,3,3,7,A1
companies,factories.py,Alias,4,4,27,A1
companies,factories.py,Alias,6,6,34,A1
companies,factories.py,Function,24,28,0,A1
companies,factories.py,Return,26,28,4,A1
companies,factories.py,Inherited Class from DjangoModelFactory,9,21,0,B1
companies,factories.py,Simple Class ,12,16,4,B1
migrations,0003_auto_20170814_0301.py,Simple List,5,7,19,A1
migrations,0003_auto_20170814_0301.py,Simple List,9,15,17,A1
migrations,0003_auto_20170814_0301.py,Simple Tuple,6,6,8,A1
migrations,0003_auto_20170814_0301.py,Simple Atributte,4,4,16,A2
migrations,0003_auto_20170814_0301.py,Simple Atributte,10,10,8,A2
migrations,0003_auto_20170814_0301.py,Simple Atributte,13,13,18,A2
migrations,0003_auto_20170814_0301.py,Simple Assignment,5,7,4,A1
migrations,0003_auto_20170814_0301.py,Simple Assignment,9,15,4,A1
migrations,0003_auto_20170814_0301.py,From,1,1,0,A2
migrations,0003_auto_20170814_0301.py,Alias,1,1,22,A1
migrations,0003_auto_20170814_0301.py,Alias,1,1,34,A1
migrations,0003_auto_20170814_0301.py,Simple Class ,4,15,0,B1
migrations,0002_auto_20150416_1853.py,Simple List,5,7,19,A1
migrations,0002_auto_20150416_1853.py,Simple List,9,27,17,A1
migrations,0002_auto_20150416_1853.py,Simple List,15,21,24,A1
migrations,0002_auto_20150416_1853.py,Simple Tuple,6,6,8,A1
migrations,0002_auto_20150416_1853.py,Simple Tuple,16,16,20,A1
migrations,0002_auto_20150416_1853.py,Simple Tuple,17,17,20,A1
migrations,0002_auto_20150416_1853.py,Simple Tuple,18,18,20,A1
migrations,0002_auto_20150416_1853.py,Simple Tuple,19,19,20,A1
migrations,0002_auto_20150416_1853.py,Simple Tuple,20,20,20,A1
migrations,0002_auto_20150416_1853.py,Simple Atributte,4,4,16,A2
migrations,0002_auto_20150416_1853.py,Simple Atributte,10,10,8,A2
migrations,0002_auto_20150416_1853.py,Simple Atributte,13,13,18,A2
migrations,0002_auto_20150416_1853.py,Simple Assignment,5,7,4,A1
migrations,0002_auto_20150416_1853.py,Simple Assignment,9,27,4,A1
migrations,0002_auto_20150416_1853.py,From,1,1,0,A2
migrations,0002_auto_20150416_1853.py,Alias,1,1,22,A1
migrations,0002_auto_20150416_1853.py,Alias,1,1,34,A1
migrations,0002_auto_20150416_1853.py,Simple Class ,4,27,0,B1
migrations,0005_auto_20180705_0352.py,Simple List,7,9,19,A1
migrations,0005_auto_20180705_0352.py,Simple List,11,17,17,A1
migrations,0005_auto_20180705_0352.py,Simple Tuple,8,8,8,A1
migrations,0005_auto_20180705_0352.py,Simple Atributte,6,6,16,A2
migrations,0005_auto_20180705_0352.py,Simple Atributte,12,12,8,A2
migrations,0005_auto_20180705_0352.py,Simple Atributte,15,15,18,A2
migrations,0005_auto_20180705_0352.py,Simple Assignment,7,9,4,A1
migrations,0005_auto_20180705_0352.py,Simple Assignment,11,17,4,A1
migrations,0005_auto_20180705_0352.py,From,3,3,0,A2
migrations,0005_auto_20180705_0352.py,Alias,3,3,22,A1
migrations,0005_auto_20180705_0352.py,Alias,3,3,34,A1
migrations,0005_auto_20180705_0352.py,Simple Class ,6,17,0,B1
migrations,0001_initial.py,Simple List,6,6,19,A1
migrations,0001_initial.py,Simple List,8,44,17,A1
migrations,0001_initial.py,Simple List,11,36,19,A1
migrations,0001_initial.py,Simple List,20,26,32,A1
migrations,0001_initial.py,Simple Tuple,42,42,18,A1
migrations,0001_initial.py,Simple Tuple,12,12,16,A1
migrations,0001_initial.py,Simple Tuple,13,13,16,A1
migrations,0001_initial.py,Simple Tuple,14,14,16,A1
migrations,0001_initial.py,Simple Tuple,15,15,16,A1
migrations,0001_initial.py,Simple Tuple,16,30,16,A1
migrations,0001_initial.py,Simple Tuple,31,31,16,A1
migrations,0001_initial.py,Simple Tuple,32,32,16,A1
migrations,0001_initial.py,Simple Tuple,33,33,16,A1
migrations,0001_initial.py,Simple Tuple,34,34,16,A1
migrations,0001_initial.py,Simple Tuple,35,35,16,A1
migrations,0001_initial.py,Simple Tuple,40,40,28,A1
migrations,0001_initial.py,Simple Tuple,21,21,28,A1
migrations,0001_initial.py,Simple Tuple,22,22,28,A1
migrations,0001_initial.py,Simple Tuple,23,23,28,A1
migrations,0001_initial.py,Simple Tuple,24,24,28,A1
migrations,0001_initial.py,Simple Tuple,25,25,28,A1
migrations,0001_initial.py,Simple Dictionary,37,41,20,A2
migrations,0001_initial.py,Simple Atributte,5,5,16,A2
migrations,0001_initial.py,Simple Atributte,9,9,8,A2
migrations,0001_initial.py,Simple Atributte,42,42,19,A2
migrations,0001_initial.py,Simple Atributte,12,12,23,A2
migrations,0001_initial.py,Simple Atributte,13,13,25,A2
migrations,0001_initial.py,Simple Atributte,14,14,25,A2
migrations,0001_initial.py,Simple Atributte,15,15,26,A2
migrations,0001_initial.py,Simple Atributte,18,18,20,A2
migrations,0001_initial.py,Simple Atributte,31,31,28,A2
migrations,0001_initial.py,Simple Atributte,32,32,36,A2
migrations,0001_initial.py,Simple Atributte,33,33,26,A2
migrations,0001_initial.py,Simple Atributte,34,34,24,A2
migrations,0001_initial.py,Simple Atributte,35,35,25,A2
migrations,0001_initial.py,Simple Atributte,15,15,26,A2
migrations,0001_initial.py,Simple Assignment,6,6,4,A1
migrations,0001_initial.py,Simple Assignment,8,44,4,A1
migrations,0001_initial.py,Import,1,1,0,A2
migrations,0001_initial.py,From,2,2,0,A2
migrations,0001_initial.py,Alias,1,1,7,A1
migrations,0001_initial.py,Alias,2,2,22,A1
migrations,0001_initial.py,Alias,2,2,34,A1
migrations,0001_initial.py,Simple Class ,5,44,0,B1
migrations,0004_auto_20170821_2000.py,Simple List,5,7,19,A1
migrations,0004_auto_20170821_2000.py,Simple List,9,25,17,A1
migrations,0004_auto_20170821_2000.py,Simple List,14,20,24,A1
migrations,0004_auto_20170821_2000.py,Simple Tuple,6,6,8,A1
migrations,0004_auto_20170821_2000.py,Simple Tuple,15,15,20,A1
migrations,0004_auto_20170821_2000.py,Simple Tuple,16,16,20,A1
migrations,0004_auto_20170821_2000.py,Simple Tuple,17,17,20,A1
migrations,0004_auto_20170821_2000.py,Simple Tuple,18,18,20,A1
migrations,0004_auto_20170821_2000.py,Simple Tuple,19,19,20,A1
migrations,0004_auto_20170821_2000.py,Simple Atributte,4,4,16,A2
migrations,0004_auto_20170821_2000.py,Simple Atributte,10,10,8,A2
migrations,0004_auto_20170821_2000.py,Simple Atributte,13,13,18,A2
migrations,0004_auto_20170821_2000.py,Simple Assignment,5,7,4,A1
migrations,0004_auto_20170821_2000.py,Simple Assignment,9,25,4,A1
migrations,0004_auto_20170821_2000.py,From,1,1,0,A2
migrations,0004_auto_20170821_2000.py,Alias,1,1,22,A1
migrations,0004_auto_20170821_2000.py,Alias,1,1,34,A1
migrations,0004_auto_20170821_2000.py,Simple Class ,4,25,0,B1
companies,admin.py,Simple List,13,13,20,A1
companies,admin.py,Simple List,14,14,19,A1
companies,admin.py,Simple List,15,15,15,A1
companies,admin.py,Simple Atributte,9,9,1,A2
companies,admin.py,Simple Assignment,13,13,4,A1
companies,admin.py,Simple Assignment,14,14,4,A1
companies,admin.py,Simple Assignment,15,15,4,A1
companies,admin.py,From,3,3,0,A2
companies,admin.py,From,5,5,0,A2
companies,admin.py,From,6,6,0,A2
companies,admin.py,Alias,3,3,27,A1
companies,admin.py,Alias,5,5,27,A1
companies,admin.py,Alias,6,6,34,A1
companies,admin.py,Inherited Class from NameSlugAdmin,10,15,0,B1
templatetags,companies.py,Simple Tuple,15,15,8,A1
templatetags,companies.py,Simple Tuple,19,19,71,A1
templatetags,companies.py,Simple Tuple,20,20,70,A1
templatetags,companies.py,Simple Atributte,7,7,11,A2
templatetags,companies.py,Simple Atributte,10,10,1,A2
templatetags,companies.py,Simple Atributte,15,15,26,A2
templatetags,companies.py,Simple Atributte,16,16,25,A2
templatetags,companies.py,Simple Atributte,17,17,24,A2
templatetags,companies.py,Simple List Comprehension,19,19,70,C1
templatetags,companies.py,Simple List Comprehension,20,20,69,C1
templatetags,companies.py,Simple Assignment,7,7,0,A1
templatetags,companies.py,Simple Assignment,15,15,8,A1
templatetags,companies.py,Simple Assignment,16,16,8,A1
templatetags,companies.py,Simple Assignment,17,17,8,A1
templatetags,companies.py,Simple Assignment,19,19,8,A1
templatetags,companies.py,Simple Assignment,20,20,8,A1
templatetags,companies.py,From,3,3,0,A2
templatetags,companies.py,From,4,4,0,A2
templatetags,companies.py,From,5,5,0,A2
templatetags,companies.py,Alias,3,3,19,A1
templatetags,companies.py,Alias,4,4,43,A1
templatetags,companies.py,Alias,5,5,30,A1
templatetags,companies.py,Alias,5,5,48,A1
templatetags,companies.py,Simple If statements,14,22,4,A1
templatetags,companies.py,Function with Simple argument,12,23,0,A1
templatetags,companies.py,Return,23,23,4,A1
templatetags,companies.py,Return,22,22,8,A1
companies,models.py,Simple Tuple,27,27,19,A1
companies,models.py,Simple Atributte,17,17,14,A2
companies,models.py,Simple Atributte,18,18,12,A2
companies,models.py,Simple Atributte,19,19,10,A2
companies,models.py,Simple Atributte,20,20,11,A2
companies,models.py,Simple Assignment,10,10,0,A1
companies,models.py,Simple Assignment,16,16,4,A1
companies,models.py,Simple Assignment,17,17,4,A1
companies,models.py,Simple Assignment,18,18,4,A1
companies,models.py,Simple Assignment,19,19,4,A1
companies,models.py,Simple Assignment,20,20,4,A1
companies,models.py,Simple Assignment,25,25,8,A1
companies,models.py,Simple Assignment,26,26,8,A1
companies,models.py,Simple Assignment,27,27,8,A1
companies,models.py,From,3,3,0,A2
companies,models.py,From,4,4,0,A2
companies,models.py,From with 'as' extension ,5,5,0,B1
companies,models.py,From,6,6,0,A2
companies,models.py,From,8,8,0,A2
companies,models.py,Alias,3,3,24,A1
companies,models.py,Alias,4,4,22,A1
companies,models.py,Alias,5,5,37,A1
companies,models.py,Alias,6,6,31,A1
companies,models.py,Alias,8,8,28,A1
companies,models.py,Inherited Class from NameSlugModel,13,27,0,B1
companies,models.py,Simple Class ,22,27,4,B1
companies,apps.py,Simple Assignment,9,9,4,A1
companies,apps.py,Simple Assignment,10,10,4,A1
companies,apps.py,From,3,3,0,A2
companies,apps.py,Alias,3,3,24,A1
companies,apps.py,Inherited Class from AppConfig,6,10,0,B1
migrations,0001_initial.py,Simple List,9,9,19,A1
migrations,0001_initial.py,Simple List,11,49,17,A1
migrations,0001_initial.py,Simple List,14,47,19,A1
migrations,0001_initial.py,Simple Tuple,15,23,16,A1
migrations,0001_initial.py,Simple Tuple,24,30,16,A1
migrations,0001_initial.py,Simple Tuple,31,34,16,A1
migrations,0001_initial.py,Simple Tuple,35,38,16,A1
migrations,0001_initial.py,Simple Tuple,39,42,16,A1
migrations,0001_initial.py,Simple Tuple,43,46,16,A1
migrations,0001_initial.py,Simple Atributte,6,6,16,A2
migrations,0001_initial.py,Simple Atributte,12,12,8,A2
migrations,0001_initial.py,Simple Atributte,17,17,20,A2
migrations,0001_initial.py,Simple Atributte,26,26,20,A2
migrations,0001_initial.py,Simple Atributte,33,33,20,A2
migrations,0001_initial.py,Simple Atributte,37,37,20,A2
migrations,0001_initial.py,Simple Atributte,41,41,20,A2
migrations,0001_initial.py,Simple Atributte,45,45,20,A2
migrations,0001_initial.py,Simple Assignment,7,7,4,A1
migrations,0001_initial.py,Simple Assignment,9,9,4,A1
migrations,0001_initial.py,Simple Assignment,11,49,4,A1
migrations,0001_initial.py,From,3,3,0,A2
migrations,0001_initial.py,Alias,3,3,22,A1
migrations,0001_initial.py,Alias,3,3,34,A1
migrations,0001_initial.py,Simple Class ,6,49,0,B1
banners,admin.py,Simple Tuple,12,12,19,A1
banners,admin.py,Simple Atributte,9,9,18,A2
banners,admin.py,Simple Atributte,8,8,1,A2
banners,admin.py,Simple Assignment,12,12,4,A1
banners,admin.py,From,3,3,0,A2
banners,admin.py,From,5,5,0,A2
banners,admin.py,Alias,3,3,27,A1
banners,admin.py,Alias,5,5,32,A1
banners,admin.py,Simple Class ,9,12,0,B1
templatetags,banners.py,Simple Dictionary,15,15,12,A2
templatetags,banners.py,Simple Atributte,21,21,1,A2
templatetags,banners.py,Simple Atributte,28,28,1,A2
templatetags,banners.py,Simple Atributte,8,8,11,A2
templatetags,banners.py,Simple Atributte,24,24,13,A2
templatetags,banners.py,Simple Atributte,31,31,13,A2
templatetags,banners.py,Simple Atributte,15,15,24,A2
templatetags,banners.py,Simple Atributte,15,15,49,A2
templatetags,banners.py,Simple Atributte,15,15,71,A2
templatetags,banners.py,Simple Atributte,24,24,13,A2
templatetags,banners.py,Simple Atributte,31,31,13,A2
templatetags,banners.py,Simple Atributte,24,24,13,A2
templatetags,banners.py,Simple Atributte,31,31,13,A2
templatetags,banners.py,Simple Assignment,8,8,0,A1
templatetags,banners.py,Simple Assignment,24,24,4,A1
templatetags,banners.py,Simple Assignment,31,31,4,A1
templatetags,banners.py,From,3,3,0,A2
templatetags,banners.py,From,4,4,0,A2
templatetags,banners.py,From,6,6,0,A2
templatetags,banners.py,Alias,3,3,19,A1
templatetags,banners.py,Alias,4,4,35,A1
templatetags,banners.py,Alias,6,6,32,A1
templatetags,banners.py,Simple If statements,12,16,4,A1
templatetags,banners.py,Function with Simple argument with Default argument,11,18,0,A2
templatetags,banners.py,Function,22,25,0,A1
templatetags,banners.py,Function,29,32,0,A1
templatetags,banners.py,Return,18,18,4,A1
templatetags,banners.py,Return,25,25,4,A1
templatetags,banners.py,Return,32,32,4,A1
templatetags,banners.py,Return,13,16,8,A1
banners,models.py,Simple Atributte,6,6,13,A2
banners,models.py,Simple Atributte,9,9,12,A2
banners,models.py,Simple Atributte,10,10,14,A2
banners,models.py,Simple Atributte,11,11,11,A2
banners,models.py,Simple Atributte,12,12,13,A2
banners,models.py,Simple Atributte,13,13,21,A2
banners,models.py,Simple Atributte,17,17,15,A2
banners,models.py,Simple Assignment,9,9,4,A1
banners,models.py,Simple Assignment,10,10,4,A1
banners,models.py,Simple Assignment,11,11,4,A1
banners,models.py,Simple Assignment,12,12,4,A1
banners,models.py,Simple Assignment,13,13,4,A1
banners,models.py,From,3,3,0,A2
banners,models.py,Alias,3,3,22,A1
banners,models.py,Function with Simple argument,15,17,4,A1
banners,models.py,Return,17,17,8,A1
banners,models.py,Simple Class ,6,17,0,B1
banners,apps.py,Simple Assignment,9,9,4,A1
banners,apps.py,Simple Assignment,10,10,4,A1
banners,apps.py,From,3,3,0,A2
banners,apps.py,Alias,3,3,24,A1
banners,apps.py,Inherited Class from AppConfig,6,10,0,B1
migrations,0004_auto_20170831_0541.py,Simple List,8,10,19,A1
migrations,0004_auto_20170831_0541.py,Simple List,12,18,17,A1
migrations,0004_auto_20170831_0541.py,Simple Tuple,9,9,8,A1
migrations,0004_auto_20170831_0541.py,Simple Atributte,7,7,16,A2
migrations,0004_auto_20170831_0541.py,Simple Atributte,13,13,8,A2
migrations,0004_auto_20170831_0541.py,Simple Atributte,16,16,18,A2
migrations,0004_auto_20170831_0541.py,Simple Atributte,16,16,18,A2
migrations,0004_auto_20170831_0541.py,Simple Atributte,16,16,18,A2
migrations,0004_auto_20170831_0541.py,Simple Atributte,16,16,18,A2
migrations,0004_auto_20170831_0541.py,Simple Atributte,16,16,18,A2
migrations,0004_auto_20170831_0541.py,Simple Assignment,8,10,4,A1
migrations,0004_auto_20170831_0541.py,Simple Assignment,12,18,4,A1
migrations,0004_auto_20170831_0541.py,Import,3,3,0,A2
migrations,0004_auto_20170831_0541.py,From,4,4,0,A2
migrations,0004_auto_20170831_0541.py,Alias,3,3,7,A1
migrations,0004_auto_20170831_0541.py,Alias,4,4,22,A1
migrations,0004_auto_20170831_0541.py,Simple Class ,7,18,0,B1
migrations,0005_alter_link_creator_alter_link_last_modified_by_and_more.py,Simple List,9,12,19,A1
migrations,0005_alter_link_creator_alter_link_last_modified_by_and_more.py,Simple List,14,141,17,A1
migrations,0005_alter_link_creator_alter_link_last_modified_by_and_more.py,Simple Tuple,11,11,8,A1
migrations,0005_alter_link_creator_alter_link_last_modified_by_and_more.py,Simple Atributte,8,8,16,A2
migrations,0005_alter_link_creator_alter_link_last_modified_by_and_more.py,Simple Atributte,10,10,8,A2
migrations,0005_alter_link_creator_alter_link_last_modified_by_and_more.py,Simple Atributte,10,10,40,A2
migrations,0005_alter_link_creator_alter_link_last_modified_by_and_more.py,Simple Atributte,15,15,8,A2
migrations,0005_alter_link_creator_alter_link_last_modified_by_and_more.py,Simple Atributte,26,26,8,A2
migrations,0005_alter_link_creator_alter_link_last_modified_by_and_more.py,Simple Atributte,37,37,8,A2
migrations,0005_alter_link_creator_alter_link_last_modified_by_and_more.py,Simple Atributte,48,48,8,A2
migrations,0005_alter_link_creator_alter_link_last_modified_by_and_more.py,Simple Atributte,59,59,8,A2
migrations,0005_alter_link_creator_alter_link_last_modified_by_and_more.py,Simple Atributte,70,70,8,A2
migrations,0005_alter_link_creator_alter_link_last_modified_by_and_more.py,Simple Atributte,81,81,8,A2
migrations,0005_alter_link_creator_alter_link_last_modified_by_and_more.py,Simple Atributte,92,92,8,A2
migrations,0005_alter_link_creator_alter_link_last_modified_by_and_more.py,Simple Atributte,103,103,8,A2
migrations,0005_alter_link_creator_alter_link_last_modified_by_and_more.py,Simple Atributte,108,108,8,A2
migrations,0005_alter_link_creator_alter_link_last_modified_by_and_more.py,Simple Atributte,119,119,8,A2
migrations,0005_alter_link_creator_alter_link_last_modified_by_and_more.py,Simple Atributte,130,130,8,A2
migrations,0005_alter_link_creator_alter_link_last_modified_by_and_more.py,Simple Atributte,18,18,18,A2
migrations,0005_alter_link_creator_alter_link_last_modified_by_and_more.py,Simple Atributte,29,29,18,A2
migrations,0005_alter_link_creator_alter_link_last_modified_by_and_more.py,Simple Atributte,40,40,18,A2
migrations,0005_alter_link_creator_alter_link_last_modified_by_and_more.py,Simple Atributte,51,51,18,A2
migrations,0005_alter_link_creator_alter_link_last_modified_by_and_more.py,Simple Atributte,62,62,18,A2
migrations,0005_alter_link_creator_alter_link_last_modified_by_and_more.py,Simple Atributte,73,73,18,A2
migrations,0005_alter_link_creator_alter_link_last_modified_by_and_more.py,Simple Atributte,84,84,18,A2
migrations,0005_alter_link_creator_alter_link_last_modified_by_and_more.py,Simple Atributte,95,95,18,A2
migrations,0005_alter_link_creator_alter_link_last_modified_by_and_more.py,Simple Atributte,106,106,18,A2
migrations,0005_alter_link_creator_alter_link_last_modified_by_and_more.py,Simple Atributte,111,111,18,A2
migrations,0005_alter_link_creator_alter_link_last_modified_by_and_more.py,Simple Atributte,122,122,18,A2
migrations,0005_alter_link_creator_alter_link_last_modified_by_and_more.py,Simple Atributte,133,133,18,A2
migrations,0005_alter_link_creator_alter_link_last_modified_by_and_more.py,Simple Atributte,21,21,26,A2
migrations,0005_alter_link_creator_alter_link_last_modified_by_and_more.py,Simple Atributte,23,23,19,A2
migrations,0005_alter_link_creator_alter_link_last_modified_by_and_more.py,Simple Atributte,32,32,26,A2
migrations,0005_alter_link_creator_alter_link_last_modified_by_and_more.py,Simple Atributte,34,34,19,A2
migrations,0005_alter_link_creator_alter_link_last_modified_by_and_more.py,Simple Atributte,43,43,26,A2
migrations,0005_alter_link_creator_alter_link_last_modified_by_and_more.py,Simple Atributte,54,54,26,A2
migrations,0005_alter_link_creator_alter_link_last_modified_by_and_more.py,Simple Atributte,56,56,19,A2
migrations,0005_alter_link_creator_alter_link_last_modified_by_and_more.py,Simple Atributte,65,65,26,A2
migrations,0005_alter_link_creator_alter_link_last_modified_by_and_more.py,Simple Atributte,67,67,19,A2
migrations,0005_alter_link_creator_alter_link_last_modified_by_and_more.py,Simple Atributte,76,76,26,A2
migrations,0005_alter_link_creator_alter_link_last_modified_by_and_more.py,Simple Atributte,87,87,26,A2
migrations,0005_alter_link_creator_alter_link_last_modified_by_and_more.py,Simple Atributte,89,89,19,A2
migrations,0005_alter_link_creator_alter_link_last_modified_by_and_more.py,Simple Atributte,98,98,26,A2
migrations,0005_alter_link_creator_alter_link_last_modified_by_and_more.py,Simple Atributte,100,100,19,A2
migrations,0005_alter_link_creator_alter_link_last_modified_by_and_more.py,Simple Atributte,114,114,26,A2
migrations,0005_alter_link_creator_alter_link_last_modified_by_and_more.py,Simple Atributte,116,116,19,A2
migrations,0005_alter_link_creator_alter_link_last_modified_by_and_more.py,Simple Atributte,125,125,26,A2
migrations,0005_alter_link_creator_alter_link_last_modified_by_and_more.py,Simple Atributte,127,127,19,A2
migrations,0005_alter_link_creator_alter_link_last_modified_by_and_more.py,Simple Atributte,136,136,26,A2
migrations,0005_alter_link_creator_alter_link_last_modified_by_and_more.py,Simple Atributte,21,21,26,A2
migrations,0005_alter_link_creator_alter_link_last_modified_by_and_more.py,Simple Atributte,32,32,26,A2
migrations,0005_alter_link_creator_alter_link_last_modified_by_and_more.py,Simple Atributte,43,43,26,A2
migrations,0005_alter_link_creator_alter_link_last_modified_by_and_more.py,Simple Atributte,54,54,26,A2
migrations,0005_alter_link_creator_alter_link_last_modified_by_and_more.py,Simple Atributte,65,65,26,A2
migrations,0005_alter_link_creator_alter_link_last_modified_by_and_more.py,Simple Atributte,76,76,26,A2
migrations,0005_alter_link_creator_alter_link_last_modified_by_and_more.py,Simple Atributte,87,87,26,A2
migrations,0005_alter_link_creator_alter_link_last_modified_by_and_more.py,Simple Atributte,98,98,26,A2
migrations,0005_alter_link_creator_alter_link_last_modified_by_and_more.py,Simple Atributte,114,114,26,A2
migrations,0005_alter_link_creator_alter_link_last_modified_by_and_more.py,Simple Atributte,125,125,26,A2
migrations,0005_alter_link_creator_alter_link_last_modified_by_and_more.py,Simple Atributte,136,136,26,A2
migrations,0005_alter_link_creator_alter_link_last_modified_by_and_more.py,Simple Atributte,21,21,26,A2
migrations,0005_alter_link_creator_alter_link_last_modified_by_and_more.py,Simple Atributte,32,32,26,A2
migrations,0005_alter_link_creator_alter_link_last_modified_by_and_more.py,Simple Atributte,43,43,26,A2
migrations,0005_alter_link_creator_alter_link_last_modified_by_and_more.py,Simple Atributte,54,54,26,A2
migrations,0005_alter_link_creator_alter_link_last_modified_by_and_more.py,Simple Atributte,65,65,26,A2
migrations,0005_alter_link_creator_alter_link_last_modified_by_and_more.py,Simple Atributte,76,76,26,A2
migrations,0005_alter_link_creator_alter_link_last_modified_by_and_more.py,Simple Atributte,87,87,26,A2
migrations,0005_alter_link_creator_alter_link_last_modified_by_and_more.py,Simple Atributte,98,98,26,A2
migrations,0005_alter_link_creator_alter_link_last_modified_by_and_more.py,Simple Atributte,114,114,26,A2
migrations,0005_alter_link_creator_alter_link_last_modified_by_and_more.py,Simple Atributte,125,125,26,A2
migrations,0005_alter_link_creator_alter_link_last_modified_by_and_more.py,Simple Atributte,136,136,26,A2
migrations,0005_alter_link_creator_alter_link_last_modified_by_and_more.py,Simple Atributte,21,21,26,A2
migrations,0005_alter_link_creator_alter_link_last_modified_by_and_more.py,Simple Atributte,32,32,26,A2
migrations,0005_alter_link_creator_alter_link_last_modified_by_and_more.py,Simple Atributte,43,43,26,A2
migrations,0005_alter_link_creator_alter_link_last_modified_by_and_more.py,Simple Atributte,54,54,26,A2
migrations,0005_alter_link_creator_alter_link_last_modified_by_and_more.py,Simple Atributte,65,65,26,A2
migrations,0005_alter_link_creator_alter_link_last_modified_by_and_more.py,Simple Atributte,76,76,26,A2
migrations,0005_alter_link_creator_alter_link_last_modified_by_and_more.py,Simple Atributte,87,87,26,A2
migrations,0005_alter_link_creator_alter_link_last_modified_by_and_more.py,Simple Atributte,98,98,26,A2
migrations,0005_alter_link_creator_alter_link_last_modified_by_and_more.py,Simple Atributte,114,114,26,A2
migrations,0005_alter_link_creator_alter_link_last_modified_by_and_more.py,Simple Atributte,125,125,26,A2
migrations,0005_alter_link_creator_alter_link_last_modified_by_and_more.py,Simple Atributte,136,136,26,A2
migrations,0005_alter_link_creator_alter_link_last_modified_by_and_more.py,Simple Assignment,9,12,4,A1
migrations,0005_alter_link_creator_alter_link_last_modified_by_and_more.py,Simple Assignment,14,141,4,A1
migrations,0005_alter_link_creator_alter_link_last_modified_by_and_more.py,Import,3,3,0,A2
migrations,0005_alter_link_creator_alter_link_last_modified_by_and_more.py,From,4,4,0,A2
migrations,0005_alter_link_creator_alter_link_last_modified_by_and_more.py,From,5,5,0,A2
migrations,0005_alter_link_creator_alter_link_last_modified_by_and_more.py,Alias,3,3,7,A1
migrations,0005_alter_link_creator_alter_link_last_modified_by_and_more.py,Alias,4,4,24,A1
migrations,0005_alter_link_creator_alter_link_last_modified_by_and_more.py,Alias,5,5,22,A1
migrations,0005_alter_link_creator_alter_link_last_modified_by_and_more.py,Alias,5,5,34,A1
migrations,0005_alter_link_creator_alter_link_last_modified_by_and_more.py,Simple Class ,8,141,0,B1
migrations,0002_auto_20150416_1853.py,Simple List,5,7,19,A1
migrations,0002_auto_20150416_1853.py,Simple List,9,26,17,A1
migrations,0002_auto_20150416_1853.py,Simple List,16,22,24,A1
migrations,0002_auto_20150416_1853.py,Simple Tuple,6,6,8,A1
migrations,0002_auto_20150416_1853.py,Simple Tuple,17,17,20,A1
migrations,0002_auto_20150416_1853.py,Simple Tuple,18,18,20,A1
migrations,0002_auto_20150416_1853.py,Simple Tuple,19,19,20,A1
migrations,0002_auto_20150416_1853.py,Simple Tuple,20,20,20,A1
migrations,0002_auto_20150416_1853.py,Simple Tuple,21,21,20,A1
migrations,0002_auto_20150416_1853.py,Simple Atributte,4,4,16,A2
migrations,0002_auto_20150416_1853.py,Simple Atributte,10,10,8,A2
migrations,0002_auto_20150416_1853.py,Simple Atributte,13,13,18,A2
migrations,0002_auto_20150416_1853.py,Simple Assignment,5,7,4,A1
migrations,0002_auto_20150416_1853.py,Simple Assignment,9,26,4,A1
migrations,0002_auto_20150416_1853.py,From,1,1,0,A2
migrations,0002_auto_20150416_1853.py,Alias,1,1,22,A1
migrations,0002_auto_20150416_1853.py,Alias,1,1,34,A1
migrations,0002_auto_20150416_1853.py,Simple Class ,4,26,0,B1
migrations,0001_squashed_0004_auto_20170831_0541.py,Simple List,12,17,15,A1
migrations,0001_squashed_0004_auto_20170831_0541.py,Simple List,21,23,19,A1
migrations,0001_squashed_0004_auto_20170831_0541.py,Simple List,25,253,17,A1
migrations,0001_squashed_0004_auto_20170831_0541.py,Simple List,28,53,19,A1
migrations,0001_squashed_0004_auto_20170831_0541.py,Simple List,63,91,19,A1
migrations,0001_squashed_0004_auto_20170831_0541.py,Simple List,101,150,19,A1
migrations,0001_squashed_0004_auto_20170831_0541.py,Simple List,160,198,19,A1
migrations,0001_squashed_0004_auto_20170831_0541.py,Simple List,56,56,28,A1
migrations,0001_squashed_0004_auto_20170831_0541.py,Simple List,94,94,28,A1
migrations,0001_squashed_0004_auto_20170831_0541.py,Simple List,153,153,28,A1
migrations,0001_squashed_0004_auto_20170831_0541.py,Simple List,201,201,28,A1
migrations,0001_squashed_0004_auto_20170831_0541.py,Simple List,232,238,24,A1
migrations,0001_squashed_0004_auto_20170831_0541.py,Simple List,111,117,32,A1
migrations,0001_squashed_0004_auto_20170831_0541.py,Simple List,125,125,48,A1
migrations,0001_squashed_0004_auto_20170831_0541.py,Simple List,129,129,55,A1
migrations,0001_squashed_0004_auto_20170831_0541.py,Simple Tuple,13,13,8,A1
migrations,0001_squashed_0004_auto_20170831_0541.py,Simple Tuple,14,14,8,A1
migrations,0001_squashed_0004_auto_20170831_0541.py,Simple Tuple,15,15,8,A1
migrations,0001_squashed_0004_auto_20170831_0541.py,Simple Tuple,16,16,8,A1
migrations,0001_squashed_0004_auto_20170831_0541.py,Simple Tuple,29,29,16,A1
migrations,0001_squashed_0004_auto_20170831_0541.py,Simple Tuple,30,30,16,A1
migrations,0001_squashed_0004_auto_20170831_0541.py,Simple Tuple,31,31,16,A1
migrations,0001_squashed_0004_auto_20170831_0541.py,Simple Tuple,32,32,16,A1
migrations,0001_squashed_0004_auto_20170831_0541.py,Simple Tuple,33,42,16,A1
migrations,0001_squashed_0004_auto_20170831_0541.py,Simple Tuple,43,52,16,A1
migrations,0001_squashed_0004_auto_20170831_0541.py,Simple Tuple,64,64,16,A1
migrations,0001_squashed_0004_auto_20170831_0541.py,Simple Tuple,65,65,16,A1
migrations,0001_squashed_0004_auto_20170831_0541.py,Simple Tuple,66,66,16,A1
migrations,0001_squashed_0004_auto_20170831_0541.py,Simple Tuple,67,67,16,A1
migrations,0001_squashed_0004_auto_20170831_0541.py,Simple Tuple,68,68,16,A1
migrations,0001_squashed_0004_auto_20170831_0541.py,Simple Tuple,69,69,16,A1
migrations,0001_squashed_0004_auto_20170831_0541.py,Simple Tuple,70,70,16,A1
migrations,0001_squashed_0004_auto_20170831_0541.py,Simple Tuple,71,80,16,A1
migrations,0001_squashed_0004_auto_20170831_0541.py,Simple Tuple,81,90,16,A1
migrations,0001_squashed_0004_auto_20170831_0541.py,Simple Tuple,102,102,16,A1
migrations,0001_squashed_0004_auto_20170831_0541.py,Simple Tuple,103,103,16,A1
migrations,0001_squashed_0004_auto_20170831_0541.py,Simple Tuple,104,104,16,A1
migrations,0001_squashed_0004_auto_20170831_0541.py,Simple Tuple,105,105,16,A1
migrations,0001_squashed_0004_auto_20170831_0541.py,Simple Tuple,106,106,16,A1
migrations,0001_squashed_0004_auto_20170831_0541.py,Simple Tuple,107,107,16,A1
migrations,0001_squashed_0004_auto_20170831_0541.py,Simple Tuple,108,121,16,A1
migrations,0001_squashed_0004_auto_20170831_0541.py,Simple Tuple,122,122,16,A1
migrations,0001_squashed_0004_auto_20170831_0541.py,Simple Tuple,123,126,16,A1
migrations,0001_squashed_0004_auto_20170831_0541.py,Simple Tuple,127,127,16,A1
migrations,0001_squashed_0004_auto_20170831_0541.py,Simple Tuple,128,128,16,A1
migrations,0001_squashed_0004_auto_20170831_0541.py,Simple Tuple,129,129,16,A1
migrations,0001_squashed_0004_auto_20170831_0541.py,Simple Tuple,130,139,16,A1
migrations,0001_squashed_0004_auto_20170831_0541.py,Simple Tuple,140,149,16,A1
migrations,0001_squashed_0004_auto_20170831_0541.py,Simple Tuple,161,161,16,A1
migrations,0001_squashed_0004_auto_20170831_0541.py,Simple Tuple,162,162,16,A1
migrations,0001_squashed_0004_auto_20170831_0541.py,Simple Tuple,163,163,16,A1
migrations,0001_squashed_0004_auto_20170831_0541.py,Simple Tuple,164,164,16,A1
migrations,0001_squashed_0004_auto_20170831_0541.py,Simple Tuple,165,165,16,A1
migrations,0001_squashed_0004_auto_20170831_0541.py,Simple Tuple,166,166,16,A1
migrations,0001_squashed_0004_auto_20170831_0541.py,Simple Tuple,167,167,16,A1
migrations,0001_squashed_0004_auto_20170831_0541.py,Simple Tuple,168,177,16,A1
migrations,0001_squashed_0004_auto_20170831_0541.py,Simple Tuple,178,187,16,A1
migrations,0001_squashed_0004_auto_20170831_0541.py,Simple Tuple,188,197,16,A1
migrations,0001_squashed_0004_auto_20170831_0541.py,Simple Tuple,233,233,20,A1
migrations,0001_squashed_0004_auto_20170831_0541.py,Simple Tuple,234,234,20,A1
migrations,0001_squashed_0004_auto_20170831_0541.py,Simple Tuple,235,235,20,A1
migrations,0001_squashed_0004_auto_20170831_0541.py,Simple Tuple,236,236,20,A1
migrations,0001_squashed_0004_auto_20170831_0541.py,Simple Tuple,237,237,20,A1
migrations,0001_squashed_0004_auto_20170831_0541.py,Simple Tuple,112,112,28,A1
migrations,0001_squashed_0004_auto_20170831_0541.py,Simple Tuple,113,113,28,A1
migrations,0001_squashed_0004_auto_20170831_0541.py,Simple Tuple,114,114,28,A1
migrations,0001_squashed_0004_auto_20170831_0541.py,Simple Tuple,115,115,28,A1
migrations,0001_squashed_0004_auto_20170831_0541.py,Simple Tuple,116,116,28,A1
migrations,0001_squashed_0004_auto_20170831_0541.py,Simple Tuple,125,125,49,A1
migrations,0001_squashed_0004_auto_20170831_0541.py,Simple Tuple,125,125,62,A1
migrations,0001_squashed_0004_auto_20170831_0541.py,Simple Tuple,125,125,76,A1
migrations,0001_squashed_0004_auto_20170831_0541.py,Simple Tuple,125,125,90,A1
migrations,0001_squashed_0004_auto_20170831_0541.py,Simple Tuple,129,129,56,A1
migrations,0001_squashed_0004_auto_20170831_0541.py,Simple Tuple,129,129,72,A1
migrations,0001_squashed_0004_auto_20170831_0541.py,1 List Dictionary,54,59,20,B1
migrations,0001_squashed_0004_auto_20170831_0541.py,1 List Dictionary,92,97,20,B1
migrations,0001_squashed_0004_auto_20170831_0541.py,1 List Dictionary,151,156,20,B1
migrations,0001_squashed_0004_auto_20170831_0541.py,1 List Dictionary,199,204,20,B1
migrations,0001_squashed_0004_auto_20170831_0541.py,Simple Dictionary,246,246,85,A2
migrations,0001_squashed_0004_auto_20170831_0541.py,Simple Dictionary,128,128,92,A2
migrations,0001_squashed_0004_auto_20170831_0541.py,Simple Atributte,11,11,16,A2
migrations,0001_squashed_0004_auto_20170831_0541.py,Simple Atributte,22,22,8,A2
migrations,0001_squashed_0004_auto_20170831_0541.py,Simple Atributte,22,22,40,A2
migrations,0001_squashed_0004_auto_20170831_0541.py,Simple Atributte,26,26,8,A2
migrations,0001_squashed_0004_auto_20170831_0541.py,Simple Atributte,61,61,8,A2
migrations,0001_squashed_0004_auto_20170831_0541.py,Simple Atributte,99,99,8,A2
migrations,0001_squashed_0004_auto_20170831_0541.py,Simple Atributte,158,158,8,A2
migrations,0001_squashed_0004_auto_20170831_0541.py,Simple Atributte,206,206,8,A2
migrations,0001_squashed_0004_auto_20170831_0541.py,Simple Atributte,217,217,8,A2
migrations,0001_squashed_0004_auto_20170831_0541.py,Simple Atributte,228,228,8,A2
migrations,0001_squashed_0004_auto_20170831_0541.py,Simple Atributte,243,243,8,A2
migrations,0001_squashed_0004_auto_20170831_0541.py,Simple Atributte,248,248,8,A2
migrations,0001_squashed_0004_auto_20170831_0541.py,Simple Atributte,209,209,18,A2
migrations,0001_squashed_0004_auto_20170831_0541.py,Simple Atributte,220,220,18,A2
migrations,0001_squashed_0004_auto_20170831_0541.py,Simple Atributte,231,231,18,A2
migrations,0001_squashed_0004_auto_20170831_0541.py,Simple Atributte,246,246,18,A2
migrations,0001_squashed_0004_auto_20170831_0541.py,Simple Atributte,251,251,18,A2
migrations,0001_squashed_0004_auto_20170831_0541.py,Simple Atributte,212,212,26,A2
migrations,0001_squashed_0004_auto_20170831_0541.py,Simple Atributte,223,223,26,A2
migrations,0001_squashed_0004_auto_20170831_0541.py,Simple Atributte,246,246,18,A2
migrations,0001_squashed_0004_auto_20170831_0541.py,Simple Atributte,251,251,18,A2
migrations,0001_squashed_0004_auto_20170831_0541.py,Simple Atributte,29,29,23,A2
migrations,0001_squashed_0004_auto_20170831_0541.py,Simple Atributte,30,30,28,A2
migrations,0001_squashed_0004_auto_20170831_0541.py,Simple Atributte,31,31,28,A2
migrations,0001_squashed_0004_auto_20170831_0541.py,Simple Atributte,32,32,24,A2
migrations,0001_squashed_0004_auto_20170831_0541.py,Simple Atributte,35,35,20,A2
migrations,0001_squashed_0004_auto_20170831_0541.py,Simple Atributte,45,45,20,A2
migrations,0001_squashed_0004_auto_20170831_0541.py,Simple Atributte,64,64,23,A2
migrations,0001_squashed_0004_auto_20170831_0541.py,Simple Atributte,65,65,28,A2
migrations,0001_squashed_0004_auto_20170831_0541.py,Simple Atributte,66,66,28,A2
migrations,0001_squashed_0004_auto_20170831_0541.py,Simple Atributte,67,67,26,A2
migrations,0001_squashed_0004_auto_20170831_0541.py,Simple Atributte,68,68,30,A2
migrations,0001_squashed_0004_auto_20170831_0541.py,Simple Atributte,69,69,28,A2
migrations,0001_squashed_0004_auto_20170831_0541.py,Simple Atributte,70,70,38,A2
migrations,0001_squashed_0004_auto_20170831_0541.py,Simple Atributte,73,73,20,A2
migrations,0001_squashed_0004_auto_20170831_0541.py,Simple Atributte,83,83,20,A2
migrations,0001_squashed_0004_auto_20170831_0541.py,Simple Atributte,102,102,23,A2
migrations,0001_squashed_0004_auto_20170831_0541.py,Simple Atributte,103,103,28,A2
migrations,0001_squashed_0004_auto_20170831_0541.py,Simple Atributte,104,104,28,A2
migrations,0001_squashed_0004_auto_20170831_0541.py,Simple Atributte,105,105,26,A2
migrations,0001_squashed_0004_auto_20170831_0541.py,Simple Atributte,106,106,28,A2
migrations,0001_squashed_0004_auto_20170831_0541.py,Simple Atributte,107,107,29,A2
migrations,0001_squashed_0004_auto_20170831_0541.py,Simple Atributte,110,110,20,A2
migrations,0001_squashed_0004_auto_20170831_0541.py,Simple Atributte,122,122,38,A2
migrations,0001_squashed_0004_auto_20170831_0541.py,Simple Atributte,125,125,20,A2
migrations,0001_squashed_0004_auto_20170831_0541.py,Simple Atributte,127,127,31,A2
migrations,0001_squashed_0004_auto_20170831_0541.py,Simple Atributte,128,128,25,A2
migrations,0001_squashed_0004_auto_20170831_0541.py,Simple Atributte,129,129,27,A2
migrations,0001_squashed_0004_auto_20170831_0541.py,Simple Atributte,132,132,20,A2
migrations,0001_squashed_0004_auto_20170831_0541.py,Simple Atributte,142,142,20,A2
migrations,0001_squashed_0004_auto_20170831_0541.py,Simple Atributte,161,161,23,A2
migrations,0001_squashed_0004_auto_20170831_0541.py,Simple Atributte,162,162,28,A2
migrations,0001_squashed_0004_auto_20170831_0541.py,Simple Atributte,163,163,28,A2
migrations,0001_squashed_0004_auto_20170831_0541.py,Simple Atributte,164,164,32,A2
migrations,0001_squashed_0004_auto_20170831_0541.py,Simple Atributte,165,165,31,A2
migrations,0001_squashed_0004_auto_20170831_0541.py,Simple Atributte,166,166,28,A2
migrations,0001_squashed_0004_auto_20170831_0541.py,Simple Atributte,167,167,38,A2
migrations,0001_squashed_0004_auto_20170831_0541.py,Simple Atributte,170,170,20,A2
migrations,0001_squashed_0004_auto_20170831_0541.py,Simple Atributte,180,180,20,A2
migrations,0001_squashed_0004_auto_20170831_0541.py,Simple Atributte,190,190,20,A2
migrations,0001_squashed_0004_auto_20170831_0541.py,Simple Atributte,212,212,26,A2
migrations,0001_squashed_0004_auto_20170831_0541.py,Simple Atributte,223,223,26,A2
migrations,0001_squashed_0004_auto_20170831_0541.py,Simple Atributte,246,246,18,A2
migrations,0001_squashed_0004_auto_20170831_0541.py,Simple Atributte,251,251,18,A2
migrations,0001_squashed_0004_auto_20170831_0541.py,Simple Atributte,30,30,84,A2
migrations,0001_squashed_0004_auto_20170831_0541.py,Simple Atributte,31,31,57,A2
migrations,0001_squashed_0004_auto_20170831_0541.py,Simple Atributte,38,38,34,A2
migrations,0001_squashed_0004_auto_20170831_0541.py,Simple Atributte,40,40,27,A2
migrations,0001_squashed_0004_auto_20170831_0541.py,Simple Atributte,48,48,34,A2
migrations,0001_squashed_0004_auto_20170831_0541.py,Simple Atributte,50,50,27,A2
migrations,0001_squashed_0004_auto_20170831_0541.py,Simple Atributte,65,65,84,A2
migrations,0001_squashed_0004_auto_20170831_0541.py,Simple Atributte,66,66,57,A2
migrations,0001_squashed_0004_auto_20170831_0541.py,Simple Atributte,76,76,34,A2
migrations,0001_squashed_0004_auto_20170831_0541.py,Simple Atributte,78,78,27,A2
migrations,0001_squashed_0004_auto_20170831_0541.py,Simple Atributte,86,86,34,A2
migrations,0001_squashed_0004_auto_20170831_0541.py,Simple Atributte,88,88,27,A2
migrations,0001_squashed_0004_auto_20170831_0541.py,Simple Atributte,103,103,84,A2
migrations,0001_squashed_0004_auto_20170831_0541.py,Simple Atributte,104,104,57,A2
migrations,0001_squashed_0004_auto_20170831_0541.py,Simple Atributte,106,106,28,A2
migrations,0001_squashed_0004_auto_20170831_0541.py,Simple Atributte,128,128,25,A2
migrations,0001_squashed_0004_auto_20170831_0541.py,Simple Atributte,135,135,34,A2
migrations,0001_squashed_0004_auto_20170831_0541.py,Simple Atributte,137,137,27,A2
migrations,0001_squashed_0004_auto_20170831_0541.py,Simple Atributte,145,145,34,A2
migrations,0001_squashed_0004_auto_20170831_0541.py,Simple Atributte,147,147,27,A2
migrations,0001_squashed_0004_auto_20170831_0541.py,Simple Atributte,162,162,84,A2
migrations,0001_squashed_0004_auto_20170831_0541.py,Simple Atributte,163,163,57,A2
migrations,0001_squashed_0004_auto_20170831_0541.py,Simple Atributte,173,173,34,A2
migrations,0001_squashed_0004_auto_20170831_0541.py,Simple Atributte,175,175,27,A2
migrations,0001_squashed_0004_auto_20170831_0541.py,Simple Atributte,183,183,34,A2
migrations,0001_squashed_0004_auto_20170831_0541.py,Simple Atributte,185,185,27,A2
migrations,0001_squashed_0004_auto_20170831_0541.py,Simple Atributte,193,193,34,A2
migrations,0001_squashed_0004_auto_20170831_0541.py,Simple Atributte,212,212,26,A2
migrations,0001_squashed_0004_auto_20170831_0541.py,Simple Atributte,223,223,26,A2
migrations,0001_squashed_0004_auto_20170831_0541.py,Simple Atributte,246,246,18,A2
migrations,0001_squashed_0004_auto_20170831_0541.py,Simple Atributte,251,251,18,A2
migrations,0001_squashed_0004_auto_20170831_0541.py,Simple Atributte,30,30,84,A2
migrations,0001_squashed_0004_auto_20170831_0541.py,Simple Atributte,31,31,57,A2
migrations,0001_squashed_0004_auto_20170831_0541.py,Simple Atributte,38,38,34,A2
migrations,0001_squashed_0004_auto_20170831_0541.py,Simple Atributte,48,48,34,A2
migrations,0001_squashed_0004_auto_20170831_0541.py,Simple Atributte,65,65,84,A2
migrations,0001_squashed_0004_auto_20170831_0541.py,Simple Atributte,66,66,57,A2
migrations,0001_squashed_0004_auto_20170831_0541.py,Simple Atributte,76,76,34,A2
migrations,0001_squashed_0004_auto_20170831_0541.py,Simple Atributte,86,86,34,A2
migrations,0001_squashed_0004_auto_20170831_0541.py,Simple Atributte,103,103,84,A2
migrations,0001_squashed_0004_auto_20170831_0541.py,Simple Atributte,104,104,57,A2
migrations,0001_squashed_0004_auto_20170831_0541.py,Simple Atributte,128,128,25,A2
migrations,0001_squashed_0004_auto_20170831_0541.py,Simple Atributte,135,135,34,A2
migrations,0001_squashed_0004_auto_20170831_0541.py,Simple Atributte,145,145,34,A2
migrations,0001_squashed_0004_auto_20170831_0541.py,Simple Atributte,162,162,84,A2
migrations,0001_squashed_0004_auto_20170831_0541.py,Simple Atributte,163,163,57,A2
migrations,0001_squashed_0004_auto_20170831_0541.py,Simple Atributte,173,173,34,A2
migrations,0001_squashed_0004_auto_20170831_0541.py,Simple Atributte,183,183,34,A2
migrations,0001_squashed_0004_auto_20170831_0541.py,Simple Atributte,193,193,34,A2
migrations,0001_squashed_0004_auto_20170831_0541.py,Simple Atributte,212,212,26,A2
migrations,0001_squashed_0004_auto_20170831_0541.py,Simple Atributte,223,223,26,A2
migrations,0001_squashed_0004_auto_20170831_0541.py,Simple Atributte,246,246,18,A2
migrations,0001_squashed_0004_auto_20170831_0541.py,Simple Atributte,251,251,18,A2
migrations,0001_squashed_0004_auto_20170831_0541.py,Simple Atributte,30,30,84,A2
migrations,0001_squashed_0004_auto_20170831_0541.py,Simple Atributte,31,31,57,A2
migrations,0001_squashed_0004_auto_20170831_0541.py,Simple Atributte,38,38,34,A2
migrations,0001_squashed_0004_auto_20170831_0541.py,Simple Atributte,48,48,34,A2
migrations,0001_squashed_0004_auto_20170831_0541.py,Simple Atributte,65,65,84,A2
migrations,0001_squashed_0004_auto_20170831_0541.py,Simple Atributte,66,66,57,A2
migrations,0001_squashed_0004_auto_20170831_0541.py,Simple Atributte,76,76,34,A2
migrations,0001_squashed_0004_auto_20170831_0541.py,Simple Atributte,86,86,34,A2
migrations,0001_squashed_0004_auto_20170831_0541.py,Simple Atributte,103,103,84,A2
migrations,0001_squashed_0004_auto_20170831_0541.py,Simple Atributte,104,104,57,A2
migrations,0001_squashed_0004_auto_20170831_0541.py,Simple Atributte,128,128,25,A2
migrations,0001_squashed_0004_auto_20170831_0541.py,Simple Atributte,135,135,34,A2
migrations,0001_squashed_0004_auto_20170831_0541.py,Simple Atributte,145,145,34,A2
migrations,0001_squashed_0004_auto_20170831_0541.py,Simple Atributte,162,162,84,A2
migrations,0001_squashed_0004_auto_20170831_0541.py,Simple Atributte,163,163,57,A2
migrations,0001_squashed_0004_auto_20170831_0541.py,Simple Atributte,173,173,34,A2
migrations,0001_squashed_0004_auto_20170831_0541.py,Simple Atributte,183,183,34,A2
migrations,0001_squashed_0004_auto_20170831_0541.py,Simple Atributte,193,193,34,A2
migrations,0001_squashed_0004_auto_20170831_0541.py,Simple Atributte,38,38,34,A2
migrations,0001_squashed_0004_auto_20170831_0541.py,Simple Atributte,48,48,34,A2
migrations,0001_squashed_0004_auto_20170831_0541.py,Simple Atributte,76,76,34,A2
migrations,0001_squashed_0004_auto_20170831_0541.py,Simple Atributte,86,86,34,A2
migrations,0001_squashed_0004_auto_20170831_0541.py,Simple Atributte,128,128,25,A2
migrations,0001_squashed_0004_auto_20170831_0541.py,Simple Atributte,135,135,34,A2
migrations,0001_squashed_0004_auto_20170831_0541.py,Simple Atributte,145,145,34,A2
migrations,0001_squashed_0004_auto_20170831_0541.py,Simple Atributte,173,173,34,A2
migrations,0001_squashed_0004_auto_20170831_0541.py,Simple Atributte,183,183,34,A2
migrations,0001_squashed_0004_auto_20170831_0541.py,Simple Atributte,193,193,34,A2
migrations,0001_squashed_0004_auto_20170831_0541.py,Simple Assignment,12,17,4,A1
migrations,0001_squashed_0004_auto_20170831_0541.py,Simple Assignment,19,19,4,A1
migrations,0001_squashed_0004_auto_20170831_0541.py,Simple Assignment,21,23,4,A1
migrations,0001_squashed_0004_auto_20170831_0541.py,Simple Assignment,25,253,4,A1
migrations,0001_squashed_0004_auto_20170831_0541.py,Import,3,3,0,A2
migrations,0001_squashed_0004_auto_20170831_0541.py,Import,4,4,0,A2
migrations,0001_squashed_0004_auto_20170831_0541.py,Import,5,5,0,A2
migrations,0001_squashed_0004_auto_20170831_0541.py,Import,6,6,0,A2
migrations,0001_squashed_0004_auto_20170831_0541.py,From,7,7,0,A2
migrations,0001_squashed_0004_auto_20170831_0541.py,From,8,8,0,A2
migrations,0001_squashed_0004_auto_20170831_0541.py,Alias,3,3,7,A1
migrations,0001_squashed_0004_auto_20170831_0541.py,Alias,4,4,7,A1
migrations,0001_squashed_0004_auto_20170831_0541.py,Alias,5,5,7,A1
migrations,0001_squashed_0004_auto_20170831_0541.py,Alias,6,6,7,A1
migrations,0001_squashed_0004_auto_20170831_0541.py,Alias,7,7,24,A1
migrations,0001_squashed_0004_auto_20170831_0541.py,Alias,8,8,22,A1
migrations,0001_squashed_0004_auto_20170831_0541.py,Alias,8,8,34,A1
migrations,0001_squashed_0004_auto_20170831_0541.py,Simple Class ,11,253,0,B1
migrations,0001_initial.py,Simple List,9,11,19,A1
migrations,0001_initial.py,Simple List,13,214,17,A1
migrations,0001_initial.py,Simple List,16,41,19,A1
migrations,0001_initial.py,Simple List,52,80,19,A1
migrations,0001_initial.py,Simple List,91,140,19,A1
migrations,0001_initial.py,Simple List,151,189,19,A1
migrations,0001_initial.py,Simple List,45,45,28,A1
migrations,0001_initial.py,Simple List,84,84,28,A1
migrations,0001_initial.py,Simple List,144,144,28,A1
migrations,0001_initial.py,Simple List,193,193,28,A1
migrations,0001_initial.py,Simple List,102,108,32,A1
migrations,0001_initial.py,Simple List,115,115,48,A1
migrations,0001_initial.py,Simple List,119,119,70,A1
migrations,0001_initial.py,Simple Tuple,48,48,18,A1
migrations,0001_initial.py,Simple Tuple,87,87,18,A1
migrations,0001_initial.py,Simple Tuple,147,147,18,A1
migrations,0001_initial.py,Simple Tuple,196,196,18,A1
migrations,0001_initial.py,Simple Tuple,17,17,16,A1
migrations,0001_initial.py,Simple Tuple,18,18,16,A1
migrations,0001_initial.py,Simple Tuple,19,19,16,A1
migrations,0001_initial.py,Simple Tuple,20,20,16,A1
migrations,0001_initial.py,Simple Tuple,21,30,16,A1
migrations,0001_initial.py,Simple Tuple,31,40,16,A1
migrations,0001_initial.py,Simple Tuple,53,53,16,A1
migrations,0001_initial.py,Simple Tuple,54,54,16,A1
migrations,0001_initial.py,Simple Tuple,55,55,16,A1
migrations,0001_initial.py,Simple Tuple,56,56,16,A1
migrations,0001_initial.py,Simple Tuple,57,57,16,A1
migrations,0001_initial.py,Simple Tuple,58,58,16,A1
migrations,0001_initial.py,Simple Tuple,59,59,16,A1
migrations,0001_initial.py,Simple Tuple,60,69,16,A1
migrations,0001_initial.py,Simple Tuple,70,79,16,A1
migrations,0001_initial.py,Simple Tuple,92,92,16,A1
migrations,0001_initial.py,Simple Tuple,93,93,16,A1
migrations,0001_initial.py,Simple Tuple,94,94,16,A1
migrations,0001_initial.py,Simple Tuple,95,95,16,A1
migrations,0001_initial.py,Simple Tuple,96,96,16,A1
migrations,0001_initial.py,Simple Tuple,97,97,16,A1
migrations,0001_initial.py,Simple Tuple,98,111,16,A1
migrations,0001_initial.py,Simple Tuple,112,112,16,A1
migrations,0001_initial.py,Simple Tuple,113,116,16,A1
migrations,0001_initial.py,Simple Tuple,117,117,16,A1
migrations,0001_initial.py,Simple Tuple,118,118,16,A1
migrations,0001_initial.py,Simple Tuple,119,119,16,A1
migrations,0001_initial.py,Simple Tuple,120,129,16,A1
migrations,0001_initial.py,Simple Tuple,130,139,16,A1
migrations,0001_initial.py,Simple Tuple,152,152,16,A1
migrations,0001_initial.py,Simple Tuple,153,153,16,A1
migrations,0001_initial.py,Simple Tuple,154,154,16,A1
migrations,0001_initial.py,Simple Tuple,155,155,16,A1
migrations,0001_initial.py,Simple Tuple,156,156,16,A1
migrations,0001_initial.py,Simple Tuple,157,157,16,A1
migrations,0001_initial.py,Simple Tuple,158,158,16,A1
migrations,0001_initial.py,Simple Tuple,159,168,16,A1
migrations,0001_initial.py,Simple Tuple,169,178,16,A1
migrations,0001_initial.py,Simple Tuple,179,188,16,A1
migrations,0001_initial.py,Simple Tuple,103,103,28,A1
migrations,0001_initial.py,Simple Tuple,104,104,28,A1
migrations,0001_initial.py,Simple Tuple,105,105,28,A1
migrations,0001_initial.py,Simple Tuple,106,106,28,A1
migrations,0001_initial.py,Simple Tuple,107,107,28,A1
migrations,0001_initial.py,Simple Tuple,115,115,49,A1
migrations,0001_initial.py,Simple Tuple,115,115,62,A1
migrations,0001_initial.py,Simple Tuple,115,115,76,A1
migrations,0001_initial.py,Simple Tuple,115,115,90,A1
migrations,0001_initial.py,Simple Tuple,119,119,71,A1
migrations,0001_initial.py,Simple Tuple,119,119,87,A1
migrations,0001_initial.py,1 List Dictionary,42,47,20,B1
migrations,0001_initial.py,1 List Dictionary,81,86,20,B1
migrations,0001_initial.py,1 List Dictionary,141,146,20,B1
migrations,0001_initial.py,1 List Dictionary,190,195,20,B1
migrations,0001_initial.py,Simple Dictionary,118,118,80,A2
migrations,0001_initial.py,Simple Atributte,8,8,16,A2
migrations,0001_initial.py,Simple Atributte,10,10,8,A2
migrations,0001_initial.py,Simple Atributte,10,10,40,A2
migrations,0001_initial.py,Simple Atributte,14,14,8,A2
migrations,0001_initial.py,Simple Atributte,50,50,8,A2
migrations,0001_initial.py,Simple Atributte,89,89,8,A2
migrations,0001_initial.py,Simple Atributte,149,149,8,A2
migrations,0001_initial.py,Simple Atributte,198,198,8,A2
migrations,0001_initial.py,Simple Atributte,206,206,8,A2
migrations,0001_initial.py,Simple Atributte,48,48,19,A2
migrations,0001_initial.py,Simple Atributte,87,87,19,A2
migrations,0001_initial.py,Simple Atributte,147,147,19,A2
migrations,0001_initial.py,Simple Atributte,196,196,19,A2
migrations,0001_initial.py,Simple Atributte,201,201,18,A2
migrations,0001_initial.py,Simple Atributte,209,209,18,A2
migrations,0001_initial.py,Simple Atributte,202,202,104,A2
migrations,0001_initial.py,Simple Atributte,210,210,103,A2
migrations,0001_initial.py,Simple Atributte,17,17,23,A2
migrations,0001_initial.py,Simple Atributte,18,18,28,A2
migrations,0001_initial.py,Simple Atributte,19,19,28,A2
migrations,0001_initial.py,Simple Atributte,20,20,24,A2
migrations,0001_initial.py,Simple Atributte,23,23,20,A2
migrations,0001_initial.py,Simple Atributte,33,33,20,A2
migrations,0001_initial.py,Simple Atributte,53,53,23,A2
migrations,0001_initial.py,Simple Atributte,54,54,28,A2
migrations,0001_initial.py,Simple Atributte,55,55,28,A2
migrations,0001_initial.py,Simple Atributte,56,56,26,A2
migrations,0001_initial.py,Simple Atributte,57,57,30,A2
migrations,0001_initial.py,Simple Atributte,58,58,28,A2
migrations,0001_initial.py,Simple Atributte,59,59,38,A2
migrations,0001_initial.py,Simple Atributte,62,62,20,A2
migrations,0001_initial.py,Simple Atributte,72,72,20,A2
migrations,0001_initial.py,Simple Atributte,92,92,23,A2
migrations,0001_initial.py,Simple Atributte,93,93,28,A2
migrations,0001_initial.py,Simple Atributte,94,94,28,A2
migrations,0001_initial.py,Simple Atributte,95,95,26,A2
migrations,0001_initial.py,Simple Atributte,96,96,28,A2
migrations,0001_initial.py,Simple Atributte,97,97,29,A2
migrations,0001_initial.py,Simple Atributte,100,100,20,A2
migrations,0001_initial.py,Simple Atributte,112,112,38,A2
migrations,0001_initial.py,Simple Atributte,115,115,20,A2
migrations,0001_initial.py,Simple Atributte,117,117,31,A2
migrations,0001_initial.py,Simple Atributte,118,118,25,A2
migrations,0001_initial.py,Simple Atributte,119,119,27,A2
migrations,0001_initial.py,Simple Atributte,122,122,20,A2
migrations,0001_initial.py,Simple Atributte,132,132,20,A2
migrations,0001_initial.py,Simple Atributte,152,152,23,A2
migrations,0001_initial.py,Simple Atributte,153,153,28,A2
migrations,0001_initial.py,Simple Atributte,154,154,28,A2
migrations,0001_initial.py,Simple Atributte,155,155,32,A2
migrations,0001_initial.py,Simple Atributte,156,156,31,A2
migrations,0001_initial.py,Simple Atributte,157,157,28,A2
migrations,0001_initial.py,Simple Atributte,158,158,38,A2
migrations,0001_initial.py,Simple Atributte,161,161,20,A2
migrations,0001_initial.py,Simple Atributte,171,171,20,A2
migrations,0001_initial.py,Simple Atributte,181,181,20,A2
migrations,0001_initial.py,Simple Atributte,18,18,72,A2
migrations,0001_initial.py,Simple Atributte,19,19,57,A2
migrations,0001_initial.py,Simple Atributte,25,25,27,A2
migrations,0001_initial.py,Simple Atributte,28,28,34,A2
migrations,0001_initial.py,Simple Atributte,35,35,27,A2
migrations,0001_initial.py,Simple Atributte,38,38,34,A2
migrations,0001_initial.py,Simple Atributte,54,54,72,A2
migrations,0001_initial.py,Simple Atributte,55,55,57,A2
migrations,0001_initial.py,Simple Atributte,64,64,27,A2
migrations,0001_initial.py,Simple Atributte,67,67,34,A2
migrations,0001_initial.py,Simple Atributte,74,74,27,A2
migrations,0001_initial.py,Simple Atributte,77,77,34,A2
migrations,0001_initial.py,Simple Atributte,93,93,72,A2
migrations,0001_initial.py,Simple Atributte,94,94,57,A2
migrations,0001_initial.py,Simple Atributte,96,96,28,A2
migrations,0001_initial.py,Simple Atributte,118,118,25,A2
migrations,0001_initial.py,Simple Atributte,124,124,27,A2
migrations,0001_initial.py,Simple Atributte,127,127,34,A2
migrations,0001_initial.py,Simple Atributte,134,134,27,A2
migrations,0001_initial.py,Simple Atributte,137,137,34,A2
migrations,0001_initial.py,Simple Atributte,153,153,72,A2
migrations,0001_initial.py,Simple Atributte,154,154,57,A2
migrations,0001_initial.py,Simple Atributte,163,163,27,A2
migrations,0001_initial.py,Simple Atributte,166,166,34,A2
migrations,0001_initial.py,Simple Atributte,173,173,27,A2
migrations,0001_initial.py,Simple Atributte,176,176,34,A2
migrations,0001_initial.py,Simple Atributte,186,186,34,A2
migrations,0001_initial.py,Simple Atributte,18,18,72,A2
migrations,0001_initial.py,Simple Atributte,19,19,57,A2
migrations,0001_initial.py,Simple Atributte,54,54,72,A2
migrations,0001_initial.py,Simple Atributte,55,55,57,A2
migrations,0001_initial.py,Simple Atributte,93,93,72,A2
migrations,0001_initial.py,Simple Atributte,94,94,57,A2
migrations,0001_initial.py,Simple Atributte,118,118,25,A2
migrations,0001_initial.py,Simple Atributte,153,153,72,A2
migrations,0001_initial.py,Simple Atributte,154,154,57,A2
migrations,0001_initial.py,Simple Atributte,18,18,72,A2
migrations,0001_initial.py,Simple Atributte,19,19,57,A2
migrations,0001_initial.py,Simple Atributte,54,54,72,A2
migrations,0001_initial.py,Simple Atributte,55,55,57,A2
migrations,0001_initial.py,Simple Atributte,93,93,72,A2
migrations,0001_initial.py,Simple Atributte,94,94,57,A2
migrations,0001_initial.py,Simple Atributte,118,118,25,A2
migrations,0001_initial.py,Simple Atributte,153,153,72,A2
migrations,0001_initial.py,Simple Atributte,154,154,57,A2
migrations,0001_initial.py,Simple Atributte,118,118,25,A2
migrations,0001_initial.py,Simple Assignment,9,11,4,A1
migrations,0001_initial.py,Simple Assignment,13,214,4,A1
migrations,0001_initial.py,Import,1,1,0,A2
migrations,0001_initial.py,Import,2,2,0,A2
migrations,0001_initial.py,Import,3,3,0,A2
migrations,0001_initial.py,From,4,4,0,A2
migrations,0001_initial.py,From,5,5,0,A2
migrations,0001_initial.py,Alias,1,1,7,A1
migrations,0001_initial.py,Alias,2,2,7,A1
migrations,0001_initial.py,Alias,3,3,7,A1
migrations,0001_initial.py,Alias,4,4,24,A1
migrations,0001_initial.py,Alias,5,5,22,A1
migrations,0001_initial.py,Alias,5,5,34,A1
migrations,0001_initial.py,Simple Class ,8,214,0,B1
migrations,0003_auto_20170831_0358.py,Simple List,8,10,19,A1
migrations,0003_auto_20170831_0358.py,Simple List,12,18,17,A1
migrations,0003_auto_20170831_0358.py,Simple Tuple,9,9,8,A1
migrations,0003_auto_20170831_0358.py,Simple Dictionary,16,16,85,A2
migrations,0003_auto_20170831_0358.py,Simple Atributte,7,7,16,A2
migrations,0003_auto_20170831_0358.py,Simple Atributte,13,13,8,A2
migrations,0003_auto_20170831_0358.py,Simple Atributte,16,16,18,A2
migrations,0003_auto_20170831_0358.py,Simple Atributte,16,16,18,A2
migrations,0003_auto_20170831_0358.py,Simple Atributte,16,16,18,A2
migrations,0003_auto_20170831_0358.py,Simple Atributte,16,16,18,A2
migrations,0003_auto_20170831_0358.py,Simple Atributte,16,16,18,A2
migrations,0003_auto_20170831_0358.py,Simple Assignment,8,10,4,A1
migrations,0003_auto_20170831_0358.py,Simple Assignment,12,18,4,A1
migrations,0003_auto_20170831_0358.py,Import,3,3,0,A2
migrations,0003_auto_20170831_0358.py,From,4,4,0,A2
migrations,0003_auto_20170831_0358.py,Alias,3,3,7,A1
migrations,0003_auto_20170831_0358.py,Alias,4,4,22,A1
migrations,0003_auto_20170831_0358.py,Simple Class ,7,18,0,B1
community,urls.py,Simple List,8,11,14,A1
community,urls.py,Simple Atributte,9,9,13,A2
community,urls.py,Simple Atributte,10,10,22,A2
community,urls.py,Simple Atributte,9,9,13,A2
community,urls.py,Simple Atributte,10,10,22,A2
community,urls.py,Simple Assignment,7,7,0,A1
community,urls.py,Simple Assignment,8,11,0,A1
community,urls.py,From,3,3,0,A2
community,urls.py,From,5,5,0,A2
community,urls.py,Alias,3,3,24,A1
community,urls.py,Alias,5,5,27,A1
community,managers.py,Simple List,16,18,23,A1
community,managers.py,Simple Atributte,11,11,15,A2
community,managers.py,Simple Atributte,15,15,15,A2
community,managers.py,Simple Atributte,11,11,41,A2
community,managers.py,Simple Atributte,11,11,41,A2
community,managers.py,Simple Atributte,17,17,16,A2
community,managers.py,Simple Atributte,17,17,16,A2
community,managers.py,From,3,3,0,A2
community,managers.py,Alias,3,3,35,A1
community,managers.py,Function with Simple argument,9,11,4,A1
community,managers.py,Function with Simple argument,13,19,4,A1
community,managers.py,Return,11,11,8,A1
community,managers.py,Return,15,19,8,A1
community,managers.py,Inherited Class from QuerySet,6,19,0,B1
community,admin.py,Simple List,35,35,19,A1
community,admin.py,Simple List,36,36,18,A1
community,admin.py,Simple List,37,41,14,A1
community,admin.py,Simple List,49,49,20,A1
community,admin.py,Simple Atributte,30,30,1,A2
community,admin.py,Simple Atributte,44,44,1,A2
community,admin.py,Simple Assignment,12,12,4,A1
community,admin.py,Simple Assignment,13,13,4,A1
community,admin.py,Simple Assignment,19,19,4,A1
community,admin.py,Simple Assignment,20,20,4,A1
community,admin.py,Simple Assignment,26,26,4,A1
community,admin.py,Simple Assignment,27,27,4,A1
community,admin.py,Simple Assignment,34,34,4,A1
community,admin.py,Simple Assignment,35,35,4,A1
community,admin.py,Simple Assignment,36,36,4,A1
community,admin.py,Simple Assignment,37,41,4,A1
community,admin.py,Simple Assignment,48,48,4,A1
community,admin.py,Simple Assignment,49,49,4,A1
community,admin.py,From,3,3,0,A2
community,admin.py,From,5,5,0,A2
community,admin.py,From,6,6,0,A2
community,admin.py,Alias,3,3,27,A1
community,admin.py,Alias,5,5,27,A1
community,admin.py,Alias,5,5,56,A1
community,admin.py,Alias,6,6,34,A1
community,admin.py,Alias,6,6,40,A1
community,admin.py,Alias,6,6,47,A1
community,admin.py,Alias,6,6,53,A1
community,admin.py,Inherited Class from ContentManageableStackedInline,9,13,0,B1
community,admin.py,Inherited Class from ContentManageableStackedInline,16,20,0,B1
community,admin.py,Inherited Class from ContentManageableStackedInline,23,27,0,B1
community,admin.py,Inherited Class from ContentManageableModelAdmin,31,41,0,B1
community,admin.py,Inherited Class from ContentManageableModelAdmin,45,49,0,B1
templatetags,community.py,Simple List,35,35,20,A1
templatetags,community.py,Simple List,39,39,20,A1
templatetags,community.py,Simple Dictionary,31,33,14,A2
templatetags,community.py,Formatted Value,46,46,31,A1
templatetags,community.py,Formatted Value,46,46,43,A1
templatetags,community.py,Formatted Value,47,47,31,A1
templatetags,community.py,Joined String,46,46,29,A1
templatetags,community.py,Joined String,47,47,29,A1
templatetags,community.py,Simple Atributte,9,9,1,A2
templatetags,community.py,Simple Atributte,6,6,11,A2
templatetags,community.py,Simple Atributte,43,43,4,A2
templatetags,community.py,Simple Atributte,37,37,8,A2
templatetags,community.py,Simple Atributte,41,41,8,A2
templatetags,community.py,Simple Atributte,46,46,8,A2
templatetags,community.py,Simple Atributte,47,47,8,A2
templatetags,community.py,Simple Atributte,46,46,44,A2
templatetags,community.py,Simple Assignment,6,6,0,A1
templatetags,community.py,Simple Assignment,31,33,4,A1
templatetags,community.py,Simple Assignment,35,35,4,A1
templatetags,community.py,Simple Assignment,39,39,4,A1
templatetags,community.py,From,3,3,0,A2
templatetags,community.py,From,4,4,0,A2
templatetags,community.py,Alias,3,3,19,A1
templatetags,community.py,Alias,4,4,35,A1
templatetags,community.py,Simple If statements,36,37,4,A1
templatetags,community.py,Simple If statements,40,41,4,A1
templatetags,community.py,Simple For Loop,45,47,4,A1
templatetags,community.py,Function with Simple argument with Default argument,10,49,0,A2
templatetags,community.py,Return,49,49,4,A1
tests,test_managers.py,Simple List,13,13,53,A1
tests,test_managers.py,Simple List,14,14,56,A1
tests,test_managers.py,Simple List,15,15,57,A1
tests,test_managers.py,Simple Atributte,8,8,23,A2
tests,test_managers.py,Simple Atributte,11,11,22,A2
tests,test_managers.py,Simple Atributte,13,13,8,A2
tests,test_managers.py,Simple Atributte,14,14,8,A2
tests,test_managers.py,Simple Atributte,15,15,8,A2
tests,test_managers.py,Simple Atributte,8,8,23,A2
tests,test_managers.py,Simple Atributte,9,9,47,A2
tests,test_managers.py,Simple Atributte,9,9,71,A2
tests,test_managers.py,Simple Atributte,11,11,22,A2
tests,test_managers.py,Simple Atributte,11,11,76,A2
tests,test_managers.py,Simple Atributte,11,11,100,A2
tests,test_managers.py,Simple Atributte,13,13,33,A2
tests,test_managers.py,Simple Atributte,14,14,33,A2
tests,test_managers.py,Simple Atributte,15,15,33,A2
tests,test_managers.py,Simple Atributte,13,13,33,A2
tests,test_managers.py,Simple Atributte,14,14,33,A2
tests,test_managers.py,Simple Atributte,15,15,33,A2
tests,test_managers.py,Simple Assignment,8,10,8,A1
tests,test_managers.py,Simple Assignment,11,11,8,A1
tests,test_managers.py,From,1,1,0,A2
tests,test_managers.py,From,3,3,0,A2
tests,test_managers.py,Alias,1,1,24,A1
tests,test_managers.py,Alias,3,3,34,A1
tests,test_managers.py,Function with Simple argument,7,15,4,A1
tests,test_managers.py,Lambda,13,13,82,B1
tests,test_managers.py,Lambda,14,14,71,B1
tests,test_managers.py,Lambda,15,15,73,B1
tests,test_managers.py,Inherited Class from TestCase,6,15,0,B1
tests,test_models.py,Simple Dictionary,14,14,20,A2
tests,test_models.py,Simple Dictionary,13,13,36,A2
tests,test_models.py,Simple Dictionary,16,16,36,A2
tests,test_models.py,Simple Atributte,14,14,8,A2
tests,test_models.py,Simple Atributte,8,8,15,A2
tests,test_models.py,Simple Atributte,13,13,8,A2
tests,test_models.py,Simple Atributte,13,13,25,A2
tests,test_models.py,Simple Atributte,15,15,8,A2
tests,test_models.py,Simple Atributte,16,16,8,A2
tests,test_models.py,Simple Atributte,16,16,25,A2
tests,test_models.py,Simple Atributte,8,8,15,A2
tests,test_models.py,Simple Atributte,10,10,23,A2
tests,test_models.py,Simple Atributte,11,11,19,A2
tests,test_models.py,Simple Assignment,8,12,8,A1
tests,test_models.py,Simple Assignment,14,14,8,A1
tests,test_models.py,From,1,1,0,A2
tests,test_models.py,From,3,3,0,A2
tests,test_models.py,Alias,1,1,24,A1
tests,test_models.py,Alias,3,3,34,A1
tests,test_models.py,Function with Simple argument,7,16,4,A1
tests,test_models.py,Inherited Class from TestCase,6,16,0,B1
tests,test_views.py,Simple Dictionary,9,9,48,A2
tests,test_views.py,Simple Atributte,7,7,14,A2
tests,test_views.py,Simple Atributte,9,9,19,A2
tests,test_views.py,Simple Atributte,11,11,8,A2
tests,test_views.py,Simple Atributte,7,7,14,A2
tests,test_views.py,Simple Atributte,7,7,66,A2
tests,test_views.py,Simple Atributte,7,7,90,A2
tests,test_views.py,Simple Atributte,11,11,35,A2
tests,test_views.py,Simple Atributte,11,11,51,A2
tests,test_views.py,Simple Assignment,7,7,8,A1
tests,test_views.py,Simple Assignment,8,8,8,A1
tests,test_views.py,Simple Assignment,9,9,8,A1
tests,test_views.py,Simple Assignment,10,10,8,A1
tests,test_views.py,From,1,1,0,A2
tests,test_views.py,From,2,2,0,A2
tests,test_views.py,Alias,1,1,34,A1
tests,test_views.py,Alias,2,2,40,A1
tests,test_views.py,Function with Simple argument,6,11,4,A1
tests,test_views.py,Inherited Class from TemplateTestCase,5,11,0,B1
community,models.py,Simple List,53,53,19,A1
community,models.py,Simple List,82,82,19,A1
community,models.py,Simple List,110,110,19,A1
community,models.py,Simple List,141,141,19,A1
community,models.py,16 Nested Tuple,27,32,20,A2
community,models.py,4 Nested Tuple,39,42,21,A2
community,models.py,Simple Tuple,28,28,8,A1
community,models.py,Simple Tuple,29,29,8,A1
community,models.py,Simple Tuple,30,30,8,A1
community,models.py,Simple Tuple,31,31,8,A1
community,models.py,Simple Tuple,40,40,8,A1
community,models.py,Simple Tuple,41,41,8,A1
community,models.py,Simple Dictionary,61,61,55,A2
community,models.py,Formatted Value,57,57,22,A1
community,models.py,Formatted Value,57,57,55,A1
community,models.py,Formatted Value,86,86,23,A1
community,models.py,Formatted Value,114,114,24,A1
community,models.py,Formatted Value,145,145,24,A1
community,models.py,Joined String,57,57,15,A1
community,models.py,Joined String,86,86,15,A1
community,models.py,Joined String,114,114,15,A1
community,models.py,Joined String,145,145,15,A1
community,models.py,Simple Atributte,18,18,12,A2
community,models.py,Simple Atributte,20,20,15,A2
community,models.py,Simple Atributte,33,33,17,A2
community,models.py,Simple Atributte,34,34,17,A2
community,models.py,Simple Atributte,43,43,13,A2
community,models.py,Simple Atributte,45,45,14,A2
community,models.py,Simple Atributte,67,67,11,A2
community,models.py,Simple Atributte,74,74,10,A2
community,models.py,Simple Atributte,92,92,11,A2
community,models.py,Simple Atributte,99,99,12,A2
community,models.py,Simple Atributte,100,100,16,A2
community,models.py,Simple Atributte,101,101,14,A2
community,models.py,Simple Atributte,102,102,24,A2
community,models.py,Simple Atributte,120,120,11,A2
community,models.py,Simple Atributte,127,127,18,A2
community,models.py,Simple Atributte,128,128,17,A2
community,models.py,Simple Atributte,132,132,14,A2
community,models.py,Simple Atributte,133,133,24,A2
community,models.py,Simple Atributte,72,72,18,A2
community,models.py,Simple Atributte,97,97,18,A2
community,models.py,Simple Atributte,125,125,18,A2
community,models.py,Simple Atributte,57,57,56,A2
community,models.py,Simple Atributte,86,86,24,A2
community,models.py,Simple Atributte,114,114,25,A2
community,models.py,Simple Atributte,145,145,25,A2
community,models.py,Simple Atributte,57,57,23,A2
community,models.py,Simple Atributte,61,61,62,A2
community,models.py,Simple Assignment,12,12,0,A1
community,models.py,Simple Assignment,18,18,4,A1
community,models.py,Simple Assignment,19,19,4,A1
community,models.py,Simple Assignment,20,20,4,A1
community,models.py,Simple Assignment,22,22,4,A1
community,models.py,Simple Assignment,23,23,4,A1
community,models.py,Simple Assignment,24,24,4,A1
community,models.py,Simple Assignment,25,25,4,A1
community,models.py,Simple Assignment,27,32,4,A1
community,models.py,Simple Assignment,33,33,4,A1
community,models.py,Simple Assignment,34,34,4,A1
community,models.py,Simple Assignment,35,35,4,A1
community,models.py,Simple Assignment,37,37,4,A1
community,models.py,Simple Assignment,38,38,4,A1
community,models.py,Simple Assignment,39,42,4,A1
community,models.py,Simple Assignment,43,43,4,A1
community,models.py,Simple Assignment,45,45,4,A1
community,models.py,Simple Assignment,67,73,4,A1
community,models.py,Simple Assignment,74,74,4,A1
community,models.py,Simple Assignment,92,98,4,A1
community,models.py,Simple Assignment,99,99,4,A1
community,models.py,Simple Assignment,100,100,4,A1
community,models.py,Simple Assignment,101,101,4,A1
community,models.py,Simple Assignment,102,102,4,A1
community,models.py,Simple Assignment,120,126,4,A1
community,models.py,Simple Assignment,127,127,4,A1
community,models.py,Simple Assignment,128,131,4,A1
community,models.py,Simple Assignment,132,132,4,A1
community,models.py,Simple Assignment,133,133,4,A1
community,models.py,Simple Assignment,50,50,8,A1
community,models.py,Simple Assignment,51,51,8,A1
community,models.py,Simple Assignment,52,52,8,A1
community,models.py,Simple Assignment,53,53,8,A1
community,models.py,Simple Assignment,79,79,8,A1
community,models.py,Simple Assignment,80,80,8,A1
community,models.py,Simple Assignment,81,81,8,A1
community,models.py,Simple Assignment,82,82,8,A1
community,models.py,Simple Assignment,107,107,8,A1
community,models.py,Simple Assignment,108,108,8,A1
community,models.py,Simple Assignment,109,109,8,A1
community,models.py,Simple Assignment,110,110,8,A1
community,models.py,Simple Assignment,138,138,8,A1
community,models.py,Simple Assignment,139,139,8,A1
community,models.py,Simple Assignment,140,140,8,A1
community,models.py,Simple Assignment,141,141,8,A1
community,models.py,From,3,3,0,A2
community,models.py,From,4,4,0,A2
community,models.py,From,5,5,0,A2
community,models.py,From with 'as' extension ,6,6,0,B1
community,models.py,From,7,7,0,A2
community,models.py,From,9,9,0,A2
community,models.py,From,10,10,0,A2
community,models.py,Alias,3,3,22,A1
community,models.py,Alias,4,4,29,A1
community,models.py,Alias,5,5,24,A1
community,models.py,Alias,6,6,37,A1
community,models.py,Alias,7,7,31,A1
community,models.py,Alias,9,9,28,A1
community,models.py,Alias,10,10,36,A1
community,models.py,Function with Simple argument,55,57,4,A1
community,models.py,Function with Simple argument,59,61,4,A1
community,models.py,Function with Simple argument,84,86,4,A1
community,models.py,Function with Simple argument,112,114,4,A1
community,models.py,Function with Simple argument,143,145,4,A1
community,models.py,Return,57,57,8,A1
community,models.py,Return,61,61,8,A1
community,models.py,Return,86,86,8,A1
community,models.py,Return,114,114,8,A1
community,models.py,Return,145,145,8,A1
community,models.py,Inherited Class from ContentManageable,15,61,0,B1
community,models.py,Inherited Class from ContentManageable,64,86,0,B1
community,models.py,Inherited Class from ContentManageable,89,114,0,B1
community,models.py,Inherited Class from ContentManageable,117,145,0,B1
community,models.py,Simple Class ,47,53,4,B1
community,models.py,Simple Class ,76,82,4,B1
community,models.py,Simple Class ,104,110,4,B1
community,models.py,Simple Class ,135,141,4,B1
community,views.py,Simple Assignment,11,11,4,A1
community,views.py,Simple Assignment,12,12,4,A1
community,views.py,Simple Assignment,18,18,4,A1
community,views.py,From,3,3,0,A2
community,views.py,From,5,5,0,A2
community,views.py,Alias,3,3,33,A1
community,views.py,Alias,3,3,45,A1
community,views.py,Alias,5,5,34,A1
community,views.py,Inherited Class from ListView,8,12,0,B1
community,views.py,Inherited Class from DetailView,15,18,0,B1
community,apps.py,Simple Assignment,9,9,4,A1
community,apps.py,Simple Assignment,10,10,4,A1
community,apps.py,From,3,3,0,A2
community,apps.py,Alias,3,3,24,A1
community,apps.py,Inherited Class from AppConfig,6,10,0,B1
migrations,0002_auto_20190514_1435.py,Simple List,8,10,19,A1
migrations,0002_auto_20190514_1435.py,Simple List,12,39,17,A1
migrations,0002_auto_20190514_1435.py,Simple List,27,33,24,A1
migrations,0002_auto_20190514_1435.py,Simple Tuple,9,9,8,A1
migrations,0002_auto_20190514_1435.py,Simple Tuple,28,28,20,A1
migrations,0002_auto_20190514_1435.py,Simple Tuple,29,29,20,A1
migrations,0002_auto_20190514_1435.py,Simple Tuple,30,30,20,A1
migrations,0002_auto_20190514_1435.py,Simple Tuple,31,31,20,A1
migrations,0002_auto_20190514_1435.py,Simple Tuple,32,32,20,A1
migrations,0002_auto_20190514_1435.py,Simple Atributte,7,7,16,A2
migrations,0002_auto_20190514_1435.py,Simple Atributte,13,13,8,A2
migrations,0002_auto_20190514_1435.py,Simple Atributte,18,18,8,A2
migrations,0002_auto_20190514_1435.py,Simple Atributte,23,23,8,A2
migrations,0002_auto_20190514_1435.py,Simple Atributte,16,16,18,A2
migrations,0002_auto_20190514_1435.py,Simple Atributte,21,21,18,A2
migrations,0002_auto_20190514_1435.py,Simple Atributte,26,26,18,A2
migrations,0002_auto_20190514_1435.py,Simple Atributte,21,21,18,A2
migrations,0002_auto_20190514_1435.py,Simple Assignment,8,10,4,A1
migrations,0002_auto_20190514_1435.py,Simple Assignment,12,39,4,A1
migrations,0002_auto_20190514_1435.py,Import,3,3,0,A2
migrations,0002_auto_20190514_1435.py,From,4,4,0,A2
migrations,0002_auto_20190514_1435.py,Alias,3,3,7,A1
migrations,0002_auto_20190514_1435.py,Alias,4,4,22,A1
migrations,0002_auto_20190514_1435.py,Alias,4,4,34,A1
migrations,0002_auto_20190514_1435.py,Simple Class ,7,39,0,B1
migrations,0001_initial.py,Simple List,12,12,19,A1
migrations,0001_initial.py,Simple List,14,147,17,A1
migrations,0001_initial.py,Simple List,17,32,19,A1
migrations,0001_initial.py,Simple List,37,98,19,A1
migrations,0001_initial.py,Simple List,102,133,19,A1
migrations,0001_initial.py,Simple List,33,33,33,A1
migrations,0001_initial.py,Simple List,65,71,32,A1
migrations,0001_initial.py,Simple Tuple,18,26,16,A1
migrations,0001_initial.py,Simple Tuple,27,27,16,A1
migrations,0001_initial.py,Simple Tuple,28,28,16,A1
migrations,0001_initial.py,Simple Tuple,29,29,16,A1
migrations,0001_initial.py,Simple Tuple,30,30,16,A1
migrations,0001_initial.py,Simple Tuple,31,31,16,A1
migrations,0001_initial.py,Simple Tuple,38,46,16,A1
migrations,0001_initial.py,Simple Tuple,47,47,16,A1
migrations,0001_initial.py,Simple Tuple,48,48,16,A1
migrations,0001_initial.py,Simple Tuple,49,52,16,A1
migrations,0001_initial.py,Simple Tuple,53,53,16,A1
migrations,0001_initial.py,Simple Tuple,54,57,16,A1
migrations,0001_initial.py,Simple Tuple,58,61,16,A1
migrations,0001_initial.py,Simple Tuple,62,76,16,A1
migrations,0001_initial.py,Simple Tuple,77,80,16,A1
migrations,0001_initial.py,Simple Tuple,81,81,16,A1
migrations,0001_initial.py,Simple Tuple,82,82,16,A1
migrations,0001_initial.py,Simple Tuple,83,89,16,A1
migrations,0001_initial.py,Simple Tuple,90,97,16,A1
migrations,0001_initial.py,Simple Tuple,103,111,16,A1
migrations,0001_initial.py,Simple Tuple,112,112,16,A1
migrations,0001_initial.py,Simple Tuple,113,113,16,A1
migrations,0001_initial.py,Simple Tuple,114,114,16,A1
migrations,0001_initial.py,Simple Tuple,115,122,16,A1
migrations,0001_initial.py,Simple Tuple,123,132,16,A1
migrations,0001_initial.py,Simple Tuple,146,146,72,A1
migrations,0001_initial.py,Simple Tuple,66,66,28,A1
migrations,0001_initial.py,Simple Tuple,67,67,28,A1
migrations,0001_initial.py,Simple Tuple,68,68,28,A1
migrations,0001_initial.py,Simple Tuple,69,69,28,A1
migrations,0001_initial.py,Simple Tuple,70,70,28,A1
migrations,0001_initial.py,1 List Dictionary,33,33,20,B1
migrations,0001_initial.py,Set,146,146,71,A1
migrations,0001_initial.py,Simple Atributte,9,9,16,A2
migrations,0001_initial.py,Simple Atributte,12,12,20,A2
migrations,0001_initial.py,Simple Atributte,12,12,52,A2
migrations,0001_initial.py,Simple Atributte,15,15,8,A2
migrations,0001_initial.py,Simple Atributte,35,35,8,A2
migrations,0001_initial.py,Simple Atributte,100,100,8,A2
migrations,0001_initial.py,Simple Atributte,135,135,8,A2
migrations,0001_initial.py,Simple Atributte,146,146,8,A2
migrations,0001_initial.py,Simple Atributte,138,138,18,A2
migrations,0001_initial.py,Simple Atributte,141,141,26,A2
migrations,0001_initial.py,Simple Atributte,20,20,20,A2
migrations,0001_initial.py,Simple Atributte,27,27,25,A2
migrations,0001_initial.py,Simple Atributte,28,28,25,A2
migrations,0001_initial.py,Simple Atributte,29,29,40,A2
migrations,0001_initial.py,Simple Atributte,30,30,41,A2
migrations,0001_initial.py,Simple Atributte,31,31,25,A2
migrations,0001_initial.py,Simple Atributte,40,40,20,A2
migrations,0001_initial.py,Simple Atributte,47,47,25,A2
migrations,0001_initial.py,Simple Atributte,48,48,26,A2
migrations,0001_initial.py,Simple Atributte,51,51,20,A2
migrations,0001_initial.py,Simple Atributte,53,53,29,A2
migrations,0001_initial.py,Simple Atributte,56,56,20,A2
migrations,0001_initial.py,Simple Atributte,60,60,20,A2
migrations,0001_initial.py,Simple Atributte,64,64,20,A2
migrations,0001_initial.py,Simple Atributte,79,79,20,A2
migrations,0001_initial.py,Simple Atributte,81,81,29,A2
migrations,0001_initial.py,Simple Atributte,82,82,29,A2
migrations,0001_initial.py,Simple Atributte,85,85,20,A2
migrations,0001_initial.py,Simple Atributte,92,92,20,A2
migrations,0001_initial.py,Simple Atributte,105,105,20,A2
migrations,0001_initial.py,Simple Atributte,112,112,29,A2
migrations,0001_initial.py,Simple Atributte,113,113,29,A2
migrations,0001_initial.py,Simple Atributte,114,114,25,A2
migrations,0001_initial.py,Simple Atributte,117,117,20,A2
migrations,0001_initial.py,Simple Atributte,125,125,20,A2
migrations,0001_initial.py,Simple Atributte,141,141,26,A2
migrations,0001_initial.py,Simple Atributte,60,60,20,A2
migrations,0001_initial.py,Simple Atributte,86,86,34,A2
migrations,0001_initial.py,Simple Atributte,93,93,34,A2
migrations,0001_initial.py,Simple Atributte,95,95,27,A2
migrations,0001_initial.py,Simple Atributte,118,118,34,A2
migrations,0001_initial.py,Simple Atributte,128,128,34,A2
migrations,0001_initial.py,Simple Atributte,130,130,27,A2
migrations,0001_initial.py,Simple Atributte,141,141,26,A2
migrations,0001_initial.py,Simple Atributte,86,86,34,A2
migrations,0001_initial.py,Simple Atributte,93,93,34,A2
migrations,0001_initial.py,Simple Atributte,118,118,34,A2
migrations,0001_initial.py,Simple Atributte,128,128,34,A2
migrations,0001_initial.py,Simple Atributte,141,141,26,A2
migrations,0001_initial.py,Simple Atributte,86,86,34,A2
migrations,0001_initial.py,Simple Atributte,93,93,34,A2
migrations,0001_initial.py,Simple Atributte,118,118,34,A2
migrations,0001_initial.py,Simple Atributte,128,128,34,A2
migrations,0001_initial.py,Simple Atributte,86,86,34,A2
migrations,0001_initial.py,Simple Atributte,93,93,34,A2
migrations,0001_initial.py,Simple Atributte,118,118,34,A2
migrations,0001_initial.py,Simple Atributte,128,128,34,A2
migrations,0001_initial.py,Simple Assignment,10,10,4,A1
migrations,0001_initial.py,Simple Assignment,12,12,4,A1
migrations,0001_initial.py,Simple Assignment,14,147,4,A1
migrations,0001_initial.py,Import,3,3,0,A2
migrations,0001_initial.py,Import,4,4,0,A2
migrations,0001_initial.py,From,5,5,0,A2
migrations,0001_initial.py,From,6,6,0,A2
migrations,0001_initial.py,Alias,3,3,7,A1
migrations,0001_initial.py,Alias,4,4,7,A1
migrations,0001_initial.py,Alias,5,5,24,A1
migrations,0001_initial.py,Alias,6,6,22,A1
migrations,0001_initial.py,Alias,6,6,34,A1
migrations,0001_initial.py,Simple Class ,9,147,0,B1
nominations,urls.py,Simple List,8,41,14,A1
nominations,urls.py,Simple Atributte,9,9,23,A2
nominations,urls.py,Simple Atributte,10,10,38,A2
nominations,urls.py,Simple Atributte,13,13,8,A2
nominations,urls.py,Simple Atributte,18,18,8,A2
nominations,urls.py,Simple Atributte,23,23,8,A2
nominations,urls.py,Simple Atributte,28,28,8,A2
nominations,urls.py,Simple Atributte,33,33,8,A2
nominations,urls.py,Simple Atributte,38,38,8,A2
nominations,urls.py,Simple Atributte,9,9,23,A2
nominations,urls.py,Simple Atributte,10,10,38,A2
nominations,urls.py,Simple Atributte,13,13,8,A2
nominations,urls.py,Simple Atributte,18,18,8,A2
nominations,urls.py,Simple Atributte,23,23,8,A2
nominations,urls.py,Simple Atributte,28,28,8,A2
nominations,urls.py,Simple Atributte,33,33,8,A2
nominations,urls.py,Simple Atributte,38,38,8,A2
nominations,urls.py,Simple Assignment,7,7,0,A1
nominations,urls.py,Simple Assignment,8,41,0,A1
nominations,urls.py,From,3,3,0,A2
nominations,urls.py,From,5,5,0,A2
nominations,urls.py,Alias,3,3,24,A1
nominations,urls.py,Alias,5,5,29,A1
nominations,admin.py,Simple List,27,27,15,A1
nominations,admin.py,Simple List,40,40,15,A1
nominations,admin.py,Simple Tuple,13,13,22,A1
nominations,admin.py,Simple Tuple,20,20,20,A1
nominations,admin.py,Simple Tuple,21,21,19,A1
nominations,admin.py,Simple Tuple,22,22,18,A1
nominations,admin.py,Simple Tuple,23,23,22,A1
nominations,admin.py,Simple Tuple,34,34,20,A1
nominations,admin.py,Simple Tuple,35,35,19,A1
nominations,admin.py,Simple Tuple,36,36,18,A1
nominations,admin.py,Simple Atributte,10,10,20,A2
nominations,admin.py,Simple Atributte,17,17,19,A2
nominations,admin.py,Simple Atributte,31,31,22,A2
nominations,admin.py,Simple Atributte,9,9,1,A2
nominations,admin.py,Simple Atributte,16,16,1,A2
nominations,admin.py,Simple Atributte,30,30,1,A2
nominations,admin.py,Simple Assignment,13,13,4,A1
nominations,admin.py,Simple Assignment,20,20,4,A1
nominations,admin.py,Simple Assignment,21,21,4,A1
nominations,admin.py,Simple Assignment,22,22,4,A1
nominations,admin.py,Simple Assignment,23,23,4,A1
nominations,admin.py,Simple Assignment,34,34,4,A1
nominations,admin.py,Simple Assignment,35,35,4,A1
nominations,admin.py,Simple Assignment,36,36,4,A1
nominations,admin.py,From,3,3,0,A2
nominations,admin.py,From,4,4,0,A2
nominations,admin.py,From,6,6,0,A2
nominations,admin.py,Alias,3,3,27,A1
nominations,admin.py,Alias,4,4,39,A1
nominations,admin.py,Alias,6,6,36,A1
nominations,admin.py,Alias,6,6,46,A1
nominations,admin.py,Alias,6,6,58,A1
nominations,admin.py,Function with Simple argument,25,27,4,A1
nominations,admin.py,Function with Simple argument,38,40,4,A1
nominations,admin.py,Return,27,27,8,A1
nominations,admin.py,Return,40,40,8,A1
nominations,admin.py,Simple Class ,10,13,0,B1
nominations,admin.py,Simple Class ,17,27,0,B1
nominations,admin.py,Simple Class ,31,40,0,B1
templatetags,nominations.py,Simple Atributte,10,10,1,A2
templatetags,nominations.py,Simple Atributte,7,7,11,A2
templatetags,nominations.py,Simple Atributte,14,14,4,A2
templatetags,nominations.py,Subscript,13,13,10,A1
templatetags,nominations.py,Slice,13,13,20,A1
templatetags,nominations.py,Simple Assignment,7,7,0,A1
templatetags,nominations.py,Simple Assignment,13,13,4,A1
templatetags,nominations.py,Import,3,3,0,A2
templatetags,nominations.py,From,5,5,0,A2
templatetags,nominations.py,Alias,3,3,7,A1
templatetags,nominations.py,Alias,5,5,19,A1
templatetags,nominations.py,Function with Simple argument,11,15,0,A1
templatetags,nominations.py,Return,15,15,4,A1
nominations,models.py,Simple List,31,31,19,A1
nominations,models.py,Simple Tuple,94,94,26,A1
nominations,models.py,Simple Dictionary,109,109,19,A2
nominations,models.py,Simple Dictionary,204,204,19,A2
nominations,models.py,Simple Dictionary,211,211,19,A2
nominations,models.py,Simple Dictionary,218,218,19,A2
nominations,models.py,Simple Dictionary,261,261,62,A2
nominations,models.py,Formatted Value,35,35,17,A1
nominations,models.py,Formatted Value,35,35,31,A1
nominations,models.py,Formatted Value,98,98,17,A1
nominations,models.py,Formatted Value,115,115,17,A1
nominations,models.py,Formatted Value,115,115,40,A1
nominations,models.py,Formatted Value,198,198,17,A1
nominations,models.py,Formatted Value,198,198,30,A1
nominations,models.py,Joined String,35,35,15,A1
nominations,models.py,Joined String,98,98,15,A1
nominations,models.py,Joined String,115,115,15,A1
nominations,models.py,Joined String,198,198,15,A1
nominations,models.py,Starred,40,40,21,A1
nominations,models.py,Starred,103,103,21,A1
nominations,models.py,Super Function,40,40,8,C2
nominations,models.py,Super Function,103,103,8,C2
nominations,models.py,Simple Atributte,17,17,15,A2
nominations,models.py,Simple Atributte,74,74,14,A2
nominations,models.py,Simple Atributte,172,172,17,A2
nominations,models.py,Simple Atributte,255,255,7,A2
nominations,models.py,Simple Atributte,259,259,7,A2
nominations,models.py,Simple Atributte,20,20,11,A2
nominations,models.py,Simple Atributte,21,21,11,A2
nominations,models.py,Simple Atributte,22,22,26,A2
nominations,models.py,Simple Atributte,23,23,27,A2
nominations,models.py,Simple Atributte,26,26,11,A2
nominations,models.py,Simple Atributte,39,39,8,A2
nominations,models.py,Simple Atributte,53,53,11,A2
nominations,models.py,Simple Atributte,77,77,15,A2
nominations,models.py,Simple Atributte,78,78,11,A2
nominations,models.py,Simple Atributte,86,86,15,A2
nominations,models.py,Simple Atributte,87,87,15,A2
nominations,models.py,Simple Atributte,89,89,11,A2
nominations,models.py,Simple Atributte,102,102,8,A2
nominations,models.py,Simple Atributte,135,135,15,A2
nominations,models.py,Simple Atributte,143,143,15,A2
nominations,models.py,Simple Atributte,151,151,15,A2
nominations,models.py,Simple Atributte,159,159,15,A2
nominations,models.py,Simple Atributte,175,175,15,A2
nominations,models.py,Simple Atributte,177,177,11,A2
nominations,models.py,Simple Atributte,178,178,12,A2
nominations,models.py,Simple Atributte,179,179,29,A2
nominations,models.py,Simple Atributte,180,180,15,A2
nominations,models.py,Simple Atributte,181,181,25,A2
nominations,models.py,Simple Atributte,184,184,16,A2
nominations,models.py,Simple Atributte,185,185,14,A2
nominations,models.py,Simple Atributte,193,193,15,A2
nominations,models.py,Simple Atributte,194,194,15,A2
nominations,models.py,Simple Atributte,236,236,11,A2
nominations,models.py,Simple Atributte,249,249,7,A2
nominations,models.py,Simple Atributte,39,39,28,A2
nominations,models.py,Simple Atributte,40,40,8,A2
nominations,models.py,Simple Atributte,45,45,11,A2
nominations,models.py,Simple Atributte,45,45,40,A2
nominations,models.py,Simple Atributte,69,69,11,A2
nominations,models.py,Simple Atributte,77,77,78,A2
nominations,models.py,Simple Atributte,82,82,18,A2
nominations,models.py,Simple Atributte,102,102,28,A2
nominations,models.py,Simple Atributte,103,103,8,A2
nominations,models.py,Simple Atributte,120,120,15,A2
nominations,models.py,Simple Atributte,125,125,15,A2
nominations,models.py,Simple Atributte,130,130,15,A2
nominations,models.py,Simple Atributte,140,140,48,A2
nominations,models.py,Simple Atributte,141,141,19,A2
nominations,models.py,Simple Atributte,148,148,48,A2
nominations,models.py,Simple Atributte,149,149,19,A2
nominations,models.py,Simple Atributte,156,156,48,A2
nominations,models.py,Simple Atributte,157,157,19,A2
nominations,models.py,Simple Atributte,163,163,11,A2
nominations,models.py,Simple Atributte,163,163,29,A2
nominations,models.py,Simple Atributte,175,175,53,A2
nominations,models.py,Simple Atributte,184,184,83,A2
nominations,models.py,Simple Atributte,189,189,18,A2
nominations,models.py,Simple Atributte,223,223,11,A2
nominations,models.py,Simple Atributte,223,223,58,A2
nominations,models.py,Simple Atributte,230,230,11,A2
nominations,models.py,Simple Atributte,230,230,29,A2
nominations,models.py,Simple Atributte,239,239,19,A2
nominations,models.py,Simple Atributte,253,253,14,A2
nominations,models.py,Simple Atributte,35,35,18,A2
nominations,models.py,Simple Atributte,35,35,32,A2
nominations,models.py,Simple Atributte,46,46,19,A2
nominations,models.py,Simple Atributte,46,46,84,A2
nominations,models.py,Simple Atributte,54,54,19,A2
nominations,models.py,Simple Atributte,61,61,11,A2
nominations,models.py,Simple Atributte,61,61,52,A2
nominations,models.py,Simple Atributte,62,62,19,A2
nominations,models.py,Simple Atributte,69,69,24,A2
nominations,models.py,Simple Atributte,98,98,18,A2
nominations,models.py,Simple Atributte,115,115,18,A2
nominations,models.py,Simple Atributte,115,115,41,A2
nominations,models.py,Simple Atributte,140,140,11,A2
nominations,models.py,Simple Atributte,140,140,48,A2
nominations,models.py,Simple Atributte,141,141,19,A2
nominations,models.py,Simple Atributte,143,143,15,A2
nominations,models.py,Simple Atributte,148,148,11,A2
nominations,models.py,Simple Atributte,148,148,48,A2
nominations,models.py,Simple Atributte,149,149,19,A2
nominations,models.py,Simple Atributte,151,151,15,A2
nominations,models.py,Simple Atributte,156,156,11,A2
nominations,models.py,Simple Atributte,156,156,48,A2
nominations,models.py,Simple Atributte,157,157,19,A2
nominations,models.py,Simple Atributte,159,159,15,A2
nominations,models.py,Simple Atributte,163,163,51,A2
nominations,models.py,Simple Atributte,169,169,20,A2
nominations,models.py,Simple Atributte,198,198,18,A2
nominations,models.py,Simple Atributte,198,198,31,A2
nominations,models.py,Simple Atributte,223,223,36,A2
nominations,models.py,Simple Atributte,223,223,58,A2
nominations,models.py,Simple Atributte,226,226,88,A2
nominations,models.py,Simple Atributte,230,230,51,A2
nominations,models.py,Simple Atributte,242,242,20,A2
nominations,models.py,Simple Atributte,257,257,18,A2
nominations,models.py,Simple Atributte,46,46,46,A2
nominations,models.py,Simple Atributte,46,46,68,A2
nominations,models.py,Simple Atributte,54,54,47,A2
nominations,models.py,Simple Atributte,54,54,69,A2
nominations,models.py,Simple Atributte,63,63,19,A2
nominations,models.py,Simple Atributte,109,109,32,A2
nominations,models.py,Simple Atributte,109,109,60,A2
nominations,models.py,Simple Atributte,115,115,18,A2
nominations,models.py,Simple Atributte,115,115,41,A2
nominations,models.py,Simple Atributte,120,120,15,A2
nominations,models.py,Simple Atributte,125,125,15,A2
nominations,models.py,Simple Atributte,130,130,15,A2
nominations,models.py,Simple Atributte,143,143,15,A2
nominations,models.py,Simple Atributte,151,151,15,A2
nominations,models.py,Simple Atributte,159,159,15,A2
nominations,models.py,Simple Atributte,163,163,51,A2
nominations,models.py,Simple Atributte,169,169,45,A2
nominations,models.py,Simple Atributte,204,204,32,A2
nominations,models.py,Simple Atributte,204,204,58,A2
nominations,models.py,Simple Atributte,211,211,32,A2
nominations,models.py,Simple Atributte,211,211,58,A2
nominations,models.py,Simple Atributte,218,218,32,A2
nominations,models.py,Simple Atributte,218,218,58,A2
nominations,models.py,Simple Atributte,223,223,36,A2
nominations,models.py,Simple Atributte,226,226,28,A2
nominations,models.py,Simple Atributte,226,226,88,A2
nominations,models.py,Simple Atributte,230,230,51,A2
nominations,models.py,Simple Atributte,242,242,45,A2
nominations,models.py,Simple Atributte,257,257,18,A2
nominations,models.py,Simple Atributte,46,46,46,A2
nominations,models.py,Simple Atributte,54,54,47,A2
nominations,models.py,Simple Atributte,63,63,46,A2
nominations,models.py,Simple Atributte,63,63,68,A2
nominations,models.py,Simple Atributte,69,69,24,A2
nominations,models.py,Simple Atributte,109,109,32,A2
nominations,models.py,Simple Atributte,120,120,87,A2
nominations,models.py,Simple Atributte,125,125,90,A2
nominations,models.py,Simple Atributte,130,130,15,A2
nominations,models.py,Simple Atributte,130,130,49,A2
nominations,models.py,Simple Atributte,204,204,32,A2
nominations,models.py,Simple Atributte,211,211,32,A2
nominations,models.py,Simple Atributte,218,218,32,A2
nominations,models.py,Simple Atributte,226,226,52,A2
nominations,models.py,Simple Atributte,226,226,69,A2
nominations,models.py,Simple Atributte,242,242,45,A2
nominations,models.py,Simple Atributte,261,261,75,A2
nominations,models.py,Simple Atributte,63,63,46,A2
nominations,models.py,Simple Atributte,120,120,15,A2
nominations,models.py,Simple Atributte,125,125,15,A2
nominations,models.py,Simple Atributte,261,261,75,A2
nominations,models.py,Simple Atributte,120,120,15,A2
nominations,models.py,Simple Atributte,125,125,15,A2
nominations,models.py,Unary Operation,62,62,15,A1
nominations,models.py,Unary Operation,163,163,47,A1
nominations,models.py,Unary Operation,230,230,47,A1
nominations,models.py,Unary Operation,226,226,47,A1
nominations,models.py,Boolean Operation,45,45,11,A1
nominations,models.py,Boolean Operation,61,61,11,A1
nominations,models.py,Boolean Operation,140,140,11,A1
nominations,models.py,Boolean Operation,148,148,11,A1
nominations,models.py,Boolean Operation,156,156,11,A1
nominations,models.py,Boolean Operation,163,163,11,A1
nominations,models.py,Boolean Operation,223,223,11,A1
nominations,models.py,Boolean Operation,230,230,11,A1
nominations,models.py,Boolean Operation,169,169,20,A1
nominations,models.py,Boolean Operation,226,226,20,A1
nominations,models.py,Boolean Operation,242,242,20,A1
nominations,models.py,Boolean Operation,226,226,52,A1
nominations,models.py,Simple Assignment,20,20,4,A1
nominations,models.py,Simple Assignment,21,21,4,A1
nominations,models.py,Simple Assignment,22,22,4,A1
nominations,models.py,Simple Assignment,23,23,4,A1
nominations,models.py,Simple Assignment,24,24,4,A1
nominations,models.py,Simple Assignment,26,26,4,A1
nominations,models.py,Simple Assignment,77,77,4,A1
nominations,models.py,Simple Assignment,78,84,4,A1
nominations,models.py,Simple Assignment,86,86,4,A1
nominations,models.py,Simple Assignment,87,87,4,A1
nominations,models.py,Simple Assignment,89,89,4,A1
nominations,models.py,Simple Assignment,175,175,4,A1
nominations,models.py,Simple Assignment,177,177,4,A1
nominations,models.py,Simple Assignment,178,178,4,A1
nominations,models.py,Simple Assignment,179,179,4,A1
nominations,models.py,Simple Assignment,180,180,4,A1
nominations,models.py,Simple Assignment,181,181,4,A1
nominations,models.py,Simple Assignment,182,182,4,A1
nominations,models.py,Simple Assignment,184,184,4,A1
nominations,models.py,Simple Assignment,185,191,4,A1
nominations,models.py,Simple Assignment,193,193,4,A1
nominations,models.py,Simple Assignment,194,194,4,A1
nominations,models.py,Simple Assignment,31,31,8,A1
nominations,models.py,Simple Assignment,39,39,8,A1
nominations,models.py,Simple Assignment,94,94,8,A1
nominations,models.py,Simple Assignment,102,102,8,A1
nominations,models.py,Import,3,3,0,A2
nominations,models.py,From,5,5,0,A2
nominations,models.py,From,6,6,0,A2
nominations,models.py,From,7,7,0,A2
nominations,models.py,From,8,8,0,A2
nominations,models.py,From,9,9,0,A2
nominations,models.py,From,10,10,0,A2
nominations,models.py,From,11,11,0,A2
nominations,models.py,From,13,13,0,A2
nominations,models.py,From,14,14,0,A2
nominations,models.py,Alias,3,3,7,A1
nominations,models.py,Alias,5,5,22,A1
nominations,models.py,Alias,6,6,37,A1
nominations,models.py,Alias,7,7,28,A1
nominations,models.py,Alias,8,8,24,A1
nominations,models.py,Alias,9,9,25,A1
nominations,models.py,Alias,10,10,30,A1
nominations,models.py,Alias,11,11,31,A1
nominations,models.py,Alias,13,13,30,A1
nominations,models.py,Alias,14,14,25,A1
nominations,models.py,Simple If statements,249,250,4,A1
nominations,models.py,Simple If statements,255,257,4,A1
nominations,models.py,Simple If statements,259,261,4,A1
nominations,models.py,Simple If statements,45,46,8,A1
nominations,models.py,Simple If statements,53,54,8,A1
nominations,models.py,Simple If statements,61,68,8,A1
nominations,models.py,Simple If statements,69,70,8,A1
nominations,models.py,Simple If statements,140,141,8,A1
nominations,models.py,Simple If statements,148,149,8,A1
nominations,models.py,Simple If statements,156,157,8,A1
nominations,models.py,Simple If statements,163,164,8,A1
nominations,models.py,Simple If statements,166,167,8,A1
nominations,models.py,Simple If statements,223,224,8,A1
nominations,models.py,Simple If statements,230,231,8,A1
nominations,models.py,Simple If statements,233,234,8,A1
nominations,models.py,Simple If statements,236,237,8,A1
nominations,models.py,Simple If statements,239,240,8,A1
nominations,models.py,Simple If statements,62,66,12,A1
nominations,models.py,Simple If statements,63,64,16,A1
nominations,models.py,Function with Simple argument with ** argument,246,261,0,B1
nominations,models.py,Function with Simple argument,33,35,4,A1
nominations,models.py,Function with Simple argument with * argument  with ** argument,37,40,4,B1
nominations,models.py,Function with Simple argument,43,48,4,A1
nominations,models.py,Function with Simple argument,51,56,4,A1
nominations,models.py,Function with Simple argument,59,71,4,A1
nominations,models.py,Function with Simple argument,96,98,4,A1
nominations,models.py,Function with Simple argument with * argument  with ** argument,100,103,4,B1
nominations,models.py,Function with Simple argument,105,110,4,A1
nominations,models.py,Function with Simple argument,113,115,4,A1
nominations,models.py,Function with Simple argument,118,120,4,A1
nominations,models.py,Function with Simple argument,123,125,4,A1
nominations,models.py,Function with Simple argument,128,130,4,A1
nominations,models.py,Function with Simple argument,133,135,4,A1
nominations,models.py,Function with Simple argument,138,143,4,A1
nominations,models.py,Function with Simple argument,146,151,4,A1
nominations,models.py,Function with Simple argument,154,159,4,A1
nominations,models.py,Function with Simple argument with Default argument,161,169,4,A2
nominations,models.py,Function with Simple argument,196,198,4,A1
nominations,models.py,Function with Simple argument,200,205,4,A1
nominations,models.py,Function with Simple argument,207,212,4,A1
nominations,models.py,Function with Simple argument,214,219,4,A1
nominations,models.py,Function with Simple argument with Default argument,221,226,4,A2
nominations,models.py,Function with Simple argument with Default argument,228,242,4,A2
nominations,models.py,Return,35,35,8,A1
nominations,models.py,Return,48,48,8,A1
nominations,models.py,Return,56,56,8,A1
nominations,models.py,Return,71,71,8,A1
nominations,models.py,Return,98,98,8,A1
nominations,models.py,Return,107,110,8,A1
nominations,models.py,Return,115,115,8,A1
nominations,models.py,Return,120,120,8,A1
nominations,models.py,Return,125,125,8,A1
nominations,models.py,Return,130,130,8,A1
nominations,models.py,Return,135,135,8,A1
nominations,models.py,Return,143,143,8,A1
nominations,models.py,Return,151,151,8,A1
nominations,models.py,Return,159,159,8,A1
nominations,models.py,Return,169,169,8,A1
nominations,models.py,Return,198,198,8,A1
nominations,models.py,Return,202,205,8,A1
nominations,models.py,Return,209,212,8,A1
nominations,models.py,Return,216,219,8,A1
nominations,models.py,Return,226,226,8,A1
nominations,models.py,Return,242,242,8,A1
nominations,models.py,Return,250,250,8,A1
nominations,models.py,Return,46,46,12,A1
nominations,models.py,Return,54,54,12,A1
nominations,models.py,Return,68,68,12,A1
nominations,models.py,Return,70,70,12,A1
nominations,models.py,Return,141,141,12,A1
nominations,models.py,Return,149,149,12,A1
nominations,models.py,Return,157,157,12,A1
nominations,models.py,Return,164,164,12,A1
nominations,models.py,Return,167,167,12,A1
nominations,models.py,Return,224,224,12,A1
nominations,models.py,Return,231,231,12,A1
nominations,models.py,Return,234,234,12,A1
nominations,models.py,Return,237,237,12,A1
nominations,models.py,Return,240,240,12,A1
nominations,models.py,Return,66,66,16,A1
nominations,models.py,Return,64,64,20,A1
nominations,models.py,Simple Class ,17,71,0,B1
nominations,models.py,Simple Class ,74,169,0,B1
nominations,models.py,Simple Class ,172,242,0,B1
nominations,models.py,Simple Class ,28,31,4,B1
nominations,models.py,Simple Class ,91,94,4,B1
nominations,views.py,Simple Dictionary,37,37,15,A2
nominations,views.py,Simple Dictionary,99,99,22,A2
nominations,views.py,Simple Dictionary,120,120,19,A2
nominations,views.py,Simple Dictionary,164,164,23,A2
nominations,views.py,Simple Dictionary,194,194,23,A2
nominations,views.py,Formatted Value,107,107,36,A1
nominations,views.py,Formatted Value,111,111,36,A1
nominations,views.py,Formatted Value,106,106,59,A1
nominations,views.py,Formatted Value,110,110,59,A1
nominations,views.py,Joined String,107,107,18,A1
nominations,views.py,Joined String,111,111,18,A1
nominations,views.py,Joined String,106,106,41,A1
nominations,views.py,Joined String,110,110,41,A1
nominations,views.py,Super Function,45,45,18,C2
nominations,views.py,Super Function,86,86,15,C2
nominations,views.py,Super Function,98,98,17,C2
nominations,views.py,Super Function,138,138,15,C2
nominations,views.py,Super Function,142,142,15,C2
nominations,views.py,Super Function,167,167,15,C2
nominations,views.py,Super Function,171,171,15,C2
nominations,views.py,Super Function,197,197,15,C2
nominations,views.py,Super Function,201,201,15,C2
nominations,views.py,Super Function,223,223,15,C2
nominations,views.py,Simple Atributte,25,25,8,A2
nominations,views.py,Simple Atributte,32,32,8,A2
nominations,views.py,Simple Atributte,46,46,8,A2
nominations,views.py,Simple Atributte,47,47,30,A2
nominations,views.py,Simple Atributte,62,62,11,A2
nominations,views.py,Simple Atributte,72,72,8,A2
nominations,views.py,Simple Atributte,105,105,11,A2
nominations,views.py,Simple Atributte,125,125,8,A2
nominations,views.py,Simple Atributte,125,125,34,A2
nominations,views.py,Simple Atributte,126,126,8,A2
nominations,views.py,Simple Atributte,161,161,11,A2
nominations,views.py,Simple Atributte,191,191,11,A2
nominations,views.py,Simple Atributte,209,209,8,A2
nominations,views.py,Simple Atributte,25,25,22,A2
nominations,views.py,Simple Atributte,26,26,18,A2
nominations,views.py,Simple Atributte,27,27,15,A2
nominations,views.py,Simple Atributte,31,31,19,A2
nominations,views.py,Simple Atributte,37,37,28,A2
nominations,views.py,Simple Atributte,45,45,18,A2
nominations,views.py,Simple Atributte,46,46,24,A2
nominations,views.py,Simple Atributte,58,58,19,A2
nominations,views.py,Simple Atributte,59,59,11,A2
nominations,views.py,Simple Atributte,59,59,44,A2
nominations,views.py,Simple Atributte,62,62,11,A2
nominations,views.py,Simple Atributte,72,72,22,A2
nominations,views.py,Simple Atributte,76,76,18,A2
nominations,views.py,Simple Atributte,77,77,15,A2
nominations,views.py,Simple Atributte,81,81,19,A2
nominations,views.py,Simple Atributte,82,82,15,A2
nominations,views.py,Simple Atributte,86,86,15,A2
nominations,views.py,Simple Atributte,98,98,17,A2
nominations,views.py,Simple Atributte,99,99,8,A2
nominations,views.py,Simple Atributte,104,104,19,A2
nominations,views.py,Simple Atributte,109,109,15,A2
nominations,views.py,Simple Atributte,125,125,8,A2
nominations,views.py,Simple Atributte,125,125,34,A2
nominations,views.py,Simple Atributte,126,126,8,A2
nominations,views.py,Simple Atributte,126,126,33,A2
nominations,views.py,Simple Atributte,127,127,11,A2
nominations,views.py,Simple Atributte,136,136,12,A2
nominations,views.py,Simple Atributte,137,137,12,A2
nominations,views.py,Simple Atributte,138,138,15,A2
nominations,views.py,Simple Atributte,142,142,15,A2
nominations,views.py,Simple Atributte,153,153,15,A2
nominations,views.py,Simple Atributte,153,153,36,A2
nominations,views.py,Simple Atributte,157,157,19,A2
nominations,views.py,Simple Atributte,161,161,11,A2
nominations,views.py,Simple Atributte,167,167,15,A2
nominations,views.py,Simple Atributte,171,171,15,A2
nominations,views.py,Simple Atributte,183,183,15,A2
nominations,views.py,Simple Atributte,183,183,36,A2
nominations,views.py,Simple Atributte,187,187,19,A2
nominations,views.py,Simple Atributte,191,191,11,A2
nominations,views.py,Simple Atributte,197,197,15,A2
nominations,views.py,Simple Atributte,201,201,15,A2
nominations,views.py,Simple Atributte,209,209,22,A2
nominations,views.py,Simple Atributte,213,213,18,A2
nominations,views.py,Simple Atributte,214,214,30,A2
nominations,views.py,Simple Atributte,215,215,15,A2
nominations,views.py,Simple Atributte,219,219,15,A2
nominations,views.py,Simple Atributte,223,223,15,A2
nominations,views.py,Simple Atributte,31,31,19,A2
nominations,views.py,Simple Atributte,46,46,24,A2
nominations,views.py,Simple Atributte,58,58,19,A2
nominations,views.py,Simple Atributte,59,59,44,A2
nominations,views.py,Simple Atributte,60,60,19,A2
nominations,views.py,Simple Atributte,62,62,11,A2
nominations,views.py,Simple Atributte,63,63,19,A2
nominations,views.py,Simple Atributte,73,73,15,A2
nominations,views.py,Simple Atributte,76,76,47,A2
nominations,views.py,Simple Atributte,81,81,19,A2
nominations,views.py,Simple Atributte,99,99,34,A2
nominations,views.py,Simple Atributte,104,104,19,A2
nominations,views.py,Simple Atributte,106,106,12,A2
nominations,views.py,Simple Atributte,106,106,27,A2
nominations,views.py,Simple Atributte,110,110,12,A2
nominations,views.py,Simple Atributte,110,110,27,A2
nominations,views.py,Simple Atributte,126,126,33,A2
nominations,views.py,Simple Atributte,127,127,11,A2
nominations,views.py,Simple Atributte,130,130,19,A2
nominations,views.py,Simple Atributte,136,136,12,A2
nominations,views.py,Simple Atributte,137,137,12,A2
nominations,views.py,Simple Atributte,153,153,15,A2
nominations,views.py,Simple Atributte,157,157,19,A2
nominations,views.py,Simple Atributte,183,183,15,A2
nominations,views.py,Simple Atributte,183,183,36,A2
nominations,views.py,Simple Atributte,187,187,19,A2
nominations,views.py,Simple Atributte,210,210,15,A2
nominations,views.py,Simple Atributte,213,213,47,A2
nominations,views.py,Simple Atributte,214,214,30,A2
nominations,views.py,Simple Atributte,214,214,56,A2
nominations,views.py,Simple Atributte,219,219,15,A2
nominations,views.py,Simple Atributte,31,31,45,A2
nominations,views.py,Simple Atributte,46,46,50,A2
nominations,views.py,Simple Atributte,58,58,45,A2
nominations,views.py,Simple Atributte,59,59,44,A2
nominations,views.py,Simple Atributte,63,63,19,A2
nominations,views.py,Simple Atributte,63,63,47,A2
nominations,views.py,Simple Atributte,73,73,15,A2
nominations,views.py,Simple Atributte,73,73,40,A2
nominations,views.py,Simple Atributte,81,81,45,A2
nominations,views.py,Simple Atributte,82,82,15,A2
nominations,views.py,Simple Atributte,104,104,45,A2
nominations,views.py,Simple Atributte,107,107,37,A2
nominations,views.py,Simple Atributte,111,111,37,A2
nominations,views.py,Simple Atributte,120,120,32,A2
nominations,views.py,Simple Atributte,120,120,65,A2
nominations,views.py,Simple Atributte,126,126,59,A2
nominations,views.py,Simple Atributte,129,129,26,A2
nominations,views.py,Simple Atributte,153,153,36,A2
nominations,views.py,Simple Atributte,157,157,19,A2
nominations,views.py,Simple Atributte,187,187,19,A2
nominations,views.py,Simple Atributte,210,210,15,A2
nominations,views.py,Simple Atributte,210,210,40,A2
nominations,views.py,Simple Atributte,214,214,56,A2
nominations,views.py,Simple Atributte,60,60,19,A2
nominations,views.py,Simple Atributte,63,63,47,A2
nominations,views.py,Simple Atributte,82,82,15,A2
nominations,views.py,Simple Atributte,106,106,60,A2
nominations,views.py,Simple Atributte,110,110,60,A2
nominations,views.py,Simple Atributte,120,120,32,A2
nominations,views.py,Simple Atributte,120,120,65,A2
nominations,views.py,Simple Atributte,129,129,26,A2
nominations,views.py,Simple Atributte,129,129,51,A2
nominations,views.py,Simple Atributte,129,129,79,A2
nominations,views.py,Simple Atributte,131,131,26,A2
nominations,views.py,Simple Atributte,164,164,36,A2
nominations,views.py,Simple Atributte,164,164,69,A2
nominations,views.py,Simple Atributte,183,183,36,A2
nominations,views.py,Simple Atributte,194,194,36,A2
nominations,views.py,Simple Atributte,194,194,69,A2
nominations,views.py,Simple Atributte,60,60,19,A2
nominations,views.py,Simple Atributte,120,120,32,A2
nominations,views.py,Simple Atributte,129,129,51,A2
nominations,views.py,Simple Atributte,129,129,79,A2
nominations,views.py,Simple Atributte,131,131,26,A2
nominations,views.py,Simple Atributte,132,132,25,A2
nominations,views.py,Simple Atributte,133,133,29,A2
nominations,views.py,Simple Atributte,164,164,36,A2
nominations,views.py,Simple Atributte,164,164,69,A2
nominations,views.py,Simple Atributte,194,194,36,A2
nominations,views.py,Simple Atributte,194,194,69,A2
nominations,views.py,Simple Atributte,132,132,25,A2
nominations,views.py,Simple Atributte,133,133,29,A2
nominations,views.py,Simple Atributte,164,164,36,A2
nominations,views.py,Simple Atributte,194,194,36,A2
nominations,views.py,Unary Operation,73,73,11,A1
nominations,views.py,Unary Operation,109,109,11,A1
nominations,views.py,Unary Operation,210,210,11,A1
nominations,views.py,Boolean Operation,59,59,11,A1
nominations,views.py,Subscript,47,47,8,A1
nominations,views.py,Subscript,214,214,8,A1
nominations,views.py,Subscript,31,31,45,A1
nominations,views.py,Subscript,46,46,50,A1
nominations,views.py,Subscript,58,58,45,A1
nominations,views.py,Subscript,81,81,45,A1
nominations,views.py,Subscript,104,104,45,A1
nominations,views.py,Subscript,126,126,59,A1
nominations,views.py,Simple Assignment,17,17,4,A1
nominations,views.py,Simple Assignment,54,54,4,A1
nominations,views.py,Simple Assignment,92,92,4,A1
nominations,views.py,Simple Assignment,94,94,4,A1
nominations,views.py,Simple Assignment,148,148,4,A1
nominations,views.py,Simple Assignment,149,149,4,A1
nominations,views.py,Simple Assignment,177,177,4,A1
nominations,views.py,Simple Assignment,178,178,4,A1
nominations,views.py,Simple Assignment,179,179,4,A1
nominations,views.py,Simple Assignment,25,25,8,A1
nominations,views.py,Simple Assignment,26,26,8,A1
nominations,views.py,Simple Assignment,31,31,8,A1
nominations,views.py,Simple Assignment,32,32,8,A1
nominations,views.py,Simple Assignment,45,45,8,A1
nominations,views.py,Simple Assignment,46,46,8,A1
nominations,views.py,Simple Assignment,47,47,8,A1
nominations,views.py,Simple Assignment,58,58,8,A1
nominations,views.py,Simple Assignment,72,72,8,A1
nominations,views.py,Simple Assignment,76,76,8,A1
nominations,views.py,Simple Assignment,81,81,8,A1
nominations,views.py,Simple Assignment,98,98,8,A1
nominations,views.py,Simple Assignment,104,104,8,A1
nominations,views.py,Simple Assignment,125,125,8,A1
nominations,views.py,Simple Assignment,126,126,8,A1
nominations,views.py,Simple Assignment,157,157,8,A1
nominations,views.py,Simple Assignment,187,187,8,A1
nominations,views.py,Simple Assignment,209,209,8,A1
nominations,views.py,Simple Assignment,213,213,8,A1
nominations,views.py,Simple Assignment,214,214,8,A1
nominations,views.py,Simple Assignment,107,107,12,A1
nominations,views.py,Simple Assignment,111,111,12,A1
nominations,views.py,Simple Assignment,136,136,12,A1
nominations,views.py,Simple Assignment,137,137,12,A1
nominations,views.py,Simple Assignment,129,129,16,A1
nominations,views.py,Simple Assignment,131,135,16,A1
nominations,views.py,'raise' exception,74,74,12,B1
nominations,views.py,'raise' exception,108,108,12,B1
nominations,views.py,'raise' exception,112,112,12,B1
nominations,views.py,'raise' exception,211,211,12,B1
nominations,views.py,From,3,3,0,A2
nominations,views.py,From,4,4,0,A2
nominations,views.py,From,5,5,0,A2
nominations,views.py,From,6,6,0,A2
nominations,views.py,From,7,7,0,A2
nominations,views.py,From,9,9,0,A2
nominations,views.py,From,10,10,0,A2
nominations,views.py,From,11,11,0,A2
nominations,views.py,Alias,3,3,27,A1
nominations,views.py,Alias,4,4,39,A1
nominations,views.py,Alias,5,5,24,A1
nominations,views.py,Alias,6,6,24,A1
nominations,views.py,Alias,7,7,33,A1
nominations,views.py,Alias,7,7,45,A1
nominations,views.py,Alias,7,7,57,A1
nominations,views.py,Alias,7,7,67,A1
nominations,views.py,Alias,9,9,35,A1
nominations,views.py,Alias,9,9,57,A1
nominations,views.py,Alias,9,9,79,A1
nominations,views.py,Alias,10,10,36,A1
nominations,views.py,Alias,10,10,46,A1
nominations,views.py,Alias,10,10,58,A1
nominations,views.py,Alias,11,11,28,A1
nominations,views.py,Simple If statements,59,60,8,A1
nominations,views.py,Simple If statements,62,63,8,A1
nominations,views.py,Simple If statements,73,74,8,A1
nominations,views.py,Simple If statements,105,108,8,A1
nominations,views.py,Simple If statements,109,112,8,A1
nominations,views.py,Simple If statements,127,137,8,A1
nominations,views.py,Simple If statements,158,159,8,A1
nominations,views.py,Simple If statements,161,165,8,A1
nominations,views.py,Simple If statements,188,189,8,A1
nominations,views.py,Simple If statements,191,195,8,A1
nominations,views.py,Simple If statements,210,211,8,A1
nominations,views.py,Exception --> try/except,128,135,12,B1
nominations,views.py,Except Handler,130,135,12,A1
nominations,views.py,Function with Simple argument with * argument  with ** argument,23,27,4,B1
nominations,views.py,Function with Simple argument,29,33,4,A1
nominations,views.py,Function with Simple argument with ** argument,35,37,4,B1
nominations,views.py,Function with Simple argument with ** argument,43,48,4,B1
nominations,views.py,Function with Simple argument with * argument  with ** argument,56,64,4,B1
nominations,views.py,Function with Simple argument with * argument  with ** argument,70,77,4,B1
nominations,views.py,Function with Simple argument,79,82,4,A1
nominations,views.py,Function with Simple argument with ** argument,84,86,4,B1
nominations,views.py,Function with Simple argument,96,100,4,A1
nominations,views.py,Function with Simple argument,102,114,4,A1
nominations,views.py,Function with Simple argument,116,121,4,A1
nominations,views.py,Function with Simple argument,123,138,4,A1
nominations,views.py,Function with Simple argument with ** argument,140,142,4,B1
nominations,views.py,Function with Simple argument,151,153,4,A1
nominations,views.py,Function with Simple argument,155,167,4,A1
nominations,views.py,Function with Simple argument with ** argument,169,171,4,B1
nominations,views.py,Function with Simple argument,181,183,4,A1
nominations,views.py,Function with Simple argument,185,197,4,A1
nominations,views.py,Function with Simple argument with ** argument,199,201,4,B1
nominations,views.py,Function with Simple argument with * argument  with ** argument,207,215,4,B1
nominations,views.py,Function with Simple argument,217,219,4,A1
nominations,views.py,Function with Simple argument with ** argument,221,223,4,B1
nominations,views.py,Return,27,27,8,A1
nominations,views.py,Return,33,33,8,A1
nominations,views.py,Return,37,37,8,A1
nominations,views.py,Return,48,48,8,A1
nominations,views.py,Return,64,64,8,A1
nominations,views.py,Return,77,77,8,A1
nominations,views.py,Return,82,82,8,A1
nominations,views.py,Return,86,86,8,A1
nominations,views.py,Return,100,100,8,A1
nominations,views.py,Return,114,114,8,A1
nominations,views.py,Return,118,121,8,A1
nominations,views.py,Return,138,138,8,A1
nominations,views.py,Return,142,142,8,A1
nominations,views.py,Return,153,153,8,A1
nominations,views.py,Return,167,167,8,A1
nominations,views.py,Return,171,171,8,A1
nominations,views.py,Return,183,183,8,A1
nominations,views.py,Return,197,197,8,A1
nominations,views.py,Return,201,201,8,A1
nominations,views.py,Return,215,215,8,A1
nominations,views.py,Return,219,219,8,A1
nominations,views.py,Return,223,223,8,A1
nominations,views.py,Return,60,60,12,A1
nominations,views.py,Return,63,63,12,A1
nominations,views.py,Return,159,159,12,A1
nominations,views.py,Return,162,165,12,A1
nominations,views.py,Return,189,189,12,A1
nominations,views.py,Return,192,195,12,A1
nominations,views.py,Inherited Class from ListView,14,17,0,B1
nominations,views.py,Inherited Class from DetailView,20,37,0,B1
nominations,views.py,Simple Class ,40,48,0,B1
nominations,views.py,Inherited Class from ListView,51,64,0,B1
nominations,views.py,Inherited Class from DetailView,67,86,0,B1
nominations,views.py,Inherited Class from CreateView,89,142,0,B1
nominations,views.py,Inherited Class from UpdateView,145,171,0,B1
nominations,views.py,Inherited Class from UpdateView,174,201,0,B1
nominations,views.py,Inherited Class from DetailView,204,223,0,B1
nominations,forms.py,Simple Tuple,17,24,17,A1
nominations,forms.py,Simple Tuple,69,69,17,A1
nominations,forms.py,Simple Dictionary,25,25,18,A2
nominations,forms.py,Simple Dictionary,26,33,21,A2
nominations,forms.py,Simple Dictionary,70,72,21,A2
nominations,forms.py,Starred,42,42,25,A1
nominations,forms.py,Super Function,42,42,8,C2
nominations,forms.py,Simple Atributte,10,10,21,A2
nominations,forms.py,Simple Atributte,62,62,27,A2
nominations,forms.py,Simple Atributte,41,41,8,A2
nominations,forms.py,Simple Atributte,44,44,22,A2
nominations,forms.py,Simple Atributte,41,41,23,A2
nominations,forms.py,Simple Atributte,42,42,8,A2
nominations,forms.py,Simple Atributte,51,51,15,A2
nominations,forms.py,Simple Atributte,53,53,18,A2
nominations,forms.py,Simple Atributte,52,52,25,A2
nominations,forms.py,Simple Atributte,52,52,61,A2
nominations,forms.py,Simple Atributte,52,52,25,A2
nominations,forms.py,Simple Atributte,52,52,61,A2
nominations,forms.py,Simple Atributte,52,52,25,A2
nominations,forms.py,Simple Atributte,52,52,61,A2
nominations,forms.py,Unary Operation,52,52,21,A1
nominations,forms.py,Unary Operation,52,52,57,A1
nominations,forms.py,Boolean Operation,52,52,11,A1
nominations,forms.py,Boolean Operation,52,52,21,A1
nominations,forms.py,Subscript,51,51,15,A1
nominations,forms.py,Simple Assignment,44,47,4,A1
nominations,forms.py,Simple Assignment,16,16,8,A1
nominations,forms.py,Simple Assignment,17,24,8,A1
nominations,forms.py,Simple Assignment,25,25,8,A1
nominations,forms.py,Simple Assignment,26,33,8,A1
nominations,forms.py,Simple Assignment,41,41,8,A1
nominations,forms.py,Simple Assignment,51,51,8,A1
nominations,forms.py,Simple Assignment,68,68,8,A1
nominations,forms.py,Simple Assignment,69,69,8,A1
nominations,forms.py,Simple Assignment,70,72,8,A1
nominations,forms.py,'raise' exception,53,57,12,B1
nominations,forms.py,From,3,3,0,A2
nominations,forms.py,From,4,4,0,A2
nominations,forms.py,From,5,5,0,A2
nominations,forms.py,From,7,7,0,A2
nominations,forms.py,Alias,3,3,19,A1
nominations,forms.py,Alias,4,4,36,A1
nominations,forms.py,Alias,5,5,32,A1
nominations,forms.py,Alias,7,7,36,A1
nominations,forms.py,Simple If statements,52,57,8,A1
nominations,forms.py,Function with Simple argument with * argument  with ** argument,39,42,4,B1
nominations,forms.py,Function with Simple argument,49,59,4,A1
nominations,forms.py,Return,59,59,8,A1
nominations,forms.py,Simple Class ,10,33,0,B1
nominations,forms.py,Inherited Class from NominationForm,36,59,0,B1
nominations,forms.py,Simple Class ,62,72,0,B1
nominations,forms.py,Simple Class ,13,33,4,B1
nominations,forms.py,Simple Class ,65,72,4,B1
nominations,apps.py,Simple Assignment,9,9,4,A1
nominations,apps.py,Simple Assignment,10,10,4,A1
nominations,apps.py,From,3,3,0,A2
nominations,apps.py,Alias,3,3,24,A1
nominations,apps.py,Inherited Class from AppConfig,6,10,0,B1
cms,tests.py,Simple List,24,24,60,A1
cms,tests.py,Simple List,29,29,69,A1
cms,tests.py,Simple List,33,33,70,A1
cms,tests.py,Simple List,43,49,12,A1
cms,tests.py,Simple List,22,22,48,A1
cms,tests.py,Simple List,28,28,44,A1
cms,tests.py,Simple List,32,32,45,A1
cms,tests.py,Simple List,36,36,42,A1
cms,tests.py,Simple List,44,44,34,A1
cms,tests.py,Simple List,47,47,31,A1
cms,tests.py,Simple List,36,36,61,A1
cms,tests.py,Simple Tuple,18,18,32,A1
cms,tests.py,Simple Tuple,44,44,16,A1
cms,tests.py,Simple Tuple,45,48,16,A1
cms,tests.py,Simple Tuple,36,36,43,A1
cms,tests.py,Simple Tuple,47,47,101,A1
cms,tests.py,Simple Tuple,47,47,32,A1
cms,tests.py,Simple Tuple,47,47,56,A1
cms,tests.py,Simple Dictionary,73,73,43,A2
cms,tests.py,1 List Dictionary,44,44,23,B1
cms,tests.py,1 List Dictionary,47,47,20,B1
cms,tests.py,1 List Dictionary,36,36,50,B1
cms,tests.py,Simple Atributte,12,12,34,A2
cms,tests.py,Simple Atributte,69,69,23,A2
cms,tests.py,Simple Atributte,22,22,16,A2
cms,tests.py,Simple Atributte,23,23,8,A2
cms,tests.py,Simple Atributte,28,28,16,A2
cms,tests.py,Simple Atributte,29,29,8,A2
cms,tests.py,Simple Atributte,32,32,16,A2
cms,tests.py,Simple Atributte,33,33,8,A2
cms,tests.py,Simple Atributte,36,36,16,A2
cms,tests.py,Simple Atributte,37,37,20,A2
cms,tests.py,Simple Atributte,41,41,8,A2
cms,tests.py,Simple Atributte,53,53,16,A2
cms,tests.py,Simple Atributte,54,54,18,A2
cms,tests.py,Simple Atributte,55,55,14,A2
cms,tests.py,Simple Atributte,56,56,8,A2
cms,tests.py,Simple Atributte,57,57,8,A2
cms,tests.py,Simple Atributte,57,57,25,A2
cms,tests.py,Simple Atributte,57,57,38,A2
cms,tests.py,Simple Atributte,60,60,16,A2
cms,tests.py,Simple Atributte,61,61,18,A2
cms,tests.py,Simple Atributte,62,62,14,A2
cms,tests.py,Simple Atributte,63,63,8,A2
cms,tests.py,Simple Atributte,64,64,8,A2
cms,tests.py,Simple Atributte,65,65,12,A2
cms,tests.py,Simple Atributte,65,65,34,A2
cms,tests.py,Simple Atributte,71,71,14,A2
cms,tests.py,Simple Atributte,73,73,19,A2
cms,tests.py,Simple Atributte,74,74,8,A2
cms,tests.py,Simple Atributte,82,82,8,A2
cms,tests.py,Simple Atributte,86,86,19,A2
cms,tests.py,Simple Atributte,87,87,8,A2
cms,tests.py,Simple Atributte,87,87,25,A2
cms,tests.py,Simple Atributte,88,88,8,A2
cms,tests.py,Simple Atributte,89,89,8,A2
cms,tests.py,Simple Atributte,90,90,8,A2
cms,tests.py,Simple Atributte,19,19,19,A2
cms,tests.py,Simple Atributte,19,19,32,A2
cms,tests.py,Simple Atributte,24,24,12,A2
cms,tests.py,Simple Atributte,29,29,25,A2
cms,tests.py,Simple Atributte,33,33,25,A2
cms,tests.py,Simple Atributte,71,71,58,A2
cms,tests.py,Simple Atributte,86,86,19,A2
cms,tests.py,Simple Atributte,37,37,48,A2
cms,tests.py,Simple Atributte,24,24,46,A2
cms,tests.py,Simple Atributte,29,29,55,A2
cms,tests.py,Simple Atributte,33,33,56,A2
cms,tests.py,Subscript,88,88,25,A1
cms,tests.py,Simple Assignment,18,18,8,A1
cms,tests.py,Simple Assignment,22,22,8,A1
cms,tests.py,Simple Assignment,28,28,8,A1
cms,tests.py,Simple Assignment,32,32,8,A1
cms,tests.py,Simple Assignment,36,36,8,A1
cms,tests.py,Simple Assignment,37,37,8,A1
cms,tests.py,Simple Assignment,53,53,8,A1
cms,tests.py,Simple Assignment,54,54,8,A1
cms,tests.py,Simple Assignment,55,55,8,A1
cms,tests.py,Simple Assignment,60,60,8,A1
cms,tests.py,Simple Assignment,61,61,8,A1
cms,tests.py,Simple Assignment,62,62,8,A1
cms,tests.py,Simple Assignment,71,71,8,A1
cms,tests.py,Simple Assignment,72,72,8,A1
cms,tests.py,Simple Assignment,73,73,8,A1
cms,tests.py,Simple Assignment,86,86,8,A1
cms,tests.py,Import,1,1,0,A2
cms,tests.py,Import,2,2,0,A2
cms,tests.py,From,3,3,0,A2
cms,tests.py,From,5,5,0,A2
cms,tests.py,From,6,6,0,A2
cms,tests.py,From,8,8,0,A2
cms,tests.py,From,9,9,0,A2
cms,tests.py,Alias,1,1,7,A1
cms,tests.py,Alias,2,2,7,A1
cms,tests.py,Alias,3,3,21,A1
cms,tests.py,Alias,5,5,28,A1
cms,tests.py,Alias,5,5,37,A1
cms,tests.py,Alias,6,6,24,A1
cms,tests.py,Alias,8,8,27,A1
cms,tests.py,Alias,9,9,27,A1
cms,tests.py,Function with Simple argument with ** argument,13,19,4,B1
cms,tests.py,Function with Simple argument,21,25,4,A1
cms,tests.py,Function with Simple argument,27,29,4,A1
cms,tests.py,Function with Simple argument,31,33,4,A1
cms,tests.py,Function with Simple argument,35,50,4,A1
cms,tests.py,Function with Simple argument,52,57,4,A1
cms,tests.py,Function with Simple argument,59,66,4,A1
cms,tests.py,Function with Simple argument,70,77,4,A1
cms,tests.py,Function with Simple argument,81,82,4,A1
cms,tests.py,Function with Simple argument,84,90,4,A1
cms,tests.py,Return,19,19,8,A1
cms,tests.py,Simple Class ,12,66,0,B1
cms,tests.py,Simple Class ,69,77,0,B1
cms,tests.py,Inherited Class from TestCase,80,90,0,B1
cms,admin.py,Simple List,28,28,15,A1
cms,admin.py,Simple List,33,33,15,A1
cms,admin.py,Simple List,38,38,15,A1
cms,admin.py,Simple List,55,61,15,A1
cms,admin.py,Simple List,59,59,27,A1
cms,admin.py,Simple Tuple,48,48,12,A1
cms,admin.py,Simple Tuple,79,79,35,A1
cms,admin.py,Simple Tuple,49,49,21,A1
cms,admin.py,Simple Tuple,57,60,12,A1
cms,admin.py,Simple Tuple,59,59,97,A1
cms,admin.py,Simple Tuple,59,59,28,A1
cms,admin.py,Simple Tuple,59,59,52,A1
cms,admin.py,Simple Dictionary,79,79,26,A2
cms,admin.py,1 List Dictionary,59,59,16,B1
cms,admin.py,Starred,28,28,16,A1
cms,admin.py,Starred,33,33,16,A1
cms,admin.py,Starred,38,38,16,A1
cms,admin.py,Starred,56,56,12,A1
cms,admin.py,Super Function,16,16,15,C2
cms,admin.py,Super Function,47,47,20,C2
cms,admin.py,Super Function,27,27,22,C2
cms,admin.py,Super Function,32,32,22,C2
cms,admin.py,Super Function,37,37,22,C2
cms,admin.py,Simple Atributte,64,64,58,A2
cms,admin.py,Simple Atributte,68,68,61,A2
cms,admin.py,Simple Atributte,72,72,61,A2
cms,admin.py,Simple Atributte,76,76,20,A2
cms,admin.py,Simple Atributte,12,12,12,A2
cms,admin.py,Simple Atributte,12,12,26,A2
cms,admin.py,Simple Atributte,14,14,12,A2
cms,admin.py,Simple Atributte,14,14,35,A2
cms,admin.py,Simple Atributte,16,16,15,A2
cms,admin.py,Simple Atributte,47,47,20,A2
cms,admin.py,Simple Atributte,27,27,22,A2
cms,admin.py,Simple Atributte,32,32,22,A2
cms,admin.py,Simple Atributte,37,37,22,A2
cms,admin.py,Simple Atributte,51,51,20,A2
cms,admin.py,Unary Operation,11,11,11,A1
cms,admin.py,Subscript,50,50,24,A1
cms,admin.py,Subscript,51,51,20,A1
cms,admin.py,Simple Assignment,79,79,4,A1
cms,admin.py,Simple Assignment,27,27,8,A1
cms,admin.py,Simple Assignment,32,32,8,A1
cms,admin.py,Simple Assignment,37,37,8,A1
cms,admin.py,Simple Assignment,47,47,8,A1
cms,admin.py,Simple Assignment,12,12,12,A1
cms,admin.py,Simple Assignment,14,14,12,A1
cms,admin.py,From,3,3,0,A2
cms,admin.py,Alias,3,3,27,A1
cms,admin.py,Simple If statements,11,14,8,A1
cms,admin.py,Simple If statements,50,51,16,A1
cms,admin.py,For Loop with Tuple as name,48,51,8,A2
cms,admin.py,For Loop with 1 Tuples to iterate,49,51,12,A2
cms,admin.py,Function with Simple argument,9,16,4,A1
cms,admin.py,Function with Simple argument with Default argument,25,28,4,A2
cms,admin.py,Function with Simple argument,30,33,4,A1
cms,admin.py,Function with Simple argument,35,38,4,A1
cms,admin.py,Function with Simple argument with Default argument,40,61,4,A2
cms,admin.py,Return,16,16,8,A1
cms,admin.py,Return,28,28,8,A1
cms,admin.py,Return,33,33,8,A1
cms,admin.py,Return,38,38,8,A1
cms,admin.py,Return,55,61,8,A1
cms,admin.py,Simple Class ,6,61,0,B1
cms,admin.py,Inherited Class from ContentManageableAdmin,64,65,0,B1
cms,admin.py,Inherited Class from ContentManageableAdmin,68,69,0,B1
cms,admin.py,Inherited Class from ContentManageableAdmin,72,73,0,B1
cms,admin.py,Simple Class ,76,79,0,B1
templatetags,cms.py,Simple Dictionary,12,17,11,A2
templatetags,cms.py,Simple Atributte,6,6,11,A2
templatetags,cms.py,Simple Atributte,9,9,1,A2
templatetags,cms.py,Simple Assignment,6,6,0,A1
templatetags,cms.py,From,3,3,0,A2
templatetags,cms.py,From with 'as' extension ,4,4,0,B1
templatetags,cms.py,Alias,3,3,19,A1
templatetags,cms.py,Alias,4,4,36,A1
templatetags,cms.py,Function with Simple argument,10,17,0,A1
templatetags,cms.py,Return,12,17,4,A1
commands,create_initial_data.py,Simple List,28,28,27,A1
commands,create_initial_data.py,Simple Tuple,104,104,12,A1
commands,create_initial_data.py,Simple Tuple,86,86,26,A1
commands,create_initial_data.py,Simple Tuple,40,40,20,A1
commands,create_initial_data.py,Simple Tuple,73,73,35,A1
commands,create_initial_data.py,Simple Dictionary,25,25,20,A2
commands,create_initial_data.py,Formatted Value,36,36,59,A1
commands,create_initial_data.py,Formatted Value,53,53,62,A1
commands,create_initial_data.py,Formatted Value,77,77,53,A1
commands,create_initial_data.py,Formatted Value,77,77,75,A1
commands,create_initial_data.py,Formatted Value,95,95,53,A1
commands,create_initial_data.py,Formatted Value,95,95,75,A1
commands,create_initial_data.py,Formatted Value,109,109,53,A1
commands,create_initial_data.py,Formatted Value,109,109,75,A1
commands,create_initial_data.py,Joined String,36,36,57,A1
commands,create_initial_data.py,Joined String,53,53,34,A1
commands,create_initial_data.py,Joined String,77,77,51,A1
commands,create_initial_data.py,Joined String,95,95,51,A1
commands,create_initial_data.py,Joined String,109,109,51,A1
commands,create_initial_data.py,Files --> 'write' call function,51,51,16,A2
commands,create_initial_data.py,Files --> 'write' call function,53,53,16,A2
commands,create_initial_data.py,Files --> 'write' call function,30,30,16,A2
commands,create_initial_data.py,Files --> 'write' call function,77,77,16,A2
commands,create_initial_data.py,Files --> 'write' call function,95,95,16,A2
commands,create_initial_data.py,Files --> 'write' call function,109,109,16,A2
commands,create_initial_data.py,Simple Atributte,12,12,8,A2
commands,create_initial_data.py,Simple Atributte,17,17,8,A2
commands,create_initial_data.py,Simple Atributte,85,85,18,A2
commands,create_initial_data.py,Simple Atributte,100,100,20,A2
commands,create_initial_data.py,Simple Atributte,104,104,34,A2
commands,create_initial_data.py,Simple Atributte,33,33,23,A2
commands,create_initial_data.py,Simple Atributte,54,54,24,A2
commands,create_initial_data.py,Simple Atributte,72,72,24,A2
commands,create_initial_data.py,Simple Atributte,91,91,12,A2
commands,create_initial_data.py,Simple Atributte,105,105,12,A2
commands,create_initial_data.py,Simple Atributte,36,36,33,A2
commands,create_initial_data.py,Simple Atributte,40,40,38,A2
commands,create_initial_data.py,Simple Atributte,40,40,73,A2
commands,create_initial_data.py,Simple Atributte,51,51,16,A2
commands,create_initial_data.py,Simple Atributte,53,53,16,A2
commands,create_initial_data.py,Simple Atributte,72,72,24,A2
commands,create_initial_data.py,Simple Atributte,97,97,16,A2
commands,create_initial_data.py,Simple Atributte,112,112,16,A2
commands,create_initial_data.py,Simple Atributte,28,28,28,A2
commands,create_initial_data.py,Simple Atributte,30,30,16,A2
commands,create_initial_data.py,Simple Atributte,51,51,16,A2
commands,create_initial_data.py,Simple Atributte,51,51,34,A2
commands,create_initial_data.py,Simple Atributte,53,53,16,A2
commands,create_initial_data.py,Simple Atributte,77,77,16,A2
commands,create_initial_data.py,Simple Atributte,95,95,16,A2
commands,create_initial_data.py,Simple Atributte,109,109,16,A2
commands,create_initial_data.py,Simple Atributte,30,30,16,A2
commands,create_initial_data.py,Simple Atributte,30,30,34,A2
commands,create_initial_data.py,Simple Atributte,36,36,60,A2
commands,create_initial_data.py,Simple Atributte,42,42,34,A2
commands,create_initial_data.py,Simple Atributte,51,51,34,A2
commands,create_initial_data.py,Simple Atributte,77,77,16,A2
commands,create_initial_data.py,Simple Atributte,77,77,34,A2
commands,create_initial_data.py,Simple Atributte,95,95,16,A2
commands,create_initial_data.py,Simple Atributte,95,95,34,A2
commands,create_initial_data.py,Simple Atributte,109,109,16,A2
commands,create_initial_data.py,Simple Atributte,109,109,34,A2
commands,create_initial_data.py,Simple Atributte,30,30,34,A2
commands,create_initial_data.py,Simple Atributte,77,77,34,A2
commands,create_initial_data.py,Simple Atributte,95,95,34,A2
commands,create_initial_data.py,Simple Atributte,109,109,34,A2
commands,create_initial_data.py,Simple Atributte,77,77,54,A2
commands,create_initial_data.py,Simple Atributte,95,95,54,A2
commands,create_initial_data.py,Simple Atributte,109,109,54,A2
commands,create_initial_data.py,Unary Operation,101,101,11,A1
commands,create_initial_data.py,Unary Operation,90,90,11,A1
commands,create_initial_data.py,Boolean Operation,54,54,11,A1
commands,create_initial_data.py,Boolean Operation,73,73,11,A1
commands,create_initial_data.py,Boolean Operation,90,90,11,A1
commands,create_initial_data.py,Subscript,81,81,20,A1
commands,create_initial_data.py,Subscript,82,82,20,A1
commands,create_initial_data.py,Subscript,83,83,19,A1
commands,create_initial_data.py,Subscript,42,42,24,A1
commands,create_initial_data.py,Simple Assignment,9,9,4,A1
commands,create_initial_data.py,Simple Assignment,46,46,4,A1
commands,create_initial_data.py,Simple Assignment,25,25,8,A1
commands,create_initial_data.py,Simple Assignment,72,72,8,A1
commands,create_initial_data.py,Simple Assignment,81,81,8,A1
commands,create_initial_data.py,Simple Assignment,82,82,8,A1
commands,create_initial_data.py,Simple Assignment,83,83,8,A1
commands,create_initial_data.py,Simple Assignment,85,85,8,A1
commands,create_initial_data.py,Simple Assignment,100,100,8,A1
commands,create_initial_data.py,Simple Assignment,33,33,12,A1
commands,create_initial_data.py,Simple Assignment,59,63,12,A1
commands,create_initial_data.py,Simple Assignment,65,71,12,A1
commands,create_initial_data.py,Simple Assignment,28,28,16,A1
commands,create_initial_data.py,Simple Assignment,36,36,16,A1
commands,create_initial_data.py,Simple Assignment,107,107,16,A1
commands,create_initial_data.py,Simple Assignment,42,42,24,A1
commands,create_initial_data.py,'pass' statement,55,55,12,B1
commands,create_initial_data.py,Import'importlib' module,1,1,0,C1
commands,create_initial_data.py,Import,2,2,0,A2
commands,create_initial_data.py,From,4,4,0,A2
commands,create_initial_data.py,From,5,5,0,A2
commands,create_initial_data.py,Alias,1,1,7,A1
commands,create_initial_data.py,Alias,2,2,7,A1
commands,create_initial_data.py,Alias,4,4,24,A1
commands,create_initial_data.py,Alias,5,5,35,A1
commands,create_initial_data.py,Alias,5,5,48,A1
commands,create_initial_data.py,Simple If statements,26,33,8,A1
commands,create_initial_data.py,Simple If statements,49,53,8,A1
commands,create_initial_data.py,Simple If statements,54,55,8,A1
commands,create_initial_data.py,Simple If statements,58,71,8,A1
commands,create_initial_data.py,Simple If statements,73,77,8,A1
commands,create_initial_data.py,Simple If statements,86,87,8,A1
commands,create_initial_data.py,Simple If statements,90,97,8,A1
commands,create_initial_data.py,Simple If statements,101,102,8,A1
commands,create_initial_data.py,Simple If statements,50,53,12,A1
commands,create_initial_data.py,Simple If statements,41,43,20,A1
commands,create_initial_data.py,Simple For Loop,34,43,8,A1
commands,create_initial_data.py,For Loop with Tuple as name,104,112,8,A2
commands,create_initial_data.py,For Loop with Tuple as name,40,43,16,A2
commands,create_initial_data.py,'break' statement,43,43,24,B1
commands,create_initial_data.py,'continue' statement,38,38,16,B1
commands,create_initial_data.py,'continue' statement,110,110,16,B1
commands,create_initial_data.py,Exception --> try/except,27,31,12,B1
commands,create_initial_data.py,Exception --> try/except/else,35,43,12,B1
commands,create_initial_data.py,Exception --> try/except,74,77,12,B1
commands,create_initial_data.py,Exception --> try/except/else,92,97,12,B1
commands,create_initial_data.py,Exception --> try/except/else,106,112,12,B1
commands,create_initial_data.py,Except Handler,29,31,12,A1
commands,create_initial_data.py,Except Handler,37,38,12,A1
commands,create_initial_data.py,Except Handler,76,77,12,A1
commands,create_initial_data.py,Except Handler,94,95,12,A1
commands,create_initial_data.py,Except Handler,108,110,12,A1
commands,create_initial_data.py,Function with Simple argument,11,22,4,A1
commands,create_initial_data.py,Function with Simple argument,24,44,4,A1
commands,create_initial_data.py,Function with Simple argument with Keyword-Only argument,48,55,4,B1
commands,create_initial_data.py,Function with Simple argument,57,78,4,A1
commands,create_initial_data.py,Function with Simple argument with ** argument,80,112,4,B1
commands,create_initial_data.py,Return,44,44,8,A1
commands,create_initial_data.py,Return,78,78,8,A1
commands,create_initial_data.py,Return,87,87,12,A1
commands,create_initial_data.py,Return,102,102,12,A1
commands,create_initial_data.py,Return,31,31,16,A1
commands,create_initial_data.py,Inherited Class from BaseCommand,8,112,0,B1
cms,models.py,Starred,72,72,28,A1
cms,models.py,Super Function,50,50,15,C2
cms,models.py,Super Function,72,72,15,C2
cms,models.py,Simple Atributte,18,18,24,A2
cms,models.py,Simple Atributte,53,53,20,A2
cms,models.py,Simple Atributte,21,21,14,A2
cms,models.py,Simple Atributte,22,22,14,A2
cms,models.py,Simple Atributte,27,27,14,A2
cms,models.py,Simple Atributte,28,28,8,A2
cms,models.py,Simple Atributte,34,34,23,A2
cms,models.py,Simple Atributte,35,35,8,A2
cms,models.py,Simple Atributte,49,49,8,A2
cms,models.py,Simple Atributte,56,56,11,A2
cms,models.py,Simple Atributte,57,57,11,A2
cms,models.py,Simple Atributte,66,66,15,A2
cms,models.py,Simple Atributte,21,21,43,A2
cms,models.py,Simple Atributte,22,22,43,A2
cms,models.py,Simple Atributte,32,32,18,A2
cms,models.py,Simple Atributte,39,39,18,A2
cms,models.py,Simple Atributte,49,49,23,A2
cms,models.py,Simple Atributte,50,50,15,A2
cms,models.py,Simple Atributte,70,70,15,A2
cms,models.py,Simple Atributte,71,71,12,A2
cms,models.py,Simple Atributte,72,72,15,A2
cms,models.py,Simple Atributte,71,71,32,A2
cms,models.py,Unary Operation,70,70,11,A1
cms,models.py,Simple Assignment,21,21,4,A1
cms,models.py,Simple Assignment,22,22,4,A1
cms,models.py,Simple Assignment,27,33,4,A1
cms,models.py,Simple Assignment,34,40,4,A1
cms,models.py,Simple Assignment,56,56,4,A1
cms,models.py,Simple Assignment,57,57,4,A1
cms,models.py,Simple Assignment,45,45,8,A1
cms,models.py,Simple Assignment,49,49,8,A1
cms,models.py,Simple Assignment,62,62,8,A1
cms,models.py,Simple Assignment,71,71,12,A1
cms,models.py,From,12,12,0,A2
cms,models.py,From,13,13,0,A2
cms,models.py,From,14,14,0,A2
cms,models.py,From,15,15,0,A2
cms,models.py,Alias,12,12,24,A1
cms,models.py,Alias,13,13,22,A1
cms,models.py,Alias,14,14,43,A1
cms,models.py,Alias,15,15,25,A1
cms,models.py,Simple If statements,70,71,8,A1
cms,models.py,Function with Simple argument with ** argument,47,50,4,B1
cms,models.py,Function with Simple argument,64,66,4,A1
cms,models.py,Function with Simple argument with * argument  with ** argument,68,72,4,B1
cms,models.py,Return,50,50,8,A1
cms,models.py,Return,66,66,8,A1
cms,models.py,Return,72,72,8,A1
cms,models.py,Simple Class ,18,50,0,B1
cms,models.py,Simple Class ,53,72,0,B1
cms,models.py,Simple Class ,42,45,4,B1
cms,models.py,Simple Class ,59,62,4,B1
cms,views.py,Simple Dictionary,19,24,14,A2
cms,views.py,Simple Atributte,20,20,35,A2
cms,views.py,Subscript,26,26,4,A1
cms,views.py,Simple Assignment,8,8,0,A1
cms,views.py,Simple Assignment,9,9,0,A1
cms,views.py,Simple Assignment,19,24,4,A1
cms,views.py,Simple Assignment,25,25,4,A1
cms,views.py,Simple Assignment,26,26,4,A1
cms,views.py,From,3,3,0,A2
cms,views.py,From,5,5,0,A2
cms,views.py,From,6,6,0,A2
cms,views.py,Alias,3,3,25,A1
cms,views.py,Alias,5,5,29,A1
cms,views.py,Alias,6,6,24,A1
cms,views.py,Function with Simple argument,12,14,0,A1
cms,views.py,Function with Simple argument with Default argument,17,27,0,A2
cms,views.py,Return,14,14,4,A1
cms,views.py,Return,27,27,4,A1
cms,forms.py,Simple List,12,12,17,A1
cms,forms.py,Starred,17,17,25,A1
cms,forms.py,Super Function,17,17,8,C2
cms,forms.py,Super Function,21,21,14,C2
cms,forms.py,Simple Atributte,6,6,33,A2
cms,forms.py,Simple Atributte,16,16,8,A2
cms,forms.py,Simple Atributte,17,17,8,A2
cms,forms.py,Simple Atributte,21,21,14,A2
cms,forms.py,Simple Atributte,23,23,40,A2
cms,forms.py,Simple Atributte,23,23,11,A2
cms,forms.py,Simple Atributte,23,23,40,A2
cms,forms.py,Simple Atributte,24,24,19,A2
cms,forms.py,Simple Atributte,25,25,16,A2
cms,forms.py,Simple Atributte,25,25,30,A2
cms,forms.py,Simple Atributte,27,27,16,A2
cms,forms.py,Simple Atributte,27,27,39,A2
cms,forms.py,Simple Atributte,30,30,12,A2
cms,forms.py,Simple Atributte,23,23,40,A2
cms,forms.py,Simple Atributte,25,25,30,A2
cms,forms.py,Simple Atributte,27,27,39,A2
cms,forms.py,Unary Operation,24,24,15,A1
cms,forms.py,Boolean Operation,23,23,11,A1
cms,forms.py,Simple Assignment,12,12,8,A1
cms,forms.py,Simple Assignment,16,16,8,A1
cms,forms.py,Simple Assignment,21,21,8,A1
cms,forms.py,Simple Assignment,25,25,16,A1
cms,forms.py,Simple Assignment,27,27,16,A1
cms,forms.py,From,3,3,0,A2
cms,forms.py,Alias,3,3,19,A1
cms,forms.py,Simple If statements,23,27,8,A1
cms,forms.py,Simple If statements,29,30,8,A1
cms,forms.py,Simple If statements,24,27,12,A1
cms,forms.py,Function with Simple argument with Default argument with * argument  with ** argument,14,17,4,B1
cms,forms.py,Function with Simple argument with Default argument,19,31,4,A2
cms,forms.py,Return,31,31,8,A1
cms,forms.py,Simple Class ,6,31,0,B1
cms,forms.py,Simple Class ,9,12,4,B1
cms,apps.py,Simple Assignment,9,9,4,A1
cms,apps.py,Simple Assignment,10,10,4,A1
cms,apps.py,From,3,3,0,A2
cms,apps.py,Alias,3,3,24,A1
cms,apps.py,Inherited Class from AppConfig,6,10,0,B1
boxes,tests.py,Simple Atributte,8,8,0,A2
boxes,tests.py,Simple Atributte,8,8,16,A2
boxes,tests.py,Simple Atributte,13,13,8,A2
boxes,tests.py,Simple Atributte,13,13,19,A2
boxes,tests.py,Simple Atributte,18,18,12,A2
boxes,tests.py,Simple Atributte,19,19,15,A2
boxes,tests.py,Simple Atributte,22,22,12,A2
boxes,tests.py,Simple Atributte,23,23,8,A2
boxes,tests.py,Simple Atributte,23,23,28,A2
boxes,tests.py,Simple Atributte,26,26,12,A2
boxes,tests.py,Simple Atributte,27,27,8,A2
boxes,tests.py,Simple Atributte,33,33,12,A2
boxes,tests.py,Simple Atributte,34,34,8,A2
boxes,tests.py,Simple Atributte,34,34,31,A2
boxes,tests.py,Simple Atributte,13,13,19,A2
boxes,tests.py,Simple Atributte,19,19,24,A2
boxes,tests.py,Simple Atributte,23,23,28,A2
boxes,tests.py,Simple Atributte,33,33,12,A2
boxes,tests.py,Simple Atributte,34,34,31,A2
boxes,tests.py,Simple Atributte,23,23,28,A2
boxes,tests.py,Simple Atributte,34,34,31,A2
boxes,tests.py,Simple Assignment,13,13,8,A1
boxes,tests.py,Simple Assignment,18,18,8,A1
boxes,tests.py,Simple Assignment,22,22,8,A1
boxes,tests.py,Simple Assignment,26,26,8,A1
boxes,tests.py,Simple Assignment,33,33,8,A1
boxes,tests.py,Import,1,1,0,A2
boxes,tests.py,From,3,3,0,A2
boxes,tests.py,From,4,4,0,A2
boxes,tests.py,From,6,6,0,A2
boxes,tests.py,Alias,1,1,7,A1
boxes,tests.py,Alias,3,3,19,A1
boxes,tests.py,Alias,4,4,24,A1
boxes,tests.py,Alias,4,4,34,A1
boxes,tests.py,Alias,6,6,30,A1
boxes,tests.py,Function with Simple argument,12,13,4,A1
boxes,tests.py,Function with Simple argument with ** argument,17,19,4,B1
boxes,tests.py,Function with Simple argument,21,23,4,A1
boxes,tests.py,Function with Simple argument,25,27,4,A1
boxes,tests.py,Function with Simple argument,32,34,4,A1
boxes,tests.py,Return,19,19,8,A1
boxes,tests.py,Inherited Class from TestCase,11,13,0,B1
boxes,tests.py,Inherited Class from BaseTestCase,16,27,0,B1
boxes,tests.py,Inherited Class from BaseTestCase,30,34,0,B1
boxes,factories.py,Simple List,29,29,12,A1
boxes,factories.py,Simple Tuple,21,21,31,A1
boxes,factories.py,Simple Dictionary,42,44,11,A2
boxes,factories.py,Files --> 'read' call function,33,33,26,A2
boxes,factories.py,Simple Atributte,23,23,14,A2
boxes,factories.py,Simple Atributte,24,24,14,A2
boxes,factories.py,Simple Atributte,30,30,19,A2
boxes,factories.py,Simple Atributte,30,30,32,A2
boxes,factories.py,Simple Atributte,32,32,9,A2
boxes,factories.py,Simple Atributte,33,33,15,A2
boxes,factories.py,Simple Atributte,41,41,8,A2
boxes,factories.py,Simple Atributte,33,33,26,A2
boxes,factories.py,Subscript,30,30,32,A1
boxes,factories.py,Subscript,35,35,17,A1
boxes,factories.py,Subscript,37,37,18,A1
boxes,factories.py,Subscript,38,38,32,A1
boxes,factories.py,Subscript,39,39,20,A1
boxes,factories.py,Simple Assignment,23,23,4,A1
boxes,factories.py,Simple Assignment,24,24,4,A1
boxes,factories.py,Simple Assignment,29,29,4,A1
boxes,factories.py,Simple Assignment,30,30,4,A1
boxes,factories.py,Assigment with sum (total = total + 1),31,31,4,A1
boxes,factories.py,Simple Assignment,20,20,8,A1
boxes,factories.py,Simple Assignment,21,21,8,A1
boxes,factories.py,Simple Assignment,33,33,8,A1
boxes,factories.py,Simple Assignment,35,35,8,A1
boxes,factories.py,Simple Assignment,36,40,8,A1
boxes,factories.py,Import,3,3,0,A2
boxes,factories.py,Import,4,4,0,A2
boxes,factories.py,Import,6,6,0,A2
boxes,factories.py,From,7,7,0,A2
boxes,factories.py,From,8,8,0,A2
boxes,factories.py,From,10,10,0,A2
boxes,factories.py,From,11,11,0,A2
boxes,factories.py,Alias,3,3,7,A1
boxes,factories.py,Alias,4,4,7,A1
boxes,factories.py,Alias,6,6,7,A1
boxes,factories.py,Alias,7,7,24,A1
boxes,factories.py,Alias,8,8,27,A1
boxes,factories.py,Alias,10,10,30,A1
boxes,factories.py,Alias,11,11,33,A1
boxes,factories.py,Simple For Loop,34,41,4,A1
boxes,factories.py,With,32,33,4,B1
boxes,factories.py,Function,27,44,0,A1
boxes,factories.py,Return,42,44,4,A1
boxes,factories.py,Inherited Class from DjangoModelFactory,14,24,0,B1
boxes,factories.py,Simple Class ,17,21,4,B1
migrations,0004_alter_box_creator_alter_box_last_modified_by.py,Simple List,9,12,19,A1
migrations,0004_alter_box_creator_alter_box_last_modified_by.py,Simple List,14,37,17,A1
migrations,0004_alter_box_creator_alter_box_last_modified_by.py,Simple Tuple,11,11,8,A1
migrations,0004_alter_box_creator_alter_box_last_modified_by.py,Simple Atributte,8,8,16,A2
migrations,0004_alter_box_creator_alter_box_last_modified_by.py,Simple Atributte,10,10,8,A2
migrations,0004_alter_box_creator_alter_box_last_modified_by.py,Simple Atributte,10,10,40,A2
migrations,0004_alter_box_creator_alter_box_last_modified_by.py,Simple Atributte,15,15,8,A2
migrations,0004_alter_box_creator_alter_box_last_modified_by.py,Simple Atributte,26,26,8,A2
migrations,0004_alter_box_creator_alter_box_last_modified_by.py,Simple Atributte,18,18,18,A2
migrations,0004_alter_box_creator_alter_box_last_modified_by.py,Simple Atributte,29,29,18,A2
migrations,0004_alter_box_creator_alter_box_last_modified_by.py,Simple Atributte,21,21,26,A2
migrations,0004_alter_box_creator_alter_box_last_modified_by.py,Simple Atributte,23,23,19,A2
migrations,0004_alter_box_creator_alter_box_last_modified_by.py,Simple Atributte,32,32,26,A2
migrations,0004_alter_box_creator_alter_box_last_modified_by.py,Simple Atributte,34,34,19,A2
migrations,0004_alter_box_creator_alter_box_last_modified_by.py,Simple Atributte,21,21,26,A2
migrations,0004_alter_box_creator_alter_box_last_modified_by.py,Simple Atributte,32,32,26,A2
migrations,0004_alter_box_creator_alter_box_last_modified_by.py,Simple Atributte,21,21,26,A2
migrations,0004_alter_box_creator_alter_box_last_modified_by.py,Simple Atributte,32,32,26,A2
migrations,0004_alter_box_creator_alter_box_last_modified_by.py,Simple Atributte,21,21,26,A2
migrations,0004_alter_box_creator_alter_box_last_modified_by.py,Simple Atributte,32,32,26,A2
migrations,0004_alter_box_creator_alter_box_last_modified_by.py,Simple Assignment,9,12,4,A1
migrations,0004_alter_box_creator_alter_box_last_modified_by.py,Simple Assignment,14,37,4,A1
migrations,0004_alter_box_creator_alter_box_last_modified_by.py,Import,3,3,0,A2
migrations,0004_alter_box_creator_alter_box_last_modified_by.py,From,4,4,0,A2
migrations,0004_alter_box_creator_alter_box_last_modified_by.py,From,5,5,0,A2
migrations,0004_alter_box_creator_alter_box_last_modified_by.py,Alias,3,3,7,A1
migrations,0004_alter_box_creator_alter_box_last_modified_by.py,Alias,4,4,24,A1
migrations,0004_alter_box_creator_alter_box_last_modified_by.py,Alias,5,5,22,A1
migrations,0004_alter_box_creator_alter_box_last_modified_by.py,Alias,5,5,34,A1
migrations,0004_alter_box_creator_alter_box_last_modified_by.py,Simple Class ,8,37,0,B1
migrations,0003_auto_20171101_2138.py,Simple List,21,23,19,A1
migrations,0003_auto_20171101_2138.py,Simple List,25,27,17,A1
migrations,0003_auto_20171101_2138.py,Simple Tuple,22,22,8,A1
migrations,0003_auto_20171101_2138.py,Simple Atributte,20,20,16,A2
migrations,0003_auto_20171101_2138.py,Simple Atributte,7,7,10,A2
migrations,0003_auto_20171101_2138.py,Simple Atributte,8,8,4,A2
migrations,0003_auto_20171101_2138.py,Simple Atributte,26,26,8,A2
migrations,0003_auto_20171101_2138.py,Simple Atributte,8,8,4,A2
migrations,0003_auto_20171101_2138.py,Simple Atributte,8,8,4,A2
migrations,0003_auto_20171101_2138.py,Simple Assignment,7,7,4,A1
migrations,0003_auto_20171101_2138.py,Simple Assignment,21,23,4,A1
migrations,0003_auto_20171101_2138.py,Simple Assignment,25,27,4,A1
migrations,0003_auto_20171101_2138.py,From,3,3,0,A2
migrations,0003_auto_20171101_2138.py,Alias,3,3,22,A1
migrations,0003_auto_20171101_2138.py,Function with Simple argument,6,17,0,A1
migrations,0003_auto_20171101_2138.py,Simple Class ,20,27,0,B1
migrations,0002_auto_20150416_1853.py,Simple List,5,7,19,A1
migrations,0002_auto_20150416_1853.py,Simple List,9,26,17,A1
migrations,0002_auto_20150416_1853.py,Simple List,16,22,24,A1
migrations,0002_auto_20150416_1853.py,Simple Tuple,6,6,8,A1
migrations,0002_auto_20150416_1853.py,Simple Tuple,17,17,20,A1
migrations,0002_auto_20150416_1853.py,Simple Tuple,18,18,20,A1
migrations,0002_auto_20150416_1853.py,Simple Tuple,19,19,20,A1
migrations,0002_auto_20150416_1853.py,Simple Tuple,20,20,20,A1
migrations,0002_auto_20150416_1853.py,Simple Tuple,21,21,20,A1
migrations,0002_auto_20150416_1853.py,Simple Atributte,4,4,16,A2
migrations,0002_auto_20150416_1853.py,Simple Atributte,10,10,8,A2
migrations,0002_auto_20150416_1853.py,Simple Atributte,13,13,18,A2
migrations,0002_auto_20150416_1853.py,Simple Assignment,5,7,4,A1
migrations,0002_auto_20150416_1853.py,Simple Assignment,9,26,4,A1
migrations,0002_auto_20150416_1853.py,From,1,1,0,A2
migrations,0002_auto_20150416_1853.py,Alias,1,1,22,A1
migrations,0002_auto_20150416_1853.py,Alias,1,1,34,A1
migrations,0002_auto_20150416_1853.py,Simple Class ,4,26,0,B1
migrations,0001_initial.py,Simple List,8,10,19,A1
migrations,0001_initial.py,Simple List,12,62,17,A1
migrations,0001_initial.py,Simple List,15,56,19,A1
migrations,0001_initial.py,Simple List,25,31,32,A1
migrations,0001_initial.py,Simple Tuple,60,60,18,A1
migrations,0001_initial.py,Simple Tuple,16,16,16,A1
migrations,0001_initial.py,Simple Tuple,17,17,16,A1
migrations,0001_initial.py,Simple Tuple,18,18,16,A1
migrations,0001_initial.py,Simple Tuple,19,19,16,A1
migrations,0001_initial.py,Simple Tuple,20,20,16,A1
migrations,0001_initial.py,Simple Tuple,21,34,16,A1
migrations,0001_initial.py,Simple Tuple,35,35,16,A1
migrations,0001_initial.py,Simple Tuple,36,45,16,A1
migrations,0001_initial.py,Simple Tuple,46,55,16,A1
migrations,0001_initial.py,Simple Tuple,26,26,28,A1
migrations,0001_initial.py,Simple Tuple,27,27,28,A1
migrations,0001_initial.py,Simple Tuple,28,28,28,A1
migrations,0001_initial.py,Simple Tuple,29,29,28,A1
migrations,0001_initial.py,Simple Tuple,30,30,28,A1
migrations,0001_initial.py,Simple Dictionary,57,59,20,A2
migrations,0001_initial.py,Simple Atributte,7,7,16,A2
migrations,0001_initial.py,Simple Atributte,9,9,8,A2
migrations,0001_initial.py,Simple Atributte,9,9,40,A2
migrations,0001_initial.py,Simple Atributte,13,13,8,A2
migrations,0001_initial.py,Simple Atributte,60,60,19,A2
migrations,0001_initial.py,Simple Atributte,16,16,23,A2
migrations,0001_initial.py,Simple Atributte,17,17,28,A2
migrations,0001_initial.py,Simple Atributte,18,18,28,A2
migrations,0001_initial.py,Simple Atributte,19,19,26,A2
migrations,0001_initial.py,Simple Atributte,20,20,28,A2
migrations,0001_initial.py,Simple Atributte,23,23,20,A2
migrations,0001_initial.py,Simple Atributte,35,35,38,A2
migrations,0001_initial.py,Simple Atributte,38,38,20,A2
migrations,0001_initial.py,Simple Atributte,48,48,20,A2
migrations,0001_initial.py,Simple Atributte,17,17,72,A2
migrations,0001_initial.py,Simple Atributte,18,18,57,A2
migrations,0001_initial.py,Simple Atributte,20,20,28,A2
migrations,0001_initial.py,Simple Atributte,40,40,27,A2
migrations,0001_initial.py,Simple Atributte,43,43,34,A2
migrations,0001_initial.py,Simple Atributte,50,50,27,A2
migrations,0001_initial.py,Simple Atributte,53,53,34,A2
migrations,0001_initial.py,Simple Atributte,17,17,72,A2
migrations,0001_initial.py,Simple Atributte,18,18,57,A2
migrations,0001_initial.py,Simple Atributte,17,17,72,A2
migrations,0001_initial.py,Simple Atributte,18,18,57,A2
migrations,0001_initial.py,Simple Assignment,8,10,4,A1
migrations,0001_initial.py,Simple Assignment,12,62,4,A1
migrations,0001_initial.py,Import,1,1,0,A2
migrations,0001_initial.py,Import,2,2,0,A2
migrations,0001_initial.py,From,3,3,0,A2
migrations,0001_initial.py,From,4,4,0,A2
migrations,0001_initial.py,Alias,1,1,7,A1
migrations,0001_initial.py,Alias,2,2,7,A1
migrations,0001_initial.py,Alias,3,3,24,A1
migrations,0001_initial.py,Alias,4,4,22,A1
migrations,0001_initial.py,Alias,4,4,34,A1
migrations,0001_initial.py,Simple Class ,7,62,0,B1
boxes,urls.py,Simple List,7,9,14,A1
boxes,urls.py,Simple Assignment,7,9,0,A1
boxes,urls.py,From,3,3,0,A2
boxes,urls.py,From,5,5,0,A2
boxes,urls.py,Alias,3,3,24,A1
boxes,urls.py,Alias,5,5,29,A1
boxes,admin.py,Simple Tuple,13,13,15,A1
boxes,admin.py,Simple Atributte,9,9,1,A2
boxes,admin.py,Simple Assignment,13,13,4,A1
boxes,admin.py,From,3,3,0,A2
boxes,admin.py,From,5,5,0,A2
boxes,admin.py,From,6,6,0,A2
boxes,admin.py,Alias,3,3,27,A1
boxes,admin.py,Alias,5,5,30,A1
boxes,admin.py,Alias,6,6,27,A1
boxes,admin.py,Inherited Class from ContentManageableModelAdmin,10,13,0,B1
templatetags,boxes.py,Simple Atributte,14,14,1,A2
templatetags,boxes.py,Simple Atributte,10,10,6,A2
templatetags,boxes.py,Simple Atributte,11,11,11,A2
templatetags,boxes.py,Simple Atributte,19,19,11,A2
templatetags,boxes.py,Simple Atributte,18,18,25,A2
templatetags,boxes.py,Simple Atributte,18,18,25,A2
templatetags,boxes.py,Simple Atributte,20,20,8,A2
templatetags,boxes.py,Simple Atributte,18,18,25,A2
templatetags,boxes.py,Simple Atributte,18,18,25,A2
templatetags,boxes.py,Simple Atributte,18,18,25,A2
templatetags,boxes.py,Simple Assignment,10,10,0,A1
templatetags,boxes.py,Simple Assignment,11,11,0,A1
templatetags,boxes.py,Import,3,3,0,A2
templatetags,boxes.py,From,5,5,0,A2
templatetags,boxes.py,From,6,6,0,A2
templatetags,boxes.py,From,8,8,0,A2
templatetags,boxes.py,Alias,3,3,7,A1
templatetags,boxes.py,Alias,5,5,19,A1
templatetags,boxes.py,Alias,6,6,30,A1
templatetags,boxes.py,Alias,8,8,30,A1
templatetags,boxes.py,Exception --> try/except,17,21,4,B1
templatetags,boxes.py,Except Handler,19,21,4,A1
templatetags,boxes.py,Function with Simple argument,15,21,0,A1
templatetags,boxes.py,Return,18,18,8,A1
templatetags,boxes.py,Return,21,21,8,A1
boxes,models.py,Simple Atributte,22,22,12,A2
boxes,models.py,Simple Atributte,27,27,15,A2
boxes,models.py,Simple Assignment,16,16,0,A1
boxes,models.py,Simple Assignment,22,22,4,A1
boxes,models.py,Simple Assignment,23,23,4,A1
boxes,models.py,Simple Assignment,32,32,8,A1
boxes,models.py,From,10,10,0,A2
boxes,models.py,From,11,11,0,A2
boxes,models.py,From,12,12,0,A2
boxes,models.py,From,14,14,0,A2
boxes,models.py,Alias,10,10,24,A1
boxes,models.py,Alias,11,11,22,A1
boxes,models.py,Alias,12,12,31,A1
boxes,models.py,Alias,14,14,28,A1
boxes,models.py,Function with Simple argument,25,27,4,A1
boxes,models.py,Return,27,27,8,A1
boxes,models.py,Inherited Class from ContentManageable,19,32,0,B1
boxes,models.py,Simple Class ,29,32,4,B1
boxes,views.py,Simple Atributte,12,12,24,A2
boxes,views.py,Simple Atributte,12,12,24,A2
boxes,views.py,Simple Assignment,11,11,4,A1
boxes,views.py,From,3,3,0,A2
boxes,views.py,From,4,4,0,A2
boxes,views.py,From,6,6,0,A2
boxes,views.py,Alias,3,3,24,A1
boxes,views.py,Alias,4,4,29,A1
boxes,views.py,Alias,6,6,30,A1
boxes,views.py,Function with Simple argument,9,12,0,A1
boxes,views.py,Return,12,12,4,A1
boxes,apps.py,Simple Assignment,9,9,4,A1
boxes,apps.py,Simple Assignment,10,10,4,A1
boxes,apps.py,From,3,3,0,A2
boxes,apps.py,Alias,3,3,24,A1
boxes,apps.py,Inherited Class from AppConfig,6,10,0,B1
downloads,factories.py,Simple List,96,100,33,A1
downloads,factories.py,Simple Tuple,111,111,8,A1
downloads,factories.py,Simple Tuple,117,117,8,A1
downloads,factories.py,Simple Tuple,20,20,31,A1
downloads,factories.py,Simple Tuple,32,32,31,A1
downloads,factories.py,Simple Tuple,45,45,31,A1
downloads,factories.py,Simple Tuple,96,96,12,A1
downloads,factories.py,Simple Tuple,97,97,12,A1
downloads,factories.py,Simple Tuple,98,98,12,A1
downloads,factories.py,Simple Tuple,99,99,12,A1
downloads,factories.py,Simple Tuple,108,108,47,A1
downloads,factories.py,3 Nested Dictionary,89,93,14,B1
downloads,factories.py,Simple Dictionary,130,134,11,A2
downloads,factories.py,Simple Dictionary,90,90,16,A2
downloads,factories.py,Simple Dictionary,91,91,20,A2
downloads,factories.py,Simple Dictionary,92,92,25,A2
downloads,factories.py,Simple Dictionary,61,64,12,A2
downloads,factories.py,Formatted Value,63,63,67,A1
downloads,factories.py,Joined String,63,63,31,A1
downloads,factories.py,Starred,59,59,25,A1
downloads,factories.py,Super Function,59,59,8,C2
downloads,factories.py,Super Function,70,70,19,C2
downloads,factories.py,Simple Atributte,52,52,17,A2
downloads,factories.py,Simple Atributte,22,22,14,A2
downloads,factories.py,Simple Atributte,34,34,14,A2
downloads,factories.py,Simple Atributte,47,47,14,A2
downloads,factories.py,Simple Atributte,48,48,14,A2
downloads,factories.py,Simple Atributte,49,49,9,A2
downloads,factories.py,Simple Atributte,77,77,19,A2
downloads,factories.py,Simple Atributte,111,111,20,A2
downloads,factories.py,Simple Atributte,59,59,8,A2
downloads,factories.py,Simple Atributte,60,60,8,A2
downloads,factories.py,Simple Atributte,69,69,22,A2
downloads,factories.py,Simple Atributte,70,70,19,A2
downloads,factories.py,Simple Atributte,71,71,8,A2
downloads,factories.py,Simple Atributte,113,113,8,A2
downloads,factories.py,Simple Atributte,117,117,26,A2
downloads,factories.py,Simple Atributte,60,60,8,A2
downloads,factories.py,Simple Atributte,80,80,15,A2
downloads,factories.py,Simple Atributte,101,101,23,A2
downloads,factories.py,Simple Atributte,102,102,26,A2
downloads,factories.py,Simple Atributte,108,108,57,A2
downloads,factories.py,Simple Atributte,131,131,21,A2
downloads,factories.py,Simple Atributte,132,132,25,A2
downloads,factories.py,Simple Atributte,133,133,30,A2
downloads,factories.py,Simple Atributte,124,124,12,A2
downloads,factories.py,Simple Atributte,80,80,15,A2
downloads,factories.py,Simple Atributte,131,131,21,A2
downloads,factories.py,Simple Atributte,132,132,25,A2
downloads,factories.py,Simple Atributte,133,133,30,A2
downloads,factories.py,Simple Atributte,63,63,68,A2
downloads,factories.py,Simple Atributte,63,63,68,A2
downloads,factories.py,Unary Operation,80,80,56,A1
downloads,factories.py,Subscript,108,108,4,A1
downloads,factories.py,Subscript,80,80,15,A1
downloads,factories.py,Subscript,114,114,8,A1
downloads,factories.py,Subscript,111,111,20,A1
downloads,factories.py,Subscript,114,114,8,A1
downloads,factories.py,Subscript,120,120,22,A1
downloads,factories.py,Subscript,126,126,12,A1
downloads,factories.py,Subscript,127,127,12,A1
downloads,factories.py,Subscript,127,127,24,A1
downloads,factories.py,Subscript,128,128,12,A1
downloads,factories.py,Subscript,105,105,16,A1
downloads,factories.py,Subscript,117,117,26,A1
downloads,factories.py,Subscript,120,120,22,A1
downloads,factories.py,Subscript,127,127,24,A1
downloads,factories.py,Subscript,128,128,12,A1
downloads,factories.py,Subscript,105,105,16,A1
downloads,factories.py,Subscript,108,108,57,A1
downloads,factories.py,Subscript,124,124,12,A1
downloads,factories.py,Simple Dictionary Comprehension,108,108,22,C1
downloads,factories.py,Simple Assignment,22,22,4,A1
downloads,factories.py,Simple Assignment,34,34,4,A1
downloads,factories.py,Simple Assignment,35,35,4,A1
downloads,factories.py,Simple Assignment,47,47,4,A1
downloads,factories.py,Simple Assignment,48,48,4,A1
downloads,factories.py,Simple Assignment,49,49,4,A1
downloads,factories.py,Simple Assignment,55,55,4,A1
downloads,factories.py,Simple Assignment,77,77,4,A1
downloads,factories.py,Simple Assignment,89,93,4,A1
downloads,factories.py,Simple Assignment,108,108,4,A1
downloads,factories.py,Simple Assignment,19,19,8,A1
downloads,factories.py,Simple Assignment,20,20,8,A1
downloads,factories.py,Simple Assignment,31,31,8,A1
downloads,factories.py,Simple Assignment,32,32,8,A1
downloads,factories.py,Simple Assignment,44,44,8,A1
downloads,factories.py,Simple Assignment,45,45,8,A1
downloads,factories.py,Simple Assignment,69,69,8,A1
downloads,factories.py,Simple Assignment,70,70,8,A1
downloads,factories.py,Simple Assignment,114,114,8,A1
downloads,factories.py,Simple Assignment,118,118,8,A1
downloads,factories.py,Simple Assignment,101,101,12,A1
downloads,factories.py,Simple Assignment,102,102,12,A1
downloads,factories.py,Simple Assignment,120,120,12,A1
downloads,factories.py,Simple Assignment,126,126,12,A1
downloads,factories.py,Simple Assignment,127,127,12,A1
downloads,factories.py,Simple Assignment,128,128,12,A1
downloads,factories.py,Simple Assignment,105,105,16,A1
downloads,factories.py,Import,5,5,0,A2
downloads,factories.py,Import,6,6,0,A2
downloads,factories.py,From,3,3,0,A2
downloads,factories.py,From,7,7,0,A2
downloads,factories.py,From,9,9,0,A2
downloads,factories.py,From,10,10,0,A2
downloads,factories.py,Alias,3,3,25,A1
downloads,factories.py,Alias,5,5,7,A1
downloads,factories.py,Alias,6,6,7,A1
downloads,factories.py,Alias,7,7,27,A1
downloads,factories.py,Alias,9,9,34,A1
downloads,factories.py,Alias,9,9,38,A1
downloads,factories.py,Alias,9,9,47,A1
downloads,factories.py,Alias,10,10,33,A1
downloads,factories.py,Simple If statements,78,80,4,A1
downloads,factories.py,For Loop with Tuple as name,111,114,4,A2
downloads,factories.py,For Loop with Tuple as name,117,128,4,A2
downloads,factories.py,For Loop with 1 List to iterate,96,105,8,A2
downloads,factories.py,Simple For Loop,104,105,12,A1
downloads,factories.py,Exception --> try/except/else,119,128,8,B1
downloads,factories.py,With,95,105,4,B1
downloads,factories.py,Except Handler,121,124,8,A1
downloads,factories.py,Function with Simple argument,75,81,0,A1
downloads,factories.py,Function,84,134,0,A1
downloads,factories.py,Function with Simple argument with * argument  with ** argument,57,65,4,B1
downloads,factories.py,Function with Simple argument with ** argument,67,72,4,B1
downloads,factories.py,Return,81,81,4,A1
downloads,factories.py,Return,130,134,4,A1
downloads,factories.py,Return,72,72,8,A1
downloads,factories.py,Return,80,80,8,A1
downloads,factories.py,Inherited Class from DjangoModelFactory,13,22,0,B1
downloads,factories.py,Inherited Class from DjangoModelFactory,25,35,0,B1
downloads,factories.py,Inherited Class from DjangoModelFactory,38,49,0,B1
downloads,factories.py,Simple Class ,52,72,0,B1
downloads,factories.py,Simple Class ,16,20,4,B1
downloads,factories.py,Simple Class ,28,32,4,B1
downloads,factories.py,Simple Class ,41,45,4,B1
migrations,0003_auto_20150824_1612.py,Simple List,5,7,19,A1
migrations,0003_auto_20150824_1612.py,Simple List,9,18,17,A1
migrations,0003_auto_20150824_1612.py,Simple List,14,14,35,A1
migrations,0003_auto_20150824_1612.py,Simple Tuple,6,6,8,A1
migrations,0003_auto_20150824_1612.py,Simple Tuple,14,14,36,A1
migrations,0003_auto_20150824_1612.py,Simple Tuple,14,14,57,A1
migrations,0003_auto_20150824_1612.py,Simple Tuple,14,14,78,A1
migrations,0003_auto_20150824_1612.py,Simple Atributte,4,4,16,A2
migrations,0003_auto_20150824_1612.py,Simple Atributte,10,10,8,A2
migrations,0003_auto_20150824_1612.py,Simple Atributte,13,13,18,A2
migrations,0003_auto_20150824_1612.py,Simple Assignment,5,7,4,A1
migrations,0003_auto_20150824_1612.py,Simple Assignment,9,18,4,A1
migrations,0003_auto_20150824_1612.py,From,1,1,0,A2
migrations,0003_auto_20150824_1612.py,Alias,1,1,22,A1
migrations,0003_auto_20150824_1612.py,Alias,1,1,34,A1
migrations,0003_auto_20150824_1612.py,Simple Class ,4,18,0,B1
migrations,0015_releasefile_python_dot_org_urls.py,Simple List,8,11,19,A1
migrations,0015_releasefile_python_dot_org_urls.py,Simple List,13,59,17,A1
migrations,0015_releasefile_python_dot_org_urls.py,Simple Tuple,9,9,8,A1
migrations,0015_releasefile_python_dot_org_urls.py,Simple Tuple,19,19,24,A1
migrations,0015_releasefile_python_dot_org_urls.py,Simple Tuple,20,20,24,A1
migrations,0015_releasefile_python_dot_org_urls.py,Simple Tuple,21,21,24,A1
migrations,0015_releasefile_python_dot_org_urls.py,Simple Tuple,25,25,24,A1
migrations,0015_releasefile_python_dot_org_urls.py,Simple Tuple,26,26,24,A1
migrations,0015_releasefile_python_dot_org_urls.py,Simple Tuple,27,27,24,A1
migrations,0015_releasefile_python_dot_org_urls.py,Simple Tuple,31,31,24,A1
migrations,0015_releasefile_python_dot_org_urls.py,Simple Tuple,32,32,24,A1
migrations,0015_releasefile_python_dot_org_urls.py,Simple Tuple,33,33,24,A1
migrations,0015_releasefile_python_dot_org_urls.py,Simple Tuple,37,37,24,A1
migrations,0015_releasefile_python_dot_org_urls.py,Simple Tuple,38,38,24,A1
migrations,0015_releasefile_python_dot_org_urls.py,Simple Tuple,39,39,24,A1
migrations,0015_releasefile_python_dot_org_urls.py,Simple Tuple,43,43,24,A1
migrations,0015_releasefile_python_dot_org_urls.py,Simple Tuple,44,44,24,A1
migrations,0015_releasefile_python_dot_org_urls.py,Simple Tuple,45,45,24,A1
migrations,0015_releasefile_python_dot_org_urls.py,Simple Tuple,49,49,24,A1
migrations,0015_releasefile_python_dot_org_urls.py,Simple Tuple,50,50,24,A1
migrations,0015_releasefile_python_dot_org_urls.py,Simple Tuple,51,51,24,A1
migrations,0015_releasefile_python_dot_org_urls.py,Simple Atributte,7,7,16,A2
migrations,0015_releasefile_python_dot_org_urls.py,Simple Atributte,10,10,8,A2
migrations,0015_releasefile_python_dot_org_urls.py,Simple Atributte,10,10,40,A2
migrations,0015_releasefile_python_dot_org_urls.py,Simple Atributte,14,14,8,A2
migrations,0015_releasefile_python_dot_org_urls.py,Simple Atributte,16,16,23,A2
migrations,0015_releasefile_python_dot_org_urls.py,Simple Atributte,17,17,26,A2
migrations,0015_releasefile_python_dot_org_urls.py,Simple Atributte,18,18,20,A2
migrations,0015_releasefile_python_dot_org_urls.py,Simple Atributte,24,24,20,A2
migrations,0015_releasefile_python_dot_org_urls.py,Simple Atributte,30,30,20,A2
migrations,0015_releasefile_python_dot_org_urls.py,Simple Atributte,36,36,20,A2
migrations,0015_releasefile_python_dot_org_urls.py,Simple Atributte,42,42,20,A2
migrations,0015_releasefile_python_dot_org_urls.py,Simple Atributte,48,48,20,A2
migrations,0015_releasefile_python_dot_org_urls.py,Simple Assignment,8,11,4,A1
migrations,0015_releasefile_python_dot_org_urls.py,Simple Assignment,13,59,4,A1
migrations,0015_releasefile_python_dot_org_urls.py,From,3,3,0,A2
migrations,0015_releasefile_python_dot_org_urls.py,From,4,4,0,A2
migrations,0015_releasefile_python_dot_org_urls.py,Alias,3,3,24,A1
migrations,0015_releasefile_python_dot_org_urls.py,Alias,4,4,22,A1
migrations,0015_releasefile_python_dot_org_urls.py,Alias,4,4,34,A1
migrations,0015_releasefile_python_dot_org_urls.py,Simple Class ,7,59,0,B1
migrations,0007_auto_20220809_1655.py,Simple List,7,9,19,A1
migrations,0007_auto_20220809_1655.py,Simple List,11,24,17,A1
migrations,0007_auto_20220809_1655.py,Simple Tuple,8,8,8,A1
migrations,0007_auto_20220809_1655.py,Simple Atributte,6,6,16,A2
migrations,0007_auto_20220809_1655.py,Simple Atributte,12,12,8,A2
migrations,0007_auto_20220809_1655.py,Simple Atributte,17,17,8,A2
migrations,0007_auto_20220809_1655.py,Simple Atributte,15,15,18,A2
migrations,0007_auto_20220809_1655.py,Simple Atributte,20,20,18,A2
migrations,0007_auto_20220809_1655.py,Simple Assignment,7,9,4,A1
migrations,0007_auto_20220809_1655.py,Simple Assignment,11,24,4,A1
migrations,0007_auto_20220809_1655.py,From,3,3,0,A2
migrations,0007_auto_20220809_1655.py,Alias,3,3,22,A1
migrations,0007_auto_20220809_1655.py,Alias,3,3,34,A1
migrations,0007_auto_20220809_1655.py,Simple Class ,6,24,0,B1
migrations,0012_alter_release_version.py,Simple List,7,9,19,A1
migrations,0012_alter_release_version.py,Simple List,11,25,17,A1
migrations,0012_alter_release_version.py,Simple List,16,21,24,A1
migrations,0012_alter_release_version.py,Simple Tuple,8,8,8,A1
migrations,0012_alter_release_version.py,Simple Tuple,17,17,20,A1
migrations,0012_alter_release_version.py,Simple Tuple,18,18,20,A1
migrations,0012_alter_release_version.py,Simple Tuple,19,19,20,A1
migrations,0012_alter_release_version.py,Simple Tuple,20,20,20,A1
migrations,0012_alter_release_version.py,Simple Atributte,6,6,16,A2
migrations,0012_alter_release_version.py,Simple Atributte,12,12,8,A2
migrations,0012_alter_release_version.py,Simple Atributte,15,15,18,A2
migrations,0012_alter_release_version.py,Simple Assignment,7,9,4,A1
migrations,0012_alter_release_version.py,Simple Assignment,11,25,4,A1
migrations,0012_alter_release_version.py,From,3,3,0,A2
migrations,0012_alter_release_version.py,Alias,3,3,22,A1
migrations,0012_alter_release_version.py,Alias,3,3,34,A1
migrations,0012_alter_release_version.py,Simple Class ,6,25,0,B1
migrations,0006_auto_20180705_0352.py,Simple List,7,9,19,A1
migrations,0006_auto_20180705_0352.py,Simple List,11,27,17,A1
migrations,0006_auto_20180705_0352.py,Simple Tuple,8,8,8,A1
migrations,0006_auto_20180705_0352.py,Simple Atributte,6,6,16,A2
migrations,0006_auto_20180705_0352.py,Simple Atributte,12,12,8,A2
migrations,0006_auto_20180705_0352.py,Simple Atributte,17,17,8,A2
migrations,0006_auto_20180705_0352.py,Simple Atributte,22,22,8,A2
migrations,0006_auto_20180705_0352.py,Simple Atributte,15,15,18,A2
migrations,0006_auto_20180705_0352.py,Simple Atributte,20,20,18,A2
migrations,0006_auto_20180705_0352.py,Simple Atributte,25,25,18,A2
migrations,0006_auto_20180705_0352.py,Simple Assignment,7,9,4,A1
migrations,0006_auto_20180705_0352.py,Simple Assignment,11,27,4,A1
migrations,0006_auto_20180705_0352.py,From,3,3,0,A2
migrations,0006_auto_20180705_0352.py,Alias,3,3,22,A1
migrations,0006_auto_20180705_0352.py,Alias,3,3,34,A1
migrations,0006_auto_20180705_0352.py,Simple Class ,6,27,0,B1
migrations,0010_releasefile_sbom_spdx2_file.py,Simple List,7,9,19,A1
migrations,0010_releasefile_sbom_spdx2_file.py,Simple List,11,17,17,A1
migrations,0010_releasefile_sbom_spdx2_file.py,Simple Tuple,8,8,8,A1
migrations,0010_releasefile_sbom_spdx2_file.py,Simple Atributte,6,6,16,A2
migrations,0010_releasefile_sbom_spdx2_file.py,Simple Atributte,12,12,8,A2
migrations,0010_releasefile_sbom_spdx2_file.py,Simple Atributte,15,15,18,A2
migrations,0010_releasefile_sbom_spdx2_file.py,Simple Assignment,7,9,4,A1
migrations,0010_releasefile_sbom_spdx2_file.py,Simple Assignment,11,17,4,A1
migrations,0010_releasefile_sbom_spdx2_file.py,From,3,3,0,A2
migrations,0010_releasefile_sbom_spdx2_file.py,Alias,3,3,22,A1
migrations,0010_releasefile_sbom_spdx2_file.py,Alias,3,3,34,A1
migrations,0010_releasefile_sbom_spdx2_file.py,Simple Class ,6,17,0,B1
migrations,0013_alter_release_content_markup_type.py,Simple List,7,9,19,A1
migrations,0013_alter_release_content_markup_type.py,Simple List,11,27,17,A1
migrations,0013_alter_release_content_markup_type.py,Simple List,16,22,24,A1
migrations,0013_alter_release_content_markup_type.py,Simple Tuple,8,8,8,A1
migrations,0013_alter_release_content_markup_type.py,Simple Tuple,17,17,20,A1
migrations,0013_alter_release_content_markup_type.py,Simple Tuple,18,18,20,A1
migrations,0013_alter_release_content_markup_type.py,Simple Tuple,19,19,20,A1
migrations,0013_alter_release_content_markup_type.py,Simple Tuple,20,20,20,A1
migrations,0013_alter_release_content_markup_type.py,Simple Tuple,21,21,20,A1
migrations,0013_alter_release_content_markup_type.py,Simple Atributte,6,6,16,A2
migrations,0013_alter_release_content_markup_type.py,Simple Atributte,12,12,8,A2
migrations,0013_alter_release_content_markup_type.py,Simple Atributte,15,15,18,A2
migrations,0013_alter_release_content_markup_type.py,Simple Assignment,7,9,4,A1
migrations,0013_alter_release_content_markup_type.py,Simple Assignment,11,27,4,A1
migrations,0013_alter_release_content_markup_type.py,From,3,3,0,A2
migrations,0013_alter_release_content_markup_type.py,Alias,3,3,22,A1
migrations,0013_alter_release_content_markup_type.py,Alias,3,3,34,A1
migrations,0013_alter_release_content_markup_type.py,Simple Class ,6,27,0,B1
migrations,0005_move_release_page_content.py,Simple List,44,46,19,A1
migrations,0005_move_release_page_content.py,Simple List,48,50,17,A1
migrations,0005_move_release_page_content.py,Simple Tuple,45,45,8,A1
migrations,0005_move_release_page_content.py,Simple Tuple,35,35,15,A1
migrations,0005_move_release_page_content.py,Simple Atributte,43,43,16,A2
migrations,0005_move_release_page_content.py,Simple Atributte,10,10,15,A2
migrations,0005_move_release_page_content.py,Simple Atributte,24,24,15,A2
migrations,0005_move_release_page_content.py,Simple Atributte,9,9,14,A2
migrations,0005_move_release_page_content.py,Simple Atributte,10,10,15,A2
migrations,0005_move_release_page_content.py,Simple Atributte,11,11,15,A2
migrations,0005_move_release_page_content.py,Simple Atributte,16,16,8,A2
migrations,0005_move_release_page_content.py,Simple Atributte,17,17,8,A2
migrations,0005_move_release_page_content.py,Simple Atributte,22,22,14,A2
migrations,0005_move_release_page_content.py,Simple Atributte,23,23,11,A2
migrations,0005_move_release_page_content.py,Simple Atributte,24,24,15,A2
migrations,0005_move_release_page_content.py,Simple Atributte,25,25,15,A2
migrations,0005_move_release_page_content.py,Simple Atributte,15,15,18,A2
migrations,0005_move_release_page_content.py,Simple Atributte,18,18,8,A2
migrations,0005_move_release_page_content.py,Simple Atributte,31,31,19,A2
migrations,0005_move_release_page_content.py,Simple Atributte,38,38,12,A2
migrations,0005_move_release_page_content.py,Simple Atributte,39,39,12,A2
migrations,0005_move_release_page_content.py,Simple Atributte,49,49,8,A2
migrations,0005_move_release_page_content.py,Simple Atributte,11,11,15,A2
migrations,0005_move_release_page_content.py,Simple Atributte,25,25,15,A2
migrations,0005_move_release_page_content.py,Simple Atributte,34,34,19,A2
migrations,0005_move_release_page_content.py,Simple Atributte,35,35,16,A2
migrations,0005_move_release_page_content.py,Simple Atributte,35,35,35,A2
migrations,0005_move_release_page_content.py,Simple Atributte,40,40,12,A2
migrations,0005_move_release_page_content.py,Simple Atributte,11,11,15,A2
migrations,0005_move_release_page_content.py,Simple Atributte,15,15,28,A2
migrations,0005_move_release_page_content.py,Simple Atributte,25,25,15,A2
migrations,0005_move_release_page_content.py,Simple Atributte,33,33,23,A2
migrations,0005_move_release_page_content.py,Simple Atributte,34,34,19,A2
migrations,0005_move_release_page_content.py,Simple Atributte,15,15,28,A2
migrations,0005_move_release_page_content.py,Simple Atributte,15,15,28,A2
migrations,0005_move_release_page_content.py,Simple Atributte,15,15,28,A2
migrations,0005_move_release_page_content.py,Subscript,15,15,28,A1
migrations,0005_move_release_page_content.py,Slice,15,15,74,A1
migrations,0005_move_release_page_content.py,Simple Assignment,5,5,0,A1
migrations,0005_move_release_page_content.py,Simple Assignment,9,9,4,A1
migrations,0005_move_release_page_content.py,Simple Assignment,10,10,4,A1
migrations,0005_move_release_page_content.py,Simple Assignment,11,13,4,A1
migrations,0005_move_release_page_content.py,Simple Assignment,22,22,4,A1
migrations,0005_move_release_page_content.py,Simple Assignment,23,23,4,A1
migrations,0005_move_release_page_content.py,Simple Assignment,24,24,4,A1
migrations,0005_move_release_page_content.py,Simple Assignment,25,28,4,A1
migrations,0005_move_release_page_content.py,Simple Assignment,44,46,4,A1
migrations,0005_move_release_page_content.py,Simple Assignment,48,50,4,A1
migrations,0005_move_release_page_content.py,Simple Assignment,15,15,8,A1
migrations,0005_move_release_page_content.py,Assigment with sum (total = total + 1),16,16,8,A1
migrations,0005_move_release_page_content.py,Simple Assignment,17,17,8,A1
migrations,0005_move_release_page_content.py,Simple Assignment,31,31,12,A1
migrations,0005_move_release_page_content.py,Simple Assignment,34,34,12,A1
migrations,0005_move_release_page_content.py,Simple Assignment,38,38,12,A1
migrations,0005_move_release_page_content.py,Simple Assignment,39,39,12,A1
migrations,0005_move_release_page_content.py,Assigment with sum (total = total + 1),33,33,16,A1
migrations,0005_move_release_page_content.py,From,3,3,0,A2
migrations,0005_move_release_page_content.py,Alias,3,3,22,A1
migrations,0005_move_release_page_content.py,Simple If statements,32,33,12,A1
migrations,0005_move_release_page_content.py,Simple For Loop,14,18,4,A1
migrations,0005_move_release_page_content.py,Simple For Loop,29,40,4,A1
migrations,0005_move_release_page_content.py,'continue' statement,36,36,12,B1
migrations,0005_move_release_page_content.py,Exception --> try/except/else,30,40,8,B1
migrations,0005_move_release_page_content.py,Except Handler,35,36,8,A1
migrations,0005_move_release_page_content.py,Function with Simple argument,8,18,0,A1
migrations,0005_move_release_page_content.py,Function with Simple argument,21,40,0,A1
migrations,0005_move_release_page_content.py,Simple Class ,43,50,0,B1
migrations,0008_auto_20220907_2102.py,Simple List,7,9,19,A1
migrations,0008_auto_20220907_2102.py,Simple List,11,20,17,A1
migrations,0008_auto_20220907_2102.py,Simple Tuple,8,8,8,A1
migrations,0008_auto_20220907_2102.py,Simple Tuple,16,16,23,A1
migrations,0008_auto_20220907_2102.py,Simple Atributte,6,6,16,A2
migrations,0008_auto_20220907_2102.py,Simple Atributte,12,12,8,A2
migrations,0008_auto_20220907_2102.py,Simple Atributte,14,14,23,A2
migrations,0008_auto_20220907_2102.py,Simple Atributte,15,15,26,A2
migrations,0008_auto_20220907_2102.py,Simple Assignment,7,9,4,A1
migrations,0008_auto_20220907_2102.py,Simple Assignment,11,20,4,A1
migrations,0008_auto_20220907_2102.py,From,3,3,0,A2
migrations,0008_auto_20220907_2102.py,Alias,3,3,22,A1
migrations,0008_auto_20220907_2102.py,Alias,3,3,34,A1
migrations,0008_auto_20220907_2102.py,Simple Class ,6,20,0,B1
migrations,0002_auto_20150416_1853.py,Simple List,5,7,19,A1
migrations,0002_auto_20150416_1853.py,Simple List,9,26,17,A1
migrations,0002_auto_20150416_1853.py,Simple List,16,22,24,A1
migrations,0002_auto_20150416_1853.py,Simple Tuple,6,6,8,A1
migrations,0002_auto_20150416_1853.py,Simple Tuple,17,17,20,A1
migrations,0002_auto_20150416_1853.py,Simple Tuple,18,18,20,A1
migrations,0002_auto_20150416_1853.py,Simple Tuple,19,19,20,A1
migrations,0002_auto_20150416_1853.py,Simple Tuple,20,20,20,A1
migrations,0002_auto_20150416_1853.py,Simple Tuple,21,21,20,A1
migrations,0002_auto_20150416_1853.py,Simple Atributte,4,4,16,A2
migrations,0002_auto_20150416_1853.py,Simple Atributte,10,10,8,A2
migrations,0002_auto_20150416_1853.py,Simple Atributte,13,13,18,A2
migrations,0002_auto_20150416_1853.py,Simple Assignment,5,7,4,A1
migrations,0002_auto_20150416_1853.py,Simple Assignment,9,26,4,A1
migrations,0002_auto_20150416_1853.py,From,1,1,0,A2
migrations,0002_auto_20150416_1853.py,Alias,1,1,22,A1
migrations,0002_auto_20150416_1853.py,Alias,1,1,34,A1
migrations,0002_auto_20150416_1853.py,Simple Class ,4,26,0,B1
migrations,0014_releasefile_sha256_sum.py,Simple List,7,9,19,A1
migrations,0014_releasefile_sha256_sum.py,Simple List,11,17,17,A1
migrations,0014_releasefile_sha256_sum.py,Simple Tuple,8,8,8,A1
migrations,0014_releasefile_sha256_sum.py,Simple Atributte,6,6,16,A2
migrations,0014_releasefile_sha256_sum.py,Simple Atributte,12,12,8,A2
migrations,0014_releasefile_sha256_sum.py,Simple Atributte,15,15,18,A2
migrations,0014_releasefile_sha256_sum.py,Simple Assignment,7,9,4,A1
migrations,0014_releasefile_sha256_sum.py,Simple Assignment,11,17,4,A1
migrations,0014_releasefile_sha256_sum.py,From,3,3,0,A2
migrations,0014_releasefile_sha256_sum.py,Alias,3,3,22,A1
migrations,0014_releasefile_sha256_sum.py,Alias,3,3,34,A1
migrations,0014_releasefile_sha256_sum.py,Simple Class ,6,17,0,B1
migrations,0011_alter_os_creator_alter_os_last_modified_by_and_more.py,Simple List,9,12,19,A1
migrations,0011_alter_os_creator_alter_os_last_modified_by_and_more.py,Simple List,14,81,17,A1
migrations,0011_alter_os_creator_alter_os_last_modified_by_and_more.py,Simple Tuple,11,11,8,A1
migrations,0011_alter_os_creator_alter_os_last_modified_by_and_more.py,Simple Atributte,8,8,16,A2
migrations,0011_alter_os_creator_alter_os_last_modified_by_and_more.py,Simple Atributte,10,10,8,A2
migrations,0011_alter_os_creator_alter_os_last_modified_by_and_more.py,Simple Atributte,10,10,40,A2
migrations,0011_alter_os_creator_alter_os_last_modified_by_and_more.py,Simple Atributte,15,15,8,A2
migrations,0011_alter_os_creator_alter_os_last_modified_by_and_more.py,Simple Atributte,26,26,8,A2
migrations,0011_alter_os_creator_alter_os_last_modified_by_and_more.py,Simple Atributte,37,37,8,A2
migrations,0011_alter_os_creator_alter_os_last_modified_by_and_more.py,Simple Atributte,48,48,8,A2
migrations,0011_alter_os_creator_alter_os_last_modified_by_and_more.py,Simple Atributte,59,59,8,A2
migrations,0011_alter_os_creator_alter_os_last_modified_by_and_more.py,Simple Atributte,70,70,8,A2
migrations,0011_alter_os_creator_alter_os_last_modified_by_and_more.py,Simple Atributte,18,18,18,A2
migrations,0011_alter_os_creator_alter_os_last_modified_by_and_more.py,Simple Atributte,29,29,18,A2
migrations,0011_alter_os_creator_alter_os_last_modified_by_and_more.py,Simple Atributte,40,40,18,A2
migrations,0011_alter_os_creator_alter_os_last_modified_by_and_more.py,Simple Atributte,51,51,18,A2
migrations,0011_alter_os_creator_alter_os_last_modified_by_and_more.py,Simple Atributte,62,62,18,A2
migrations,0011_alter_os_creator_alter_os_last_modified_by_and_more.py,Simple Atributte,73,73,18,A2
migrations,0011_alter_os_creator_alter_os_last_modified_by_and_more.py,Simple Atributte,21,21,26,A2
migrations,0011_alter_os_creator_alter_os_last_modified_by_and_more.py,Simple Atributte,23,23,19,A2
migrations,0011_alter_os_creator_alter_os_last_modified_by_and_more.py,Simple Atributte,32,32,26,A2
migrations,0011_alter_os_creator_alter_os_last_modified_by_and_more.py,Simple Atributte,34,34,19,A2
migrations,0011_alter_os_creator_alter_os_last_modified_by_and_more.py,Simple Atributte,43,43,26,A2
migrations,0011_alter_os_creator_alter_os_last_modified_by_and_more.py,Simple Atributte,45,45,19,A2
migrations,0011_alter_os_creator_alter_os_last_modified_by_and_more.py,Simple Atributte,54,54,26,A2
migrations,0011_alter_os_creator_alter_os_last_modified_by_and_more.py,Simple Atributte,56,56,19,A2
migrations,0011_alter_os_creator_alter_os_last_modified_by_and_more.py,Simple Atributte,65,65,26,A2
migrations,0011_alter_os_creator_alter_os_last_modified_by_and_more.py,Simple Atributte,67,67,19,A2
migrations,0011_alter_os_creator_alter_os_last_modified_by_and_more.py,Simple Atributte,76,76,26,A2
migrations,0011_alter_os_creator_alter_os_last_modified_by_and_more.py,Simple Atributte,78,78,19,A2
migrations,0011_alter_os_creator_alter_os_last_modified_by_and_more.py,Simple Atributte,21,21,26,A2
migrations,0011_alter_os_creator_alter_os_last_modified_by_and_more.py,Simple Atributte,32,32,26,A2
migrations,0011_alter_os_creator_alter_os_last_modified_by_and_more.py,Simple Atributte,43,43,26,A2
migrations,0011_alter_os_creator_alter_os_last_modified_by_and_more.py,Simple Atributte,54,54,26,A2
migrations,0011_alter_os_creator_alter_os_last_modified_by_and_more.py,Simple Atributte,65,65,26,A2
migrations,0011_alter_os_creator_alter_os_last_modified_by_and_more.py,Simple Atributte,76,76,26,A2
migrations,0011_alter_os_creator_alter_os_last_modified_by_and_more.py,Simple Atributte,21,21,26,A2
migrations,0011_alter_os_creator_alter_os_last_modified_by_and_more.py,Simple Atributte,32,32,26,A2
migrations,0011_alter_os_creator_alter_os_last_modified_by_and_more.py,Simple Atributte,43,43,26,A2
migrations,0011_alter_os_creator_alter_os_last_modified_by_and_more.py,Simple Atributte,54,54,26,A2
migrations,0011_alter_os_creator_alter_os_last_modified_by_and_more.py,Simple Atributte,65,65,26,A2
migrations,0011_alter_os_creator_alter_os_last_modified_by_and_more.py,Simple Atributte,76,76,26,A2
migrations,0011_alter_os_creator_alter_os_last_modified_by_and_more.py,Simple Atributte,21,21,26,A2
migrations,0011_alter_os_creator_alter_os_last_modified_by_and_more.py,Simple Atributte,32,32,26,A2
migrations,0011_alter_os_creator_alter_os_last_modified_by_and_more.py,Simple Atributte,43,43,26,A2
migrations,0011_alter_os_creator_alter_os_last_modified_by_and_more.py,Simple Atributte,54,54,26,A2
migrations,0011_alter_os_creator_alter_os_last_modified_by_and_more.py,Simple Atributte,65,65,26,A2
migrations,0011_alter_os_creator_alter_os_last_modified_by_and_more.py,Simple Atributte,76,76,26,A2
migrations,0011_alter_os_creator_alter_os_last_modified_by_and_more.py,Simple Assignment,9,12,4,A1
migrations,0011_alter_os_creator_alter_os_last_modified_by_and_more.py,Simple Assignment,14,81,4,A1
migrations,0011_alter_os_creator_alter_os_last_modified_by_and_more.py,Import,3,3,0,A2
migrations,0011_alter_os_creator_alter_os_last_modified_by_and_more.py,From,4,4,0,A2
migrations,0011_alter_os_creator_alter_os_last_modified_by_and_more.py,From,5,5,0,A2
migrations,0011_alter_os_creator_alter_os_last_modified_by_and_more.py,Alias,3,3,7,A1
migrations,0011_alter_os_creator_alter_os_last_modified_by_and_more.py,Alias,4,4,24,A1
migrations,0011_alter_os_creator_alter_os_last_modified_by_and_more.py,Alias,5,5,22,A1
migrations,0011_alter_os_creator_alter_os_last_modified_by_and_more.py,Alias,5,5,34,A1
migrations,0011_alter_os_creator_alter_os_last_modified_by_and_more.py,Simple Class ,8,81,0,B1
migrations,0001_initial.py,Simple List,8,11,19,A1
migrations,0001_initial.py,Simple List,13,208,17,A1
migrations,0001_initial.py,Simple List,16,42,19,A1
migrations,0001_initial.py,Simple List,52,143,19,A1
migrations,0001_initial.py,Simple List,154,200,19,A1
migrations,0001_initial.py,Simple List,61,61,32,A1
migrations,0001_initial.py,Simple List,106,112,32,A1
migrations,0001_initial.py,Simple Tuple,9,9,8,A1
migrations,0001_initial.py,Simple Tuple,48,48,18,A1
migrations,0001_initial.py,Simple Tuple,150,150,18,A1
migrations,0001_initial.py,Simple Tuple,206,206,18,A1
migrations,0001_initial.py,Simple Tuple,17,17,16,A1
migrations,0001_initial.py,Simple Tuple,18,18,16,A1
migrations,0001_initial.py,Simple Tuple,19,19,16,A1
migrations,0001_initial.py,Simple Tuple,20,20,16,A1
migrations,0001_initial.py,Simple Tuple,21,21,16,A1
migrations,0001_initial.py,Simple Tuple,22,31,16,A1
migrations,0001_initial.py,Simple Tuple,32,41,16,A1
migrations,0001_initial.py,Simple Tuple,46,46,28,A1
migrations,0001_initial.py,Simple Tuple,53,53,16,A1
migrations,0001_initial.py,Simple Tuple,54,54,16,A1
migrations,0001_initial.py,Simple Tuple,55,55,16,A1
migrations,0001_initial.py,Simple Tuple,56,56,16,A1
migrations,0001_initial.py,Simple Tuple,57,57,16,A1
migrations,0001_initial.py,Simple Tuple,58,63,16,A1
migrations,0001_initial.py,Simple Tuple,64,72,16,A1
migrations,0001_initial.py,Simple Tuple,73,81,16,A1
migrations,0001_initial.py,Simple Tuple,82,90,16,A1
migrations,0001_initial.py,Simple Tuple,91,98,16,A1
migrations,0001_initial.py,Simple Tuple,99,99,16,A1
migrations,0001_initial.py,Simple Tuple,100,100,16,A1
migrations,0001_initial.py,Simple Tuple,101,101,16,A1
migrations,0001_initial.py,Simple Tuple,102,115,16,A1
migrations,0001_initial.py,Simple Tuple,116,116,16,A1
migrations,0001_initial.py,Simple Tuple,117,126,16,A1
migrations,0001_initial.py,Simple Tuple,127,136,16,A1
migrations,0001_initial.py,Simple Tuple,137,142,16,A1
migrations,0001_initial.py,Simple Tuple,147,147,28,A1
migrations,0001_initial.py,Simple Tuple,155,155,16,A1
migrations,0001_initial.py,Simple Tuple,156,156,16,A1
migrations,0001_initial.py,Simple Tuple,157,157,16,A1
migrations,0001_initial.py,Simple Tuple,158,158,16,A1
migrations,0001_initial.py,Simple Tuple,159,159,16,A1
migrations,0001_initial.py,Simple Tuple,160,160,16,A1
migrations,0001_initial.py,Simple Tuple,161,161,16,A1
migrations,0001_initial.py,Simple Tuple,162,162,16,A1
migrations,0001_initial.py,Simple Tuple,163,166,16,A1
migrations,0001_initial.py,Simple Tuple,167,167,16,A1
migrations,0001_initial.py,Simple Tuple,168,168,16,A1
migrations,0001_initial.py,Simple Tuple,169,172,16,A1
migrations,0001_initial.py,Simple Tuple,173,182,16,A1
migrations,0001_initial.py,Simple Tuple,183,192,16,A1
migrations,0001_initial.py,Simple Tuple,193,198,16,A1
migrations,0001_initial.py,Simple Tuple,199,199,16,A1
migrations,0001_initial.py,Simple Tuple,204,204,28,A1
migrations,0001_initial.py,Simple Tuple,61,61,33,A1
migrations,0001_initial.py,Simple Tuple,61,61,54,A1
migrations,0001_initial.py,Simple Tuple,61,61,75,A1
migrations,0001_initial.py,Simple Tuple,107,107,28,A1
migrations,0001_initial.py,Simple Tuple,108,108,28,A1
migrations,0001_initial.py,Simple Tuple,109,109,28,A1
migrations,0001_initial.py,Simple Tuple,110,110,28,A1
migrations,0001_initial.py,Simple Tuple,111,111,28,A1
migrations,0001_initial.py,Simple Dictionary,43,47,20,A2
migrations,0001_initial.py,Simple Dictionary,144,149,20,A2
migrations,0001_initial.py,Simple Dictionary,201,205,20,A2
migrations,0001_initial.py,Simple Atributte,7,7,16,A2
migrations,0001_initial.py,Simple Atributte,10,10,8,A2
migrations,0001_initial.py,Simple Atributte,10,10,40,A2
migrations,0001_initial.py,Simple Atributte,14,14,8,A2
migrations,0001_initial.py,Simple Atributte,50,50,8,A2
migrations,0001_initial.py,Simple Atributte,152,152,8,A2
migrations,0001_initial.py,Simple Atributte,48,48,19,A2
migrations,0001_initial.py,Simple Atributte,150,150,19,A2
migrations,0001_initial.py,Simple Atributte,206,206,19,A2
migrations,0001_initial.py,Simple Atributte,17,17,23,A2
migrations,0001_initial.py,Simple Atributte,18,18,28,A2
migrations,0001_initial.py,Simple Atributte,19,19,28,A2
migrations,0001_initial.py,Simple Atributte,20,20,25,A2
migrations,0001_initial.py,Simple Atributte,21,21,25,A2
migrations,0001_initial.py,Simple Atributte,24,24,20,A2
migrations,0001_initial.py,Simple Atributte,34,34,20,A2
migrations,0001_initial.py,Simple Atributte,53,53,23,A2
migrations,0001_initial.py,Simple Atributte,54,54,28,A2
migrations,0001_initial.py,Simple Atributte,55,55,28,A2
migrations,0001_initial.py,Simple Atributte,56,56,25,A2
migrations,0001_initial.py,Simple Atributte,57,57,25,A2
migrations,0001_initial.py,Simple Atributte,60,60,20,A2
migrations,0001_initial.py,Simple Atributte,66,66,20,A2
migrations,0001_initial.py,Simple Atributte,75,75,20,A2
migrations,0001_initial.py,Simple Atributte,84,84,20,A2
migrations,0001_initial.py,Simple Atributte,93,93,20,A2
migrations,0001_initial.py,Simple Atributte,99,99,33,A2
migrations,0001_initial.py,Simple Atributte,100,100,38,A2
migrations,0001_initial.py,Simple Atributte,101,101,28,A2
migrations,0001_initial.py,Simple Atributte,104,104,20,A2
migrations,0001_initial.py,Simple Atributte,116,116,38,A2
migrations,0001_initial.py,Simple Atributte,119,119,20,A2
migrations,0001_initial.py,Simple Atributte,129,129,20,A2
migrations,0001_initial.py,Simple Atributte,139,139,20,A2
migrations,0001_initial.py,Simple Atributte,155,155,23,A2
migrations,0001_initial.py,Simple Atributte,156,156,28,A2
migrations,0001_initial.py,Simple Atributte,157,157,28,A2
migrations,0001_initial.py,Simple Atributte,158,158,25,A2
migrations,0001_initial.py,Simple Atributte,159,159,25,A2
migrations,0001_initial.py,Simple Atributte,160,160,32,A2
migrations,0001_initial.py,Simple Atributte,161,161,30,A2
migrations,0001_initial.py,Simple Atributte,162,162,24,A2
migrations,0001_initial.py,Simple Atributte,165,165,20,A2
migrations,0001_initial.py,Simple Atributte,167,167,28,A2
migrations,0001_initial.py,Simple Atributte,168,168,29,A2
migrations,0001_initial.py,Simple Atributte,171,171,20,A2
migrations,0001_initial.py,Simple Atributte,175,175,20,A2
migrations,0001_initial.py,Simple Atributte,185,185,20,A2
migrations,0001_initial.py,Simple Atributte,195,195,20,A2
migrations,0001_initial.py,Simple Atributte,199,199,28,A2
migrations,0001_initial.py,Simple Atributte,18,18,72,A2
migrations,0001_initial.py,Simple Atributte,19,19,57,A2
migrations,0001_initial.py,Simple Atributte,26,26,27,A2
migrations,0001_initial.py,Simple Atributte,29,29,34,A2
migrations,0001_initial.py,Simple Atributte,36,36,27,A2
migrations,0001_initial.py,Simple Atributte,39,39,34,A2
migrations,0001_initial.py,Simple Atributte,54,54,72,A2
migrations,0001_initial.py,Simple Atributte,55,55,57,A2
migrations,0001_initial.py,Simple Atributte,99,99,62,A2
migrations,0001_initial.py,Simple Atributte,101,101,28,A2
migrations,0001_initial.py,Simple Atributte,121,121,27,A2
migrations,0001_initial.py,Simple Atributte,124,124,34,A2
migrations,0001_initial.py,Simple Atributte,131,131,27,A2
migrations,0001_initial.py,Simple Atributte,134,134,34,A2
migrations,0001_initial.py,Simple Atributte,140,140,98,A2
migrations,0001_initial.py,Simple Atributte,156,156,72,A2
migrations,0001_initial.py,Simple Atributte,157,157,57,A2
migrations,0001_initial.py,Simple Atributte,177,177,27,A2
migrations,0001_initial.py,Simple Atributte,180,180,34,A2
migrations,0001_initial.py,Simple Atributte,187,187,27,A2
migrations,0001_initial.py,Simple Atributte,190,190,34,A2
migrations,0001_initial.py,Simple Atributte,196,196,97,A2
migrations,0001_initial.py,Simple Atributte,199,199,102,A2
migrations,0001_initial.py,Simple Atributte,18,18,72,A2
migrations,0001_initial.py,Simple Atributte,19,19,57,A2
migrations,0001_initial.py,Simple Atributte,54,54,72,A2
migrations,0001_initial.py,Simple Atributte,55,55,57,A2
migrations,0001_initial.py,Simple Atributte,99,99,62,A2
migrations,0001_initial.py,Simple Atributte,156,156,72,A2
migrations,0001_initial.py,Simple Atributte,157,157,57,A2
migrations,0001_initial.py,Simple Atributte,18,18,72,A2
migrations,0001_initial.py,Simple Atributte,19,19,57,A2
migrations,0001_initial.py,Simple Atributte,54,54,72,A2
migrations,0001_initial.py,Simple Atributte,55,55,57,A2
migrations,0001_initial.py,Simple Atributte,99,99,62,A2
migrations,0001_initial.py,Simple Atributte,156,156,72,A2
migrations,0001_initial.py,Simple Atributte,157,157,57,A2
migrations,0001_initial.py,Simple Assignment,8,11,4,A1
migrations,0001_initial.py,Simple Assignment,13,208,4,A1
migrations,0001_initial.py,Import,1,1,0,A2
migrations,0001_initial.py,Import,2,2,0,A2
migrations,0001_initial.py,From,3,3,0,A2
migrations,0001_initial.py,From,4,4,0,A2
migrations,0001_initial.py,Alias,1,1,7,A1
migrations,0001_initial.py,Alias,2,2,7,A1
migrations,0001_initial.py,Alias,3,3,24,A1
migrations,0001_initial.py,Alias,4,4,22,A1
migrations,0001_initial.py,Alias,4,4,34,A1
migrations,0001_initial.py,Simple Class ,7,208,0,B1
migrations,0004_auto_20170821_2000.py,Simple List,5,7,19,A1
migrations,0004_auto_20170821_2000.py,Simple List,9,15,17,A1
migrations,0004_auto_20170821_2000.py,Simple Tuple,6,6,8,A1
migrations,0004_auto_20170821_2000.py,Simple Atributte,4,4,16,A2
migrations,0004_auto_20170821_2000.py,Simple Atributte,10,10,8,A2
migrations,0004_auto_20170821_2000.py,Simple Atributte,13,13,18,A2
migrations,0004_auto_20170821_2000.py,Simple Assignment,5,7,4,A1
migrations,0004_auto_20170821_2000.py,Simple Assignment,9,15,4,A1
migrations,0004_auto_20170821_2000.py,From,1,1,0,A2
migrations,0004_auto_20170821_2000.py,Alias,1,1,22,A1
migrations,0004_auto_20170821_2000.py,Alias,1,1,34,A1
migrations,0004_auto_20170821_2000.py,Simple Class ,4,15,0,B1
migrations,0009_releasefile_sigstore_bundle_file.py,Simple List,7,9,19,A1
migrations,0009_releasefile_sigstore_bundle_file.py,Simple List,11,17,17,A1
migrations,0009_releasefile_sigstore_bundle_file.py,Simple Tuple,8,8,8,A1
migrations,0009_releasefile_sigstore_bundle_file.py,Simple Atributte,6,6,16,A2
migrations,0009_releasefile_sigstore_bundle_file.py,Simple Atributte,12,12,8,A2
migrations,0009_releasefile_sigstore_bundle_file.py,Simple Atributte,15,15,18,A2
migrations,0009_releasefile_sigstore_bundle_file.py,Simple Assignment,7,9,4,A1
migrations,0009_releasefile_sigstore_bundle_file.py,Simple Assignment,11,17,4,A1
migrations,0009_releasefile_sigstore_bundle_file.py,From,3,3,0,A2
migrations,0009_releasefile_sigstore_bundle_file.py,Alias,3,3,22,A1
migrations,0009_releasefile_sigstore_bundle_file.py,Alias,3,3,34,A1
migrations,0009_releasefile_sigstore_bundle_file.py,Simple Class ,6,17,0,B1
downloads,serializers.py,Simple Tuple,15,15,17,A1
downloads,serializers.py,Simple Tuple,25,37,17,A1
downloads,serializers.py,Simple Tuple,47,65,17,A1
downloads,serializers.py,Simple Atributte,8,8,19,A2
downloads,serializers.py,Simple Atributte,18,18,24,A2
downloads,serializers.py,Simple Atributte,40,40,28,A2
downloads,serializers.py,Simple Assignment,14,14,8,A1
downloads,serializers.py,Simple Assignment,15,15,8,A1
downloads,serializers.py,Simple Assignment,24,24,8,A1
downloads,serializers.py,Simple Assignment,25,37,8,A1
downloads,serializers.py,Simple Assignment,46,46,8,A1
downloads,serializers.py,Simple Assignment,47,65,8,A1
downloads,serializers.py,From,3,3,0,A2
downloads,serializers.py,From,5,5,0,A2
downloads,serializers.py,Alias,3,3,27,A1
downloads,serializers.py,Alias,5,5,34,A1
downloads,serializers.py,Alias,5,5,38,A1
downloads,serializers.py,Alias,5,5,47,A1
downloads,serializers.py,Simple Class ,8,15,0,B1
downloads,serializers.py,Simple Class ,18,37,0,B1
downloads,serializers.py,Simple Class ,40,65,0,B1
downloads,serializers.py,Simple Class ,11,15,4,B1
downloads,serializers.py,Simple Class ,21,37,4,B1
downloads,serializers.py,Simple Class ,43,65,4,B1
downloads,urls.py,Simple List,8,22,14,A1
downloads,urls.py,Simple Atributte,9,9,34,A2
downloads,urls.py,Simple Atributte,10,10,34,A2
downloads,urls.py,Simple Atributte,12,12,46,A2
downloads,urls.py,Simple Atributte,14,14,37,A2
downloads,urls.py,Simple Atributte,15,15,36,A2
downloads,urls.py,Simple Atributte,16,16,26,A2
downloads,urls.py,Simple Atributte,17,17,31,A2
downloads,urls.py,Simple Atributte,18,18,41,A2
downloads,urls.py,Simple Atributte,19,19,25,A2
downloads,urls.py,Simple Atributte,20,20,13,A2
downloads,urls.py,Simple Atributte,21,21,21,A2
downloads,urls.py,Simple Atributte,9,9,34,A2
downloads,urls.py,Simple Atributte,10,10,34,A2
downloads,urls.py,Simple Atributte,12,12,46,A2
downloads,urls.py,Simple Atributte,14,14,37,A2
downloads,urls.py,Simple Atributte,15,15,36,A2
downloads,urls.py,Simple Atributte,16,16,26,A2
downloads,urls.py,Simple Atributte,17,17,31,A2
downloads,urls.py,Simple Atributte,18,18,41,A2
downloads,urls.py,Simple Atributte,19,19,25,A2
downloads,urls.py,Simple Atributte,20,20,13,A2
downloads,urls.py,Simple Assignment,7,7,0,A1
downloads,urls.py,Simple Assignment,8,22,0,A1
downloads,urls.py,From,3,3,0,A2
downloads,urls.py,From,5,5,0,A2
downloads,urls.py,Alias,3,3,24,A1
downloads,urls.py,Alias,3,3,30,A1
downloads,urls.py,Alias,5,5,27,A1
downloads,managers.py,Formatted Value,50,50,32,A1
downloads,managers.py,Joined String,50,50,18,A1
downloads,managers.py,Simple Atributte,70,70,21,A2
downloads,managers.py,Simple Atributte,12,12,15,A2
downloads,managers.py,Simple Atributte,16,16,15,A2
downloads,managers.py,Simple Atributte,21,27,12,A2
downloads,managers.py,Simple Atributte,32,32,15,A2
downloads,managers.py,Simple Atributte,36,36,15,A2
downloads,managers.py,Simple Atributte,40,40,15,A2
downloads,managers.py,Simple Atributte,44,44,15,A2
downloads,managers.py,Simple Atributte,51,51,15,A2
downloads,managers.py,Simple Atributte,55,55,15,A2
downloads,managers.py,Simple Atributte,59,59,15,A2
downloads,managers.py,Simple Atributte,63,63,15,A2
downloads,managers.py,Simple Atributte,67,67,15,A2
downloads,managers.py,Simple Atributte,75,75,15,A2
downloads,managers.py,Simple Atributte,79,79,15,A2
downloads,managers.py,Simple Atributte,83,83,15,A2
downloads,managers.py,Simple Atributte,87,87,15,A2
downloads,managers.py,Simple Atributte,49,49,19,A2
downloads,managers.py,Simple Atributte,21,22,12,A2
downloads,managers.py,Simple Atributte,44,44,15,A2
downloads,managers.py,Simple Atributte,51,51,15,A2
downloads,managers.py,Simple Atributte,55,55,15,A2
downloads,managers.py,Simple Atributte,59,59,15,A2
downloads,managers.py,Simple Atributte,75,75,15,A2
downloads,managers.py,Simple Atributte,79,79,15,A2
downloads,managers.py,Simple Atributte,83,83,15,A2
downloads,managers.py,Simple Atributte,87,87,15,A2
downloads,managers.py,Simple Atributte,49,49,19,A2
downloads,managers.py,Simple Atributte,21,21,12,A2
downloads,managers.py,Simple Atributte,51,51,15,A2
downloads,managers.py,Simple Atributte,55,55,15,A2
downloads,managers.py,Simple Atributte,75,75,15,A2
downloads,managers.py,Simple Atributte,79,79,15,A2
downloads,managers.py,Simple Atributte,83,83,15,A2
downloads,managers.py,Simple Atributte,87,87,15,A2
downloads,managers.py,Simple Assignment,50,50,8,A1
downloads,managers.py,From,3,3,0,A2
downloads,managers.py,From,4,4,0,A2
downloads,managers.py,Alias,3,3,29,A1
downloads,managers.py,Alias,4,4,35,A1
downloads,managers.py,Simple If statements,48,49,8,A1
downloads,managers.py,Function with Simple argument,10,12,4,A1
downloads,managers.py,Function with Simple argument,14,16,4,A1
downloads,managers.py,Function with Simple argument,18,28,4,A1
downloads,managers.py,Function with Simple argument,30,32,4,A1
downloads,managers.py,Function with Simple argument,34,36,4,A1
downloads,managers.py,Function with Simple argument,38,40,4,A1
downloads,managers.py,Function with Simple argument,42,44,4,A1
downloads,managers.py,Function with Simple argument with Default argument,46,51,4,A2
downloads,managers.py,Function with Simple argument,53,55,4,A1
downloads,managers.py,Function with Simple argument,57,59,4,A1
downloads,managers.py,Function with Simple argument,61,63,4,A1
downloads,managers.py,Function with Simple argument,65,67,4,A1
downloads,managers.py,Function with Simple argument,73,75,4,A1
downloads,managers.py,Function with Simple argument with Default argument,77,79,4,A2
downloads,managers.py,Function with Simple argument,81,83,4,A1
downloads,managers.py,Function with Simple argument,85,87,4,A1
downloads,managers.py,Return,12,12,8,A1
downloads,managers.py,Return,16,16,8,A1
downloads,managers.py,Return,20,28,8,A1
downloads,managers.py,Return,32,32,8,A1
downloads,managers.py,Return,36,36,8,A1
downloads,managers.py,Return,40,40,8,A1
downloads,managers.py,Return,44,44,8,A1
downloads,managers.py,Return,51,51,8,A1
downloads,managers.py,Return,55,55,8,A1
downloads,managers.py,Return,59,59,8,A1
downloads,managers.py,Return,63,63,8,A1
downloads,managers.py,Return,67,67,8,A1
downloads,managers.py,Return,75,75,8,A1
downloads,managers.py,Return,79,79,8,A1
downloads,managers.py,Return,83,83,8,A1
downloads,managers.py,Return,87,87,8,A1
downloads,managers.py,Return,49,49,12,A1
downloads,managers.py,Inherited Class from QuerySet,7,67,0,B1
downloads,managers.py,Simple Class ,70,87,0,B1
downloads,admin.py,Simple List,28,28,14,A1
downloads,admin.py,Simple List,30,30,20,A1
downloads,admin.py,Simple List,32,32,19,A1
downloads,admin.py,Simple List,33,33,18,A1
downloads,admin.py,Simple List,34,34,20,A1
downloads,admin.py,Simple List,35,35,15,A1
downloads,admin.py,Simple List,47,47,13,A1
downloads,admin.py,Simple Tuple,14,14,35,A1
downloads,admin.py,Simple Tuple,29,29,35,A1
downloads,admin.py,Simple Dictionary,14,14,26,A2
downloads,admin.py,Simple Dictionary,29,29,26,A2
downloads,admin.py,Super Function,39,39,16,C2
downloads,admin.py,Simple Atributte,9,9,1,A2
downloads,admin.py,Simple Atributte,24,24,1,A2
downloads,admin.py,Simple Atributte,39,39,16,A2
downloads,admin.py,Simple Atributte,40,40,11,A2
downloads,admin.py,Simple Atributte,41,41,12,A2
downloads,admin.py,Simple Atributte,41,41,12,A2
downloads,admin.py,Subscript,41,41,12,A1
downloads,admin.py,Simple Assignment,13,13,4,A1
downloads,admin.py,Simple Assignment,14,14,4,A1
downloads,admin.py,Simple Assignment,20,20,4,A1
downloads,admin.py,Simple Assignment,21,21,4,A1
downloads,admin.py,Simple Assignment,28,28,4,A1
downloads,admin.py,Simple Assignment,29,29,4,A1
downloads,admin.py,Simple Assignment,30,30,4,A1
downloads,admin.py,Simple Assignment,31,31,4,A1
downloads,admin.py,Simple Assignment,32,32,4,A1
downloads,admin.py,Simple Assignment,33,33,4,A1
downloads,admin.py,Simple Assignment,34,34,4,A1
downloads,admin.py,Simple Assignment,35,35,4,A1
downloads,admin.py,Simple Assignment,39,39,8,A1
downloads,admin.py,Simple Assignment,47,47,8,A1
downloads,admin.py,Simple Assignment,41,41,12,A1
downloads,admin.py,From,3,3,0,A2
downloads,admin.py,From,5,5,0,A2
downloads,admin.py,From,6,6,0,A2
downloads,admin.py,Alias,3,3,27,A1
downloads,admin.py,Alias,5,5,27,A1
downloads,admin.py,Alias,5,5,56,A1
downloads,admin.py,Alias,6,6,34,A1
downloads,admin.py,Alias,6,6,38,A1
downloads,admin.py,Alias,6,6,47,A1
downloads,admin.py,Simple If statements,40,41,8,A1
downloads,admin.py,Function with Simple argument with ** argument,37,42,4,B1
downloads,admin.py,Return,42,42,8,A1
downloads,admin.py,Inherited Class from ContentManageableModelAdmin,10,14,0,B1
downloads,admin.py,Inherited Class from ContentManageableStackedInline,17,21,0,B1
downloads,admin.py,Inherited Class from ContentManageableModelAdmin,25,47,0,B1
downloads,admin.py,Simple Class ,44,47,4,B1
templatetags,download_tags.py,Simple List,129,129,20,A1
templatetags,download_tags.py,Simple List,130,130,18,A1
templatetags,download_tags.py,Simple List,177,177,15,A1
templatetags,download_tags.py,Simple Tuple,131,139,21,A1
templatetags,download_tags.py,Simple Tuple,167,167,11,A1
templatetags,download_tags.py,Simple Tuple,113,113,61,A1
templatetags,download_tags.py,Simple Tuple,114,114,62,A1
templatetags,download_tags.py,Simple Tuple,201,201,25,A1
templatetags,download_tags.py,Simple Dictionary,29,29,13,A2
templatetags,download_tags.py,Simple Dictionary,230,230,11,A2
templatetags,download_tags.py,Simple Dictionary,221,227,16,A2
templatetags,download_tags.py,Formatted Value,41,41,22,A1
templatetags,download_tags.py,Formatted Value,41,41,39,A1
templatetags,download_tags.py,Formatted Value,195,195,34,A1
templatetags,download_tags.py,Joined String,41,41,20,A1
templatetags,download_tags.py,Joined String,195,195,32,A1
templatetags,download_tags.py,'range' call function,109,109,47,A2
templatetags,download_tags.py,Simple Atributte,22,22,1,A2
templatetags,download_tags.py,Simple Atributte,62,62,1,A2
templatetags,download_tags.py,Simple Atributte,68,68,1,A2
templatetags,download_tags.py,Simple Atributte,74,74,1,A2
templatetags,download_tags.py,Simple Atributte,80,80,1,A2
templatetags,download_tags.py,Simple Atributte,86,86,1,A2
templatetags,download_tags.py,Simple Atributte,92,92,1,A2
templatetags,download_tags.py,Simple Atributte,98,98,1,A2
templatetags,download_tags.py,Simple Atributte,121,121,1,A2
templatetags,download_tags.py,Simple Atributte,13,13,11,A2
templatetags,download_tags.py,Simple Atributte,14,14,9,A2
templatetags,download_tags.py,Simple Atributte,174,174,1,A2
templatetags,download_tags.py,Simple Atributte,31,31,14,A2
templatetags,download_tags.py,Simple Atributte,36,36,12,A2
templatetags,download_tags.py,Simple Atributte,48,48,19,A2
templatetags,download_tags.py,Simple Atributte,65,65,11,A2
templatetags,download_tags.py,Simple Atributte,158,158,11,A2
templatetags,download_tags.py,Simple Atributte,40,40,16,A2
templatetags,download_tags.py,Simple Atributte,55,55,7,A2
templatetags,download_tags.py,Simple Atributte,57,57,29,A2
templatetags,download_tags.py,Simple Atributte,71,71,15,A2
templatetags,download_tags.py,Simple Atributte,83,83,15,A2
templatetags,download_tags.py,Simple Atributte,89,89,15,A2
templatetags,download_tags.py,Simple Atributte,95,95,15,A2
templatetags,download_tags.py,Simple Atributte,148,148,11,A2
templatetags,download_tags.py,Simple Atributte,163,163,19,A2
templatetags,download_tags.py,Simple Atributte,164,164,8,A2
templatetags,download_tags.py,Simple Atributte,165,165,15,A2
templatetags,download_tags.py,Simple Atributte,166,166,8,A2
templatetags,download_tags.py,Simple Atributte,167,167,12,A2
templatetags,download_tags.py,Simple Atributte,41,41,23,A2
templatetags,download_tags.py,Simple Atributte,41,41,40,A2
templatetags,download_tags.py,Simple Atributte,65,65,20,A2
templatetags,download_tags.py,Simple Atributte,77,77,15,A2
templatetags,download_tags.py,Simple Atributte,77,77,41,A2
templatetags,download_tags.py,Simple Atributte,77,77,65,A2
templatetags,download_tags.py,Simple Atributte,141,141,15,A2
templatetags,download_tags.py,Simple Atributte,148,148,11,A2
templatetags,download_tags.py,Simple Atributte,149,149,12,A2
templatetags,download_tags.py,Simple Atributte,151,151,12,A2
templatetags,download_tags.py,Simple Atributte,168,168,8,A2
templatetags,download_tags.py,Simple Atributte,183,183,12,A2
templatetags,download_tags.py,Simple Atributte,191,191,21,A2
templatetags,download_tags.py,Simple Atributte,192,192,28,A2
templatetags,download_tags.py,Simple Atributte,220,220,12,A2
templatetags,download_tags.py,Simple Atributte,142,142,16,A2
templatetags,download_tags.py,Simple Atributte,143,143,16,A2
templatetags,download_tags.py,Simple Atributte,212,212,31,A2
templatetags,download_tags.py,Simple Atributte,212,212,31,A2
templatetags,download_tags.py,Simple Atributte,225,225,35,A2
templatetags,download_tags.py,Simple Atributte,226,226,27,A2
templatetags,download_tags.py,Simple Atributte,211,211,28,A2
templatetags,download_tags.py,Simple Atributte,216,216,24,A2
templatetags,download_tags.py,Simple Atributte,217,217,24,A2
templatetags,download_tags.py,Simple Atributte,184,184,43,A2
templatetags,download_tags.py,Unary Operation,32,32,7,A1
templatetags,download_tags.py,Unary Operation,37,37,7,A1
templatetags,download_tags.py,Unary Operation,105,105,7,A1
templatetags,download_tags.py,Unary Operation,124,124,7,A1
templatetags,download_tags.py,Boolean Operation,106,106,15,A1
templatetags,download_tags.py,Boolean Operation,77,77,15,A1
templatetags,download_tags.py,Boolean Operation,194,194,15,A1
templatetags,download_tags.py,Subscript,56,56,8,A1
templatetags,download_tags.py,Subscript,57,57,8,A1
templatetags,download_tags.py,Subscript,65,65,20,A1
templatetags,download_tags.py,Subscript,109,109,14,A1
templatetags,download_tags.py,Subscript,52,52,12,A1
templatetags,download_tags.py,Subscript,190,190,19,A1
templatetags,download_tags.py,Subscript,113,113,83,A1
templatetags,download_tags.py,Subscript,114,114,84,A1
templatetags,download_tags.py,Subscript,211,211,28,A1
templatetags,download_tags.py,Slice,65,65,39,A1
templatetags,download_tags.py,Slice,109,109,20,A1
templatetags,download_tags.py,Slice,113,113,90,A1
templatetags,download_tags.py,Slice,114,114,91,A1
templatetags,download_tags.py,Simple List Comprehension,109,109,13,C1
templatetags,download_tags.py,Simple List Comprehension,113,113,60,C1
templatetags,download_tags.py,Simple List Comprehension,114,114,61,C1
templatetags,download_tags.py,Simple List Comprehension,184,184,26,C1
templatetags,download_tags.py,Generator Expression,71,71,14,C1
templatetags,download_tags.py,Generator Expression,77,77,14,C1
templatetags,download_tags.py,Generator Expression,83,83,14,C1
templatetags,download_tags.py,Generator Expression,89,89,14,C1
templatetags,download_tags.py,Generator Expression,95,95,14,C1
templatetags,download_tags.py,Simple Assignment,13,13,0,A1
templatetags,download_tags.py,Simple Assignment,14,14,0,A1
templatetags,download_tags.py,Simple Assignment,16,16,0,A1
templatetags,download_tags.py,Simple Assignment,17,17,0,A1
templatetags,download_tags.py,Simple Assignment,18,18,0,A1
templatetags,download_tags.py,Simple Assignment,19,19,0,A1
templatetags,download_tags.py,Simple Assignment,29,29,4,A1
templatetags,download_tags.py,Simple Assignment,31,31,4,A1
templatetags,download_tags.py,Simple Assignment,36,36,4,A1
templatetags,download_tags.py,Simple Assignment,40,40,4,A1
templatetags,download_tags.py,Simple Assignment,41,41,4,A1
templatetags,download_tags.py,Simple Assignment,43,43,4,A1
templatetags,download_tags.py,Simple Assignment,48,48,4,A1
templatetags,download_tags.py,Simple Assignment,108,108,4,A1
templatetags,download_tags.py,Simple Assignment,109,109,4,A1
templatetags,download_tags.py,Assigment with sum (total = total + 1),112,112,4,A1
templatetags,download_tags.py,Simple Assignment,113,113,4,A1
templatetags,download_tags.py,Simple Assignment,114,114,4,A1
templatetags,download_tags.py,Simple Assignment,128,128,4,A1
templatetags,download_tags.py,Simple Assignment,129,129,4,A1
templatetags,download_tags.py,Simple Assignment,130,130,4,A1
templatetags,download_tags.py,Simple Assignment,158,158,4,A1
templatetags,download_tags.py,Simple Assignment,177,177,4,A1
templatetags,download_tags.py,Simple Assignment,178,178,4,A1
templatetags,download_tags.py,Simple Assignment,56,56,8,A1
templatetags,download_tags.py,Simple Assignment,57,57,8,A1
templatetags,download_tags.py,Simple Assignment,163,163,8,A1
templatetags,download_tags.py,Simple Assignment,165,165,8,A1
templatetags,download_tags.py,Simple Assignment,182,186,8,A1
templatetags,download_tags.py,Simple Assignment,188,188,8,A1
templatetags,download_tags.py,Simple Assignment,52,52,12,A1
templatetags,download_tags.py,Simple Assignment,190,190,12,A1
templatetags,download_tags.py,Simple Assignment,191,191,12,A1
templatetags,download_tags.py,Simple Assignment,192,192,12,A1
templatetags,download_tags.py,Simple Assignment,195,195,16,A1
templatetags,download_tags.py,Simple Assignment,198,198,16,A1
templatetags,download_tags.py,Simple Assignment,208,208,16,A1
templatetags,download_tags.py,Simple Assignment,211,211,16,A1
templatetags,download_tags.py,Simple Assignment,212,212,16,A1
templatetags,download_tags.py,Simple Assignment,214,218,20,A1
templatetags,download_tags.py,Import,3,3,0,A2
templatetags,download_tags.py,Import're' module,4,4,0,C1
templatetags,download_tags.py,Import,6,6,0,A2
templatetags,download_tags.py,From,7,7,0,A2
templatetags,download_tags.py,From,8,8,0,A2
templatetags,download_tags.py,From,9,9,0,A2
templatetags,download_tags.py,From,11,11,0,A2
templatetags,download_tags.py,Alias,3,3,7,A1
templatetags,download_tags.py,Alias,4,4,7,A1
templatetags,download_tags.py,Alias,6,6,7,A1
templatetags,download_tags.py,Alias,7,7,19,A1
templatetags,download_tags.py,Alias,8,8,30,A1
templatetags,download_tags.py,Alias,9,9,30,A1
templatetags,download_tags.py,Alias,9,9,43,A1
templatetags,download_tags.py,Alias,9,9,61,A1
templatetags,download_tags.py,Alias,11,11,34,A1
templatetags,download_tags.py,Simple If statements,32,33,4,A1
templatetags,download_tags.py,Simple If statements,37,38,4,A1
templatetags,download_tags.py,Simple If statements,44,46,4,A1
templatetags,download_tags.py,Simple If statements,49,53,4,A1
templatetags,download_tags.py,Simple If statements,55,57,4,A1
templatetags,download_tags.py,Simple If statements,105,106,4,A1
templatetags,download_tags.py,Simple If statements,124,125,4,A1
templatetags,download_tags.py,Simple If statements,159,160,4,A1
templatetags,download_tags.py,Simple If statements,180,228,4,A1
templatetags,download_tags.py,Simple If statements,51,52,8,A1
templatetags,download_tags.py,Simple If statements,148,151,8,A1
templatetags,download_tags.py,Simple If statements,141,144,12,A1
templatetags,download_tags.py,Simple If statements,194,195,12,A1
templatetags,download_tags.py,Simple If statements,197,198,12,A1
templatetags,download_tags.py,Simple If statements,201,202,12,A1
templatetags,download_tags.py,Simple If statements,204,218,12,A1
templatetags,download_tags.py,Simple If statements,206,207,16,A1
templatetags,download_tags.py,Simple If statements,213,218,16,A1
templatetags,download_tags.py,For Loop with 1 Tuples to iterate,131,144,4,A2
templatetags,download_tags.py,Simple For Loop,147,151,4,A1
templatetags,download_tags.py,Simple For Loop,140,144,8,A1
templatetags,download_tags.py,Simple For Loop,189,228,8,A1
templatetags,download_tags.py,'break' statement,144,144,16,B1
templatetags,download_tags.py,'continue' statement,202,202,16,B1
templatetags,download_tags.py,'continue' statement,207,207,20,B1
templatetags,download_tags.py,Exception --> try/except/else,162,171,4,B1
templatetags,download_tags.py,Except Handler,167,169,4,A1
templatetags,download_tags.py,Function with Simple argument,23,59,0,A1
templatetags,download_tags.py,Function with Simple argument,63,65,0,A1
templatetags,download_tags.py,Function with Simple argument,69,71,0,A1
templatetags,download_tags.py,Function with Simple argument,75,77,0,A1
templatetags,download_tags.py,Function with Simple argument,81,83,0,A1
templatetags,download_tags.py,Function with Simple argument,87,89,0,A1
templatetags,download_tags.py,Function with Simple argument,93,95,0,A1
templatetags,download_tags.py,Function with Simple argument,99,118,0,A1
templatetags,download_tags.py,Function with Simple argument,122,153,0,A1
templatetags,download_tags.py,Function,156,171,0,A1
templatetags,download_tags.py,Function,175,230,0,A1
templatetags,download_tags.py,Lambda,184,184,16,B1
templatetags,download_tags.py,Return,59,59,4,A1
templatetags,download_tags.py,Return,65,65,4,A1
templatetags,download_tags.py,Return,71,71,4,A1
templatetags,download_tags.py,Return,77,77,4,A1
templatetags,download_tags.py,Return,83,83,4,A1
templatetags,download_tags.py,Return,89,89,4,A1
templatetags,download_tags.py,Return,95,95,4,A1
templatetags,download_tags.py,Return,116,118,4,A1
templatetags,download_tags.py,Return,153,153,4,A1
templatetags,download_tags.py,Return,230,230,4,A1
templatetags,download_tags.py,Return,33,33,8,A1
templatetags,download_tags.py,Return,38,38,8,A1
templatetags,download_tags.py,Return,46,46,8,A1
templatetags,download_tags.py,Return,53,53,8,A1
templatetags,download_tags.py,Return,106,106,8,A1
templatetags,download_tags.py,Return,125,125,8,A1
templatetags,download_tags.py,Return,160,160,8,A1
templatetags,download_tags.py,Return,171,171,8,A1
templatetags,download_tags.py,Return,169,169,8,A1
downloads,api.py,Simple List,25,33,17,A1
downloads,api.py,Simple List,52,65,17,A1
downloads,api.py,Simple List,91,110,17,A1
downloads,api.py,Simple List,159,159,20,A1
downloads,api.py,Simple List,160,160,20,A1
downloads,api.py,Simple List,161,161,27,A1
downloads,api.py,Simple List,162,162,18,A1
downloads,api.py,Simple List,163,163,23,A1
downloads,api.py,Simple List,176,176,34,A1
downloads,api.py,Simple Tuple,129,129,29,A1
downloads,api.py,Simple Tuple,130,130,25,A1
downloads,api.py,Simple Tuple,131,131,23,A1
downloads,api.py,Simple Tuple,139,139,29,A1
downloads,api.py,Simple Tuple,140,140,25,A1
downloads,api.py,Simple Tuple,141,148,23,A1
downloads,api.py,Simple Tuple,172,172,29,A1
downloads,api.py,Simple Tuple,173,173,25,A1
downloads,api.py,Simple Tuple,35,35,20,A1
downloads,api.py,Simple Tuple,36,36,20,A1
downloads,api.py,Simple Tuple,67,67,20,A1
downloads,api.py,Simple Tuple,68,68,20,A1
downloads,api.py,Simple Tuple,69,69,28,A1
downloads,api.py,Simple Tuple,70,70,27,A1
downloads,api.py,Simple Tuple,71,74,23,A1
downloads,api.py,Simple Tuple,75,75,28,A1
downloads,api.py,Simple Tuple,112,112,20,A1
downloads,api.py,Simple Tuple,113,113,20,A1
downloads,api.py,Simple Tuple,116,116,27,A1
downloads,api.py,Simple Dictionary,34,37,20,A2
downloads,api.py,Simple Dictionary,66,76,20,A2
downloads,api.py,Simple Dictionary,111,117,20,A2
downloads,api.py,5 List Dictionary,158,164,17,B1
downloads,api.py,Simple Atributte,124,124,16,A2
downloads,api.py,Simple Atributte,167,167,25,A2
downloads,api.py,Simple Atributte,20,20,15,A2
downloads,api.py,Simple Atributte,46,46,15,A2
downloads,api.py,Simple Atributte,86,86,15,A2
downloads,api.py,Simple Atributte,44,44,19,A2
downloads,api.py,Simple Atributte,83,83,9,A2
downloads,api.py,Simple Atributte,84,84,14,A2
downloads,api.py,Simple Atributte,127,127,15,A2
downloads,api.py,Simple Atributte,170,170,15,A2
downloads,api.py,Simple Atributte,23,23,19,A2
downloads,api.py,Simple Atributte,49,49,19,A2
downloads,api.py,Simple Atributte,89,89,19,A2
downloads,api.py,Simple Atributte,127,127,15,A2
downloads,api.py,Simple Atributte,170,170,15,A2
downloads,api.py,Simple Atributte,179,179,18,A2
downloads,api.py,Simple Atributte,183,183,19,A2
downloads,api.py,Simple Atributte,185,185,8,A2
downloads,api.py,Simple Atributte,23,23,19,A2
downloads,api.py,Simple Atributte,49,49,19,A2
downloads,api.py,Simple Atributte,89,89,19,A2
downloads,api.py,Simple Atributte,179,179,18,A2
downloads,api.py,Simple Atributte,183,183,40,A2
downloads,api.py,Simple Atributte,186,186,31,A2
downloads,api.py,Simple Atributte,181,181,35,A2
downloads,api.py,Simple Assignment,44,44,4,A1
downloads,api.py,Simple Assignment,83,83,4,A1
downloads,api.py,Simple Assignment,84,84,4,A1
downloads,api.py,Simple Assignment,127,127,4,A1
downloads,api.py,Simple Assignment,128,128,4,A1
downloads,api.py,Simple Assignment,129,129,4,A1
downloads,api.py,Simple Assignment,130,130,4,A1
downloads,api.py,Simple Assignment,131,131,4,A1
downloads,api.py,Simple Assignment,137,137,4,A1
downloads,api.py,Simple Assignment,138,138,4,A1
downloads,api.py,Simple Assignment,139,139,4,A1
downloads,api.py,Simple Assignment,140,140,4,A1
downloads,api.py,Simple Assignment,141,148,4,A1
downloads,api.py,Simple Assignment,170,170,4,A1
downloads,api.py,Simple Assignment,171,171,4,A1
downloads,api.py,Simple Assignment,172,172,4,A1
downloads,api.py,Simple Assignment,173,173,4,A1
downloads,api.py,Simple Assignment,174,174,4,A1
downloads,api.py,Simple Assignment,23,23,8,A1
downloads,api.py,Simple Assignment,24,24,8,A1
downloads,api.py,Simple Assignment,25,33,8,A1
downloads,api.py,Simple Assignment,34,37,8,A1
downloads,api.py,Simple Assignment,38,38,8,A1
downloads,api.py,Simple Assignment,49,49,8,A1
downloads,api.py,Simple Assignment,50,50,8,A1
downloads,api.py,Simple Assignment,51,51,8,A1
downloads,api.py,Simple Assignment,52,65,8,A1
downloads,api.py,Simple Assignment,66,76,8,A1
downloads,api.py,Simple Assignment,77,77,8,A1
downloads,api.py,Simple Assignment,89,89,8,A1
downloads,api.py,Simple Assignment,90,90,8,A1
downloads,api.py,Simple Assignment,91,110,8,A1
downloads,api.py,Simple Assignment,111,117,8,A1
downloads,api.py,Simple Assignment,118,118,8,A1
downloads,api.py,Simple Assignment,157,157,8,A1
downloads,api.py,Simple Assignment,158,164,8,A1
downloads,api.py,Simple Assignment,179,179,8,A1
downloads,api.py,Simple Assignment,183,183,8,A1
downloads,api.py,From,3,3,0,A2
downloads,api.py,From,4,4,0,A2
downloads,api.py,From,5,5,0,A2
downloads,api.py,From,6,6,0,A2
downloads,api.py,From,7,7,0,A2
downloads,api.py,From,8,8,0,A2
downloads,api.py,From,10,10,0,A2
downloads,api.py,From,11,11,0,A2
downloads,api.py,From,12,12,0,A2
downloads,api.py,From,13,13,0,A2
downloads,api.py,From,14,14,0,A2
downloads,api.py,Alias,3,3,27,A1
downloads,api.py,Alias,3,3,35,A1
downloads,api.py,Alias,4,4,42,A1
downloads,api.py,Alias,5,5,38,A1
downloads,api.py,Alias,6,6,36,A1
downloads,api.py,Alias,7,7,21,A1
downloads,api.py,Alias,8,8,31,A1
downloads,api.py,Alias,8,8,36,A1
downloads,api.py,Alias,10,10,34,A1
downloads,api.py,Alias,10,10,38,A1
downloads,api.py,Alias,10,10,47,A1
downloads,api.py,Alias,11,11,39,A1
downloads,api.py,Alias,11,11,53,A1
downloads,api.py,Alias,11,11,76,A1
downloads,api.py,Alias,12,12,27,A1
downloads,api.py,Alias,13,13,25,A1
downloads,api.py,Alias,13,13,41,A1
downloads,api.py,Alias,13,13,56,A1
downloads,api.py,Alias,14,14,31,A1
downloads,api.py,Alias,14,14,48,A1
downloads,api.py,Simple If statements,180,181,8,A1
downloads,api.py,Function with Simple argument,177,186,4,A1
downloads,api.py,Return,186,186,8,A1
downloads,api.py,Return,181,181,12,A1
downloads,api.py,Inherited Class from GenericResource,17,38,0,B1
downloads,api.py,Inherited Class from GenericResource,41,77,0,B1
downloads,api.py,Inherited Class from GenericResource,80,118,0,B1
downloads,api.py,Simple Class ,124,131,0,B1
downloads,api.py,Inherited Class from BaseAPIViewSet,134,148,0,B1
downloads,api.py,Inherited Class from BaseFilterSet,151,164,0,B1
downloads,api.py,Simple Class ,167,186,0,B1
downloads,api.py,Simple Class ,20,38,4,B1
downloads,api.py,Simple Class ,46,77,4,B1
downloads,api.py,Simple Class ,86,118,4,B1
downloads,api.py,Simple Class ,154,164,4,B1
downloads,search_indexes.py,Super Function,50,50,15,C2
downloads,search_indexes.py,Simple Atributte,12,12,19,A2
downloads,search_indexes.py,Simple Atributte,12,12,40,A2
downloads,search_indexes.py,Simple Atributte,15,15,11,A2
downloads,search_indexes.py,Simple Atributte,16,16,11,A2
downloads,search_indexes.py,Simple Atributte,17,17,18,A2
downloads,search_indexes.py,Simple Atributte,18,18,11,A2
downloads,search_indexes.py,Simple Atributte,19,19,24,A2
downloads,search_indexes.py,Simple Atributte,20,20,19,A2
downloads,search_indexes.py,Simple Atributte,22,22,23,A2
downloads,search_indexes.py,Simple Atributte,30,30,15,A2
downloads,search_indexes.py,Simple Atributte,38,38,15,A2
downloads,search_indexes.py,Simple Atributte,42,42,15,A2
downloads,search_indexes.py,Simple Atributte,50,50,15,A2
downloads,search_indexes.py,Simple Atributte,52,52,14,A2
downloads,search_indexes.py,Simple Atributte,59,59,11,A2
downloads,search_indexes.py,Simple Atributte,30,30,15,A2
downloads,search_indexes.py,Simple Atributte,46,46,44,A2
downloads,search_indexes.py,Simple Atributte,53,53,29,A2
downloads,search_indexes.py,Simple Atributte,54,54,27,A2
downloads,search_indexes.py,Simple Atributte,55,55,26,A2
downloads,search_indexes.py,Simple Atributte,61,61,13,A2
downloads,search_indexes.py,Simple Atributte,46,46,44,A2
downloads,search_indexes.py,Simple Atributte,63,63,13,A2
downloads,search_indexes.py,Simple Atributte,30,30,15,A2
downloads,search_indexes.py,Subscript,60,60,12,A1
downloads,search_indexes.py,Subscript,62,62,12,A1
downloads,search_indexes.py,Subscript,64,64,12,A1
downloads,search_indexes.py,Simple Assignment,15,15,4,A1
downloads,search_indexes.py,Simple Assignment,16,16,4,A1
downloads,search_indexes.py,Simple Assignment,17,17,4,A1
downloads,search_indexes.py,Simple Assignment,18,18,4,A1
downloads,search_indexes.py,Simple Assignment,19,19,4,A1
downloads,search_indexes.py,Simple Assignment,20,20,4,A1
downloads,search_indexes.py,Simple Assignment,22,22,4,A1
downloads,search_indexes.py,Simple Assignment,50,50,8,A1
downloads,search_indexes.py,Simple Assignment,52,52,8,A1
downloads,search_indexes.py,Assigment with sum (total = total + 1),53,53,8,A1
downloads,search_indexes.py,Assigment with sum (total = total + 1),54,54,8,A1
downloads,search_indexes.py,Assigment with sum (total = total + 1),55,55,8,A1
downloads,search_indexes.py,Simple Assignment,60,60,12,A1
downloads,search_indexes.py,Simple Assignment,62,62,12,A1
downloads,search_indexes.py,Simple Assignment,64,64,12,A1
downloads,search_indexes.py,Import,3,3,0,A2
downloads,search_indexes.py,From,5,5,0,A2
downloads,search_indexes.py,From,6,6,0,A2
downloads,search_indexes.py,From,7,7,0,A2
downloads,search_indexes.py,From,9,9,0,A2
downloads,search_indexes.py,Alias,3,3,7,A1
downloads,search_indexes.py,Alias,5,5,43,A1
downloads,search_indexes.py,Alias,5,5,54,A1
downloads,search_indexes.py,Alias,6,6,25,A1
downloads,search_indexes.py,Alias,7,7,21,A1
downloads,search_indexes.py,Alias,9,9,34,A1
downloads,search_indexes.py,Simple If statements,59,64,8,A1
downloads,search_indexes.py,Simple If statements,61,64,8,A1
downloads,search_indexes.py,Simple If statements,63,64,8,A1
downloads,search_indexes.py,Function with Simple argument,24,26,4,A1
downloads,search_indexes.py,Function with Simple argument with Default argument,28,30,4,A2
downloads,search_indexes.py,Function with Simple argument,32,34,4,A1
downloads,search_indexes.py,Function with Simple argument,36,38,4,A1
downloads,search_indexes.py,Function with Simple argument,40,42,4,A1
downloads,search_indexes.py,Function with Simple argument,44,46,4,A1
downloads,search_indexes.py,Function with Simple argument,48,66,4,A1
downloads,search_indexes.py,Return,26,26,8,A1
downloads,search_indexes.py,Return,30,30,8,A1
downloads,search_indexes.py,Return,34,34,8,A1
downloads,search_indexes.py,Return,38,38,8,A1
downloads,search_indexes.py,Return,42,42,8,A1
downloads,search_indexes.py,Return,46,46,8,A1
downloads,search_indexes.py,Return,66,66,8,A1
downloads,search_indexes.py,Simple Class ,12,66,0,B1
tests,base.py,Simple Tuple,13,13,8,A1
tests,base.py,Simple Tuple,14,14,8,A1
tests,base.py,Simple Tuple,15,15,8,A1
tests,base.py,Super Function,12,12,8,C2
tests,base.py,Simple Atributte,20,20,8,A2
tests,base.py,Simple Atributte,26,26,8,A2
tests,base.py,Simple Atributte,34,34,8,A2
tests,base.py,Simple Atributte,41,41,8,A2
tests,base.py,Simple Atributte,49,49,8,A2
tests,base.py,Simple Atributte,57,57,8,A2
tests,base.py,Simple Atributte,67,67,8,A2
tests,base.py,Simple Atributte,74,74,8,A2
tests,base.py,Simple Atributte,83,83,8,A2
tests,base.py,Simple Atributte,91,91,8,A2
tests,base.py,Simple Atributte,100,100,8,A2
tests,base.py,Simple Atributte,110,110,8,A2
tests,base.py,Simple Atributte,117,117,8,A2
tests,base.py,Simple Atributte,124,124,8,A2
tests,base.py,Simple Atributte,12,12,8,A2
tests,base.py,Simple Atributte,13,13,8,A2
tests,base.py,Simple Atributte,13,13,25,A2
tests,base.py,Simple Atributte,14,14,8,A2
tests,base.py,Simple Atributte,14,14,21,A2
tests,base.py,Simple Atributte,15,15,8,A2
tests,base.py,Simple Atributte,15,15,23,A2
tests,base.py,Simple Atributte,20,20,32,A2
tests,base.py,Simple Atributte,26,26,27,A2
tests,base.py,Simple Atributte,34,34,41,A2
tests,base.py,Simple Atributte,41,41,41,A2
tests,base.py,Simple Atributte,49,49,31,A2
tests,base.py,Simple Atributte,57,57,33,A2
tests,base.py,Simple Atributte,67,67,29,A2
tests,base.py,Simple Atributte,74,74,35,A2
tests,base.py,Simple Atributte,83,83,30,A2
tests,base.py,Simple Atributte,91,91,27,A2
tests,base.py,Simple Atributte,100,100,24,A2
tests,base.py,Simple Atributte,110,110,30,A2
tests,base.py,Simple Atributte,117,117,29,A2
tests,base.py,Simple Atributte,124,124,29,A2
tests,base.py,Simple Atributte,13,13,25,A2
tests,base.py,Simple Atributte,14,14,21,A2
tests,base.py,Simple Atributte,15,15,23,A2
tests,base.py,Simple Atributte,20,20,32,A2
tests,base.py,Simple Atributte,26,26,27,A2
tests,base.py,Simple Atributte,27,27,20,A2
tests,base.py,Simple Atributte,31,31,25,A2
tests,base.py,Simple Atributte,34,34,41,A2
tests,base.py,Simple Atributte,35,35,15,A2
tests,base.py,Simple Atributte,36,36,20,A2
tests,base.py,Simple Atributte,41,41,41,A2
tests,base.py,Simple Atributte,42,42,15,A2
tests,base.py,Simple Atributte,43,43,20,A2
tests,base.py,Simple Atributte,49,49,31,A2
tests,base.py,Simple Atributte,50,50,15,A2
tests,base.py,Simple Atributte,51,51,20,A2
tests,base.py,Simple Atributte,57,57,33,A2
tests,base.py,Simple Atributte,59,59,15,A2
tests,base.py,Simple Atributte,60,60,20,A2
tests,base.py,Simple Atributte,67,67,29,A2
tests,base.py,Simple Atributte,68,68,20,A2
tests,base.py,Simple Atributte,71,71,25,A2
tests,base.py,Simple Atributte,74,74,35,A2
tests,base.py,Simple Atributte,76,76,15,A2
tests,base.py,Simple Atributte,77,77,20,A2
tests,base.py,Simple Atributte,83,83,30,A2
tests,base.py,Simple Atributte,84,84,20,A2
tests,base.py,Simple Atributte,88,88,25,A2
tests,base.py,Simple Atributte,91,91,27,A2
tests,base.py,Simple Atributte,92,92,20,A2
tests,base.py,Simple Atributte,97,97,25,A2
tests,base.py,Simple Atributte,100,100,24,A2
tests,base.py,Simple Atributte,101,101,20,A2
tests,base.py,Simple Atributte,106,106,25,A2
tests,base.py,Simple Atributte,110,110,30,A2
tests,base.py,Simple Atributte,111,111,20,A2
tests,base.py,Simple Atributte,117,117,29,A2
tests,base.py,Simple Atributte,118,118,20,A2
tests,base.py,Simple Atributte,124,124,29,A2
tests,base.py,Simple Atributte,125,125,20,A2
tests,base.py,Simple Atributte,32,32,25,A2
tests,base.py,Simple Atributte,107,107,25,A2
tests,base.py,Simple Atributte,114,114,25,A2
tests,base.py,Simple Atributte,121,121,25,A2
tests,base.py,Simple Atributte,128,128,25,A2
tests,base.py,Simple Atributte,32,32,25,A2
tests,base.py,Simple Atributte,107,107,25,A2
tests,base.py,Simple Atributte,114,114,25,A2
tests,base.py,Simple Atributte,121,121,25,A2
tests,base.py,Simple Atributte,128,128,25,A2
tests,base.py,Simple Assignment,13,13,8,A1
tests,base.py,Simple Assignment,14,14,8,A1
tests,base.py,Simple Assignment,15,15,8,A1
tests,base.py,Simple Assignment,20,25,8,A1
tests,base.py,Simple Assignment,26,33,8,A1
tests,base.py,Simple Assignment,34,40,8,A1
tests,base.py,Simple Assignment,41,47,8,A1
tests,base.py,Simple Assignment,49,55,8,A1
tests,base.py,Simple Assignment,57,65,8,A1
tests,base.py,Simple Assignment,67,72,8,A1
tests,base.py,Simple Assignment,74,81,8,A1
tests,base.py,Simple Assignment,83,89,8,A1
tests,base.py,Simple Assignment,91,98,8,A1
tests,base.py,Simple Assignment,100,108,8,A1
tests,base.py,Simple Assignment,110,115,8,A1
tests,base.py,Simple Assignment,117,122,8,A1
tests,base.py,Simple Assignment,124,129,8,A1
tests,base.py,Import with 'as' extension ,1,1,0,B1
tests,base.py,From,3,3,0,A2
tests,base.py,From,5,5,0,A2
tests,base.py,From,6,6,0,A2
tests,base.py,Alias,1,1,7,A1
tests,base.py,Alias,3,3,24,A1
tests,base.py,Alias,5,5,34,A1
tests,base.py,Alias,5,5,38,A1
tests,base.py,Alias,5,5,47,A1
tests,base.py,Alias,6,6,30,A1
tests,base.py,Function with Simple argument,11,15,4,A1
tests,base.py,Function with Simple argument,19,129,4,A1
tests,base.py,Simple Class ,9,15,0,B1
tests,base.py,Inherited Class from TestCase,18,129,0,B1
tests,test_models.py,Simple List,112,118,16,A1
tests,test_models.py,Simple List,156,160,24,A1
tests,test_models.py,Simple List,211,215,24,A1
tests,test_models.py,Simple Tuple,156,156,12,A1
tests,test_models.py,Simple Tuple,211,211,12,A1
tests,test_models.py,Simple Tuple,157,157,12,A1
tests,test_models.py,Simple Tuple,158,158,12,A1
tests,test_models.py,Simple Tuple,159,159,12,A1
tests,test_models.py,Simple Tuple,212,212,12,A1
tests,test_models.py,Simple Tuple,213,213,12,A1
tests,test_models.py,Simple Tuple,214,214,12,A1
tests,test_models.py,Simple Dictionary,301,305,25,A2
tests,test_models.py,Formatted Value,166,166,56,A1
tests,test_models.py,Formatted Value,221,221,56,A1
tests,test_models.py,Joined String,166,166,20,A1
tests,test_models.py,Joined String,221,221,20,A1
tests,test_models.py,Simple Atributte,172,172,18,A2
tests,test_models.py,Simple Atributte,191,191,18,A2
tests,test_models.py,Simple Atributte,230,230,18,A2
tests,test_models.py,Simple Atributte,13,13,8,A2
tests,test_models.py,Simple Atributte,14,14,8,A2
tests,test_models.py,Simple Atributte,17,17,29,A2
tests,test_models.py,Simple Atributte,18,18,8,A2
tests,test_models.py,Simple Atributte,19,19,8,A2
tests,test_models.py,Simple Atributte,19,19,22,A2
tests,test_models.py,Simple Atributte,20,20,8,A2
tests,test_models.py,Simple Atributte,20,20,22,A2
tests,test_models.py,Simple Atributte,21,21,8,A2
tests,test_models.py,Simple Atributte,21,21,25,A2
tests,test_models.py,Simple Atributte,24,24,28,A2
tests,test_models.py,Simple Atributte,25,25,8,A2
tests,test_models.py,Simple Atributte,26,26,8,A2
tests,test_models.py,Simple Atributte,26,26,22,A2
tests,test_models.py,Simple Atributte,27,27,8,A2
tests,test_models.py,Simple Atributte,27,27,22,A2
tests,test_models.py,Simple Atributte,28,28,8,A2
tests,test_models.py,Simple Atributte,28,28,25,A2
tests,test_models.py,Simple Atributte,29,29,8,A2
tests,test_models.py,Simple Atributte,29,29,25,A2
tests,test_models.py,Simple Atributte,32,32,31,A2
tests,test_models.py,Simple Atributte,33,33,8,A2
tests,test_models.py,Simple Atributte,34,34,8,A2
tests,test_models.py,Simple Atributte,34,34,22,A2
tests,test_models.py,Simple Atributte,37,37,25,A2
tests,test_models.py,Simple Atributte,38,38,8,A2
tests,test_models.py,Simple Atributte,39,39,8,A2
tests,test_models.py,Simple Atributte,39,39,25,A2
tests,test_models.py,Simple Atributte,40,40,8,A2
tests,test_models.py,Simple Atributte,40,40,25,A2
tests,test_models.py,Simple Atributte,41,41,8,A2
tests,test_models.py,Simple Atributte,41,41,22,A2
tests,test_models.py,Simple Atributte,44,44,20,A2
tests,test_models.py,Simple Atributte,45,45,8,A2
tests,test_models.py,Simple Atributte,46,46,8,A2
tests,test_models.py,Simple Atributte,46,46,22,A2
tests,test_models.py,Simple Atributte,47,47,8,A2
tests,test_models.py,Simple Atributte,47,47,25,A2
tests,test_models.py,Simple Atributte,48,48,8,A2
tests,test_models.py,Simple Atributte,48,48,25,A2
tests,test_models.py,Simple Atributte,49,49,8,A2
tests,test_models.py,Simple Atributte,49,49,25,A2
tests,test_models.py,Simple Atributte,52,52,19,A2
tests,test_models.py,Simple Atributte,53,53,8,A2
tests,test_models.py,Simple Atributte,54,54,8,A2
tests,test_models.py,Simple Atributte,54,54,22,A2
tests,test_models.py,Simple Atributte,57,57,19,A2
tests,test_models.py,Simple Atributte,58,58,8,A2
tests,test_models.py,Simple Atributte,59,59,8,A2
tests,test_models.py,Simple Atributte,59,59,25,A2
tests,test_models.py,Simple Atributte,60,60,8,A2
tests,test_models.py,Simple Atributte,60,60,25,A2
tests,test_models.py,Simple Atributte,61,61,8,A2
tests,test_models.py,Simple Atributte,61,61,22,A2
tests,test_models.py,Simple Atributte,62,62,8,A2
tests,test_models.py,Simple Atributte,62,62,22,A2
tests,test_models.py,Simple Atributte,65,65,19,A2
tests,test_models.py,Simple Atributte,66,66,8,A2
tests,test_models.py,Simple Atributte,66,66,35,A2
tests,test_models.py,Simple Atributte,67,67,8,A2
tests,test_models.py,Simple Atributte,67,67,38,A2
tests,test_models.py,Simple Atributte,69,69,22,A2
tests,test_models.py,Simple Atributte,70,70,8,A2
tests,test_models.py,Simple Atributte,70,70,38,A2
tests,test_models.py,Simple Atributte,71,71,8,A2
tests,test_models.py,Simple Atributte,71,71,41,A2
tests,test_models.py,Simple Atributte,73,73,21,A2
tests,test_models.py,Simple Atributte,74,74,8,A2
tests,test_models.py,Simple Atributte,74,74,37,A2
tests,test_models.py,Simple Atributte,75,75,8,A2
tests,test_models.py,Simple Atributte,75,75,40,A2
tests,test_models.py,Simple Atributte,77,77,22,A2
tests,test_models.py,Simple Atributte,78,78,8,A2
tests,test_models.py,Simple Atributte,81,81,28,A2
tests,test_models.py,Simple Atributte,82,82,8,A2
tests,test_models.py,Simple Atributte,82,82,44,A2
tests,test_models.py,Simple Atributte,85,85,27,A2
tests,test_models.py,Simple Atributte,92,92,28,A2
tests,test_models.py,Simple Atributte,93,93,8,A2
tests,test_models.py,Simple Atributte,94,94,8,A2
tests,test_models.py,Simple Atributte,94,94,47,A2
tests,test_models.py,Simple Atributte,98,98,8,A2
tests,test_models.py,Simple Atributte,99,99,28,A2
tests,test_models.py,Simple Atributte,100,100,8,A2
tests,test_models.py,Simple Atributte,103,103,8,A2
tests,test_models.py,Simple Atributte,103,103,25,A2
tests,test_models.py,Simple Atributte,104,104,8,A2
tests,test_models.py,Simple Atributte,107,107,18,A2
tests,test_models.py,Simple Atributte,108,108,8,A2
tests,test_models.py,Simple Atributte,108,108,25,A2
tests,test_models.py,Simple Atributte,109,109,8,A2
tests,test_models.py,Simple Atributte,126,126,8,A2
tests,test_models.py,Simple Atributte,126,126,25,A2
tests,test_models.py,Simple Atributte,127,127,8,A2
tests,test_models.py,Simple Atributte,127,127,25,A2
tests,test_models.py,Simple Atributte,129,129,21,A2
tests,test_models.py,Simple Atributte,130,130,8,A2
tests,test_models.py,Simple Atributte,130,130,25,A2
tests,test_models.py,Simple Atributte,131,131,8,A2
tests,test_models.py,Simple Atributte,131,131,24,A2
tests,test_models.py,Simple Atributte,133,133,22,A2
tests,test_models.py,Simple Atributte,134,134,8,A2
tests,test_models.py,Simple Atributte,134,134,24,A2
tests,test_models.py,Simple Atributte,135,135,8,A2
tests,test_models.py,Simple Atributte,135,135,24,A2
tests,test_models.py,Simple Atributte,139,139,26,A2
tests,test_models.py,Simple Atributte,141,141,8,A2
tests,test_models.py,Simple Atributte,141,141,25,A2
tests,test_models.py,Simple Atributte,142,142,8,A2
tests,test_models.py,Simple Atributte,142,142,25,A2
tests,test_models.py,Simple Atributte,143,143,8,A2
tests,test_models.py,Simple Atributte,143,143,25,A2
tests,test_models.py,Simple Atributte,149,149,18,A2
tests,test_models.py,Simple Atributte,172,172,18,A2
tests,test_models.py,Simple Atributte,173,173,8,A2
tests,test_models.py,Simple Atributte,174,174,8,A2
tests,test_models.py,Simple Atributte,175,175,8,A2
tests,test_models.py,Simple Atributte,176,176,8,A2
tests,test_models.py,Simple Atributte,177,177,8,A2
tests,test_models.py,Simple Atributte,178,178,8,A2
tests,test_models.py,Simple Atributte,179,179,8,A2
tests,test_models.py,Simple Atributte,181,181,8,A2
tests,test_models.py,Simple Atributte,191,191,18,A2
tests,test_models.py,Simple Atributte,192,192,8,A2
tests,test_models.py,Simple Atributte,193,193,8,A2
tests,test_models.py,Simple Atributte,194,194,8,A2
tests,test_models.py,Simple Atributte,208,208,8,A2
tests,test_models.py,Simple Atributte,229,229,14,A2
tests,test_models.py,Simple Atributte,230,230,18,A2
tests,test_models.py,Simple Atributte,233,233,8,A2
tests,test_models.py,Simple Atributte,234,234,8,A2
tests,test_models.py,Simple Atributte,235,235,8,A2
tests,test_models.py,Simple Atributte,238,238,8,A2
tests,test_models.py,Simple Atributte,245,245,8,A2
tests,test_models.py,Simple Atributte,246,246,8,A2
tests,test_models.py,Simple Atributte,247,247,8,A2
tests,test_models.py,Simple Atributte,249,249,8,A2
tests,test_models.py,Simple Atributte,257,257,8,A2
tests,test_models.py,Simple Atributte,258,258,8,A2
tests,test_models.py,Simple Atributte,259,259,8,A2
tests,test_models.py,Simple Atributte,266,266,8,A2
tests,test_models.py,Simple Atributte,267,267,8,A2
tests,test_models.py,Simple Atributte,268,268,8,A2
tests,test_models.py,Simple Atributte,270,270,8,A2
tests,test_models.py,Simple Atributte,277,277,8,A2
tests,test_models.py,Simple Atributte,278,278,8,A2
tests,test_models.py,Simple Atributte,279,279,8,A2
tests,test_models.py,Simple Atributte,286,286,8,A2
tests,test_models.py,Simple Atributte,287,287,8,A2
tests,test_models.py,Simple Atributte,288,288,8,A2
tests,test_models.py,Simple Atributte,290,290,8,A2
tests,test_models.py,Simple Atributte,292,292,8,A2
tests,test_models.py,Simple Atributte,293,293,8,A2
tests,test_models.py,Simple Atributte,294,294,8,A2
tests,test_models.py,Simple Atributte,297,297,21,A2
tests,test_models.py,Simple Atributte,13,13,29,A2
tests,test_models.py,Simple Atributte,14,14,29,A2
tests,test_models.py,Simple Atributte,17,17,29,A2
tests,test_models.py,Simple Atributte,24,24,28,A2
tests,test_models.py,Simple Atributte,32,32,31,A2
tests,test_models.py,Simple Atributte,37,37,25,A2
tests,test_models.py,Simple Atributte,44,44,20,A2
tests,test_models.py,Simple Atributte,52,52,19,A2
tests,test_models.py,Simple Atributte,57,57,19,A2
tests,test_models.py,Simple Atributte,65,65,19,A2
tests,test_models.py,Simple Atributte,69,69,22,A2
tests,test_models.py,Simple Atributte,73,73,21,A2
tests,test_models.py,Simple Atributte,77,77,22,A2
tests,test_models.py,Simple Atributte,81,81,28,A2
tests,test_models.py,Simple Atributte,85,85,27,A2
tests,test_models.py,Simple Atributte,86,86,20,A2
tests,test_models.py,Simple Atributte,92,92,28,A2
tests,test_models.py,Simple Atributte,98,98,8,A2
tests,test_models.py,Simple Atributte,99,99,28,A2
tests,test_models.py,Simple Atributte,103,103,25,A2
tests,test_models.py,Simple Atributte,104,104,25,A2
tests,test_models.py,Simple Atributte,107,107,18,A2
tests,test_models.py,Simple Atributte,109,109,25,A2
tests,test_models.py,Simple Atributte,126,126,25,A2
tests,test_models.py,Simple Atributte,127,127,25,A2
tests,test_models.py,Simple Atributte,129,129,21,A2
tests,test_models.py,Simple Atributte,133,133,22,A2
tests,test_models.py,Simple Atributte,139,139,26,A2
tests,test_models.py,Simple Atributte,149,149,18,A2
tests,test_models.py,Simple Atributte,151,151,20,A2
tests,test_models.py,Simple Atributte,157,157,13,A2
tests,test_models.py,Simple Atributte,158,158,13,A2
tests,test_models.py,Simple Atributte,159,159,13,A2
tests,test_models.py,Simple Atributte,161,161,12,A2
tests,test_models.py,Simple Atributte,181,181,8,A2
tests,test_models.py,Simple Atributte,182,182,15,A2
tests,test_models.py,Simple Atributte,208,208,8,A2
tests,test_models.py,Simple Atributte,212,212,13,A2
tests,test_models.py,Simple Atributte,213,213,13,A2
tests,test_models.py,Simple Atributte,214,214,13,A2
tests,test_models.py,Simple Atributte,216,216,12,A2
tests,test_models.py,Simple Atributte,229,229,14,A2
tests,test_models.py,Simple Atributte,238,238,36,A2
tests,test_models.py,Simple Atributte,249,249,8,A2
tests,test_models.py,Simple Atributte,250,250,15,A2
tests,test_models.py,Simple Atributte,251,251,20,A2
tests,test_models.py,Simple Atributte,270,270,8,A2
tests,test_models.py,Simple Atributte,271,271,15,A2
tests,test_models.py,Simple Atributte,272,272,20,A2
tests,test_models.py,Simple Atributte,290,290,8,A2
tests,test_models.py,Simple Atributte,297,297,21,A2
tests,test_models.py,Simple Atributte,90,90,25,A2
tests,test_models.py,Simple Atributte,104,104,25,A2
tests,test_models.py,Simple Atributte,120,120,17,A2
tests,test_models.py,Simple Atributte,121,121,26,A2
tests,test_models.py,Simple Atributte,122,122,16,A2
tests,test_models.py,Simple Atributte,122,122,33,A2
tests,test_models.py,Simple Atributte,123,123,16,A2
tests,test_models.py,Simple Atributte,161,161,12,A2
tests,test_models.py,Simple Atributte,163,163,24,A2
tests,test_models.py,Simple Atributte,172,172,18,A2
tests,test_models.py,Simple Atributte,191,191,18,A2
tests,test_models.py,Simple Atributte,216,216,12,A2
tests,test_models.py,Simple Atributte,218,218,24,A2
tests,test_models.py,Simple Atributte,300,300,17,A2
tests,test_models.py,Simple Atributte,300,300,30,A2
tests,test_models.py,Simple Atributte,300,300,43,A2
tests,test_models.py,Simple Atributte,304,304,20,A2
tests,test_models.py,Simple Atributte,90,90,25,A2
tests,test_models.py,Simple Atributte,90,90,57,A2
tests,test_models.py,Simple Atributte,121,121,26,A2
tests,test_models.py,Simple Atributte,123,123,33,A2
tests,test_models.py,Simple Atributte,172,172,18,A2
tests,test_models.py,Simple Atributte,191,191,18,A2
tests,test_models.py,Simple Atributte,307,307,21,A2
tests,test_models.py,Simple Atributte,308,308,20,A2
tests,test_models.py,Simple Atributte,308,308,20,A2
tests,test_models.py,Simple Atributte,309,309,27,A2
tests,test_models.py,Simple Atributte,310,310,32,A2
tests,test_models.py,Unary Operation,298,298,15,A1
tests,test_models.py,Simple Assignment,17,17,8,A1
tests,test_models.py,Simple Assignment,24,24,8,A1
tests,test_models.py,Simple Assignment,32,32,8,A1
tests,test_models.py,Simple Assignment,37,37,8,A1
tests,test_models.py,Simple Assignment,44,44,8,A1
tests,test_models.py,Simple Assignment,52,52,8,A1
tests,test_models.py,Simple Assignment,57,57,8,A1
tests,test_models.py,Simple Assignment,65,65,8,A1
tests,test_models.py,Simple Assignment,69,69,8,A1
tests,test_models.py,Simple Assignment,73,73,8,A1
tests,test_models.py,Simple Assignment,77,77,8,A1
tests,test_models.py,Simple Assignment,81,81,8,A1
tests,test_models.py,Simple Assignment,85,91,8,A1
tests,test_models.py,Simple Assignment,92,92,8,A1
tests,test_models.py,Simple Assignment,99,99,8,A1
tests,test_models.py,Simple Assignment,107,107,8,A1
tests,test_models.py,Simple Assignment,112,118,8,A1
tests,test_models.py,Simple Assignment,129,129,8,A1
tests,test_models.py,Simple Assignment,133,133,8,A1
tests,test_models.py,Simple Assignment,139,139,8,A1
tests,test_models.py,Simple Assignment,149,154,8,A1
tests,test_models.py,Simple Assignment,172,172,8,A1
tests,test_models.py,Simple Assignment,191,191,8,A1
tests,test_models.py,Simple Assignment,229,229,8,A1
tests,test_models.py,Simple Assignment,230,230,8,A1
tests,test_models.py,Simple Assignment,121,121,16,A1
tests,test_models.py,Simple Assignment,301,305,16,A1
tests,test_models.py,Import with 'as' extension ,1,1,0,B1
tests,test_models.py,From,2,2,0,A2
tests,test_models.py,From,4,4,0,A2
tests,test_models.py,From,5,5,0,A2
tests,test_models.py,From,7,7,0,A2
tests,test_models.py,From,8,8,0,A2
tests,test_models.py,From,146,146,8,A2
tests,test_models.py,From,147,147,8,A2
tests,test_models.py,From,204,204,8,A2
tests,test_models.py,From,205,205,8,A2
tests,test_models.py,Alias,1,1,7,A1
tests,test_models.py,Alias,2,2,26,A1
tests,test_models.py,Alias,4,4,22,A1
tests,test_models.py,Alias,4,4,38,A1
tests,test_models.py,Alias,5,5,29,A1
tests,test_models.py,Alias,7,7,34,A1
tests,test_models.py,Alias,7,7,38,A1
tests,test_models.py,Alias,7,7,47,A1
tests,test_models.py,Alias,8,8,38,A1
tests,test_models.py,Alias,146,146,38,A1
tests,test_models.py,Alias,147,147,42,A1
tests,test_models.py,Alias,204,204,38,A1
tests,test_models.py,Alias,205,205,42,A1
tests,test_models.py,Simple If statements,298,299,12,A1
tests,test_models.py,Simple For Loop,119,123,8,A1
tests,test_models.py,For Loop with 1 List to iterate,156,168,8,A2
tests,test_models.py,For Loop with 1 List to iterate,211,223,8,A2
tests,test_models.py,Simple For Loop,297,313,8,A1
tests,test_models.py,'continue' statement,299,299,16,B1
tests,test_models.py,With,120,123,12,B1
tests,test_models.py,With,300,313,12,B1
tests,test_models.py,With,307,313,16,B1
tests,test_models.py,Function with Simple argument,12,14,4,A1
tests,test_models.py,Function with Simple argument,16,21,4,A1
tests,test_models.py,Function with Simple argument,23,29,4,A1
tests,test_models.py,Function with Simple argument,31,34,4,A1
tests,test_models.py,Function with Simple argument,36,41,4,A1
tests,test_models.py,Function with Simple argument,43,49,4,A1
tests,test_models.py,Function with Simple argument,51,54,4,A1
tests,test_models.py,Function with Simple argument,56,62,4,A1
tests,test_models.py,Function with Simple argument,64,78,4,A1
tests,test_models.py,Function with Simple argument,80,94,4,A1
tests,test_models.py,Function with Simple argument,96,100,4,A1
tests,test_models.py,Function with Simple argument,102,104,4,A1
tests,test_models.py,Function with Simple argument,106,109,4,A1
tests,test_models.py,Function with Simple argument,111,123,4,A1
tests,test_models.py,Function with Simple argument,125,135,4,A1
tests,test_models.py,Function with Simple argument,137,143,4,A1
tests,test_models.py,Function with Simple argument,145,194,4,A1
tests,test_models.py,Function with Simple argument,196,238,4,A1
tests,test_models.py,Function with Simple argument,243,259,4,A1
tests,test_models.py,Function with Simple argument,264,279,4,A1
tests,test_models.py,Function with Simple argument,284,294,4,A1
tests,test_models.py,Function with Simple argument,296,313,4,A1
tests,test_models.py,Inherited Class from BaseDownloadTests,11,313,0,B1
tests,test_views.py,Simple List,50,50,23,A1
tests,test_views.py,Simple List,63,66,16,A1
tests,test_views.py,Simple List,95,101,12,A1
tests,test_views.py,Simple List,321,321,44,A1
tests,test_views.py,Simple Tuple,67,67,12,A1
tests,test_views.py,Simple Tuple,64,64,12,A1
tests,test_views.py,Simple Tuple,65,65,12,A1
tests,test_views.py,Simple Dictionary,19,21,25,A2
tests,test_views.py,Simple Dictionary,24,27,22,A2
tests,test_views.py,Simple Dictionary,215,218,15,A2
tests,test_views.py,Simple Dictionary,253,256,18,A2
tests,test_views.py,Simple Dictionary,303,308,15,A2
tests,test_views.py,Simple Dictionary,382,393,15,A2
tests,test_views.py,Simple Dictionary,37,37,65,A2
tests,test_views.py,Simple Dictionary,44,44,65,A2
tests,test_views.py,Simple Dictionary,80,80,58,A2
tests,test_views.py,Simple Dictionary,116,116,66,A2
tests,test_views.py,Simple Dictionary,120,120,66,A2
tests,test_views.py,Simple Dictionary,124,124,66,A2
tests,test_views.py,Simple Dictionary,196,196,48,A2
tests,test_views.py,Simple Dictionary,290,290,48,A2
tests,test_views.py,Simple Dictionary,322,322,52,A2
tests,test_views.py,Simple Dictionary,529,529,48,A2
tests,test_views.py,Simple Dictionary,533,533,48,A2
tests,test_views.py,Simple Dictionary,537,537,48,A2
tests,test_views.py,Simple Dictionary,588,588,20,A2
tests,test_views.py,Simple Dictionary,148,148,23,A2
tests,test_views.py,Simple Dictionary,264,264,65,A2
tests,test_views.py,Simple Dictionary,270,270,65,A2
tests,test_views.py,Simple Dictionary,276,276,65,A2
tests,test_views.py,Simple Dictionary,350,350,70,A2
tests,test_views.py,Simple Dictionary,429,429,75,A2
tests,test_views.py,Simple Dictionary,435,435,75,A2
tests,test_views.py,Simple Dictionary,440,440,75,A2
tests,test_views.py,Simple Dictionary,445,445,75,A2
tests,test_views.py,Simple Dictionary,450,450,75,A2
tests,test_views.py,Simple Dictionary,459,462,24,A2
tests,test_views.py,Simple Dictionary,471,471,75,A2
tests,test_views.py,Simple Dictionary,550,550,24,A2
tests,test_views.py,Simple Dictionary,557,557,75,A2
tests,test_views.py,Simple Dictionary,568,568,24,A2
tests,test_views.py,Simple Dictionary,586,586,24,A2
tests,test_views.py,Simple Dictionary,54,54,27,A2
tests,test_views.py,Simple Dictionary,71,71,27,A2
tests,test_views.py,Formatted Value,177,177,37,A1
tests,test_views.py,Formatted Value,485,485,31,A1
tests,test_views.py,Formatted Value,485,485,51,A1
tests,test_views.py,Formatted Value,485,485,78,A1
tests,test_views.py,Formatted Value,486,486,39,A1
tests,test_views.py,Formatted Value,496,496,31,A1
tests,test_views.py,Formatted Value,496,496,51,A1
tests,test_views.py,Formatted Value,497,497,39,A1
tests,test_views.py,Formatted Value,503,503,38,A1
tests,test_views.py,Formatted Value,503,503,58,A1
tests,test_views.py,Joined String,177,177,29,A1
tests,test_views.py,Joined String,485,485,29,A1
tests,test_views.py,Joined String,486,486,37,A1
tests,test_views.py,Joined String,496,496,29,A1
tests,test_views.py,Joined String,497,497,37,A1
tests,test_views.py,Joined String,503,503,36,A1
tests,test_views.py,Super Function,171,171,8,C2
tests,test_views.py,Super Function,482,482,8,C2
tests,test_views.py,Super Function,493,493,8,C2
tests,test_views.py,Simple Atributte,18,18,19,A2
tests,test_views.py,Simple Atributte,141,141,8,A2
tests,test_views.py,Simple Atributte,172,172,8,A2
tests,test_views.py,Simple Atributte,177,177,8,A2
tests,test_views.py,Simple Atributte,178,178,8,A2
tests,test_views.py,Simple Atributte,483,483,8,A2
tests,test_views.py,Simple Atributte,483,483,25,A2
tests,test_views.py,Simple Atributte,484,484,8,A2
tests,test_views.py,Simple Atributte,485,485,8,A2
tests,test_views.py,Simple Atributte,486,486,8,A2
tests,test_views.py,Simple Atributte,494,494,8,A2
tests,test_views.py,Simple Atributte,494,494,25,A2
tests,test_views.py,Simple Atributte,495,495,8,A2
tests,test_views.py,Simple Atributte,496,496,8,A2
tests,test_views.py,Simple Atributte,497,497,8,A2
tests,test_views.py,Simple Atributte,498,498,8,A2
tests,test_views.py,Simple Atributte,502,502,8,A2
tests,test_views.py,Simple Atributte,502,502,31,A2
tests,test_views.py,Simple Atributte,503,503,8,A2
tests,test_views.py,Simple Atributte,506,506,15,A2
tests,test_views.py,Simple Atributte,509,509,5,A2
tests,test_views.py,Simple Atributte,523,523,5,A2
tests,test_views.py,Simple Atributte,33,33,19,A2
tests,test_views.py,Simple Atributte,34,34,8,A2
tests,test_views.py,Simple Atributte,34,34,25,A2
tests,test_views.py,Simple Atributte,38,38,19,A2
tests,test_views.py,Simple Atributte,39,39,8,A2
tests,test_views.py,Simple Atributte,39,39,25,A2
tests,test_views.py,Simple Atributte,45,45,19,A2
tests,test_views.py,Simple Atributte,46,46,8,A2
tests,test_views.py,Simple Atributte,46,46,25,A2
tests,test_views.py,Simple Atributte,50,50,24,A2
tests,test_views.py,Simple Atributte,50,50,39,A2
tests,test_views.py,Simple Atributte,50,50,59,A2
tests,test_views.py,Simple Atributte,81,81,19,A2
tests,test_views.py,Simple Atributte,82,82,8,A2
tests,test_views.py,Simple Atributte,82,82,25,A2
tests,test_views.py,Simple Atributte,86,86,19,A2
tests,test_views.py,Simple Atributte,87,87,8,A2
tests,test_views.py,Simple Atributte,87,87,25,A2
tests,test_views.py,Simple Atributte,91,91,19,A2
tests,test_views.py,Simple Atributte,92,92,19,A2
tests,test_views.py,Simple Atributte,93,93,8,A2
tests,test_views.py,Simple Atributte,105,105,25,A2
tests,test_views.py,Simple Atributte,107,107,19,A2
tests,test_views.py,Simple Atributte,108,108,8,A2
tests,test_views.py,Simple Atributte,110,110,25,A2
tests,test_views.py,Simple Atributte,112,112,19,A2
tests,test_views.py,Simple Atributte,113,113,8,A2
tests,test_views.py,Simple Atributte,117,117,19,A2
tests,test_views.py,Simple Atributte,118,118,8,A2
tests,test_views.py,Simple Atributte,121,121,19,A2
tests,test_views.py,Simple Atributte,122,122,8,A2
tests,test_views.py,Simple Atributte,125,125,19,A2
tests,test_views.py,Simple Atributte,126,126,8,A2
tests,test_views.py,Simple Atributte,130,130,19,A2
tests,test_views.py,Simple Atributte,131,131,8,A2
tests,test_views.py,Simple Atributte,135,135,8,A2
tests,test_views.py,Simple Atributte,137,137,19,A2
tests,test_views.py,Simple Atributte,138,138,8,A2
tests,test_views.py,Simple Atributte,141,141,8,A2
tests,test_views.py,Simple Atributte,142,142,8,A2
tests,test_views.py,Simple Atributte,143,143,19,A2
tests,test_views.py,Simple Atributte,144,144,8,A2
tests,test_views.py,Simple Atributte,159,159,19,A2
tests,test_views.py,Simple Atributte,160,160,8,A2
tests,test_views.py,Simple Atributte,161,161,8,A2
tests,test_views.py,Simple Atributte,162,162,8,A2
tests,test_views.py,Simple Atributte,163,163,8,A2
tests,test_views.py,Simple Atributte,171,171,8,A2
tests,test_views.py,Simple Atributte,181,181,24,A2
tests,test_views.py,Simple Atributte,187,187,14,A2
tests,test_views.py,Simple Atributte,187,187,36,A2
tests,test_views.py,Simple Atributte,188,188,19,A2
tests,test_views.py,Simple Atributte,193,193,8,A2
tests,test_views.py,Simple Atributte,193,193,25,A2
tests,test_views.py,Simple Atributte,195,195,14,A2
tests,test_views.py,Simple Atributte,196,196,19,A2
tests,test_views.py,Simple Atributte,197,197,8,A2
tests,test_views.py,Simple Atributte,197,197,25,A2
tests,test_views.py,Simple Atributte,200,200,19,A2
tests,test_views.py,Simple Atributte,201,201,8,A2
tests,test_views.py,Simple Atributte,201,201,25,A2
tests,test_views.py,Simple Atributte,202,202,18,A2
tests,test_views.py,Simple Atributte,203,203,8,A2
tests,test_views.py,Simple Atributte,204,204,8,A2
tests,test_views.py,Simple Atributte,205,205,8,A2
tests,test_views.py,Simple Atributte,205,205,45,A2
tests,test_views.py,Simple Atributte,206,206,8,A2
tests,test_views.py,Simple Atributte,206,206,45,A2
tests,test_views.py,Simple Atributte,210,210,8,A2
tests,test_views.py,Simple Atributte,211,211,8,A2
tests,test_views.py,Simple Atributte,214,214,14,A2
tests,test_views.py,Simple Atributte,219,219,19,A2
tests,test_views.py,Simple Atributte,220,220,8,A2
tests,test_views.py,Simple Atributte,220,220,25,A2
tests,test_views.py,Simple Atributte,222,222,19,A2
tests,test_views.py,Simple Atributte,223,223,8,A2
tests,test_views.py,Simple Atributte,223,223,25,A2
tests,test_views.py,Simple Atributte,227,227,19,A2
tests,test_views.py,Simple Atributte,228,228,8,A2
tests,test_views.py,Simple Atributte,228,228,25,A2
tests,test_views.py,Simple Atributte,229,229,18,A2
tests,test_views.py,Simple Atributte,230,230,8,A2
tests,test_views.py,Simple Atributte,231,231,8,A2
tests,test_views.py,Simple Atributte,234,234,14,A2
tests,test_views.py,Simple Atributte,234,234,36,A2
tests,test_views.py,Simple Atributte,235,235,19,A2
tests,test_views.py,Simple Atributte,236,236,8,A2
tests,test_views.py,Simple Atributte,236,236,25,A2
tests,test_views.py,Simple Atributte,237,237,18,A2
tests,test_views.py,Simple Atributte,238,238,8,A2
tests,test_views.py,Simple Atributte,239,239,8,A2
tests,test_views.py,Simple Atributte,239,239,42,A2
tests,test_views.py,Simple Atributte,240,240,8,A2
tests,test_views.py,Simple Atributte,240,240,42,A2
tests,test_views.py,Simple Atributte,242,242,19,A2
tests,test_views.py,Simple Atributte,243,243,8,A2
tests,test_views.py,Simple Atributte,243,243,25,A2
tests,test_views.py,Simple Atributte,245,245,19,A2
tests,test_views.py,Simple Atributte,246,246,8,A2
tests,test_views.py,Simple Atributte,246,246,25,A2
tests,test_views.py,Simple Atributte,249,249,19,A2
tests,test_views.py,Simple Atributte,250,250,8,A2
tests,test_views.py,Simple Atributte,250,250,25,A2
tests,test_views.py,Simple Atributte,254,254,20,A2
tests,test_views.py,Simple Atributte,255,255,20,A2
tests,test_views.py,Simple Atributte,257,257,19,A2
tests,test_views.py,Simple Atributte,258,258,8,A2
tests,test_views.py,Simple Atributte,258,258,25,A2
tests,test_views.py,Simple Atributte,259,259,18,A2
tests,test_views.py,Simple Atributte,260,260,8,A2
tests,test_views.py,Simple Atributte,261,261,8,A2
tests,test_views.py,Simple Atributte,261,261,45,A2
tests,test_views.py,Simple Atributte,262,262,8,A2
tests,test_views.py,Simple Atributte,262,262,45,A2
tests,test_views.py,Simple Atributte,264,264,19,A2
tests,test_views.py,Simple Atributte,265,265,8,A2
tests,test_views.py,Simple Atributte,265,265,25,A2
tests,test_views.py,Simple Atributte,266,266,18,A2
tests,test_views.py,Simple Atributte,267,267,8,A2
tests,test_views.py,Simple Atributte,270,270,19,A2
tests,test_views.py,Simple Atributte,271,271,8,A2
tests,test_views.py,Simple Atributte,271,271,25,A2
tests,test_views.py,Simple Atributte,272,272,18,A2
tests,test_views.py,Simple Atributte,273,273,8,A2
tests,test_views.py,Simple Atributte,276,276,19,A2
tests,test_views.py,Simple Atributte,277,277,8,A2
tests,test_views.py,Simple Atributte,277,277,25,A2
tests,test_views.py,Simple Atributte,278,278,18,A2
tests,test_views.py,Simple Atributte,279,279,8,A2
tests,test_views.py,Simple Atributte,282,282,14,A2
tests,test_views.py,Simple Atributte,283,283,19,A2
tests,test_views.py,Simple Atributte,284,284,8,A2
tests,test_views.py,Simple Atributte,284,284,25,A2
tests,test_views.py,Simple Atributte,285,285,18,A2
tests,test_views.py,Simple Atributte,287,287,8,A2
tests,test_views.py,Simple Atributte,290,290,19,A2
tests,test_views.py,Simple Atributte,291,291,8,A2
tests,test_views.py,Simple Atributte,291,291,25,A2
tests,test_views.py,Simple Atributte,292,292,18,A2
tests,test_views.py,Simple Atributte,293,293,8,A2
tests,test_views.py,Simple Atributte,294,294,8,A2
tests,test_views.py,Simple Atributte,298,298,27,A2
tests,test_views.py,Simple Atributte,298,298,51,A2
tests,test_views.py,Simple Atributte,299,299,19,A2
tests,test_views.py,Simple Atributte,300,300,8,A2
tests,test_views.py,Simple Atributte,300,300,25,A2
tests,test_views.py,Simple Atributte,302,302,14,A2
tests,test_views.py,Simple Atributte,309,309,19,A2
tests,test_views.py,Simple Atributte,310,310,8,A2
tests,test_views.py,Simple Atributte,310,310,25,A2
tests,test_views.py,Simple Atributte,312,312,19,A2
tests,test_views.py,Simple Atributte,313,313,8,A2
tests,test_views.py,Simple Atributte,313,313,25,A2
tests,test_views.py,Simple Atributte,319,319,19,A2
tests,test_views.py,Simple Atributte,321,321,8,A2
tests,test_views.py,Simple Atributte,321,321,22,A2
tests,test_views.py,Simple Atributte,322,322,19,A2
tests,test_views.py,Simple Atributte,323,323,8,A2
tests,test_views.py,Simple Atributte,323,323,25,A2
tests,test_views.py,Simple Atributte,324,324,18,A2
tests,test_views.py,Simple Atributte,325,325,8,A2
tests,test_views.py,Simple Atributte,326,326,8,A2
tests,test_views.py,Simple Atributte,327,327,8,A2
tests,test_views.py,Simple Atributte,328,328,8,A2
tests,test_views.py,Simple Atributte,331,331,14,A2
tests,test_views.py,Simple Atributte,331,331,41,A2
tests,test_views.py,Simple Atributte,332,332,19,A2
tests,test_views.py,Simple Atributte,333,333,8,A2
tests,test_views.py,Simple Atributte,333,333,25,A2
tests,test_views.py,Simple Atributte,334,334,18,A2
tests,test_views.py,Simple Atributte,335,335,8,A2
tests,test_views.py,Simple Atributte,336,336,8,A2
tests,test_views.py,Simple Atributte,336,336,42,A2
tests,test_views.py,Simple Atributte,337,337,8,A2
tests,test_views.py,Simple Atributte,337,337,42,A2
tests,test_views.py,Simple Atributte,339,339,19,A2
tests,test_views.py,Simple Atributte,340,340,8,A2
tests,test_views.py,Simple Atributte,340,340,25,A2
tests,test_views.py,Simple Atributte,342,342,19,A2
tests,test_views.py,Simple Atributte,343,343,8,A2
tests,test_views.py,Simple Atributte,343,343,25,A2
tests,test_views.py,Simple Atributte,346,346,19,A2
tests,test_views.py,Simple Atributte,347,347,8,A2
tests,test_views.py,Simple Atributte,347,347,25,A2
tests,test_views.py,Simple Atributte,350,350,19,A2
tests,test_views.py,Simple Atributte,351,351,8,A2
tests,test_views.py,Simple Atributte,351,351,25,A2
tests,test_views.py,Simple Atributte,352,352,18,A2
tests,test_views.py,Simple Atributte,353,353,8,A2
tests,test_views.py,Simple Atributte,354,354,8,A2
tests,test_views.py,Simple Atributte,355,355,8,A2
tests,test_views.py,Simple Atributte,355,355,45,A2
tests,test_views.py,Simple Atributte,356,356,8,A2
tests,test_views.py,Simple Atributte,356,356,45,A2
tests,test_views.py,Simple Atributte,357,357,8,A2
tests,test_views.py,Simple Atributte,358,358,8,A2
tests,test_views.py,Simple Atributte,359,359,8,A2
tests,test_views.py,Simple Atributte,360,360,8,A2
tests,test_views.py,Simple Atributte,360,360,48,A2
tests,test_views.py,Simple Atributte,361,361,8,A2
tests,test_views.py,Simple Atributte,361,361,58,A2
tests,test_views.py,Simple Atributte,364,364,14,A2
tests,test_views.py,Simple Atributte,365,365,19,A2
tests,test_views.py,Simple Atributte,366,366,8,A2
tests,test_views.py,Simple Atributte,366,366,25,A2
tests,test_views.py,Simple Atributte,367,367,18,A2
tests,test_views.py,Simple Atributte,368,368,8,A2
tests,test_views.py,Simple Atributte,370,370,14,A2
tests,test_views.py,Simple Atributte,370,370,46,A2
tests,test_views.py,Simple Atributte,371,371,19,A2
tests,test_views.py,Simple Atributte,372,372,8,A2
tests,test_views.py,Simple Atributte,372,372,25,A2
tests,test_views.py,Simple Atributte,373,373,18,A2
tests,test_views.py,Simple Atributte,374,374,8,A2
tests,test_views.py,Simple Atributte,374,374,42,A2
tests,test_views.py,Simple Atributte,376,376,14,A2
tests,test_views.py,Simple Atributte,377,377,19,A2
tests,test_views.py,Simple Atributte,378,378,8,A2
tests,test_views.py,Simple Atributte,378,378,25,A2
tests,test_views.py,Simple Atributte,381,381,14,A2
tests,test_views.py,Simple Atributte,394,394,19,A2
tests,test_views.py,Simple Atributte,395,395,8,A2
tests,test_views.py,Simple Atributte,395,395,25,A2
tests,test_views.py,Simple Atributte,397,397,19,A2
tests,test_views.py,Simple Atributte,398,398,8,A2
tests,test_views.py,Simple Atributte,398,398,25,A2
tests,test_views.py,Simple Atributte,402,402,19,A2
tests,test_views.py,Simple Atributte,403,403,8,A2
tests,test_views.py,Simple Atributte,403,403,25,A2
tests,test_views.py,Simple Atributte,404,404,18,A2
tests,test_views.py,Simple Atributte,405,405,8,A2
tests,test_views.py,Simple Atributte,406,406,8,A2
tests,test_views.py,Simple Atributte,408,408,8,A2
tests,test_views.py,Simple Atributte,409,409,8,A2
tests,test_views.py,Simple Atributte,410,410,8,A2
tests,test_views.py,Simple Atributte,411,411,8,A2
tests,test_views.py,Simple Atributte,412,412,8,A2
tests,test_views.py,Simple Atributte,413,413,8,A2
tests,test_views.py,Simple Atributte,416,416,14,A2
tests,test_views.py,Simple Atributte,416,416,46,A2
tests,test_views.py,Simple Atributte,417,417,19,A2
tests,test_views.py,Simple Atributte,418,418,8,A2
tests,test_views.py,Simple Atributte,418,418,25,A2
tests,test_views.py,Simple Atributte,420,420,19,A2
tests,test_views.py,Simple Atributte,421,421,8,A2
tests,test_views.py,Simple Atributte,421,421,25,A2
tests,test_views.py,Simple Atributte,424,424,19,A2
tests,test_views.py,Simple Atributte,425,425,8,A2
tests,test_views.py,Simple Atributte,425,425,25,A2
tests,test_views.py,Simple Atributte,429,429,19,A2
tests,test_views.py,Simple Atributte,430,430,8,A2
tests,test_views.py,Simple Atributte,430,430,25,A2
tests,test_views.py,Simple Atributte,431,431,18,A2
tests,test_views.py,Simple Atributte,432,432,8,A2
tests,test_views.py,Simple Atributte,433,433,8,A2
tests,test_views.py,Simple Atributte,435,435,19,A2
tests,test_views.py,Simple Atributte,436,436,8,A2
tests,test_views.py,Simple Atributte,436,436,25,A2
tests,test_views.py,Simple Atributte,437,437,18,A2
tests,test_views.py,Simple Atributte,438,438,8,A2
tests,test_views.py,Simple Atributte,440,440,19,A2
tests,test_views.py,Simple Atributte,441,441,8,A2
tests,test_views.py,Simple Atributte,441,441,25,A2
tests,test_views.py,Simple Atributte,442,442,18,A2
tests,test_views.py,Simple Atributte,443,443,8,A2
tests,test_views.py,Simple Atributte,445,445,19,A2
tests,test_views.py,Simple Atributte,446,446,8,A2
tests,test_views.py,Simple Atributte,446,446,25,A2
tests,test_views.py,Simple Atributte,447,447,18,A2
tests,test_views.py,Simple Atributte,448,448,8,A2
tests,test_views.py,Simple Atributte,450,450,19,A2
tests,test_views.py,Simple Atributte,451,451,8,A2
tests,test_views.py,Simple Atributte,451,451,25,A2
tests,test_views.py,Simple Atributte,452,452,18,A2
tests,test_views.py,Simple Atributte,453,453,8,A2
tests,test_views.py,Simple Atributte,456,456,19,A2
tests,test_views.py,Simple Atributte,465,465,8,A2
tests,test_views.py,Simple Atributte,465,465,25,A2
tests,test_views.py,Simple Atributte,466,466,18,A2
tests,test_views.py,Simple Atributte,467,467,8,A2
tests,test_views.py,Simple Atributte,471,471,19,A2
tests,test_views.py,Simple Atributte,472,472,8,A2
tests,test_views.py,Simple Atributte,472,472,25,A2
tests,test_views.py,Simple Atributte,473,473,8,A2
tests,test_views.py,Simple Atributte,473,473,25,A2
tests,test_views.py,Simple Atributte,474,474,18,A2
tests,test_views.py,Simple Atributte,475,475,8,A2
tests,test_views.py,Simple Atributte,482,482,8,A2
tests,test_views.py,Simple Atributte,483,483,25,A2
tests,test_views.py,Simple Atributte,493,493,8,A2
tests,test_views.py,Simple Atributte,494,494,25,A2
tests,test_views.py,Simple Atributte,502,502,31,A2
tests,test_views.py,Simple Atributte,514,514,14,A2
tests,test_views.py,Simple Atributte,515,515,19,A2
tests,test_views.py,Simple Atributte,516,516,8,A2
tests,test_views.py,Simple Atributte,516,516,25,A2
tests,test_views.py,Simple Atributte,519,519,19,A2
tests,test_views.py,Simple Atributte,520,520,8,A2
tests,test_views.py,Simple Atributte,520,520,25,A2
tests,test_views.py,Simple Atributte,528,528,14,A2
tests,test_views.py,Simple Atributte,529,529,19,A2
tests,test_views.py,Simple Atributte,530,530,8,A2
tests,test_views.py,Simple Atributte,530,530,25,A2
tests,test_views.py,Simple Atributte,533,533,19,A2
tests,test_views.py,Simple Atributte,534,534,8,A2
tests,test_views.py,Simple Atributte,534,534,25,A2
tests,test_views.py,Simple Atributte,537,537,19,A2
tests,test_views.py,Simple Atributte,538,538,8,A2
tests,test_views.py,Simple Atributte,538,538,25,A2
tests,test_views.py,Simple Atributte,544,544,19,A2
tests,test_views.py,Simple Atributte,554,554,8,A2
tests,test_views.py,Simple Atributte,554,554,25,A2
tests,test_views.py,Simple Atributte,557,557,19,A2
tests,test_views.py,Simple Atributte,558,558,8,A2
tests,test_views.py,Simple Atributte,558,558,25,A2
tests,test_views.py,Simple Atributte,559,559,18,A2
tests,test_views.py,Simple Atributte,560,560,8,A2
tests,test_views.py,Simple Atributte,564,564,19,A2
tests,test_views.py,Simple Atributte,572,572,8,A2
tests,test_views.py,Simple Atributte,572,572,25,A2
tests,test_views.py,Simple Atributte,575,575,19,A2
tests,test_views.py,Simple Atributte,580,580,8,A2
tests,test_views.py,Simple Atributte,580,580,25,A2
tests,test_views.py,Simple Atributte,583,583,19,A2
tests,test_views.py,Simple Atributte,590,590,8,A2
tests,test_views.py,Simple Atributte,590,590,25,A2
tests,test_views.py,Simple Atributte,602,602,19,A2
tests,test_views.py,Simple Atributte,602,602,35,A2
tests,test_views.py,Simple Atributte,603,603,8,A2
tests,test_views.py,Simple Atributte,603,603,25,A2
tests,test_views.py,Simple Atributte,613,613,19,A2
tests,test_views.py,Simple Atributte,613,613,35,A2
tests,test_views.py,Simple Atributte,614,614,18,A2
tests,test_views.py,Simple Atributte,616,616,8,A2
tests,test_views.py,Simple Atributte,617,617,8,A2
tests,test_views.py,Simple Atributte,619,619,8,A2
tests,test_views.py,Simple Atributte,622,622,8,A2
tests,test_views.py,Simple Atributte,625,625,8,A2
tests,test_views.py,Simple Atributte,628,628,19,A2
tests,test_views.py,Simple Atributte,628,628,35,A2
tests,test_views.py,Simple Atributte,629,629,18,A2
tests,test_views.py,Simple Atributte,632,632,8,A2
tests,test_views.py,Simple Atributte,33,33,19,A2
tests,test_views.py,Simple Atributte,38,38,19,A2
tests,test_views.py,Simple Atributte,41,41,13,A2
tests,test_views.py,Simple Atributte,42,42,12,A2
tests,test_views.py,Simple Atributte,45,45,19,A2
tests,test_views.py,Simple Atributte,64,64,13,A2
tests,test_views.py,Simple Atributte,64,64,34,A2
tests,test_views.py,Simple Atributte,65,65,13,A2
tests,test_views.py,Simple Atributte,65,65,33,A2
tests,test_views.py,Simple Atributte,81,81,19,A2
tests,test_views.py,Simple Atributte,86,86,19,A2
tests,test_views.py,Simple Atributte,91,91,19,A2
tests,test_views.py,Simple Atributte,96,96,16,A2
tests,test_views.py,Simple Atributte,97,97,16,A2
tests,test_views.py,Simple Atributte,98,98,16,A2
tests,test_views.py,Simple Atributte,99,99,16,A2
tests,test_views.py,Simple Atributte,100,100,16,A2
tests,test_views.py,Simple Atributte,107,107,19,A2
tests,test_views.py,Simple Atributte,108,108,39,A2
tests,test_views.py,Simple Atributte,112,112,19,A2
tests,test_views.py,Simple Atributte,113,113,39,A2
tests,test_views.py,Simple Atributte,117,117,19,A2
tests,test_views.py,Simple Atributte,118,118,39,A2
tests,test_views.py,Simple Atributte,121,121,19,A2
tests,test_views.py,Simple Atributte,122,122,39,A2
tests,test_views.py,Simple Atributte,125,125,19,A2
tests,test_views.py,Simple Atributte,130,130,19,A2
tests,test_views.py,Simple Atributte,131,131,39,A2
tests,test_views.py,Simple Atributte,135,135,8,A2
tests,test_views.py,Simple Atributte,137,137,19,A2
tests,test_views.py,Simple Atributte,142,142,8,A2
tests,test_views.py,Simple Atributte,143,143,19,A2
tests,test_views.py,Simple Atributte,143,143,35,A2
tests,test_views.py,Simple Atributte,159,159,19,A2
tests,test_views.py,Simple Atributte,160,160,26,A2
tests,test_views.py,Simple Atributte,161,161,26,A2
tests,test_views.py,Simple Atributte,162,162,30,A2
tests,test_views.py,Simple Atributte,177,177,38,A2
tests,test_views.py,Simple Atributte,187,187,36,A2
tests,test_views.py,Simple Atributte,191,191,31,A2
tests,test_views.py,Simple Atributte,196,196,19,A2
tests,test_views.py,Simple Atributte,200,200,19,A2
tests,test_views.py,Simple Atributte,200,200,35,A2
tests,test_views.py,Simple Atributte,204,204,22,A2
tests,test_views.py,Simple Atributte,204,204,44,A2
tests,test_views.py,Simple Atributte,205,205,45,A2
tests,test_views.py,Simple Atributte,206,206,45,A2
tests,test_views.py,Simple Atributte,222,222,74,A2
tests,test_views.py,Simple Atributte,227,227,19,A2
tests,test_views.py,Simple Atributte,234,234,36,A2
tests,test_views.py,Simple Atributte,235,235,19,A2
tests,test_views.py,Simple Atributte,239,239,42,A2
tests,test_views.py,Simple Atributte,240,240,42,A2
tests,test_views.py,Simple Atributte,245,245,70,A2
tests,test_views.py,Simple Atributte,249,249,19,A2
tests,test_views.py,Simple Atributte,254,254,20,A2
tests,test_views.py,Simple Atributte,255,255,20,A2
tests,test_views.py,Simple Atributte,257,257,19,A2
tests,test_views.py,Simple Atributte,257,257,35,A2
tests,test_views.py,Simple Atributte,261,261,45,A2
tests,test_views.py,Simple Atributte,262,262,45,A2
tests,test_views.py,Simple Atributte,264,264,19,A2
tests,test_views.py,Simple Atributte,264,264,35,A2
tests,test_views.py,Simple Atributte,270,270,19,A2
tests,test_views.py,Simple Atributte,270,270,35,A2
tests,test_views.py,Simple Atributte,276,276,19,A2
tests,test_views.py,Simple Atributte,276,276,35,A2
tests,test_views.py,Simple Atributte,283,283,19,A2
tests,test_views.py,Simple Atributte,290,290,19,A2
tests,test_views.py,Simple Atributte,299,299,19,A2
tests,test_views.py,Simple Atributte,312,312,74,A2
tests,test_views.py,Simple Atributte,319,319,19,A2
tests,test_views.py,Simple Atributte,322,322,19,A2
tests,test_views.py,Simple Atributte,331,331,41,A2
tests,test_views.py,Simple Atributte,332,332,19,A2
tests,test_views.py,Simple Atributte,336,336,42,A2
tests,test_views.py,Simple Atributte,337,337,42,A2
tests,test_views.py,Simple Atributte,342,342,70,A2
tests,test_views.py,Simple Atributte,346,346,19,A2
tests,test_views.py,Simple Atributte,350,350,19,A2
tests,test_views.py,Simple Atributte,350,350,35,A2
tests,test_views.py,Simple Atributte,354,354,22,A2
tests,test_views.py,Simple Atributte,354,354,49,A2
tests,test_views.py,Simple Atributte,355,355,45,A2
tests,test_views.py,Simple Atributte,356,356,45,A2
tests,test_views.py,Simple Atributte,360,360,48,A2
tests,test_views.py,Simple Atributte,361,361,58,A2
tests,test_views.py,Simple Atributte,365,365,19,A2
tests,test_views.py,Simple Atributte,370,370,46,A2
tests,test_views.py,Simple Atributte,371,371,19,A2
tests,test_views.py,Simple Atributte,374,374,42,A2
tests,test_views.py,Simple Atributte,377,377,19,A2
tests,test_views.py,Simple Atributte,385,385,18,A2
tests,test_views.py,Simple Atributte,385,385,40,A2
tests,test_views.py,Simple Atributte,386,386,23,A2
tests,test_views.py,Simple Atributte,386,386,50,A2
tests,test_views.py,Simple Atributte,397,397,74,A2
tests,test_views.py,Simple Atributte,402,402,19,A2
tests,test_views.py,Simple Atributte,416,416,46,A2
tests,test_views.py,Simple Atributte,420,420,70,A2
tests,test_views.py,Simple Atributte,424,424,19,A2
tests,test_views.py,Simple Atributte,429,429,19,A2
tests,test_views.py,Simple Atributte,429,429,35,A2
tests,test_views.py,Simple Atributte,435,435,19,A2
tests,test_views.py,Simple Atributte,435,435,35,A2
tests,test_views.py,Simple Atributte,440,440,19,A2
tests,test_views.py,Simple Atributte,440,440,35,A2
tests,test_views.py,Simple Atributte,445,445,19,A2
tests,test_views.py,Simple Atributte,445,445,35,A2
tests,test_views.py,Simple Atributte,450,450,19,A2
tests,test_views.py,Simple Atributte,450,450,35,A2
tests,test_views.py,Simple Atributte,456,456,19,A2
tests,test_views.py,Simple Atributte,457,457,12,A2
tests,test_views.py,Simple Atributte,471,471,19,A2
tests,test_views.py,Simple Atributte,471,471,35,A2
tests,test_views.py,Simple Atributte,472,472,25,A2
tests,test_views.py,Simple Atributte,483,483,25,A2
tests,test_views.py,Simple Atributte,485,485,32,A2
tests,test_views.py,Simple Atributte,485,485,52,A2
tests,test_views.py,Simple Atributte,485,485,79,A2
tests,test_views.py,Simple Atributte,486,486,40,A2
tests,test_views.py,Simple Atributte,494,494,25,A2
tests,test_views.py,Simple Atributte,496,496,32,A2
tests,test_views.py,Simple Atributte,496,496,52,A2
tests,test_views.py,Simple Atributte,497,497,40,A2
tests,test_views.py,Simple Atributte,502,502,31,A2
tests,test_views.py,Simple Atributte,503,503,39,A2
tests,test_views.py,Simple Atributte,503,503,59,A2
tests,test_views.py,Simple Atributte,515,515,19,A2
tests,test_views.py,Simple Atributte,519,519,19,A2
tests,test_views.py,Simple Atributte,529,529,19,A2
tests,test_views.py,Simple Atributte,533,533,19,A2
tests,test_views.py,Simple Atributte,537,537,19,A2
tests,test_views.py,Simple Atributte,548,548,12,A2
tests,test_views.py,Simple Atributte,552,552,31,A2
tests,test_views.py,Simple Atributte,557,557,19,A2
tests,test_views.py,Simple Atributte,557,557,35,A2
tests,test_views.py,Simple Atributte,566,566,12,A2
tests,test_views.py,Simple Atributte,570,570,31,A2
tests,test_views.py,Simple Atributte,577,577,12,A2
tests,test_views.py,Simple Atributte,578,578,31,A2
tests,test_views.py,Simple Atributte,583,583,19,A2
tests,test_views.py,Simple Atributte,584,584,12,A2
tests,test_views.py,Simple Atributte,602,602,19,A2
tests,test_views.py,Simple Atributte,613,613,19,A2
tests,test_views.py,Simple Atributte,614,614,18,A2
tests,test_views.py,Simple Atributte,628,628,19,A2
tests,test_views.py,Simple Atributte,629,629,18,A2
tests,test_views.py,Simple Atributte,632,632,25,A2
tests,test_views.py,Simple Atributte,37,37,82,A2
tests,test_views.py,Simple Atributte,42,42,55,A2
tests,test_views.py,Simple Atributte,51,51,17,A2
tests,test_views.py,Simple Atributte,56,56,27,A2
tests,test_views.py,Simple Atributte,57,57,16,A2
tests,test_views.py,Simple Atributte,57,57,33,A2
tests,test_views.py,Simple Atributte,58,58,16,A2
tests,test_views.py,Simple Atributte,58,58,53,A2
tests,test_views.py,Simple Atributte,59,59,16,A2
tests,test_views.py,Simple Atributte,68,68,17,A2
tests,test_views.py,Simple Atributte,73,73,27,A2
tests,test_views.py,Simple Atributte,74,74,16,A2
tests,test_views.py,Simple Atributte,74,74,33,A2
tests,test_views.py,Simple Atributte,75,75,16,A2
tests,test_views.py,Simple Atributte,76,76,16,A2
tests,test_views.py,Simple Atributte,77,77,16,A2
tests,test_views.py,Simple Atributte,77,77,46,A2
tests,test_views.py,Simple Atributte,80,80,67,A2
tests,test_views.py,Simple Atributte,105,105,25,A2
tests,test_views.py,Simple Atributte,110,110,25,A2
tests,test_views.py,Simple Atributte,118,118,39,A2
tests,test_views.py,Simple Atributte,122,122,39,A2
tests,test_views.py,Simple Atributte,131,131,39,A2
tests,test_views.py,Simple Atributte,143,143,35,A2
tests,test_views.py,Simple Atributte,163,163,29,A2
tests,test_views.py,Simple Atributte,177,177,38,A2
tests,test_views.py,Simple Atributte,196,196,66,A2
tests,test_views.py,Simple Atributte,204,204,44,A2
tests,test_views.py,Simple Atributte,290,290,66,A2
tests,test_views.py,Simple Atributte,322,322,70,A2
tests,test_views.py,Simple Atributte,354,354,49,A2
tests,test_views.py,Simple Atributte,385,385,40,A2
tests,test_views.py,Simple Atributte,386,386,50,A2
tests,test_views.py,Simple Atributte,485,485,52,A2
tests,test_views.py,Simple Atributte,529,529,66,A2
tests,test_views.py,Simple Atributte,533,533,66,A2
tests,test_views.py,Simple Atributte,537,537,66,A2
tests,test_views.py,Simple Atributte,588,588,38,A2
tests,test_views.py,Simple Atributte,37,37,82,A2
tests,test_views.py,Simple Atributte,42,42,55,A2
tests,test_views.py,Simple Atributte,51,51,38,A2
tests,test_views.py,Simple Atributte,56,56,27,A2
tests,test_views.py,Simple Atributte,68,68,38,A2
tests,test_views.py,Simple Atributte,73,73,27,A2
tests,test_views.py,Simple Atributte,75,75,33,A2
tests,test_views.py,Simple Atributte,80,80,67,A2
tests,test_views.py,Simple Atributte,148,148,40,A2
tests,test_views.py,Simple Atributte,440,440,84,A2
tests,test_views.py,Simple Atributte,445,445,82,A2
tests,test_views.py,Simple Atributte,450,450,87,A2
tests,test_views.py,Simple Atributte,460,460,31,A2
tests,test_views.py,Simple Atributte,461,461,26,A2
tests,test_views.py,Simple Atributte,471,471,87,A2
tests,test_views.py,Simple Atributte,550,550,36,A2
tests,test_views.py,Simple Atributte,557,557,87,A2
tests,test_views.py,Simple Atributte,568,568,36,A2
tests,test_views.py,Simple Atributte,586,586,36,A2
tests,test_views.py,Simple Atributte,54,54,44,A2
tests,test_views.py,Simple Atributte,71,71,44,A2
tests,test_views.py,Simple Atributte,105,105,25,A2
tests,test_views.py,Simple Atributte,110,110,25,A2
tests,test_views.py,Simple Atributte,148,148,40,A2
tests,test_views.py,Simple Atributte,276,276,74,A2
tests,test_views.py,Simple Atributte,440,440,84,A2
tests,test_views.py,Simple Atributte,445,445,82,A2
tests,test_views.py,Simple Atributte,450,450,87,A2
tests,test_views.py,Simple Atributte,460,460,31,A2
tests,test_views.py,Simple Atributte,461,461,26,A2
tests,test_views.py,Simple Atributte,471,471,87,A2
tests,test_views.py,Simple Atributte,550,550,36,A2
tests,test_views.py,Simple Atributte,557,557,87,A2
tests,test_views.py,Simple Atributte,568,568,36,A2
tests,test_views.py,Simple Atributte,586,586,36,A2
tests,test_views.py,Simple Atributte,105,105,25,A2
tests,test_views.py,Simple Atributte,110,110,25,A2
tests,test_views.py,Simple Atributte,276,276,74,A2
tests,test_views.py,Simple Atributte,276,276,74,A2
tests,test_views.py,Subscript,19,19,0,A1
tests,test_views.py,Subscript,92,92,19,A1
tests,test_views.py,Subscript,226,226,18,A1
tests,test_views.py,Subscript,316,316,18,A1
tests,test_views.py,Subscript,401,401,18,A1
tests,test_views.py,Subscript,160,160,26,A1
tests,test_views.py,Subscript,161,161,26,A1
tests,test_views.py,Subscript,162,162,30,A1
tests,test_views.py,Subscript,183,183,19,A1
tests,test_views.py,Subscript,204,204,60,A1
tests,test_views.py,Subscript,205,205,25,A1
tests,test_views.py,Subscript,206,206,25,A1
tests,test_views.py,Subscript,210,210,36,A1
tests,test_views.py,Subscript,211,211,45,A1
tests,test_views.py,Subscript,230,230,25,A1
tests,test_views.py,Subscript,230,230,42,A1
tests,test_views.py,Subscript,231,231,25,A1
tests,test_views.py,Subscript,231,231,42,A1
tests,test_views.py,Subscript,238,238,27,A1
tests,test_views.py,Subscript,239,239,25,A1
tests,test_views.py,Subscript,240,240,25,A1
tests,test_views.py,Subscript,261,261,25,A1
tests,test_views.py,Subscript,262,262,25,A1
tests,test_views.py,Subscript,294,294,25,A1
tests,test_views.py,Subscript,325,325,25,A1
tests,test_views.py,Subscript,325,325,42,A1
tests,test_views.py,Subscript,326,326,25,A1
tests,test_views.py,Subscript,326,326,42,A1
tests,test_views.py,Subscript,327,327,24,A1
tests,test_views.py,Subscript,328,328,22,A1
tests,test_views.py,Subscript,328,328,44,A1
tests,test_views.py,Subscript,335,335,27,A1
tests,test_views.py,Subscript,336,336,25,A1
tests,test_views.py,Subscript,337,337,25,A1
tests,test_views.py,Subscript,354,354,71,A1
tests,test_views.py,Subscript,355,355,25,A1
tests,test_views.py,Subscript,356,356,25,A1
tests,test_views.py,Subscript,357,357,24,A1
tests,test_views.py,Subscript,358,358,24,A1
tests,test_views.py,Subscript,359,359,24,A1
tests,test_views.py,Subscript,360,360,25,A1
tests,test_views.py,Subscript,361,361,25,A1
tests,test_views.py,Subscript,374,374,25,A1
tests,test_views.py,Subscript,405,405,25,A1
tests,test_views.py,Subscript,405,405,42,A1
tests,test_views.py,Subscript,406,406,25,A1
tests,test_views.py,Subscript,406,406,42,A1
tests,test_views.py,Subscript,408,408,25,A1
tests,test_views.py,Subscript,409,409,24,A1
tests,test_views.py,Subscript,410,410,24,A1
tests,test_views.py,Subscript,411,411,22,A1
tests,test_views.py,Subscript,411,411,34,A1
tests,test_views.py,Subscript,412,412,22,A1
tests,test_views.py,Subscript,412,412,39,A1
tests,test_views.py,Subscript,413,413,25,A1
tests,test_views.py,Subscript,413,413,49,A1
tests,test_views.py,Subscript,433,433,86,A1
tests,test_views.py,Subscript,163,163,29,A1
tests,test_views.py,Subscript,204,204,60,A1
tests,test_views.py,Subscript,205,205,25,A1
tests,test_views.py,Subscript,206,206,25,A1
tests,test_views.py,Subscript,261,261,25,A1
tests,test_views.py,Subscript,262,262,25,A1
tests,test_views.py,Subscript,294,294,25,A1
tests,test_views.py,Subscript,354,354,71,A1
tests,test_views.py,Subscript,355,355,25,A1
tests,test_views.py,Subscript,356,356,25,A1
tests,test_views.py,Subscript,357,357,24,A1
tests,test_views.py,Subscript,358,358,24,A1
tests,test_views.py,Subscript,359,359,24,A1
tests,test_views.py,Subscript,360,360,25,A1
tests,test_views.py,Subscript,361,361,25,A1
tests,test_views.py,Subscript,75,75,33,A1
tests,test_views.py,Simple Assignment,15,15,0,A1
tests,test_views.py,Simple Assignment,18,18,0,A1
tests,test_views.py,Simple Assignment,19,21,0,A1
tests,test_views.py,Simple Assignment,24,27,0,A1
tests,test_views.py,Simple Assignment,168,168,4,A1
tests,test_views.py,Simple Assignment,479,479,4,A1
tests,test_views.py,Simple Assignment,490,490,4,A1
tests,test_views.py,Simple Assignment,599,599,4,A1
tests,test_views.py,Simple Assignment,32,32,8,A1
tests,test_views.py,Simple Assignment,33,33,8,A1
tests,test_views.py,Simple Assignment,37,37,8,A1
tests,test_views.py,Simple Assignment,38,38,8,A1
tests,test_views.py,Simple Assignment,44,44,8,A1
tests,test_views.py,Simple Assignment,45,45,8,A1
tests,test_views.py,Simple Assignment,63,66,8,A1
tests,test_views.py,Simple Assignment,80,80,8,A1
tests,test_views.py,Simple Assignment,81,81,8,A1
tests,test_views.py,Simple Assignment,85,85,8,A1
tests,test_views.py,Simple Assignment,86,86,8,A1
tests,test_views.py,Simple Assignment,90,90,8,A1
tests,test_views.py,Simple Assignment,91,91,8,A1
tests,test_views.py,Simple Assignment,92,92,8,A1
tests,test_views.py,Simple Assignment,105,105,8,A1
tests,test_views.py,Simple Assignment,106,106,8,A1
tests,test_views.py,Simple Assignment,107,107,8,A1
tests,test_views.py,Simple Assignment,110,110,8,A1
tests,test_views.py,Simple Assignment,111,111,8,A1
tests,test_views.py,Simple Assignment,112,112,8,A1
tests,test_views.py,Simple Assignment,116,116,8,A1
tests,test_views.py,Simple Assignment,117,117,8,A1
tests,test_views.py,Simple Assignment,120,120,8,A1
tests,test_views.py,Simple Assignment,121,121,8,A1
tests,test_views.py,Simple Assignment,124,124,8,A1
tests,test_views.py,Simple Assignment,125,125,8,A1
tests,test_views.py,Simple Assignment,129,129,8,A1
tests,test_views.py,Simple Assignment,130,130,8,A1
tests,test_views.py,Simple Assignment,136,136,8,A1
tests,test_views.py,Simple Assignment,137,137,8,A1
tests,test_views.py,Simple Assignment,141,141,8,A1
tests,test_views.py,Simple Assignment,143,143,8,A1
tests,test_views.py,Simple Assignment,158,158,8,A1
tests,test_views.py,Simple Assignment,159,159,8,A1
tests,test_views.py,Simple Assignment,172,176,8,A1
tests,test_views.py,Simple Assignment,177,177,8,A1
tests,test_views.py,Simple Assignment,178,178,8,A1
tests,test_views.py,Simple Assignment,181,181,8,A1
tests,test_views.py,Simple Assignment,187,187,8,A1
tests,test_views.py,Simple Assignment,188,192,8,A1
tests,test_views.py,Simple Assignment,195,195,8,A1
tests,test_views.py,Simple Assignment,196,196,8,A1
tests,test_views.py,Simple Assignment,200,200,8,A1
tests,test_views.py,Simple Assignment,202,202,8,A1
tests,test_views.py,Simple Assignment,214,214,8,A1
tests,test_views.py,Simple Assignment,215,218,8,A1
tests,test_views.py,Simple Assignment,219,219,8,A1
tests,test_views.py,Simple Assignment,222,222,8,A1
tests,test_views.py,Simple Assignment,226,226,8,A1
tests,test_views.py,Simple Assignment,227,227,8,A1
tests,test_views.py,Simple Assignment,229,229,8,A1
tests,test_views.py,Simple Assignment,234,234,8,A1
tests,test_views.py,Simple Assignment,235,235,8,A1
tests,test_views.py,Simple Assignment,237,237,8,A1
tests,test_views.py,Simple Assignment,242,242,8,A1
tests,test_views.py,Simple Assignment,245,245,8,A1
tests,test_views.py,Simple Assignment,249,249,8,A1
tests,test_views.py,Simple Assignment,253,256,8,A1
tests,test_views.py,Simple Assignment,257,257,8,A1
tests,test_views.py,Simple Assignment,259,259,8,A1
tests,test_views.py,Simple Assignment,264,264,8,A1
tests,test_views.py,Simple Assignment,266,266,8,A1
tests,test_views.py,Simple Assignment,270,270,8,A1
tests,test_views.py,Simple Assignment,272,272,8,A1
tests,test_views.py,Simple Assignment,276,276,8,A1
tests,test_views.py,Simple Assignment,278,278,8,A1
tests,test_views.py,Simple Assignment,282,282,8,A1
tests,test_views.py,Simple Assignment,283,283,8,A1
tests,test_views.py,Simple Assignment,285,285,8,A1
tests,test_views.py,Simple Assignment,290,290,8,A1
tests,test_views.py,Simple Assignment,292,292,8,A1
tests,test_views.py,Simple Assignment,297,297,8,A1
tests,test_views.py,Simple Assignment,298,298,8,A1
tests,test_views.py,Simple Assignment,299,299,8,A1
tests,test_views.py,Simple Assignment,302,302,8,A1
tests,test_views.py,Simple Assignment,303,308,8,A1
tests,test_views.py,Simple Assignment,309,309,8,A1
tests,test_views.py,Simple Assignment,312,312,8,A1
tests,test_views.py,Simple Assignment,316,316,8,A1
tests,test_views.py,Simple Assignment,319,319,8,A1
tests,test_views.py,Simple Assignment,322,322,8,A1
tests,test_views.py,Simple Assignment,324,324,8,A1
tests,test_views.py,Simple Assignment,331,331,8,A1
tests,test_views.py,Simple Assignment,332,332,8,A1
tests,test_views.py,Simple Assignment,334,334,8,A1
tests,test_views.py,Simple Assignment,339,339,8,A1
tests,test_views.py,Simple Assignment,342,342,8,A1
tests,test_views.py,Simple Assignment,346,346,8,A1
tests,test_views.py,Simple Assignment,350,350,8,A1
tests,test_views.py,Simple Assignment,352,352,8,A1
tests,test_views.py,Simple Assignment,364,364,8,A1
tests,test_views.py,Simple Assignment,365,365,8,A1
tests,test_views.py,Simple Assignment,367,367,8,A1
tests,test_views.py,Simple Assignment,370,370,8,A1
tests,test_views.py,Simple Assignment,371,371,8,A1
tests,test_views.py,Simple Assignment,373,373,8,A1
tests,test_views.py,Simple Assignment,376,376,8,A1
tests,test_views.py,Simple Assignment,377,377,8,A1
tests,test_views.py,Simple Assignment,381,381,8,A1
tests,test_views.py,Simple Assignment,382,393,8,A1
tests,test_views.py,Simple Assignment,394,394,8,A1
tests,test_views.py,Simple Assignment,397,397,8,A1
tests,test_views.py,Simple Assignment,401,401,8,A1
tests,test_views.py,Simple Assignment,402,402,8,A1
tests,test_views.py,Simple Assignment,404,404,8,A1
tests,test_views.py,Simple Assignment,416,416,8,A1
tests,test_views.py,Simple Assignment,417,417,8,A1
tests,test_views.py,Simple Assignment,420,420,8,A1
tests,test_views.py,Simple Assignment,424,424,8,A1
tests,test_views.py,Simple Assignment,429,429,8,A1
tests,test_views.py,Simple Assignment,431,431,8,A1
tests,test_views.py,Simple Assignment,435,435,8,A1
tests,test_views.py,Simple Assignment,437,437,8,A1
tests,test_views.py,Simple Assignment,440,440,8,A1
tests,test_views.py,Simple Assignment,442,442,8,A1
tests,test_views.py,Simple Assignment,445,445,8,A1
tests,test_views.py,Simple Assignment,447,447,8,A1
tests,test_views.py,Simple Assignment,450,450,8,A1
tests,test_views.py,Simple Assignment,452,452,8,A1
tests,test_views.py,Simple Assignment,456,464,8,A1
tests,test_views.py,Simple Assignment,466,466,8,A1
tests,test_views.py,Simple Assignment,471,471,8,A1
tests,test_views.py,Simple Assignment,474,474,8,A1
tests,test_views.py,Simple Assignment,483,483,8,A1
tests,test_views.py,Simple Assignment,484,484,8,A1
tests,test_views.py,Simple Assignment,485,485,8,A1
tests,test_views.py,Simple Assignment,486,486,8,A1
tests,test_views.py,Simple Assignment,494,494,8,A1
tests,test_views.py,Simple Assignment,495,495,8,A1
tests,test_views.py,Simple Assignment,496,496,8,A1
tests,test_views.py,Simple Assignment,497,497,8,A1
tests,test_views.py,Simple Assignment,498,501,8,A1
tests,test_views.py,Simple Assignment,502,502,8,A1
tests,test_views.py,Simple Assignment,503,503,8,A1
tests,test_views.py,Simple Assignment,514,514,8,A1
tests,test_views.py,Simple Assignment,515,515,8,A1
tests,test_views.py,Simple Assignment,519,519,8,A1
tests,test_views.py,Simple Assignment,528,528,8,A1
tests,test_views.py,Simple Assignment,529,529,8,A1
tests,test_views.py,Simple Assignment,533,533,8,A1
tests,test_views.py,Simple Assignment,537,537,8,A1
tests,test_views.py,Simple Assignment,544,553,8,A1
tests,test_views.py,Simple Assignment,557,557,8,A1
tests,test_views.py,Simple Assignment,559,559,8,A1
tests,test_views.py,Simple Assignment,564,571,8,A1
tests,test_views.py,Simple Assignment,575,579,8,A1
tests,test_views.py,Simple Assignment,583,589,8,A1
tests,test_views.py,Simple Assignment,602,602,8,A1
tests,test_views.py,Simple Assignment,613,613,8,A1
tests,test_views.py,Simple Assignment,614,614,8,A1
tests,test_views.py,Simple Assignment,628,628,8,A1
tests,test_views.py,Simple Assignment,629,629,8,A1
tests,test_views.py,Simple Assignment,52,55,16,A1
tests,test_views.py,Simple Assignment,56,56,16,A1
tests,test_views.py,Simple Assignment,69,72,16,A1
tests,test_views.py,Simple Assignment,73,73,16,A1
tests,test_views.py,From,1,1,0,A2
tests,test_views.py,From,3,3,0,A2
tests,test_views.py,From,4,4,0,A2
tests,test_views.py,From,5,5,0,A2
tests,test_views.py,From,6,6,0,A2
tests,test_views.py,From,7,7,0,A2
tests,test_views.py,From,9,9,0,A2
tests,test_views.py,From,10,10,0,A2
tests,test_views.py,From,11,11,0,A2
tests,test_views.py,From,12,12,0,A2
tests,test_views.py,From,13,13,0,A2
tests,test_views.py,Alias,1,1,21,A1
tests,test_views.py,Alias,3,3,24,A1
tests,test_views.py,Alias,4,4,32,A1
tests,test_views.py,Alias,5,5,24,A1
tests,test_views.py,Alias,5,5,34,A1
tests,test_views.py,Alias,6,6,24,A1
tests,test_views.py,Alias,7,7,32,A1
tests,test_views.py,Alias,9,9,34,A1
tests,test_views.py,Alias,10,10,38,A1
tests,test_views.py,Alias,10,10,57,A1
tests,test_views.py,Alias,11,11,33,A1
tests,test_views.py,Alias,12,12,33,A1
tests,test_views.py,Alias,13,13,25,A1
tests,test_views.py,Simple If statements,182,183,8,A1
tests,test_views.py,For Loop with 1 List to iterate,50,59,8,A2
tests,test_views.py,For Loop with Tuple as name,67,77,8,A2
tests,test_views.py,With,41,42,8,B1
tests,test_views.py,With,51,59,12,B1
tests,test_views.py,With,68,77,12,B1
tests,test_views.py,Function with Simple argument,31,34,4,A1
tests,test_views.py,Function with Simple argument,36,46,4,A1
tests,test_views.py,Function with Simple argument,48,59,4,A1
tests,test_views.py,Function with Simple argument,61,77,4,A1
tests,test_views.py,Function with Simple argument,79,82,4,A1
tests,test_views.py,Function with Simple argument,84,87,4,A1
tests,test_views.py,Function with Simple argument,89,102,4,A1
tests,test_views.py,Function with Simple argument,104,113,4,A1
tests,test_views.py,Function with Simple argument,115,126,4,A1
tests,test_views.py,Function with Simple argument,128,131,4,A1
tests,test_views.py,Function with Simple argument,133,138,4,A1
tests,test_views.py,Function with Simple argument,140,151,4,A1
tests,test_views.py,Function with Simple argument,157,163,4,A1
tests,test_views.py,Function with Simple argument,170,178,4,A1
tests,test_views.py,Function with Simple argument,180,184,4,A1
tests,test_views.py,Function with Simple argument,186,197,4,A1
tests,test_views.py,Function with Simple argument,199,211,4,A1
tests,test_views.py,Function with Simple argument,213,231,4,A1
tests,test_views.py,Function with Simple argument,233,250,4,A1
tests,test_views.py,Function with Simple argument,252,279,4,A1
tests,test_views.py,Function with Simple argument,281,294,4,A1
tests,test_views.py,Function with Simple argument,296,328,4,A1
tests,test_views.py,Function with Simple argument,330,347,4,A1
tests,test_views.py,Function with Simple argument,349,361,4,A1
tests,test_views.py,Function with Simple argument,363,378,4,A1
tests,test_views.py,Function with Simple argument,380,413,4,A1
tests,test_views.py,Function with Simple argument,415,425,4,A1
tests,test_views.py,Function with Simple argument,427,475,4,A1
tests,test_views.py,Function with Simple argument,481,486,4,A1
tests,test_views.py,Function with Simple argument,492,503,4,A1
tests,test_views.py,Function with Simple argument,505,506,4,A1
tests,test_views.py,Function with Simple argument,513,520,4,A1
tests,test_views.py,Function with Simple argument,527,538,4,A1
tests,test_views.py,Function with Simple argument,540,590,4,A1
tests,test_views.py,Function with Simple argument,601,603,4,A1
tests,test_views.py,Function with Simple argument,605,625,4,A1
tests,test_views.py,Function with Simple argument,627,632,4,A1
tests,test_views.py,Return,184,184,8,A1
tests,test_views.py,Return,506,506,8,A1
tests,test_views.py,Return,183,183,12,A1
tests,test_views.py,Inherited Class from BaseDownloadTests,30,151,0,B1
tests,test_views.py,Inherited Class from TestCase,154,163,0,B1
tests,test_views.py,Inherited Class from BaseAPITestCase,166,475,0,B1
tests,test_views.py,Inherited Class from BaseDownloadTests,478,486,0,B1
tests,test_views.py,Inherited Class from APITestCase,489,590,0,B1
tests,test_views.py,Inherited Class from BaseDownloadTests,593,632,0,B1
tests,test_template_tags.py,Simple List,42,46,16,A1
tests,test_template_tags.py,Simple List,147,152,16,A1
tests,test_template_tags.py,Simple List,190,190,35,A1
tests,test_template_tags.py,Simple List,257,257,45,A1
tests,test_template_tags.py,Simple Tuple,48,48,12,A1
tests,test_template_tags.py,Simple Tuple,154,154,12,A1
tests,test_template_tags.py,Simple Tuple,43,43,12,A1
tests,test_template_tags.py,Simple Tuple,44,44,12,A1
tests,test_template_tags.py,Simple Tuple,45,45,12,A1
tests,test_template_tags.py,Simple Tuple,148,148,12,A1
tests,test_template_tags.py,Simple Tuple,149,149,12,A1
tests,test_template_tags.py,Simple Tuple,150,150,12,A1
tests,test_template_tags.py,Simple Tuple,151,151,12,A1
tests,test_template_tags.py,8 Nested Dictionary,11,20,21,B1
tests,test_template_tags.py,1 Nested Dictionary,23,28,14,B1
tests,test_template_tags.py,Simple Dictionary,12,12,11,A2
tests,test_template_tags.py,Simple Dictionary,13,13,11,A2
tests,test_template_tags.py,Simple Dictionary,14,14,11,A2
tests,test_template_tags.py,Simple Dictionary,15,15,12,A2
tests,test_template_tags.py,Simple Dictionary,16,16,12,A2
tests,test_template_tags.py,Simple Dictionary,17,17,12,A2
tests,test_template_tags.py,Simple Dictionary,18,18,12,A2
tests,test_template_tags.py,Simple Dictionary,19,19,12,A2
tests,test_template_tags.py,Simple Dictionary,24,27,15,A2
tests,test_template_tags.py,Simple Dictionary,160,160,27,A2
tests,test_template_tags.py,Super Function,34,34,8,C2
tests,test_template_tags.py,Super Function,140,140,8,C2
tests,test_template_tags.py,Super Function,178,178,8,C2
tests,test_template_tags.py,Simple Atributte,41,41,8,A2
tests,test_template_tags.py,Simple Atributte,37,37,5,A2
tests,test_template_tags.py,Simple Atributte,61,61,8,A2
tests,test_template_tags.py,Simple Atributte,57,57,5,A2
tests,test_template_tags.py,Simple Atributte,81,81,8,A2
tests,test_template_tags.py,Simple Atributte,82,82,8,A2
tests,test_template_tags.py,Simple Atributte,83,83,8,A2
tests,test_template_tags.py,Simple Atributte,76,76,5,A2
tests,test_template_tags.py,Simple Atributte,97,97,8,A2
tests,test_template_tags.py,Simple Atributte,98,98,8,A2
tests,test_template_tags.py,Simple Atributte,99,99,8,A2
tests,test_template_tags.py,Simple Atributte,92,92,5,A2
tests,test_template_tags.py,Simple Atributte,113,113,8,A2
tests,test_template_tags.py,Simple Atributte,109,109,5,A2
tests,test_template_tags.py,Simple Atributte,126,126,8,A2
tests,test_template_tags.py,Simple Atributte,127,127,8,A2
tests,test_template_tags.py,Simple Atributte,128,128,8,A2
tests,test_template_tags.py,Simple Atributte,121,121,5,A2
tests,test_template_tags.py,Simple Atributte,143,143,5,A2
tests,test_template_tags.py,Simple Atributte,184,184,8,A2
tests,test_template_tags.py,Simple Atributte,181,181,5,A2
tests,test_template_tags.py,Simple Atributte,195,195,8,A2
tests,test_template_tags.py,Simple Atributte,192,192,5,A2
tests,test_template_tags.py,Simple Atributte,206,206,8,A2
tests,test_template_tags.py,Simple Atributte,203,203,5,A2
tests,test_template_tags.py,Simple Atributte,216,216,8,A2
tests,test_template_tags.py,Simple Atributte,213,213,5,A2
tests,test_template_tags.py,Simple Atributte,229,229,8,A2
tests,test_template_tags.py,Simple Atributte,226,226,5,A2
tests,test_template_tags.py,Simple Atributte,242,242,8,A2
tests,test_template_tags.py,Simple Atributte,239,239,5,A2
tests,test_template_tags.py,Simple Atributte,253,253,8,A2
tests,test_template_tags.py,Simple Atributte,250,250,5,A2
tests,test_template_tags.py,Simple Atributte,34,34,8,A2
tests,test_template_tags.py,Simple Atributte,35,35,8,A2
tests,test_template_tags.py,Simple Atributte,64,64,30,A2
tests,test_template_tags.py,Simple Atributte,67,67,8,A2
tests,test_template_tags.py,Simple Atributte,68,68,8,A2
tests,test_template_tags.py,Simple Atributte,74,74,8,A2
tests,test_template_tags.py,Simple Atributte,80,80,24,A2
tests,test_template_tags.py,Simple Atributte,81,81,8,A2
tests,test_template_tags.py,Simple Atributte,82,82,41,A2
tests,test_template_tags.py,Simple Atributte,89,89,8,A2
tests,test_template_tags.py,Simple Atributte,90,90,8,A2
tests,test_template_tags.py,Simple Atributte,96,96,24,A2
tests,test_template_tags.py,Simple Atributte,97,97,8,A2
tests,test_template_tags.py,Simple Atributte,98,98,41,A2
tests,test_template_tags.py,Simple Atributte,106,106,8,A2
tests,test_template_tags.py,Simple Atributte,107,107,8,A2
tests,test_template_tags.py,Simple Atributte,113,113,31,A2
tests,test_template_tags.py,Simple Atributte,119,119,8,A2
tests,test_template_tags.py,Simple Atributte,125,125,24,A2
tests,test_template_tags.py,Simple Atributte,126,126,41,A2
tests,test_template_tags.py,Simple Atributte,127,127,8,A2
tests,test_template_tags.py,Simple Atributte,134,134,8,A2
tests,test_template_tags.py,Simple Atributte,140,140,8,A2
tests,test_template_tags.py,Simple Atributte,141,141,8,A2
tests,test_template_tags.py,Simple Atributte,178,178,8,A2
tests,test_template_tags.py,Simple Atributte,179,179,8,A2
tests,test_template_tags.py,Simple Atributte,190,190,8,A2
tests,test_template_tags.py,Simple Atributte,200,200,8,A2
tests,test_template_tags.py,Simple Atributte,201,201,8,A2
tests,test_template_tags.py,Simple Atributte,211,211,8,A2
tests,test_template_tags.py,Simple Atributte,222,222,8,A2
tests,test_template_tags.py,Simple Atributte,223,223,8,A2
tests,test_template_tags.py,Simple Atributte,224,224,8,A2
tests,test_template_tags.py,Simple Atributte,235,235,8,A2
tests,test_template_tags.py,Simple Atributte,236,236,8,A2
tests,test_template_tags.py,Simple Atributte,237,237,8,A2
tests,test_template_tags.py,Simple Atributte,247,247,8,A2
tests,test_template_tags.py,Simple Atributte,248,248,8,A2
tests,test_template_tags.py,Simple Atributte,257,257,8,A2
tests,test_template_tags.py,Simple Atributte,43,43,13,A2
tests,test_template_tags.py,Simple Atributte,44,44,13,A2
tests,test_template_tags.py,Simple Atributte,45,45,13,A2
tests,test_template_tags.py,Simple Atributte,156,156,16,A2
tests,test_template_tags.py,Simple Atributte,49,49,17,A2
tests,test_template_tags.py,Simple Atributte,54,54,16,A2
tests,test_template_tags.py,Simple Atributte,55,55,16,A2
tests,test_template_tags.py,Simple Atributte,155,155,17,A2
tests,test_template_tags.py,Simple Atributte,164,164,27,A2
tests,test_template_tags.py,Simple Atributte,167,167,16,A2
tests,test_template_tags.py,Simple Atributte,167,167,33,A2
tests,test_template_tags.py,Simple Atributte,49,49,38,A2
tests,test_template_tags.py,Simple Atributte,164,164,27,A2
tests,test_template_tags.py,Simple Atributte,169,169,20,A2
tests,test_template_tags.py,Simple Atributte,170,170,20,A2
tests,test_template_tags.py,Simple Atributte,172,172,20,A2
tests,test_template_tags.py,Simple Atributte,160,160,44,A2
tests,test_template_tags.py,Subscript,199,199,21,A1
tests,test_template_tags.py,Subscript,210,210,21,A1
tests,test_template_tags.py,Subscript,67,67,25,A1
tests,test_template_tags.py,Subscript,68,68,26,A1
tests,test_template_tags.py,Subscript,188,188,20,A1
tests,test_template_tags.py,Subscript,199,199,21,A1
tests,test_template_tags.py,Subscript,200,200,25,A1
tests,test_template_tags.py,Subscript,201,201,25,A1
tests,test_template_tags.py,Subscript,210,210,21,A1
tests,test_template_tags.py,Subscript,211,211,25,A1
tests,test_template_tags.py,Subscript,220,220,20,A1
tests,test_template_tags.py,Subscript,234,234,21,A1
tests,test_template_tags.py,Subscript,246,246,20,A1
tests,test_template_tags.py,Subscript,257,257,25,A1
tests,test_template_tags.py,Subscript,188,188,42,A1
tests,test_template_tags.py,Subscript,220,220,42,A1
tests,test_template_tags.py,Subscript,246,246,42,A1
tests,test_template_tags.py,Subscript,54,54,33,A1
tests,test_template_tags.py,Subscript,55,55,33,A1
tests,test_template_tags.py,Subscript,233,233,38,A1
tests,test_template_tags.py,Subscript,233,233,60,A1
tests,test_template_tags.py,Simple List Comprehension,188,188,19,C1
tests,test_template_tags.py,Simple List Comprehension,220,220,19,C1
tests,test_template_tags.py,Simple List Comprehension,246,246,19,C1
tests,test_template_tags.py,Generator Expression,233,233,26,C1
tests,test_template_tags.py,Simple Assignment,11,20,0,A1
tests,test_template_tags.py,Simple Assignment,23,28,0,A1
tests,test_template_tags.py,Simple Assignment,41,41,8,A1
tests,test_template_tags.py,Simple Assignment,42,46,8,A1
tests,test_template_tags.py,Simple Assignment,61,61,8,A1
tests,test_template_tags.py,Simple Assignment,64,64,8,A1
tests,test_template_tags.py,Simple Assignment,80,80,8,A1
tests,test_template_tags.py,Simple Assignment,81,81,8,A1
tests,test_template_tags.py,Simple Assignment,82,82,8,A1
tests,test_template_tags.py,Simple Assignment,83,83,8,A1
tests,test_template_tags.py,Simple Assignment,86,86,8,A1
tests,test_template_tags.py,Simple Assignment,96,96,8,A1
tests,test_template_tags.py,Simple Assignment,97,97,8,A1
tests,test_template_tags.py,Simple Assignment,98,98,8,A1
tests,test_template_tags.py,Simple Assignment,99,99,8,A1
tests,test_template_tags.py,Simple Assignment,102,102,8,A1
tests,test_template_tags.py,Simple Assignment,103,103,8,A1
tests,test_template_tags.py,Simple Assignment,113,113,8,A1
tests,test_template_tags.py,Simple Assignment,116,116,8,A1
tests,test_template_tags.py,Simple Assignment,125,125,8,A1
tests,test_template_tags.py,Simple Assignment,126,126,8,A1
tests,test_template_tags.py,Simple Assignment,127,127,8,A1
tests,test_template_tags.py,Simple Assignment,128,128,8,A1
tests,test_template_tags.py,Simple Assignment,131,131,8,A1
tests,test_template_tags.py,Simple Assignment,147,152,8,A1
tests,test_template_tags.py,Simple Assignment,184,184,8,A1
tests,test_template_tags.py,Simple Assignment,186,186,8,A1
tests,test_template_tags.py,Simple Assignment,188,188,8,A1
tests,test_template_tags.py,Simple Assignment,195,195,8,A1
tests,test_template_tags.py,Simple Assignment,197,197,8,A1
tests,test_template_tags.py,Simple Assignment,199,199,8,A1
tests,test_template_tags.py,Simple Assignment,206,206,8,A1
tests,test_template_tags.py,Simple Assignment,208,208,8,A1
tests,test_template_tags.py,Simple Assignment,210,210,8,A1
tests,test_template_tags.py,Simple Assignment,216,216,8,A1
tests,test_template_tags.py,Simple Assignment,218,218,8,A1
tests,test_template_tags.py,Simple Assignment,220,220,8,A1
tests,test_template_tags.py,Simple Assignment,229,229,8,A1
tests,test_template_tags.py,Simple Assignment,231,231,8,A1
tests,test_template_tags.py,Simple Assignment,233,233,8,A1
tests,test_template_tags.py,Simple Assignment,234,234,8,A1
tests,test_template_tags.py,Simple Assignment,242,242,8,A1
tests,test_template_tags.py,Simple Assignment,244,244,8,A1
tests,test_template_tags.py,Simple Assignment,246,246,8,A1
tests,test_template_tags.py,Simple Assignment,253,253,8,A1
tests,test_template_tags.py,Simple Assignment,255,255,8,A1
tests,test_template_tags.py,Simple Assignment,51,51,16,A1
tests,test_template_tags.py,Simple Assignment,156,156,16,A1
tests,test_template_tags.py,Simple Assignment,157,157,16,A1
tests,test_template_tags.py,Simple Assignment,158,161,16,A1
tests,test_template_tags.py,Simple Assignment,164,164,16,A1
tests,test_template_tags.py,Import,3,3,0,A2
tests,test_template_tags.py,From,1,1,0,A2
tests,test_template_tags.py,From,4,4,0,A2
tests,test_template_tags.py,From,5,5,0,A2
tests,test_template_tags.py,From,6,6,0,A2
tests,test_template_tags.py,From,8,8,0,A2
tests,test_template_tags.py,From,9,9,0,A2
tests,test_template_tags.py,Alias,1,1,21,A1
tests,test_template_tags.py,Alias,3,3,7,A1
tests,test_template_tags.py,Alias,4,4,30,A1
tests,test_template_tags.py,Alias,5,5,24,A1
tests,test_template_tags.py,Alias,5,5,34,A1
tests,test_template_tags.py,Alias,6,6,24,A1
tests,test_template_tags.py,Alias,8,8,54,A1
tests,test_template_tags.py,Alias,8,8,68,A1
tests,test_template_tags.py,Alias,8,8,92,A1
tests,test_template_tags.py,Alias,9,9,38,A1
tests,test_template_tags.py,Simple If statements,168,172,16,A1
tests,test_template_tags.py,For Loop with Tuple as name,48,55,8,A2
tests,test_template_tags.py,For Loop with Tuple as name,154,172,8,A2
tests,test_template_tags.py,With,49,55,12,B1
tests,test_template_tags.py,With,155,172,12,B1
tests,test_template_tags.py,Function with Simple argument,33,35,4,A1
tests,test_template_tags.py,Function with Simple argument,38,55,4,A1
tests,test_template_tags.py,Function with Simple argument,58,68,4,A1
tests,test_template_tags.py,Function with Simple argument,73,74,4,A1
tests,test_template_tags.py,Function with Simple argument,77,90,4,A1
tests,test_template_tags.py,Function with Simple argument,93,107,4,A1
tests,test_template_tags.py,Function with Simple argument,110,119,4,A1
tests,test_template_tags.py,Function with Simple argument,122,134,4,A1
tests,test_template_tags.py,Function with Simple argument,139,141,4,A1
tests,test_template_tags.py,Function with Simple argument,144,172,4,A1
tests,test_template_tags.py,Function with Simple argument,177,179,4,A1
tests,test_template_tags.py,Function with Simple argument,182,190,4,A1
tests,test_template_tags.py,Function with Simple argument,193,201,4,A1
tests,test_template_tags.py,Function with Simple argument,204,211,4,A1
tests,test_template_tags.py,Function with Simple argument,214,224,4,A1
tests,test_template_tags.py,Function with Simple argument,227,237,4,A1
tests,test_template_tags.py,Function with Simple argument,240,248,4,A1
tests,test_template_tags.py,Function with Simple argument,251,257,4,A1
tests,test_template_tags.py,Inherited Class from BaseDownloadTests,32,68,0,B1
tests,test_template_tags.py,Inherited Class from TestCase,72,134,0,B1
tests,test_template_tags.py,Inherited Class from BaseDownloadTests,138,172,0,B1
tests,test_template_tags.py,Inherited Class from BaseDownloadTests,176,257,0,B1
downloads,models.py,Simple List,178,178,19,A1
downloads,models.py,Simple List,139,139,13,A1
downloads,models.py,Simple List,414,432,22,A1
downloads,models.py,Simple List,416,416,23,A1
downloads,models.py,16 Nested Tuple,53,58,29,A2
downloads,models.py,Simple Tuple,205,205,4,A1
downloads,models.py,Simple Tuple,237,237,4,A1
downloads,models.py,Simple Tuple,266,266,4,A1
downloads,models.py,Simple Tuple,32,32,19,A1
downloads,models.py,Simple Tuple,54,54,8,A1
downloads,models.py,Simple Tuple,55,55,8,A1
downloads,models.py,Simple Tuple,56,56,8,A1
downloads,models.py,Simple Tuple,57,57,8,A1
downloads,models.py,Simple Tuple,104,104,19,A1
downloads,models.py,Simple Tuple,412,412,19,A1
downloads,models.py,Simple Tuple,154,154,40,A1
downloads,models.py,Simple Tuple,159,159,40,A1
downloads,models.py,Simple Tuple,164,164,40,A1
downloads,models.py,Simple Dictionary,221,221,14,A2
downloads,models.py,Simple Dictionary,253,253,14,A2
downloads,models.py,Simple Dictionary,180,184,15,A2
downloads,models.py,Simple Dictionary,199,202,8,A2
downloads,models.py,Simple Dictionary,207,210,17,A2
downloads,models.py,Simple Dictionary,239,242,17,A2
downloads,models.py,Simple Dictionary,268,271,17,A2
downloads,models.py,Simple Dictionary,40,40,59,A2
downloads,models.py,Simple Dictionary,115,115,66,A2
downloads,models.py,Simple Dictionary,367,367,21,A2
downloads,models.py,Simple Dictionary,363,363,19,A2
downloads,models.py,Simple Dictionary,364,364,21,A2
downloads,models.py,Formatted Value,315,315,36,A1
downloads,models.py,Formatted Value,367,367,24,A1
downloads,models.py,Formatted Value,363,363,22,A1
downloads,models.py,Formatted Value,364,364,24,A1
downloads,models.py,Joined String,315,315,22,A1
downloads,models.py,Joined String,367,367,22,A1
downloads,models.py,Joined String,363,363,20,A1
downloads,models.py,Joined String,364,364,22,A1
downloads,models.py,Super Function,405,405,8,C2
downloads,models.py,Simple Atributte,284,284,7,A2
downloads,models.py,Simple Atributte,303,303,7,A2
downloads,models.py,Simple Atributte,329,329,7,A2
downloads,models.py,Simple Atributte,36,36,15,A2
downloads,models.py,Simple Atributte,59,59,14,A2
downloads,models.py,Simple Atributte,60,60,16,A2
downloads,models.py,Simple Atributte,68,68,19,A2
downloads,models.py,Simple Atributte,74,74,18,A2
downloads,models.py,Simple Atributte,80,80,28,A2
downloads,models.py,Simple Atributte,85,85,19,A2
downloads,models.py,Simple Atributte,86,86,19,A2
downloads,models.py,Simple Atributte,93,93,24,A2
downloads,models.py,Simple Atributte,109,109,15,A2
downloads,models.py,Simple Atributte,169,169,21,A2
downloads,models.py,Simple Atributte,175,175,11,A2
downloads,models.py,Simple Atributte,179,179,13,A2
downloads,models.py,Simple Atributte,205,205,19,A2
downloads,models.py,Simple Atributte,218,218,21,A2
downloads,models.py,Simple Atributte,219,219,21,A2
downloads,models.py,Simple Atributte,237,237,26,A2
downloads,models.py,Simple Atributte,250,250,21,A2
downloads,models.py,Simple Atributte,251,251,21,A2
downloads,models.py,Simple Atributte,266,266,19,A2
downloads,models.py,Simple Atributte,281,281,7,A2
downloads,models.py,Simple Atributte,299,299,7,A2
downloads,models.py,Simple Atributte,326,326,7,A2
downloads,models.py,Simple Atributte,337,337,7,A2
downloads,models.py,Simple Atributte,337,337,31,A2
downloads,models.py,Simple Atributte,349,349,7,A2
downloads,models.py,Simple Atributte,378,378,9,A2
downloads,models.py,Simple Atributte,384,384,14,A2
downloads,models.py,Simple Atributte,385,385,18,A2
downloads,models.py,Simple Atributte,386,386,16,A2
downloads,models.py,Simple Atributte,387,387,10,A2
downloads,models.py,Simple Atributte,388,388,25,A2
downloads,models.py,Simple Atributte,389,389,30,A2
downloads,models.py,Simple Atributte,390,390,25,A2
downloads,models.py,Simple Atributte,391,391,27,A2
downloads,models.py,Simple Atributte,392,392,22,A2
downloads,models.py,Simple Atributte,393,393,14,A2
downloads,models.py,Simple Atributte,394,394,17,A2
downloads,models.py,Simple Atributte,395,395,15,A2
downloads,models.py,Simple Atributte,396,396,22,A2
downloads,models.py,Simple Atributte,85,85,48,A2
downloads,models.py,Simple Atributte,91,91,18,A2
downloads,models.py,Simple Atributte,113,113,36,A2
downloads,models.py,Simple Atributte,121,121,15,A2
downloads,models.py,Simple Atributte,128,128,15,A2
downloads,models.py,Simple Atributte,132,132,18,A2
downloads,models.py,Simple Atributte,132,132,48,A2
downloads,models.py,Simple Atributte,140,140,17,A2
downloads,models.py,Simple Atributte,154,154,15,A2
downloads,models.py,Simple Atributte,159,159,15,A2
downloads,models.py,Simple Atributte,164,164,15,A2
downloads,models.py,Simple Atributte,169,169,21,A2
downloads,models.py,Simple Atributte,174,174,27,A2
downloads,models.py,Simple Atributte,179,179,13,A2
downloads,models.py,Simple Atributte,186,186,26,A2
downloads,models.py,Simple Atributte,186,186,62,A2
downloads,models.py,Simple Atributte,205,205,19,A2
downloads,models.py,Simple Atributte,213,213,8,A2
downloads,models.py,Simple Atributte,218,218,21,A2
downloads,models.py,Simple Atributte,219,219,21,A2
downloads,models.py,Simple Atributte,224,224,32,A2
downloads,models.py,Simple Atributte,229,229,32,A2
downloads,models.py,Simple Atributte,237,237,26,A2
downloads,models.py,Simple Atributte,245,245,8,A2
downloads,models.py,Simple Atributte,250,250,21,A2
downloads,models.py,Simple Atributte,251,251,21,A2
downloads,models.py,Simple Atributte,266,266,19,A2
downloads,models.py,Simple Atributte,274,274,8,A2
downloads,models.py,Simple Atributte,286,286,8,A2
downloads,models.py,Simple Atributte,314,314,11,A2
downloads,models.py,Simple Atributte,337,337,31,A2
downloads,models.py,Simple Atributte,367,367,10,A2
downloads,models.py,Simple Atributte,382,382,18,A2
downloads,models.py,Simple Atributte,384,384,73,A2
downloads,models.py,Simple Atributte,400,400,11,A2
downloads,models.py,Simple Atributte,400,400,36,A2
downloads,models.py,Simple Atributte,405,405,8,A2
downloads,models.py,Simple Atributte,113,113,15,A2
downloads,models.py,Simple Atributte,114,114,19,A2
downloads,models.py,Simple Atributte,120,120,19,A2
downloads,models.py,Simple Atributte,134,134,19,A2
downloads,models.py,Simple Atributte,148,148,12,A2
downloads,models.py,Simple Atributte,174,174,27,A2
downloads,models.py,Simple Atributte,188,188,32,A2
downloads,models.py,Simple Atributte,188,188,70,A2
downloads,models.py,Simple Atributte,192,192,12,A2
downloads,models.py,Simple Atributte,201,201,28,A2
downloads,models.py,Simple Atributte,363,363,8,A2
downloads,models.py,Simple Atributte,364,364,10,A2
downloads,models.py,Simple Atributte,401,401,17,A2
downloads,models.py,Simple Atributte,415,415,12,A2
downloads,models.py,Simple Atributte,420,420,12,A2
downloads,models.py,Simple Atributte,40,40,71,A2
downloads,models.py,Simple Atributte,113,113,15,A2
downloads,models.py,Simple Atributte,114,114,19,A2
downloads,models.py,Simple Atributte,115,115,83,A2
downloads,models.py,Simple Atributte,120,120,19,A2
downloads,models.py,Simple Atributte,128,128,15,A2
downloads,models.py,Simple Atributte,140,140,17,A2
downloads,models.py,Simple Atributte,142,142,16,A2
downloads,models.py,Simple Atributte,286,286,8,A2
downloads,models.py,Simple Atributte,401,401,111,A2
downloads,models.py,Simple Atributte,402,402,15,A2
downloads,models.py,Simple Atributte,128,128,15,A2
downloads,models.py,Simple Atributte,286,286,68,A2
downloads,models.py,Simple Atributte,401,401,17,A2
downloads,models.py,Simple Atributte,417,417,26,A2
downloads,models.py,Simple Atributte,286,286,8,A2
downloads,models.py,Simple Atributte,315,315,37,A2
downloads,models.py,Simple Atributte,401,401,17,A2
downloads,models.py,Simple Atributte,401,401,52,A2
downloads,models.py,Simple Atributte,401,401,69,A2
downloads,models.py,Simple Atributte,286,286,8,A2
downloads,models.py,Simple Atributte,286,286,39,A2
downloads,models.py,Unary Operation,170,170,7,A1
downloads,models.py,Unary Operation,194,194,7,A1
downloads,models.py,Unary Operation,212,212,7,A1
downloads,models.py,Unary Operation,244,244,7,A1
downloads,models.py,Unary Operation,273,273,7,A1
downloads,models.py,Unary Operation,113,113,11,A1
downloads,models.py,Boolean Operation,233,233,7,A1
downloads,models.py,Boolean Operation,261,261,7,A1
downloads,models.py,Boolean Operation,337,337,7,A1
downloads,models.py,Boolean Operation,113,113,11,A1
downloads,models.py,Boolean Operation,191,191,11,A1
downloads,models.py,Boolean Operation,400,400,11,A1
downloads,models.py,Subscript,186,186,8,A1
downloads,models.py,Subscript,256,256,8,A1
downloads,models.py,Subscript,259,259,8,A1
downloads,models.py,Subscript,188,188,12,A1
downloads,models.py,Subscript,191,191,11,A1
downloads,models.py,Subscript,191,191,30,A1
downloads,models.py,Subscript,226,226,12,A1
downloads,models.py,Subscript,231,231,12,A1
downloads,models.py,Simple Assignment,21,21,0,A1
downloads,models.py,Simple Assignment,49,49,4,A1
downloads,models.py,Simple Assignment,50,50,4,A1
downloads,models.py,Simple Assignment,51,51,4,A1
downloads,models.py,Simple Assignment,52,52,4,A1
downloads,models.py,Simple Assignment,53,58,4,A1
downloads,models.py,Simple Assignment,59,59,4,A1
downloads,models.py,Simple Assignment,60,67,4,A1
downloads,models.py,Simple Assignment,68,73,4,A1
downloads,models.py,Simple Assignment,74,79,4,A1
downloads,models.py,Simple Assignment,80,84,4,A1
downloads,models.py,Simple Assignment,85,85,4,A1
downloads,models.py,Simple Assignment,86,92,4,A1
downloads,models.py,Simple Assignment,93,93,4,A1
downloads,models.py,Simple Assignment,95,95,4,A1
downloads,models.py,Simple Assignment,97,97,4,A1
downloads,models.py,Simple Assignment,169,169,4,A1
downloads,models.py,Simple Assignment,178,178,4,A1
downloads,models.py,Simple Assignment,197,203,4,A1
downloads,models.py,Simple Assignment,205,211,4,A1
downloads,models.py,Simple Assignment,218,218,4,A1
downloads,models.py,Simple Assignment,219,219,4,A1
downloads,models.py,Simple Assignment,221,221,4,A1
downloads,models.py,Simple Assignment,236,236,4,A1
downloads,models.py,Simple Assignment,237,243,4,A1
downloads,models.py,Simple Assignment,250,250,4,A1
downloads,models.py,Simple Assignment,251,251,4,A1
downloads,models.py,Simple Assignment,253,253,4,A1
downloads,models.py,Simple Assignment,264,264,4,A1
downloads,models.py,Simple Assignment,266,272,4,A1
downloads,models.py,Simple Assignment,378,383,4,A1
downloads,models.py,Simple Assignment,384,384,4,A1
downloads,models.py,Simple Assignment,385,385,4,A1
downloads,models.py,Simple Assignment,386,386,4,A1
downloads,models.py,Simple Assignment,387,387,4,A1
downloads,models.py,Simple Assignment,388,388,4,A1
downloads,models.py,Simple Assignment,389,389,4,A1
downloads,models.py,Simple Assignment,390,390,4,A1
downloads,models.py,Simple Assignment,391,391,4,A1
downloads,models.py,Simple Assignment,392,392,4,A1
downloads,models.py,Simple Assignment,393,393,4,A1
downloads,models.py,Simple Assignment,394,394,4,A1
downloads,models.py,Simple Assignment,395,395,4,A1
downloads,models.py,Simple Assignment,396,396,4,A1
downloads,models.py,Simple Assignment,30,30,8,A1
downloads,models.py,Simple Assignment,31,31,8,A1
downloads,models.py,Simple Assignment,32,32,8,A1
downloads,models.py,Simple Assignment,102,102,8,A1
downloads,models.py,Simple Assignment,103,103,8,A1
downloads,models.py,Simple Assignment,104,104,8,A1
downloads,models.py,Simple Assignment,105,105,8,A1
downloads,models.py,Simple Assignment,132,132,8,A1
downloads,models.py,Simple Assignment,139,139,8,A1
downloads,models.py,Simple Assignment,174,174,8,A1
downloads,models.py,Simple Assignment,180,184,8,A1
downloads,models.py,Simple Assignment,186,186,8,A1
downloads,models.py,Simple Assignment,224,224,8,A1
downloads,models.py,Simple Assignment,229,229,8,A1
downloads,models.py,Simple Assignment,256,256,8,A1
downloads,models.py,Simple Assignment,259,259,8,A1
downloads,models.py,Simple Assignment,410,410,8,A1
downloads,models.py,Simple Assignment,411,411,8,A1
downloads,models.py,Simple Assignment,412,412,8,A1
downloads,models.py,Simple Assignment,414,432,8,A1
downloads,models.py,Simple Assignment,120,120,12,A1
downloads,models.py,Simple Assignment,176,176,8,A1
downloads,models.py,Simple Assignment,188,188,12,A1
downloads,models.py,Simple Assignment,226,226,12,A1
downloads,models.py,Simple Assignment,231,231,12,A1
downloads,models.py,Simple Assignment,401,401,12,A1
downloads,models.py,Simple Assignment,122,122,12,A1
downloads,models.py,Simple Assignment,403,403,16,A1
downloads,models.py,'raise' exception,404,404,16,B1
downloads,models.py,Import're' module,3,3,0,C1
downloads,models.py,From,5,5,0,A2
downloads,models.py,From,6,6,0,A2
downloads,models.py,From,7,7,0,A2
downloads,models.py,From,8,8,0,A2
downloads,models.py,From,9,9,0,A2
downloads,models.py,From,10,10,0,A2
downloads,models.py,From,11,11,0,A2
downloads,models.py,From,12,12,0,A2
downloads,models.py,From,13,13,0,A2
downloads,models.py,From,15,15,0,A2
downloads,models.py,From,16,16,0,A2
downloads,models.py,From,17,17,0,A2
downloads,models.py,From,18,18,0,A2
downloads,models.py,From,19,19,0,A2
downloads,models.py,Alias,3,3,7,A1
downloads,models.py,Alias,5,5,24,A1
downloads,models.py,Alias,6,6,35,A1
downloads,models.py,Alias,7,7,22,A1
downloads,models.py,Alias,8,8,37,A1
downloads,models.py,Alias,8,8,50,A1
downloads,models.py,Alias,9,9,28,A1
downloads,models.py,Alias,10,10,35,A1
downloads,models.py,Alias,11,11,24,A1
downloads,models.py,Alias,12,12,25,A1
downloads,models.py,Alias,13,13,31,A1
downloads,models.py,Alias,15,15,30,A1
downloads,models.py,Alias,16,16,28,A1
downloads,models.py,Alias,16,16,47,A1
downloads,models.py,Alias,17,17,36,A1
downloads,models.py,Alias,18,18,30,A1
downloads,models.py,Alias,19,19,25,A1
downloads,models.py,Alias,19,19,46,A1
downloads,models.py,Simple If statements,170,171,4,A1
downloads,models.py,Simple If statements,194,195,4,A1
downloads,models.py,Simple If statements,212,213,4,A1
downloads,models.py,Simple If statements,223,226,4,A1
downloads,models.py,Simple If statements,228,231,4,A1
downloads,models.py,Simple If statements,233,234,4,A1
downloads,models.py,Simple If statements,244,245,4,A1
downloads,models.py,Simple If statements,255,256,4,A1
downloads,models.py,Simple If statements,258,259,4,A1
downloads,models.py,Simple If statements,261,262,4,A1
downloads,models.py,Simple If statements,273,274,4,A1
downloads,models.py,Simple If statements,281,282,4,A1
downloads,models.py,Simple If statements,284,286,4,A1
downloads,models.py,Simple If statements,299,300,4,A1
downloads,models.py,Simple If statements,303,319,4,A1
downloads,models.py,Simple If statements,326,327,4,A1
downloads,models.py,Simple If statements,329,332,4,A1
downloads,models.py,Simple If statements,337,343,4,A1
downloads,models.py,Simple If statements,349,350,4,A1
downloads,models.py,Simple If statements,113,114,8,A1
downloads,models.py,Simple If statements,133,134,8,A1
downloads,models.py,Simple If statements,187,188,8,A1
downloads,models.py,Simple If statements,191,192,8,A1
downloads,models.py,Simple If statements,225,226,8,A1
downloads,models.py,Simple If statements,230,231,8,A1
downloads,models.py,Simple If statements,307,310,8,A1
downloads,models.py,Simple If statements,314,315,8,A1
downloads,models.py,Simple If statements,400,404,8,A1
downloads,models.py,Simple If statements,402,404,12,A1
downloads,models.py,Simple For Loop,179,192,4,A1
downloads,models.py,Simple For Loop,140,144,8,A1
downloads,models.py,While with Else Loop,147,148,8,B1
downloads,models.py,'break' statement,144,144,16,B1
downloads,models.py,Exception --> try/except,173,176,4,B1
downloads,models.py,Exception --> try/except,119,122,8,B1
downloads,models.py,Exception --> try/except,141,144,12,B1
downloads,models.py,Except Handler,175,176,4,A1
downloads,models.py,Except Handler,121,122,8,A1
downloads,models.py,Except Handler,143,144,12,A1
downloads,models.py,Function,167,213,0,A1
downloads,models.py,Function,216,245,0,A1
downloads,models.py,Function,248,274,0,A1
downloads,models.py,Function with Simple argument with ** argument,278,286,0,B1
downloads,models.py,Function with Simple argument with ** argument,290,319,0,B1
downloads,models.py,Function with Simple argument with ** argument,323,332,0,B1
downloads,models.py,Function with Simple argument,335,343,0,A1
downloads,models.py,Function with Simple argument with ** argument,347,351,0,B1
downloads,models.py,Function with Simple argument with ** argument,355,357,0,B1
downloads,models.py,Function with Simple argument,360,368,0,A1
downloads,models.py,Function with Simple argument,34,36,4,A1
downloads,models.py,Function with Simple argument,38,40,4,A1
downloads,models.py,Function with Simple argument,107,109,4,A1
downloads,models.py,Function with Simple argument,111,115,4,A1
downloads,models.py,Function with Simple argument,117,124,4,A1
downloads,models.py,Function with Simple argument,126,128,4,A1
downloads,models.py,Function with Simple argument,130,135,4,A1
downloads,models.py,Function with Simple argument,137,149,4,A1
downloads,models.py,Function with Simple argument,152,154,4,A1
downloads,models.py,Function with Simple argument,157,159,4,A1
downloads,models.py,Function with Simple argument,162,164,4,A1
downloads,models.py,Function with Simple argument with Default argument,398,405,4,A2
downloads,models.py,Return,362,368,4,A1
downloads,models.py,Return,36,36,8,A1
downloads,models.py,Return,40,40,8,A1
downloads,models.py,Return,109,109,8,A1
downloads,models.py,Return,115,115,8,A1
downloads,models.py,Return,124,124,8,A1
downloads,models.py,Return,128,128,8,A1
downloads,models.py,Return,135,135,8,A1
downloads,models.py,Return,149,149,8,A1
downloads,models.py,Return,154,154,8,A1
downloads,models.py,Return,159,159,8,A1
downloads,models.py,Return,164,164,8,A1
downloads,models.py,Return,171,171,8,A1
downloads,models.py,Return,195,195,8,A1
downloads,models.py,Return,234,234,8,A1
downloads,models.py,Return,262,262,8,A1
downloads,models.py,Return,282,282,8,A1
downloads,models.py,Return,300,300,8,A1
downloads,models.py,Return,327,327,8,A1
downloads,models.py,Return,350,350,8,A1
downloads,models.py,Return,114,114,12,A1
downloads,models.py,Return,134,134,12,A1
downloads,models.py,Inherited Class from NameSlugModel,24,40,0,B1
downloads,models.py,Inherited Class from NameSlugModel,43,164,0,B1
downloads,models.py,Inherited Class from NameSlugModel,371,432,0,B1
downloads,models.py,Simple Class ,27,32,4,B1
downloads,models.py,Simple Class ,99,105,4,B1
downloads,models.py,Simple Class ,407,432,4,B1
downloads,views.py,Simple List,124,124,23,A1
downloads,views.py,Simple List,233,233,35,A1
downloads,views.py,Simple Tuple,46,46,15,A1
downloads,views.py,Simple Tuple,137,137,51,A1
downloads,views.py,Simple Tuple,272,272,33,A1
downloads,views.py,Simple Tuple,141,141,23,A1
downloads,views.py,Simple Dictionary,95,99,12,A2
downloads,views.py,Simple Dictionary,126,128,19,A2
downloads,views.py,Simple Dictionary,147,152,12,A2
downloads,views.py,Simple Dictionary,180,193,12,A2
downloads,views.py,Formatted Value,282,282,31,A1
downloads,views.py,Joined String,282,282,15,A1
downloads,views.py,Super Function,93,93,18,C2
downloads,views.py,Super Function,111,111,18,C2
downloads,views.py,Super Function,175,175,18,C2
downloads,views.py,Super Function,214,214,18,C2
downloads,views.py,Super Function,304,304,18,C2
downloads,views.py,If statements expression (else),44,44,32,B1
downloads,views.py,Simple Atributte,278,278,15,A2
downloads,views.py,Simple Atributte,286,286,11,A2
downloads,views.py,Simple Atributte,27,27,15,A2
downloads,views.py,Simple Atributte,42,42,24,A2
downloads,views.py,Simple Atributte,63,63,15,A2
downloads,views.py,Simple Atributte,80,80,15,A2
downloads,views.py,Simple Atributte,93,93,18,A2
downloads,views.py,Simple Atributte,94,94,8,A2
downloads,views.py,Simple Atributte,111,111,18,A2
downloads,views.py,Simple Atributte,114,114,15,A2
downloads,views.py,Simple Atributte,119,119,15,A2
downloads,views.py,Simple Atributte,122,122,27,A2
downloads,views.py,Simple Atributte,125,125,17,A2
downloads,views.py,Simple Atributte,144,144,8,A2
downloads,views.py,Simple Atributte,146,146,8,A2
downloads,views.py,Simple Atributte,175,175,18,A2
downloads,views.py,Simple Atributte,176,178,24,A2
downloads,views.py,Simple Atributte,179,179,8,A2
downloads,views.py,Simple Atributte,209,209,15,A2
downloads,views.py,Simple Atributte,214,214,18,A2
downloads,views.py,Simple Atributte,219,229,12,A2
downloads,views.py,Simple Atributte,236,236,8,A2
downloads,views.py,Simple Atributte,239,239,8,A2
downloads,views.py,Simple Atributte,243,243,18,A2
downloads,views.py,Simple Atributte,289,289,19,A2
downloads,views.py,Simple Atributte,304,304,18,A2
downloads,views.py,Simple Atributte,305,305,32,A2
downloads,views.py,Simple Atributte,26,26,29,A2
downloads,views.py,Simple Atributte,31,31,19,A2
downloads,views.py,Simple Atributte,45,45,29,A2
downloads,views.py,Simple Atributte,46,46,28,A2
downloads,views.py,Simple Atributte,50,50,19,A2
downloads,views.py,Simple Atributte,62,62,32,A2
downloads,views.py,Simple Atributte,67,67,19,A2
downloads,views.py,Simple Atributte,79,79,31,A2
downloads,views.py,Simple Atributte,84,84,19,A2
downloads,views.py,Simple Atributte,113,113,29,A2
downloads,views.py,Simple Atributte,118,118,29,A2
downloads,views.py,Simple Atributte,125,125,17,A2
downloads,views.py,Simple Atributte,135,135,12,A2
downloads,views.py,Simple Atributte,143,143,24,A2
downloads,views.py,Simple Atributte,178,178,20,A2
downloads,views.py,Simple Atributte,181,181,27,A2
downloads,views.py,Simple Atributte,208,208,19,A2
downloads,views.py,Simple Atributte,209,209,15,A2
downloads,views.py,Simple Atributte,243,243,18,A2
downloads,views.py,Simple Atributte,244,244,23,A2
downloads,views.py,Simple Atributte,244,244,46,A2
downloads,views.py,Simple Atributte,245,245,20,A2
downloads,views.py,Simple Atributte,274,274,15,A2
downloads,views.py,Simple Atributte,282,282,32,A2
downloads,views.py,Simple Atributte,287,287,15,A2
downloads,views.py,Simple Atributte,287,287,33,A2
downloads,views.py,Simple Atributte,26,26,29,A2
downloads,views.py,Simple Atributte,45,45,29,A2
downloads,views.py,Simple Atributte,62,62,32,A2
downloads,views.py,Simple Atributte,79,79,31,A2
downloads,views.py,Simple Atributte,96,96,34,A2
downloads,views.py,Simple Atributte,97,97,34,A2
downloads,views.py,Simple Atributte,98,98,36,A2
downloads,views.py,Simple Atributte,113,113,29,A2
downloads,views.py,Simple Atributte,118,118,29,A2
downloads,views.py,Simple Atributte,130,130,34,A2
downloads,views.py,Simple Atributte,130,130,70,A2
downloads,views.py,Simple Atributte,132,132,34,A2
downloads,views.py,Simple Atributte,132,132,70,A2
downloads,views.py,Simple Atributte,134,134,36,A2
downloads,views.py,Simple Atributte,134,134,74,A2
downloads,views.py,Simple Atributte,143,143,24,A2
downloads,views.py,Simple Atributte,176,176,24,A2
downloads,views.py,Simple Atributte,181,181,27,A2
downloads,views.py,Simple Atributte,182,186,28,A2
downloads,views.py,Simple Atributte,187,192,32,A2
downloads,views.py,Simple Atributte,219,220,12,A2
downloads,views.py,Simple Atributte,236,236,45,A2
downloads,views.py,Simple Atributte,239,239,45,A2
downloads,views.py,Simple Atributte,244,244,23,A2
downloads,views.py,Simple Atributte,248,248,35,A2
downloads,views.py,Simple Atributte,288,288,23,A2
downloads,views.py,Simple Atributte,288,288,43,A2
downloads,views.py,Simple Atributte,96,96,34,A2
downloads,views.py,Simple Atributte,97,97,34,A2
downloads,views.py,Simple Atributte,98,98,36,A2
downloads,views.py,Simple Atributte,176,176,24,A2
downloads,views.py,Simple Atributte,208,208,19,A2
downloads,views.py,Simple Atributte,208,208,65,A2
downloads,views.py,Simple Atributte,247,247,36,A2
downloads,views.py,Simple Atributte,248,248,35,A2
downloads,views.py,Simple Atributte,249,249,40,A2
downloads,views.py,Simple Atributte,249,249,63,A2
downloads,views.py,Simple Atributte,274,274,15,A2
downloads,views.py,Simple Atributte,182,183,28,A2
downloads,views.py,Simple Atributte,187,189,32,A2
downloads,views.py,Simple Atributte,219,219,12,A2
downloads,views.py,Simple Atributte,236,236,45,A2
downloads,views.py,Simple Atributte,239,239,45,A2
downloads,views.py,Simple Atributte,249,249,63,A2
downloads,views.py,Simple Atributte,274,274,15,A2
downloads,views.py,Simple Atributte,139,139,45,A2
downloads,views.py,Simple Atributte,208,208,19,A2
downloads,views.py,Simple Atributte,219,219,12,A2
downloads,views.py,Simple Atributte,236,236,45,A2
downloads,views.py,Simple Atributte,239,239,45,A2
downloads,views.py,Simple Atributte,182,182,28,A2
downloads,views.py,Simple Atributte,187,188,32,A2
downloads,views.py,Simple Atributte,219,219,12,A2
downloads,views.py,Simple Atributte,236,236,45,A2
downloads,views.py,Simple Atributte,239,239,45,A2
downloads,views.py,Simple Atributte,139,139,45,A2
downloads,views.py,Simple Atributte,182,182,28,A2
downloads,views.py,Simple Atributte,187,187,32,A2
downloads,views.py,Simple Atributte,187,187,32,A2
downloads,views.py,Boolean Operation,244,244,11,A1
downloads,views.py,Boolean Operation,249,249,19,A1
downloads,views.py,Subscript,272,272,23,A1
downloads,views.py,Subscript,137,137,45,A1
downloads,views.py,Subscript,218,218,8,A1
downloads,views.py,Subscript,233,233,8,A1
downloads,views.py,Subscript,274,274,15,A1
downloads,views.py,Subscript,272,272,28,A1
downloads,views.py,Subscript,305,305,8,A1
downloads,views.py,Subscript,305,305,32,A1
downloads,views.py,Subscript,130,130,16,A1
downloads,views.py,Subscript,132,132,16,A1
downloads,views.py,Subscript,134,134,16,A1
downloads,views.py,Subscript,236,236,8,A1
downloads,views.py,Subscript,239,239,8,A1
downloads,views.py,Subscript,208,208,65,A1
downloads,views.py,Subscript,250,250,20,A1
downloads,views.py,Slice,274,274,83,A1
downloads,views.py,Generator Expression,139,139,28,C1
downloads,views.py,Simple Assignment,21,21,4,A1
downloads,views.py,Simple Assignment,38,38,4,A1
downloads,views.py,Simple Assignment,57,57,4,A1
downloads,views.py,Simple Assignment,74,74,4,A1
downloads,views.py,Simple Assignment,107,107,4,A1
downloads,views.py,Simple Assignment,161,161,4,A1
downloads,views.py,Simple Assignment,162,162,4,A1
downloads,views.py,Simple Assignment,163,163,4,A1
downloads,views.py,Simple Assignment,169,169,4,A1
downloads,views.py,Simple Assignment,170,170,4,A1
downloads,views.py,Simple Assignment,171,171,4,A1
downloads,views.py,Simple Assignment,201,201,4,A1
downloads,views.py,Simple Assignment,202,202,4,A1
downloads,views.py,Simple Assignment,203,203,4,A1
downloads,views.py,Simple Assignment,263,263,4,A1
downloads,views.py,Simple Assignment,264,264,4,A1
downloads,views.py,Simple Assignment,265,265,4,A1
downloads,views.py,Simple Assignment,300,300,4,A1
downloads,views.py,Simple Assignment,42,42,8,A1
downloads,views.py,Simple Assignment,93,93,8,A1
downloads,views.py,Simple Assignment,111,111,8,A1
downloads,views.py,Simple Assignment,122,122,8,A1
downloads,views.py,Simple Assignment,124,124,8,A1
downloads,views.py,Simple Assignment,143,143,8,A1
downloads,views.py,Simple Assignment,175,175,8,A1
downloads,views.py,Simple Assignment,176,178,8,A1
downloads,views.py,Simple Assignment,214,214,8,A1
downloads,views.py,Simple Assignment,218,230,8,A1
downloads,views.py,Simple Assignment,233,233,8,A1
downloads,views.py,Simple Assignment,243,243,8,A1
downloads,views.py,Simple Assignment,304,304,8,A1
downloads,views.py,Simple Assignment,305,305,8,A1
downloads,views.py,Simple Assignment,26,26,12,A1
downloads,views.py,Simple Assignment,44,44,12,A1
downloads,views.py,Simple Assignment,45,45,12,A1
downloads,views.py,Simple Assignment,62,62,12,A1
downloads,views.py,Simple Assignment,79,79,12,A1
downloads,views.py,Simple Assignment,113,113,12,A1
downloads,views.py,Simple Assignment,118,118,12,A1
downloads,views.py,Simple Assignment,126,128,12,A1
downloads,views.py,Simple Assignment,245,245,12,A1
downloads,views.py,Simple Assignment,28,28,12,A1
downloads,views.py,Simple Assignment,47,47,12,A1
downloads,views.py,Simple Assignment,64,64,12,A1
downloads,views.py,Simple Assignment,81,81,12,A1
downloads,views.py,Simple Assignment,115,115,12,A1
downloads,views.py,Simple Assignment,120,120,12,A1
downloads,views.py,Simple Assignment,130,130,16,A1
downloads,views.py,Simple Assignment,132,132,16,A1
downloads,views.py,Simple Assignment,134,134,16,A1
downloads,views.py,Simple Assignment,247,247,16,A1
downloads,views.py,Simple Assignment,248,248,16,A1
downloads,views.py,Simple Assignment,250,250,20,A1
downloads,views.py,'raise' exception,210,210,12,B1
downloads,views.py,Import're' module,3,3,0,C1
downloads,views.py,From,4,4,0,A2
downloads,views.py,From,5,5,0,A2
downloads,views.py,From,7,7,0,A2
downloads,views.py,From,8,8,0,A2
downloads,views.py,From,9,9,0,A2
downloads,views.py,From,10,10,0,A2
downloads,views.py,From,11,11,0,A2
downloads,views.py,From,12,12,0,A2
downloads,views.py,From,13,13,0,A2
downloads,views.py,From,15,15,0,A2
downloads,views.py,Alias,3,3,7,A1
downloads,views.py,Alias,4,4,21,A1
downloads,views.py,Alias,5,5,19,A1
downloads,views.py,Alias,7,7,45,A1
downloads,views.py,Alias,8,8,29,A1
downloads,views.py,Alias,8,8,35,A1
downloads,views.py,Alias,8,8,49,A1
downloads,views.py,Alias,8,8,59,A1
downloads,views.py,Alias,9,9,24,A1
downloads,views.py,Alias,10,10,24,A1
downloads,views.py,Alias,11,11,25,A1
downloads,views.py,Alias,12,12,39,A1
downloads,views.py,Alias,13,13,33,A1
downloads,views.py,Alias,13,13,45,A1
downloads,views.py,Alias,13,13,55,A1
downloads,views.py,Alias,13,13,69,A1
downloads,views.py,Alias,15,15,34,A1
downloads,views.py,Alias,15,15,38,A1
downloads,views.py,Alias,15,15,47,A1
downloads,views.py,Simple If statements,30,31,8,A1
downloads,views.py,Simple If statements,49,50,8,A1
downloads,views.py,Simple If statements,66,67,8,A1
downloads,views.py,Simple If statements,83,84,8,A1
downloads,views.py,Simple If statements,244,250,8,A1
downloads,views.py,Simple If statements,286,289,8,A1
downloads,views.py,Simple If statements,129,130,12,A1
downloads,views.py,Simple If statements,131,132,12,A1
downloads,views.py,Simple If statements,133,134,12,A1
downloads,views.py,Simple If statements,246,250,12,A1
downloads,views.py,Simple If statements,287,288,12,A1
downloads,views.py,Simple If statements,249,250,16,A1
downloads,views.py,Simple For Loop,125,135,8,A1
downloads,views.py,Exception --> try/except,25,28,8,B1
downloads,views.py,Exception --> try/except,43,47,8,B1
downloads,views.py,Exception --> try/except,61,64,8,B1
downloads,views.py,Exception --> try/except,78,81,8,B1
downloads,views.py,Exception --> try/except,112,115,8,B1
downloads,views.py,Exception --> try/except,117,120,8,B1
downloads,views.py,Exception --> try/except,207,210,8,B1
downloads,views.py,Exception --> try/except,138,141,12,B1
downloads,views.py,Except Handler,27,28,8,A1
downloads,views.py,Except Handler,46,47,8,A1
downloads,views.py,Except Handler,63,64,8,A1
downloads,views.py,Except Handler,80,81,8,A1
downloads,views.py,Except Handler,114,115,8,A1
downloads,views.py,Except Handler,119,120,8,A1
downloads,views.py,Except Handler,209,210,8,A1
downloads,views.py,Except Handler,140,141,12,A1
downloads,views.py,Function with Simple argument with ** argument,23,32,4,B1
downloads,views.py,Function with Simple argument with ** argument,40,51,4,B1
downloads,views.py,Function with Simple argument with ** argument,59,68,4,B1
downloads,views.py,Function with Simple argument with ** argument,76,85,4,B1
downloads,views.py,Function with Simple argument with ** argument,91,101,4,B1
downloads,views.py,Function with Simple argument with ** argument,109,155,4,B1
downloads,views.py,Function with Simple argument with ** argument,173,195,4,B1
downloads,views.py,Function with Simple argument,205,210,4,A1
downloads,views.py,Function with Simple argument with ** argument,212,252,4,B1
downloads,views.py,Function,268,270,4,A1
downloads,views.py,Function with Simple argument,272,274,4,A1
downloads,views.py,Function with Simple argument,276,278,4,A1
downloads,views.py,Function with Simple argument,280,282,4,A1
downloads,views.py,Function with Simple argument,284,290,4,A1
downloads,views.py,Function with Simple argument with ** argument,302,306,4,B1
downloads,views.py,Function with Simple argument,137,141,8,A1
downloads,views.py,Return,32,32,8,A1
downloads,views.py,Return,51,51,8,A1
downloads,views.py,Return,68,68,8,A1
downloads,views.py,Return,85,85,8,A1
downloads,views.py,Return,101,101,8,A1
downloads,views.py,Return,155,155,8,A1
downloads,views.py,Return,195,195,8,A1
downloads,views.py,Return,252,252,8,A1
downloads,views.py,Return,270,270,8,A1
downloads,views.py,Return,274,274,8,A1
downloads,views.py,Return,278,278,8,A1
downloads,views.py,Return,282,282,8,A1
downloads,views.py,Return,290,290,8,A1
downloads,views.py,Return,306,306,8,A1
downloads,views.py,Return,31,31,12,A1
downloads,views.py,Return,50,50,12,A1
downloads,views.py,Return,67,67,12,A1
downloads,views.py,Return,84,84,12,A1
downloads,views.py,Return,208,208,12,A1
downloads,views.py,Return,289,289,12,A1
downloads,views.py,Return,139,139,16,A1
downloads,views.py,Return,288,288,16,A1
downloads,views.py,Return,141,141,16,A1
downloads,views.py,Inherited Class from RedirectView,18,32,0,B1
downloads,views.py,Inherited Class from RedirectView,35,51,0,B1
downloads,views.py,Inherited Class from RedirectView,54,68,0,B1
downloads,views.py,Inherited Class from RedirectView,71,85,0,B1
downloads,views.py,Simple Class ,88,101,0,B1
downloads,views.py,Inherited Class from TemplateView,104,155,0,B1
downloads,views.py,Inherited Class from ListView,158,163,0,B1
downloads,views.py,Inherited Class from DetailView,166,195,0,B1
downloads,views.py,Inherited Class from DetailView,198,252,0,B1
downloads,views.py,Inherited Class from Feed,255,290,0,B1
downloads,views.py,Inherited Class from TemplateView,293,306,0,B1
downloads,apps.py,Simple Assignment,9,9,4,A1
downloads,apps.py,Simple Assignment,10,10,4,A1
downloads,apps.py,From,3,3,0,A2
downloads,apps.py,Alias,3,3,24,A1
downloads,apps.py,Inherited Class from AppConfig,6,10,0,B1
pandoc_filters,pagebreak.py,Simple List,75,75,27,A1
pandoc_filters,pagebreak.py,Simple List,77,77,27,A1
pandoc_filters,pagebreak.py,Simple List,79,79,27,A1
pandoc_filters,pagebreak.py,Simple Dictionary,76,76,51,A2
pandoc_filters,pagebreak.py,Starred,76,76,33,A1
pandoc_filters,pagebreak.py,Simple Atributte,44,44,16,A2
pandoc_filters,pagebreak.py,Simple Atributte,45,45,19,A2
pandoc_filters,pagebreak.py,Simple Atributte,48,48,10,A2
pandoc_filters,pagebreak.py,Simple Atributte,86,86,11,A2
pandoc_filters,pagebreak.py,Simple Atributte,86,86,25,A2
pandoc_filters,pagebreak.py,Simple Atributte,68,68,28,A2
pandoc_filters,pagebreak.py,Simple Atributte,69,69,15,A2
pandoc_filters,pagebreak.py,Simple Atributte,70,70,19,A2
pandoc_filters,pagebreak.py,Simple Atributte,71,71,27,A2
pandoc_filters,pagebreak.py,Simple Atributte,72,72,17,A2
pandoc_filters,pagebreak.py,Simple Atributte,73,73,19,A2
pandoc_filters,pagebreak.py,Simple Atributte,74,74,20,A2
pandoc_filters,pagebreak.py,Simple Atributte,76,76,26,A2
pandoc_filters,pagebreak.py,Simple Atributte,77,77,33,A2
pandoc_filters,pagebreak.py,Simple Atributte,75,75,28,A2
pandoc_filters,pagebreak.py,Simple Atributte,75,75,36,A2
pandoc_filters,pagebreak.py,Simple Atributte,75,75,53,A2
pandoc_filters,pagebreak.py,Simple Atributte,75,75,65,A2
pandoc_filters,pagebreak.py,Simple Atributte,75,75,79,A2
pandoc_filters,pagebreak.py,Simple Atributte,75,75,91,A2
pandoc_filters,pagebreak.py,Simple Assignment,44,44,4,A1
pandoc_filters,pagebreak.py,Simple Assignment,45,47,4,A1
pandoc_filters,pagebreak.py,Simple Assignment,48,64,4,A1
pandoc_filters,pagebreak.py,Simple Assignment,85,85,4,A1
pandoc_filters,pagebreak.py,Simple Assignment,71,71,20,A1
pandoc_filters,pagebreak.py,Simple Assignment,75,75,20,A1
pandoc_filters,pagebreak.py,Simple Assignment,76,76,20,A1
pandoc_filters,pagebreak.py,Simple Assignment,77,77,20,A1
pandoc_filters,pagebreak.py,Simple Assignment,79,79,20,A1
pandoc_filters,pagebreak.py,Import with 'as' extension ,38,38,0,B1
pandoc_filters,pagebreak.py,Alias,38,38,7,A1
pandoc_filters,pagebreak.py,If statements using → __name__ == ‘__main__’,89,90,0,B2
pandoc_filters,pagebreak.py,Simple If statements,68,79,8,A1
pandoc_filters,pagebreak.py,Simple If statements,69,79,12,A1
pandoc_filters,pagebreak.py,Simple If statements,70,71,16,A1
pandoc_filters,pagebreak.py,Simple If statements,72,79,12,A1
pandoc_filters,pagebreak.py,Simple If statements,73,79,16,A1
pandoc_filters,pagebreak.py,Function with Simple argument with Default argument,83,86,0,A2
pandoc_filters,pagebreak.py,Function with Simple argument,66,80,4,A1
pandoc_filters,pagebreak.py,Return,86,86,4,A1
pandoc_filters,pagebreak.py,Return,80,80,8,A1
pandoc_filters,pagebreak.py,Simple Class ,41,80,0,B1
sponsors,exceptions.py,Inherited Class from Exception,4,9,0,B1
sponsors,exceptions.py,Inherited Class from Exception,12,17,0,B1
sponsors,exceptions.py,Inherited Class from Exception,20,25,0,B1
migrations,0071_auto_20220113_1843.py,Simple List,7,9,19,A1
migrations,0071_auto_20220113_1843.py,Simple List,11,32,17,A1
migrations,0071_auto_20220113_1843.py,Simple Tuple,8,8,8,A1
migrations,0071_auto_20220113_1843.py,Simple Atributte,6,6,16,A2
migrations,0071_auto_20220113_1843.py,Simple Atributte,12,12,8,A2
migrations,0071_auto_20220113_1843.py,Simple Atributte,17,17,8,A2
migrations,0071_auto_20220113_1843.py,Simple Atributte,22,22,8,A2
migrations,0071_auto_20220113_1843.py,Simple Atributte,27,27,8,A2
migrations,0071_auto_20220113_1843.py,Simple Atributte,15,15,18,A2
migrations,0071_auto_20220113_1843.py,Simple Atributte,20,20,18,A2
migrations,0071_auto_20220113_1843.py,Simple Atributte,25,25,18,A2
migrations,0071_auto_20220113_1843.py,Simple Atributte,30,30,18,A2
migrations,0071_auto_20220113_1843.py,Simple Assignment,7,9,4,A1
migrations,0071_auto_20220113_1843.py,Simple Assignment,11,32,4,A1
migrations,0071_auto_20220113_1843.py,From,3,3,0,A2
migrations,0071_auto_20220113_1843.py,Alias,3,3,22,A1
migrations,0071_auto_20220113_1843.py,Alias,3,3,34,A1
migrations,0071_auto_20220113_1843.py,Simple Class ,6,32,0,B1
migrations,0089_auto_20220812_1312.py,Simple List,7,9,19,A1
migrations,0089_auto_20220812_1312.py,Simple List,11,22,17,A1
migrations,0089_auto_20220812_1312.py,Simple Tuple,8,8,8,A1
migrations,0089_auto_20220812_1312.py,Simple Atributte,6,6,16,A2
migrations,0089_auto_20220812_1312.py,Simple Atributte,12,12,8,A2
migrations,0089_auto_20220812_1312.py,Simple Atributte,17,17,8,A2
migrations,0089_auto_20220812_1312.py,Simple Assignment,7,9,4,A1
migrations,0089_auto_20220812_1312.py,Simple Assignment,11,22,4,A1
migrations,0089_auto_20220812_1312.py,From,3,3,0,A2
migrations,0089_auto_20220812_1312.py,Alias,3,3,22,A1
migrations,0089_auto_20220812_1312.py,Simple Class ,6,22,0,B1
migrations,0007_auto_20201021_1410.py,Simple List,7,9,19,A1
migrations,0007_auto_20201021_1410.py,Simple List,11,23,17,A1
migrations,0007_auto_20201021_1410.py,Simple Tuple,8,8,8,A1
migrations,0007_auto_20201021_1410.py,Simple Atributte,6,6,16,A2
migrations,0007_auto_20201021_1410.py,Simple Atributte,12,12,8,A2
migrations,0007_auto_20201021_1410.py,Simple Atributte,15,15,18,A2
migrations,0007_auto_20201021_1410.py,Simple Assignment,7,9,4,A1
migrations,0007_auto_20201021_1410.py,Simple Assignment,11,23,4,A1
migrations,0007_auto_20201021_1410.py,From,3,3,0,A2
migrations,0007_auto_20201021_1410.py,Alias,3,3,22,A1
migrations,0007_auto_20201021_1410.py,Alias,3,3,34,A1
migrations,0007_auto_20201021_1410.py,Simple Class ,6,23,0,B1
migrations,0075_auto_20220303_2023.py,Simple List,9,11,19,A1
migrations,0075_auto_20220303_2023.py,Simple List,13,19,17,A1
migrations,0075_auto_20220303_2023.py,Simple Tuple,10,10,8,A1
migrations,0075_auto_20220303_2023.py,Simple Atributte,8,8,16,A2
migrations,0075_auto_20220303_2023.py,Simple Atributte,14,14,8,A2
migrations,0075_auto_20220303_2023.py,Simple Atributte,17,17,18,A2
migrations,0075_auto_20220303_2023.py,Simple Atributte,17,17,57,A2
migrations,0075_auto_20220303_2023.py,Simple Atributte,17,17,57,A2
migrations,0075_auto_20220303_2023.py,Simple Atributte,17,17,57,A2
migrations,0075_auto_20220303_2023.py,Simple Atributte,17,17,57,A2
migrations,0075_auto_20220303_2023.py,Simple Assignment,9,11,4,A1
migrations,0075_auto_20220303_2023.py,Simple Assignment,13,19,4,A1
migrations,0075_auto_20220303_2023.py,Import,3,3,0,A2
migrations,0075_auto_20220303_2023.py,Import,4,4,0,A2
migrations,0075_auto_20220303_2023.py,From,5,5,0,A2
migrations,0075_auto_20220303_2023.py,Alias,3,3,7,A1
migrations,0075_auto_20220303_2023.py,Alias,4,4,7,A1
migrations,0075_auto_20220303_2023.py,Alias,5,5,22,A1
migrations,0075_auto_20220303_2023.py,Alias,5,5,34,A1
migrations,0075_auto_20220303_2023.py,Simple Class ,8,19,0,B1
migrations,0087_auto_20220810_1647.py,Simple List,7,10,19,A1
migrations,0087_auto_20220810_1647.py,Simple List,12,29,17,A1
migrations,0087_auto_20220810_1647.py,Simple Tuple,8,8,8,A1
migrations,0087_auto_20220810_1647.py,Simple Tuple,9,9,8,A1
migrations,0087_auto_20220810_1647.py,Simple Dictionary,23,27,20,A2
migrations,0087_auto_20220810_1647.py,Simple Atributte,6,6,16,A2
migrations,0087_auto_20220810_1647.py,Simple Atributte,13,13,8,A2
migrations,0087_auto_20220810_1647.py,Simple Atributte,17,17,8,A2
migrations,0087_auto_20220810_1647.py,Simple Atributte,21,21,8,A2
migrations,0087_auto_20220810_1647.py,Simple Assignment,7,10,4,A1
migrations,0087_auto_20220810_1647.py,Simple Assignment,12,29,4,A1
migrations,0087_auto_20220810_1647.py,From,3,3,0,A2
migrations,0087_auto_20220810_1647.py,Alias,3,3,22,A1
migrations,0087_auto_20220810_1647.py,Simple Class ,6,29,0,B1
migrations,0074_auto_20220211_1659.py,Simple List,7,9,19,A1
migrations,0074_auto_20220211_1659.py,Simple List,11,22,17,A1
migrations,0074_auto_20220211_1659.py,Simple Tuple,8,8,8,A1
migrations,0074_auto_20220211_1659.py,Simple Atributte,6,6,16,A2
migrations,0074_auto_20220211_1659.py,Simple Atributte,12,12,8,A2
migrations,0074_auto_20220211_1659.py,Simple Atributte,17,17,8,A2
migrations,0074_auto_20220211_1659.py,Simple Atributte,15,15,18,A2
migrations,0074_auto_20220211_1659.py,Simple Atributte,20,20,18,A2
migrations,0074_auto_20220211_1659.py,Simple Assignment,7,9,4,A1
migrations,0074_auto_20220211_1659.py,Simple Assignment,11,22,4,A1
migrations,0074_auto_20220211_1659.py,From,3,3,0,A2
migrations,0074_auto_20220211_1659.py,Alias,3,3,22,A1
migrations,0074_auto_20220211_1659.py,Alias,3,3,34,A1
migrations,0074_auto_20220211_1659.py,Simple Class ,6,22,0,B1
migrations,0038_auto_20210827_1223.py,Simple List,20,22,19,A1
migrations,0038_auto_20210827_1223.py,Simple List,24,24,17,A1
migrations,0038_auto_20210827_1223.py,Simple Tuple,21,21,8,A1
migrations,0038_auto_20210827_1223.py,Simple Atributte,19,19,16,A2
migrations,0038_auto_20210827_1223.py,Simple Atributte,7,7,18,A2
migrations,0038_auto_20210827_1223.py,Simple Atributte,8,8,25,A2
migrations,0038_auto_20210827_1223.py,Simple Atributte,10,10,23,A2
migrations,0038_auto_20210827_1223.py,Simple Atributte,13,13,12,A2
migrations,0038_auto_20210827_1223.py,Simple Atributte,15,15,15,A2
migrations,0038_auto_20210827_1223.py,Simple Atributte,24,24,18,A2
migrations,0038_auto_20210827_1223.py,Simple Atributte,24,24,72,A2
migrations,0038_auto_20210827_1223.py,Simple Atributte,10,10,23,A2
migrations,0038_auto_20210827_1223.py,Simple Atributte,12,12,22,A2
migrations,0038_auto_20210827_1223.py,Simple Atributte,14,14,12,A2
migrations,0038_auto_20210827_1223.py,Simple Atributte,24,24,72,A2
migrations,0038_auto_20210827_1223.py,Simple Atributte,10,10,23,A2
migrations,0038_auto_20210827_1223.py,Simple Atributte,12,12,22,A2
migrations,0038_auto_20210827_1223.py,Simple Atributte,12,12,58,A2
migrations,0038_auto_20210827_1223.py,Simple Assignment,7,7,4,A1
migrations,0038_auto_20210827_1223.py,Simple Assignment,8,8,4,A1
migrations,0038_auto_20210827_1223.py,Simple Assignment,20,22,4,A1
migrations,0038_auto_20210827_1223.py,Simple Assignment,24,24,4,A1
migrations,0038_auto_20210827_1223.py,Simple Assignment,12,12,12,A1
migrations,0038_auto_20210827_1223.py,Simple Assignment,13,13,12,A1
migrations,0038_auto_20210827_1223.py,From,3,3,0,A2
migrations,0038_auto_20210827_1223.py,Alias,3,3,22,A1
migrations,0038_auto_20210827_1223.py,Simple For Loop,10,16,4,A1
migrations,0038_auto_20210827_1223.py,'continue' statement,16,16,12,B1
migrations,0038_auto_20210827_1223.py,Exception --> try/except,11,16,8,B1
migrations,0038_auto_20210827_1223.py,Except Handler,15,16,8,A1
migrations,0038_auto_20210827_1223.py,Function with Simple argument,6,16,0,A1
migrations,0038_auto_20210827_1223.py,Simple Class ,19,24,0,B1
migrations,0063_auto_20211220_1422.py,Simple List,7,9,19,A1
migrations,0063_auto_20211220_1422.py,Simple List,11,35,17,A1
migrations,0063_auto_20211220_1422.py,Simple Tuple,8,8,8,A1
migrations,0063_auto_20211220_1422.py,Simple Atributte,6,6,16,A2
migrations,0063_auto_20211220_1422.py,Simple Atributte,12,12,8,A2
migrations,0063_auto_20211220_1422.py,Simple Atributte,21,21,8,A2
migrations,0063_auto_20211220_1422.py,Simple Atributte,28,28,8,A2
migrations,0063_auto_20211220_1422.py,Simple Atributte,15,15,18,A2
migrations,0063_auto_20211220_1422.py,Simple Atributte,24,24,18,A2
migrations,0063_auto_20211220_1422.py,Simple Atributte,31,31,18,A2
migrations,0063_auto_20211220_1422.py,Simple Assignment,7,9,4,A1
migrations,0063_auto_20211220_1422.py,Simple Assignment,11,35,4,A1
migrations,0063_auto_20211220_1422.py,From,3,3,0,A2
migrations,0063_auto_20211220_1422.py,Alias,3,3,22,A1
migrations,0063_auto_20211220_1422.py,Alias,3,3,34,A1
migrations,0063_auto_20211220_1422.py,Simple Class ,6,35,0,B1
migrations,0011_auto_20201111_1724.py,Simple List,7,9,19,A1
migrations,0011_auto_20201111_1724.py,Simple List,11,37,17,A1
migrations,0011_auto_20201111_1724.py,Simple List,26,31,24,A1
migrations,0011_auto_20201111_1724.py,Simple Tuple,8,8,8,A1
migrations,0011_auto_20201111_1724.py,Simple Tuple,27,27,20,A1
migrations,0011_auto_20201111_1724.py,Simple Tuple,28,28,20,A1
migrations,0011_auto_20201111_1724.py,Simple Tuple,29,29,20,A1
migrations,0011_auto_20201111_1724.py,Simple Tuple,30,30,20,A1
migrations,0011_auto_20201111_1724.py,Simple Atributte,6,6,16,A2
migrations,0011_auto_20201111_1724.py,Simple Atributte,12,12,8,A2
migrations,0011_auto_20201111_1724.py,Simple Atributte,17,17,8,A2
migrations,0011_auto_20201111_1724.py,Simple Atributte,22,22,8,A2
migrations,0011_auto_20201111_1724.py,Simple Atributte,15,15,18,A2
migrations,0011_auto_20201111_1724.py,Simple Atributte,20,20,18,A2
migrations,0011_auto_20201111_1724.py,Simple Atributte,25,25,18,A2
migrations,0011_auto_20201111_1724.py,Simple Assignment,7,9,4,A1
migrations,0011_auto_20201111_1724.py,Simple Assignment,11,37,4,A1
migrations,0011_auto_20201111_1724.py,From,3,3,0,A2
migrations,0011_auto_20201111_1724.py,Alias,3,3,22,A1
migrations,0011_auto_20201111_1724.py,Alias,3,3,34,A1
migrations,0011_auto_20201111_1724.py,Simple Class ,6,37,0,B1
migrations,0064_sponsorshippackage_slug.py,Simple List,7,9,19,A1
migrations,0064_sponsorshippackage_slug.py,Simple List,11,17,17,A1
migrations,0064_sponsorshippackage_slug.py,Simple Tuple,8,8,8,A1
migrations,0064_sponsorshippackage_slug.py,Simple Atributte,6,6,16,A2
migrations,0064_sponsorshippackage_slug.py,Simple Atributte,12,12,8,A2
migrations,0064_sponsorshippackage_slug.py,Simple Atributte,15,15,18,A2
migrations,0064_sponsorshippackage_slug.py,Simple Assignment,7,9,4,A1
migrations,0064_sponsorshippackage_slug.py,Simple Assignment,11,17,4,A1
migrations,0064_sponsorshippackage_slug.py,From,3,3,0,A2
migrations,0064_sponsorshippackage_slug.py,Alias,3,3,22,A1
migrations,0064_sponsorshippackage_slug.py,Alias,3,3,34,A1
migrations,0064_sponsorshippackage_slug.py,Simple Class ,6,17,0,B1
migrations,0090_auto_20220812_1314.py,Simple List,7,9,19,A1
migrations,0090_auto_20220812_1314.py,Simple List,11,26,17,A1
migrations,0090_auto_20220812_1314.py,Simple Tuple,8,8,8,A1
migrations,0090_auto_20220812_1314.py,Simple Atributte,6,6,16,A2
migrations,0090_auto_20220812_1314.py,Simple Atributte,12,12,8,A2
migrations,0090_auto_20220812_1314.py,Simple Atributte,17,17,8,A2
migrations,0090_auto_20220812_1314.py,Simple Atributte,15,15,18,A2
migrations,0090_auto_20220812_1314.py,Simple Atributte,20,20,18,A2
migrations,0090_auto_20220812_1314.py,Simple Assignment,7,9,4,A1
migrations,0090_auto_20220812_1314.py,Simple Assignment,11,26,4,A1
migrations,0090_auto_20220812_1314.py,From,3,3,0,A2
migrations,0090_auto_20220812_1314.py,Alias,3,3,22,A1
migrations,0090_auto_20220812_1314.py,Alias,3,3,34,A1
migrations,0090_auto_20220812_1314.py,Simple Class ,6,26,0,B1
migrations,0036_auto_20210826_1930.py,Simple List,7,9,19,A1
migrations,0036_auto_20210826_1930.py,Simple List,11,16,17,A1
migrations,0036_auto_20210826_1930.py,Simple List,14,14,36,A1
migrations,0036_auto_20210826_1930.py,Simple Tuple,8,8,8,A1
migrations,0036_auto_20210826_1930.py,Simple Tuple,14,14,37,A1
migrations,0036_auto_20210826_1930.py,1 List Dictionary,14,14,20,B1
migrations,0036_auto_20210826_1930.py,Simple Atributte,6,6,16,A2
migrations,0036_auto_20210826_1930.py,Simple Atributte,12,12,8,A2
migrations,0036_auto_20210826_1930.py,Simple Assignment,7,9,4,A1
migrations,0036_auto_20210826_1930.py,Simple Assignment,11,16,4,A1
migrations,0036_auto_20210826_1930.py,From,3,3,0,A2
migrations,0036_auto_20210826_1930.py,Alias,3,3,22,A1
migrations,0036_auto_20210826_1930.py,Simple Class ,6,16,0,B1
migrations,0027_sponsorbenefit_program_name.py,Simple List,7,9,19,A1
migrations,0027_sponsorbenefit_program_name.py,Simple List,11,23,17,A1
migrations,0027_sponsorbenefit_program_name.py,Simple Tuple,8,8,8,A1
migrations,0027_sponsorbenefit_program_name.py,Simple Atributte,6,6,16,A2
migrations,0027_sponsorbenefit_program_name.py,Simple Atributte,12,12,8,A2
migrations,0027_sponsorbenefit_program_name.py,Simple Atributte,15,15,18,A2
migrations,0027_sponsorbenefit_program_name.py,Simple Assignment,7,9,4,A1
migrations,0027_sponsorbenefit_program_name.py,Simple Assignment,11,23,4,A1
migrations,0027_sponsorbenefit_program_name.py,From,3,3,0,A2
migrations,0027_sponsorbenefit_program_name.py,Alias,3,3,22,A1
migrations,0027_sponsorbenefit_program_name.py,Alias,3,3,34,A1
migrations,0027_sponsorbenefit_program_name.py,Simple Class ,6,23,0,B1
migrations,0033_tieredquantity_tieredquantityconfiguration.py,Simple List,8,10,19,A1
migrations,0033_tieredquantity_tieredquantityconfiguration.py,Simple List,12,75,17,A1
migrations,0033_tieredquantity_tieredquantityconfiguration.py,Simple List,15,35,19,A1
migrations,0033_tieredquantity_tieredquantityconfiguration.py,Simple List,46,66,19,A1
migrations,0033_tieredquantity_tieredquantityconfiguration.py,Simple Tuple,9,9,8,A1
migrations,0033_tieredquantity_tieredquantityconfiguration.py,Simple Tuple,42,42,18,A1
migrations,0033_tieredquantity_tieredquantityconfiguration.py,Simple Tuple,73,73,18,A1
migrations,0033_tieredquantity_tieredquantityconfiguration.py,Simple Tuple,16,26,16,A1
migrations,0033_tieredquantity_tieredquantityconfiguration.py,Simple Tuple,27,27,16,A1
migrations,0033_tieredquantity_tieredquantityconfiguration.py,Simple Tuple,28,34,16,A1
migrations,0033_tieredquantity_tieredquantityconfiguration.py,Simple Tuple,47,57,16,A1
migrations,0033_tieredquantity_tieredquantityconfiguration.py,Simple Tuple,58,58,16,A1
migrations,0033_tieredquantity_tieredquantityconfiguration.py,Simple Tuple,59,65,16,A1
migrations,0033_tieredquantity_tieredquantityconfiguration.py,Simple Dictionary,36,41,20,A2
migrations,0033_tieredquantity_tieredquantityconfiguration.py,Simple Dictionary,67,72,20,A2
