case,file,file_name,function,parent,lineno,endline,complexity,radon_grade,radon_grade_num,n_pycefr_constructs,n_pycefr_classes,max_level_num,max_level,mean_level_num,level_counts,top_classes
30-Days-Of-Python,/home/juan/Documents/Analisis-CC-PyCEFR/30-Days-Of-Python/mymodule.py,mymodule.py,generate_full_name,,1,4,1,A,1,8,4,1.0,A1,1.0,"{""A1"": 8}","{""Simple Assignment"": 2, ""Assigment with sum (total = total + 1)"": 2, ""Function with Simple argument"": 2, ""Return"": 2}"
30-Days-Of-Python,/home/juan/Documents/Analisis-CC-PyCEFR/30-Days-Of-Python/mymodule.py,mymodule.py,sum_two_nums,,7,8,1,A,1,4,3,1.0,A1,1.0,"{""A1"": 4}","{""Return"": 2, ""Simple Assignment"": 1, ""Function with Simple argument"": 1}"
30-Days-Of-Python,/home/juan/Documents/Analisis-CC-PyCEFR/30-Days-Of-Python/12_Day_Modules/mymodule.py,mymodule.py,generate_full_name,,1,4,1,A,1,8,4,1.0,A1,1.0,"{""A1"": 8}","{""Simple Assignment"": 2, ""Assigment with sum (total = total + 1)"": 2, ""Function with Simple argument"": 2, ""Return"": 2}"
30-Days-Of-Python,/home/juan/Documents/Analisis-CC-PyCEFR/30-Days-Of-Python/12_Day_Modules/mymodule.py,mymodule.py,sum_two_nums,,6,7,1,A,1,2,2,1.0,A1,1.0,"{""A1"": 2}","{""Function with Simple argument"": 1, ""Return"": 1}"
30-Days-Of-Python,/home/juan/Documents/Analisis-CC-PyCEFR/30-Days-Of-Python/20_Day_Python_package_manager/arithmetic.py,arithmetic.py,add_numbers,,1,5,2,A,1,5,5,3.0,B1,1.6,"{""A1"": 3, ""A2"": 1, ""B1"": 1}","{""Simple Assignment"": 1, ""Simplified incremental Assignment with increase amount"": 1, ""Simple For Loop"": 1, ""Function with * argument "": 1, ""Return"": 1}"
30-Days-Of-Python,/home/juan/Documents/Analisis-CC-PyCEFR/30-Days-Of-Python/20_Day_Python_package_manager/arithmetic.py,arithmetic.py,subtract,,8,9,1,A,1,2,2,1.0,A1,1.0,"{""A1"": 2}","{""Function with Simple argument"": 1, ""Return"": 1}"
30-Days-Of-Python,/home/juan/Documents/Analisis-CC-PyCEFR/30-Days-Of-Python/20_Day_Python_package_manager/arithmetic.py,arithmetic.py,multiple,,12,13,1,A,1,2,2,1.0,A1,1.0,"{""A1"": 2}","{""Function with Simple argument"": 1, ""Return"": 1}"
30-Days-Of-Python,/home/juan/Documents/Analisis-CC-PyCEFR/30-Days-Of-Python/20_Day_Python_package_manager/arithmetic.py,arithmetic.py,division,,16,17,1,A,1,2,2,1.0,A1,1.0,"{""A1"": 2}","{""Function with Simple argument"": 1, ""Return"": 1}"
30-Days-Of-Python,/home/juan/Documents/Analisis-CC-PyCEFR/30-Days-Of-Python/20_Day_Python_package_manager/arithmetic.py,arithmetic.py,remainder,,20,21,1,A,1,2,2,1.0,A1,1.0,"{""A1"": 2}","{""Function with Simple argument"": 1, ""Return"": 1}"
30-Days-Of-Python,/home/juan/Documents/Analisis-CC-PyCEFR/30-Days-Of-Python/20_Day_Python_package_manager/arithmetic.py,arithmetic.py,power,,24,25,1,A,1,2,2,1.0,A1,1.0,"{""A1"": 2}","{""Function with Simple argument"": 1, ""Return"": 1}"
30-Days-Of-Python,/home/juan/Documents/Analisis-CC-PyCEFR/30-Days-Of-Python/20_Day_Python_package_manager/greet.py,greet.py,greet_person,,1,2,1,A,1,10,4,1.0,A1,1.0,"{""A1"": 10}","{""Formatted Value"": 4, ""Joined String"": 2, ""Function with Simple argument"": 2, ""Return"": 2}"
30-Days-Of-Python,/home/juan/Documents/Analisis-CC-PyCEFR/30-Days-Of-Python/python_for_web/app.py,app.py,post,,29,35,3,A,1,11,6,2.0,A2,1.2727272727272727,"{""A1"": 8, ""A2"": 3}","{""Simple Atributte"": 3, ""Simple Assignment"": 2, ""Simple If statements"": 2, ""Return"": 2, ""Subscript"": 1, ""Function"": 1}"
30-Days-Of-Python,/home/juan/Documents/Analisis-CC-PyCEFR/30-Days-Of-Python/python_for_web/app.py,app.py,home,,11,14,1,A,1,5,4,1.0,A1,1.0,"{""A1"": 5}","{""Simple Assignment"": 2, ""Simple List"": 1, ""Function"": 1, ""Return"": 1}"
30-Days-Of-Python,/home/juan/Documents/Analisis-CC-PyCEFR/30-Days-Of-Python/python_for_web/app.py,app.py,about,,18,20,1,A,1,3,3,1.0,A1,1.0,"{""A1"": 3}","{""Simple Assignment"": 1, ""Function"": 1, ""Return"": 1}"
30-Days-Of-Python,/home/juan/Documents/Analisis-CC-PyCEFR/30-Days-Of-Python/python_for_web/app.py,app.py,result,,24,25,1,A,1,2,2,1.0,A1,1.0,"{""A1"": 2}","{""Function"": 1, ""Return"": 1}"
30-Days-Of-Python,/home/juan/Documents/Analisis-CC-PyCEFR/30-Days-Of-Python/mypackage/arithmetics.py,arithmetics.py,add_numbers,,1,5,2,A,1,5,5,3.0,B1,1.6,"{""A1"": 3, ""A2"": 1, ""B1"": 1}","{""Simple Assignment"": 1, ""Simplified incremental Assignment with increase amount"": 1, ""Simple For Loop"": 1, ""Function with * argument "": 1, ""Return"": 1}"
30-Days-Of-Python,/home/juan/Documents/Analisis-CC-PyCEFR/30-Days-Of-Python/mypackage/arithmetics.py,arithmetics.py,subtract,,8,9,1,A,1,2,2,1.0,A1,1.0,"{""A1"": 2}","{""Function with Simple argument"": 1, ""Return"": 1}"
30-Days-Of-Python,/home/juan/Documents/Analisis-CC-PyCEFR/30-Days-Of-Python/mypackage/arithmetics.py,arithmetics.py,multiple,,12,13,1,A,1,2,2,1.0,A1,1.0,"{""A1"": 2}","{""Function with Simple argument"": 1, ""Return"": 1}"
30-Days-Of-Python,/home/juan/Documents/Analisis-CC-PyCEFR/30-Days-Of-Python/mypackage/arithmetics.py,arithmetics.py,division,,16,17,1,A,1,2,2,1.0,A1,1.0,"{""A1"": 2}","{""Function with Simple argument"": 1, ""Return"": 1}"
30-Days-Of-Python,/home/juan/Documents/Analisis-CC-PyCEFR/30-Days-Of-Python/mypackage/arithmetics.py,arithmetics.py,remainder,,20,21,1,A,1,2,2,1.0,A1,1.0,"{""A1"": 2}","{""Function with Simple argument"": 1, ""Return"": 1}"
30-Days-Of-Python,/home/juan/Documents/Analisis-CC-PyCEFR/30-Days-Of-Python/mypackage/arithmetics.py,arithmetics.py,power,,24,25,1,A,1,2,2,1.0,A1,1.0,"{""A1"": 2}","{""Function with Simple argument"": 1, ""Return"": 1}"
30-Days-Of-Python,/home/juan/Documents/Analisis-CC-PyCEFR/30-Days-Of-Python/mypackage/greet.py,greet.py,greet_person,,1,2,1,A,1,10,4,1.0,A1,1.0,"{""A1"": 10}","{""Formatted Value"": 4, ""Joined String"": 2, ""Function with Simple argument"": 2, ""Return"": 2}"
Analisis-CC-PyCEFR,/home/juan/Documents/Analisis-CC-PyCEFR/Analisis-CC-PyCEFR/main.py,main.py,get_folder_name,,7,21,4,A,1,17,7,2.0,A2,1.2941176470588236,"{""A1"": 12, ""A2"": 5}","{""Simple Atributte"": 5, ""Simple If statements"": 3, ""Return"": 3, ""Unary Operation"": 2, ""Subscript"": 2, ""Simple Assignment"": 1, ""Function with Simple argument"": 1}"
Analisis-CC-PyCEFR,/home/juan/Documents/Analisis-CC-PyCEFR/Analisis-CC-PyCEFR/main.py,main.py,choose_option,,32,46,4,A,1,13,8,2.0,A2,1.2307692307692308,"{""A1"": 10, ""A2"": 3}","{""Simple Atributte"": 3, ""Simple If statements"": 3, ""Simple Assignment"": 2, ""Print"": 1, ""Unary Operation"": 1, ""Subscript"": 1, ""Assigment with sum (total = total + 1)"": 1, ""Function with Simple argument"": 1}"
Analisis-CC-PyCEFR,/home/juan/Documents/Analisis-CC-PyCEFR/Analisis-CC-PyCEFR/data/raw/generator.py,generator.py,extract_records,,206,248,10,B,2,50,16,5.0,C1,1.36,"{""A1"": 39, ""A2"": 7, ""B1"": 2, ""C1"": 1, ""B2"": 1}","{""Simple If statements"": 10, ""Simple Assignment"": 8, ""Simple Atributte"": 5, ""Simple Tuple"": 4, ""Subscript"": 4, ""Simple For Loop"": 3, ""Return"": 3, ""Unary Operation"": 2, ""Boolean Operation"": 2, ""For Loop with Tuple as name"": 2}"
Analisis-CC-PyCEFR,/home/juan/Documents/Analisis-CC-PyCEFR/Analisis-CC-PyCEFR/data/raw/generator.py,generator.py,walk,extract_records,228,245,10,B,2,18,9,4.0,B2,1.3333333333333333,"{""A1"": 14, ""A2"": 3, ""B2"": 1}","{""Simple If statements"": 5, ""Simple Assignment"": 4, ""Simple Atributte"": 2, ""Boolean Operation"": 2, ""Simple Tuple"": 1, ""For Loop with Tuple as name"": 1, ""Simple For Loop"": 1, ""Recursive Functions"": 1, ""Return"": 1}"
Analisis-CC-PyCEFR,/home/juan/Documents/Analisis-CC-PyCEFR/Analisis-CC-PyCEFR/data/raw/generator.py,generator.py,print_report,,328,370,10,B,2,104,9,1.0,A1,1.0,"{""A1"": 104}","{""Subscript"": 40, ""Formatted Value"": 28, ""Print"": 14, ""Joined String"": 11, ""Simple Assignment"": 3, ""Simple If statements"": 3, ""Simple For Loop"": 3, ""Simple Tuple"": 1, ""Boolean Operation"": 1}"
Analisis-CC-PyCEFR,/home/juan/Documents/Analisis-CC-PyCEFR/Analisis-CC-PyCEFR/data/raw/generator.py,generator.py,read_json,,66,157,8,B,2,47,18,5.0,C1,1.8297872340425532,"{""A2"": 23, ""A1"": 17, ""B1"": 6, ""C1"": 1}","{""Simple Atributte"": 17, ""Simple Assignment"": 6, ""Simple Dictionary"": 5, ""'raise' exception"": 3, ""Except Handler"": 3, ""Simple List"": 1, ""Formatted Value"": 1, ""Joined String"": 1, ""Files --> 'open' call function"": 1, ""If statements expression (else)"": 1}"
Analisis-CC-PyCEFR,/home/juan/Documents/Analisis-CC-PyCEFR/Analisis-CC-PyCEFR/data/raw/generator.py,generator.py,normalize_record,,182,202,8,B,2,19,7,3.0,B1,1.5263157894736843,"{""A1"": 14, ""B1"": 5}","{""Simple Assignment"": 7, ""If statements expression (else)"": 5, ""Simple Tuple"": 2, ""Subscript"": 2, ""Boolean Operation"": 1, ""Simple If statements"": 1, ""Return"": 1}"
Analisis-CC-PyCEFR,/home/juan/Documents/Analisis-CC-PyCEFR/Analisis-CC-PyCEFR/data/raw/generator.py,generator.py,compare,,269,324,7,B,2,54,13,3.0,B1,1.3333333333333333,"{""A1"": 39, ""A2"": 12, ""B1"": 3}","{""Simple Assignment"": 12, ""Subscript"": 11, ""Simple Atributte"": 10, ""Simple List"": 4, ""Simple Tuple"": 3, ""Simple If statements"": 3, ""Simple Dictionary"": 2, ""Unary Operation"": 2, ""Boolean Operation"": 2, ""'continue' statement"": 2}"
Analisis-CC-PyCEFR,/home/juan/Documents/Analisis-CC-PyCEFR/Analisis-CC-PyCEFR/data/raw/generator.py,generator.py,as_number,,160,168,4,A,1,11,7,3.0,B1,1.2727272727272727,"{""A1"": 9, ""A2"": 1, ""B1"": 1}","{""Return"": 4, ""Simple If statements"": 2, ""Simple Tuple"": 1, ""Simple Atributte"": 1, ""Exception --> try/except"": 1, ""Except Handler"": 1, ""Function with Simple argument"": 1}"
Analisis-CC-PyCEFR,/home/juan/Documents/Analisis-CC-PyCEFR/Analisis-CC-PyCEFR/data/raw/generator.py,generator.py,pick_first,,171,175,3,A,1,10,6,1.0,A1,1.0,"{""A1"": 10}","{""Subscript"": 3, ""Simple Tuple"": 2, ""Return"": 2, ""Simple If statements"": 1, ""Simple For Loop"": 1, ""Function with Simple argument"": 1}"
Analisis-CC-PyCEFR,/home/juan/Documents/Analisis-CC-PyCEFR/Analisis-CC-PyCEFR/data/raw/generator.py,generator.py,index_records,,260,266,3,A,1,24,9,2.0,A2,1.0416666666666667,"{""A1"": 23, ""A2"": 1}","{""Subscript"": 9, ""Simple Tuple"": 7, ""Simple Assignment"": 2, ""Simple Dictionary"": 1, ""Annotated Assignment"": 1, ""Simple If statements"": 1, ""Simple For Loop"": 1, ""Function with Simple argument"": 1, ""Return"": 1}"
Analisis-CC-PyCEFR,/home/juan/Documents/Analisis-CC-PyCEFR/Analisis-CC-PyCEFR/data/raw/generator.py,generator.py,debug_log,,27,42,2,A,1,14,12,3.0,B1,1.8571428571428572,"{""A2"": 6, ""A1"": 5, ""B1"": 3}","{""Simple Atributte"": 3, ""Simple Tuple"": 1, ""Simple Dictionary"": 1, ""Files --> 'open' call function"": 1, ""Files --> 'write' call function"": 1, ""Subscript"": 1, ""Simple Assignment"": 1, ""'pass' statement"": 1, ""Exception --> try/except"": 1, ""With"": 1}"
Analisis-CC-PyCEFR,/home/juan/Documents/Analisis-CC-PyCEFR/Analisis-CC-PyCEFR/data/raw/generator.py,generator.py,looks_like_path_key,,178,179,2,A,1,4,4,2.0,A2,1.25,"{""A1"": 3, ""A2"": 1}","{""Simple Atributte"": 1, ""Boolean Operation"": 1, ""Function with Simple argument"": 1, ""Return"": 1}"
Analisis-CC-PyCEFR,/home/juan/Documents/Analisis-CC-PyCEFR/Analisis-CC-PyCEFR/data/raw/generator.py,generator.py,main,,374,410,2,A,1,33,10,3.0,B1,1.5454545454545454,"{""A2"": 16, ""A1"": 16, ""B1"": 1}","{""Simple Atributte"": 15, ""Simple Assignment"": 8, ""Formatted Value"": 2, ""Joined String"": 2, ""Simple Dictionary"": 1, ""Print"": 1, ""Simple If statements"": 1, ""With"": 1, ""Function"": 1, ""Return"": 1}"
Analisis-CC-PyCEFR,/home/juan/Documents/Analisis-CC-PyCEFR/Analisis-CC-PyCEFR/data/raw/generator.py,generator.py,parse_args,,45,63,1,A,1,10,4,2.0,A2,1.7,"{""A2"": 7, ""A1"": 3}","{""Simple Atributte"": 7, ""Simple Assignment"": 1, ""Function"": 1, ""Return"": 1}"
Analisis-CC-PyCEFR,/home/juan/Documents/Analisis-CC-PyCEFR/Analisis-CC-PyCEFR/data/raw/generator.py,generator.py,make_key,,251,256,1,A,1,8,2,1.0,A1,1.0,"{""A1"": 8}","{""Subscript"": 6, ""Simple Tuple"": 2}"
python-algorithms,/home/juan/Documents/Analisis-CC-PyCEFR/python-algorithms/algorithms/src/graph_algorithms/bellman_ford_algorithm/bellman_ford_algorithm.py,bellman_ford_algorithm.py,bellmanFord,,6,24,8,B,2,61,13,2.0,A2,1.0655737704918034,"{""A1"": 57, ""A2"": 4}","{""Subscript"": 16, ""Simple Assignment"": 8, ""Assigment with sum (total = total + 1)"": 6, ""Simple List"": 4, ""Simple Tuple"": 4, ""Boolean Operation"": 4, ""Simple If statements"": 4, ""Simple For Loop"": 4, ""Return"": 4, ""'range' call function"": 2}"
python-algorithms,/home/juan/Documents/Analisis-CC-PyCEFR/python-algorithms/algorithms/src/graph_algorithms/bfs/breath_first_search.py,breath_first_search.py,bfs,,3,17,5,A,1,18,10,3.0,B1,1.3333333333333333,"{""A1"": 13, ""A2"": 4, ""B1"": 1}","{""Simple Atributte"": 4, ""Simple Assignment"": 3, ""Simple List"": 2, ""Simple Tuple"": 2, ""Simple If statements"": 2, ""Subscript"": 1, ""Simple For Loop"": 1, ""While with Else Loop"": 1, ""Function with Simple argument"": 1, ""Return"": 1}"
python-algorithms,/home/juan/Documents/Analisis-CC-PyCEFR/python-algorithms/algorithms/src/graph_algorithms/dijkstras_algorithm/dijkstras_algorithm_with_min_heap.py,dijkstras_algorithm_with_min_heap.py,dijkstra,,31,45,5,A,1,46,12,5.0,C1,1.3043478260869565,"{""A1"": 40, ""A2"": 2, ""C1"": 2, ""B1"": 2}","{""Simple Assignment"": 12, ""Simple Tuple"": 8, ""Subscript"": 8, ""Simple List"": 2, ""'range' call function"": 2, ""Simple List Comprehension"": 2, ""Assigment with sum (total = total + 1)"": 2, ""Simple If statements"": 2, ""Simple For Loop"": 2, ""While with Else Loop"": 2}"
python-algorithms,/home/juan/Documents/Analisis-CC-PyCEFR/python-algorithms/algorithms/src/graph_algorithms/dijkstras_algorithm/dijkstras_algorithm_with_sorted_set.py,dijkstras_algorithm_with_sorted_set.py,dijkstra,,3,21,6,B,2,60,12,5.0,C1,1.3666666666666667,"{""A1"": 46, ""A2"": 10, ""C1"": 2, ""B1"": 2}","{""Subscript"": 12, ""Simple Assignment"": 12, ""Simple Tuple"": 10, ""Simple Atributte"": 8, ""Simple If statements"": 4, ""'range' call function"": 2, ""Simple List Comprehension"": 2, ""Assigment with sum (total = total + 1)"": 2, ""Simple For Loop"": 2, ""While with Else Loop"": 2}"
python-algorithms,/home/juan/Documents/Analisis-CC-PyCEFR/python-algorithms/algorithms/src/graph_algorithms/kosarajus_algorithm/kosarajus_algorithm.py,kosarajus_algorithm.py,get_strongly_connected_components,,1,17,5,A,1,44,11,3.0,B1,1.2272727272727273,"{""A1"": 36, ""A2"": 6, ""B1"": 2}","{""Simple Assignment"": 10, ""Simple List"": 8, ""Simple Tuple"": 4, ""Simple Atributte"": 4, ""Subscript"": 4, ""Simple If statements"": 4, ""'range' call function"": 2, ""Simple For Loop"": 2, ""While with Else Loop"": 2, ""Function with Simple argument"": 2}"
python-algorithms,/home/juan/Documents/Analisis-CC-PyCEFR/python-algorithms/algorithms/src/graph_algorithms/kosarajus_algorithm/kosarajus_algorithm.py,kosarajus_algorithm.py,transpose_graph,,26,33,4,A,1,28,10,5.0,C1,1.5714285714285714,"{""A1"": 18, ""A2"": 8, ""C1"": 2}","{""Subscript"": 6, ""'range' call function"": 4, ""Simple Assignment"": 4, ""Simple List"": 2, ""Simple Atributte"": 2, ""Simple List Comprehension"": 2, ""1 Nested For Loop"": 2, ""Simple For Loop"": 2, ""Function with Simple argument"": 2, ""Return"": 2}"
python-algorithms,/home/juan/Documents/Analisis-CC-PyCEFR/python-algorithms/algorithms/src/graph_algorithms/kosarajus_algorithm/kosarajus_algorithm.py,kosarajus_algorithm.py,top_sort,,19,24,3,A,1,16,6,4.0,B2,1.5,"{""A1"": 12, ""A2"": 2, ""B2"": 2}","{""Subscript"": 6, ""Simple Atributte"": 2, ""Simple Assignment"": 2, ""Simple If statements"": 2, ""Simple For Loop"": 2, ""Recursive Functions"": 2}"
python-algorithms,/home/juan/Documents/Analisis-CC-PyCEFR/python-algorithms/algorithms/src/graph_algorithms/kosarajus_algorithm/kosarajus_algorithm.py,kosarajus_algorithm.py,get_components,,35,41,3,A,1,16,6,4.0,B2,1.5,"{""A1"": 12, ""A2"": 2, ""B2"": 2}","{""Subscript"": 6, ""Simple Atributte"": 2, ""Simple Assignment"": 2, ""Simple If statements"": 2, ""Simple For Loop"": 2, ""Recursive Functions"": 2}"
python-algorithms,/home/juan/Documents/Analisis-CC-PyCEFR/python-algorithms/algorithms/src/graph_algorithms/topological_sort/topological_sort_recursion.py,topological_sort_recursion.py,Graph,,3,29,3,A,1,28,10,3.0,B1,1.4285714285714286,"{""A1"": 17, ""A2"": 10, ""B1"": 1}","{""Simple Atributte"": 10, ""Function with Simple argument"": 4, ""Simple Assignment"": 3, ""Simple List"": 2, ""Subscript"": 2, ""Simple If statements"": 2, ""Simple For Loop"": 2, ""Unary Operation"": 1, ""Return"": 1, ""Inherited Class from object Using the constructor method --> __init__"": 1}"
python-algorithms,/home/juan/Documents/Analisis-CC-PyCEFR/python-algorithms/algorithms/src/graph_algorithms/topological_sort/topological_sort_recursion.py,topological_sort_recursion.py,topological_sort_util,,11,18,3,A,1,9,6,2.0,A2,1.4444444444444444,"{""A1"": 5, ""A2"": 4}","{""Simple Atributte"": 4, ""Unary Operation"": 1, ""Subscript"": 1, ""Simple If statements"": 1, ""Simple For Loop"": 1, ""Function with Simple argument"": 1}"
python-algorithms,/home/juan/Documents/Analisis-CC-PyCEFR/python-algorithms/algorithms/src/graph_algorithms/topological_sort/topological_sort_recursion.py,topological_sort_recursion.py,topological_sort,,20,29,3,A,1,11,7,2.0,A2,1.2727272727272727,"{""A1"": 8, ""A2"": 3}","{""Simple Atributte"": 3, ""Simple List"": 2, ""Simple Assignment"": 2, ""Simple If statements"": 1, ""Simple For Loop"": 1, ""Function with Simple argument"": 1, ""Return"": 1}"
python-algorithms,/home/juan/Documents/Analisis-CC-PyCEFR/python-algorithms/algorithms/src/graph_algorithms/topological_sort/topological_sort_recursion.py,topological_sort_recursion.py,__init__,,4,5,1,A,1,3,3,2.0,A2,1.3333333333333333,"{""A1"": 2, ""A2"": 1}","{""Simple Atributte"": 1, ""Simple Assignment"": 1, ""Function with Simple argument"": 1}"
python-algorithms,/home/juan/Documents/Analisis-CC-PyCEFR/python-algorithms/algorithms/src/graph_algorithms/topological_sort/topological_sort_recursion.py,topological_sort_recursion.py,add_edge,,8,9,1,A,1,4,3,2.0,A2,1.5,"{""A2"": 2, ""A1"": 2}","{""Simple Atributte"": 2, ""Subscript"": 1, ""Function with Simple argument"": 1}"
python-algorithms,/home/juan/Documents/Analisis-CC-PyCEFR/python-algorithms/algorithms/src/graph_algorithms/topological_sort/topological_sort_bfs.py,topological_sort_bfs.py,topological_sort,,13,45,10,B,2,40,14,5.0,C1,1.475,"{""A1"": 28, ""A2"": 9, ""C1"": 2, ""B1"": 1}","{""Subscript"": 8, ""Simple Assignment"": 6, ""Simple Atributte"": 5, ""Simple List"": 3, ""Simple If statements"": 3, ""Simple For Loop"": 3, ""Simple Tuple"": 2, ""'range' call function"": 2, ""Simple Dictionary Comprehension"": 2, ""Return"": 2}"
python-algorithms,/home/juan/Documents/Analisis-CC-PyCEFR/python-algorithms/algorithms/src/graph_algorithms/topological_sort/topological_sort_bfs.py,topological_sort_bfs.py,main,,47,53,1,A,1,24,6,2.0,A2,1.125,"{""A1"": 21, ""A2"": 3}","{""Simple List"": 17, ""Print"": 3, ""4 Nested List"": 1, ""5 Nested List"": 1, ""8 Nested List"": 1, ""Function"": 1}"
python-algorithms,/home/juan/Documents/Analisis-CC-PyCEFR/python-algorithms/algorithms/src/graph_algorithms/single_source_shortest_path_problem/sss_path_bfs.py,sss_path_bfs.py,find_shortest_path,,15,29,4,A,1,19,10,3.0,B1,1.4210526315789473,"{""A1"": 12, ""A2"": 6, ""B1"": 1}","{""Simple Atributte"": 6, ""Simple Assignment"": 4, ""Simple List"": 2, ""Unary Operation"": 1, ""Subscript"": 1, ""Simple If statements"": 1, ""Simple For Loop"": 1, ""While with Else Loop"": 1, ""Function with Simple argument"": 1, ""Return"": 1}"
python-algorithms,/home/juan/Documents/Analisis-CC-PyCEFR/python-algorithms/algorithms/src/graph_algorithms/single_source_shortest_path_problem/sss_path_bfs.py,sss_path_bfs.py,Graph,,6,29,3,A,1,30,13,3.0,B1,1.5,"{""A1"": 17, ""A2"": 11, ""B1"": 2}","{""Simple Atributte"": 9, ""Simple Assignment"": 6, ""Simple List"": 2, ""Subscript"": 2, ""Simple If statements"": 2, ""Function with Simple argument"": 2, ""Simple Dictionary"": 1, ""Unary Operation"": 1, ""Simple For Loop"": 1, ""While with Else Loop"": 1}"
python-algorithms,/home/juan/Documents/Analisis-CC-PyCEFR/python-algorithms/algorithms/src/graph_algorithms/single_source_shortest_path_problem/sss_path_bfs.py,sss_path_bfs.py,__init__,,7,10,2,A,1,6,5,2.0,A2,1.5,"{""A2"": 3, ""A1"": 3}","{""Simple Assignment"": 2, ""Simple Dictionary"": 1, ""Simple Atributte"": 1, ""Simple If statements"": 1, ""Function with Simple argument with Default argument"": 1}"
python-algorithms,/home/juan/Documents/Analisis-CC-PyCEFR/python-algorithms/algorithms/src/graph_algorithms/single_source_shortest_path_problem/sss_path_bfs.py,sss_path_bfs.py,add_edge,,12,13,1,A,1,4,3,2.0,A2,1.5,"{""A2"": 2, ""A1"": 2}","{""Simple Atributte"": 2, ""Subscript"": 1, ""Function with Simple argument"": 1}"
python-algorithms,/home/juan/Documents/Analisis-CC-PyCEFR/python-algorithms/algorithms/src/graph_algorithms/dfs/depth_first_search.py,depth_first_search.py,dfs,,2,15,5,A,1,17,10,3.0,B1,1.3529411764705883,"{""A1"": 12, ""A2"": 4, ""B1"": 1}","{""Simple Atributte"": 4, ""Simple List"": 2, ""Simple Tuple"": 2, ""Simple Assignment"": 2, ""Simple If statements"": 2, ""Subscript"": 1, ""Simple For Loop"": 1, ""While with Else Loop"": 1, ""Function with Simple argument"": 1, ""Return"": 1}"
python-algorithms,/home/juan/Documents/Analisis-CC-PyCEFR/python-algorithms/algorithms/src/graph_algorithms/floyd_warshall_algorithm/floyd_warshall_algorithm.py,floyd_warshall_algorithm.py,floyd_warshall,,2,20,11,C,3,44,9,2.0,A2,1.25,"{""A1"": 33, ""A2"": 11}","{""Subscript"": 18, ""'range' call function"": 7, ""Simple Assignment"": 5, ""1 Nested For Loop"": 4, ""Simple If statements"": 3, ""Simple For Loop"": 3, ""Unary Operation"": 2, ""Function with Simple argument"": 1, ""Return"": 1}"
python-algorithms,/home/juan/Documents/Analisis-CC-PyCEFR/python-algorithms/algorithms/src/graph_algorithms/minimum_spanning_trees/kruskals_algorithm/krusals_algorithm.py,krusals_algorithm.py,kruskals_algo,,33,48,4,A,1,30,12,3.0,B1,1.2666666666666666,"{""A1"": 23, ""A2"": 6, ""B1"": 1}","{""Simple Tuple"": 6, ""Subscript"": 6, ""Simple Atributte"": 4, ""Simple List"": 3, ""Simple Assignment"": 3, ""Simple For Loop"": 2, ""'range' call function"": 1, ""Simplified incremental Assignment with increase amount"": 1, ""Simple If statements"": 1, ""Function with Simple argument"": 1}"
python-algorithms,/home/juan/Documents/Analisis-CC-PyCEFR/python-algorithms/algorithms/src/graph_algorithms/minimum_spanning_trees/kruskals_algorithm/krusals_algorithm.py,krusals_algorithm.py,union,,5,14,3,A,1,17,5,2.0,A2,1.0588235294117647,"{""A1"": 16, ""A2"": 1}","{""Subscript"": 8, ""Simple Assignment"": 5, ""Simple If statements"": 2, ""Simplified incremental Assignment with increase amount"": 1, ""Function with Simple argument"": 1}"
python-algorithms,/home/juan/Documents/Analisis-CC-PyCEFR/python-algorithms/algorithms/src/graph_algorithms/minimum_spanning_trees/kruskals_algorithm/krusals_algorithm.py,krusals_algorithm.py,find_parent,,1,3,2,A,1,6,4,4.0,B2,1.5,"{""A1"": 5, ""B2"": 1}","{""Subscript"": 2, ""Return"": 2, ""Simple If statements"": 1, ""Recursive Functions"": 1}"
python-algorithms,/home/juan/Documents/Analisis-CC-PyCEFR/python-algorithms/algorithms/src/graph_algorithms/minimum_spanning_trees/prims_algorithm/prims_2.py,prims_2.py,prims_algo,,3,21,6,B,2,36,13,3.0,B1,1.1111111111111112,"{""A1"": 33, ""A2"": 2, ""B1"": 1}","{""Simple Assignment"": 7, ""Simple Tuple"": 6, ""Unary Operation"": 5, ""Subscript"": 5, ""Simple List"": 4, ""Simple If statements"": 2, ""Simple Atributte"": 1, ""Boolean Operation"": 1, ""Simplified incremental Assignment with increase amount"": 1, ""Simple For Loop"": 1}"
python-algorithms,/home/juan/Documents/Analisis-CC-PyCEFR/python-algorithms/algorithms/src/graph_algorithms/minimum_spanning_trees/prims_algorithm/prims.py,prims.py,prims_algo,,3,17,5,A,1,26,13,3.0,B1,1.1923076923076923,"{""A1"": 23, ""B1"": 2, ""A2"": 1}","{""Simple Assignment"": 5, ""Simple Tuple"": 4, ""Subscript"": 4, ""Simple List"": 2, ""Unary Operation"": 2, ""Simple If statements"": 2, ""Assigment with sum (total = total + 1)"": 1, ""Simplified incremental Assignment with increase amount"": 1, ""Simple For Loop"": 1, ""While with Else Loop"": 1}"
python-algorithms,/home/juan/Documents/Analisis-CC-PyCEFR/python-algorithms/algorithms/src/sorting_algorithms/insertion_sort.py,insertion_sort.py,insertion_sort,,4,11,4,A,1,17,11,3.0,B1,1.3529411764705883,"{""A1"": 12, ""A2"": 4, ""B1"": 1}","{""Simple Assignment"": 4, ""Subscript"": 2, ""Simple Tuple"": 2, ""Simple Atributte"": 2, ""'range' call function"": 1, ""Boolean Operation"": 1, ""Simplified incremental Assignment with decrease subtraction"": 1, ""Simple For Loop"": 1, ""While with Else Loop"": 1, ""Function with Simple argument"": 1}"
python-algorithms,/home/juan/Documents/Analisis-CC-PyCEFR/python-algorithms/algorithms/src/sorting_algorithms/insertion_sort.py,insertion_sort.py,swap,,14,15,1,A,1,16,7,3.0,B1,1.4375,"{""A1"": 10, ""A2"": 5, ""B1"": 1}","{""Simple Atributte"": 5, ""Subscript"": 4, ""Simple Tuple"": 2, ""Simple Assignment"": 2, ""Function with Simple argument"": 1, ""Boolean Operation"": 1, ""While with Else Loop"": 1}"
python-algorithms,/home/juan/Documents/Analisis-CC-PyCEFR/python-algorithms/algorithms/src/sorting_algorithms/selection_sort.py,selection_sort.py,selection_sort,,4,15,4,A,1,12,9,3.0,B1,1.3333333333333333,"{""A1"": 9, ""A2"": 2, ""B1"": 1}","{""Simple Assignment"": 3, ""Subscript"": 2, ""'range' call function"": 1, ""Simplified incremental Assignment with increase amount"": 1, ""Simple If statements"": 1, ""Simple For Loop"": 1, ""While with Else Loop"": 1, ""Function with Simple argument"": 1, ""Return"": 1}"
python-algorithms,/home/juan/Documents/Analisis-CC-PyCEFR/python-algorithms/algorithms/src/sorting_algorithms/selection_sort.py,selection_sort.py,swap,,18,19,1,A,1,8,4,1.0,A1,1.0,"{""A1"": 8}","{""Subscript"": 4, ""Simple Tuple"": 2, ""Simple Assignment"": 1, ""Function with Simple argument"": 1}"
python-algorithms,/home/juan/Documents/Analisis-CC-PyCEFR/python-algorithms/algorithms/src/sorting_algorithms/merge_sort.py,merge_sort.py,merge_sort_helper,,12,35,6,B,2,31,10,3.0,B1,1.4193548387096775,"{""A1"": 21, ""A2"": 7, ""B1"": 3}","{""Subscript"": 10, ""Simplified incremental Assignment with increase amount"": 7, ""Simple Assignment"": 5, ""While with Else Loop"": 3, ""Simple List"": 1, ""Boolean Operation"": 1, ""Assigment with sum (total = total + 1)"": 1, ""Simple If statements"": 1, ""Function with Simple argument"": 1, ""Return"": 1}"
python-algorithms,/home/juan/Documents/Analisis-CC-PyCEFR/python-algorithms/algorithms/src/sorting_algorithms/merge_sort.py,merge_sort.py,merge_sort,,1,10,2,A,1,12,7,4.0,B2,1.25,"{""A1"": 11, ""B2"": 1}","{""Simple Assignment"": 3, ""Subscript"": 2, ""Slice"": 2, ""Return"": 2, ""Assigment with sum (total = total + 1)"": 1, ""Simple If statements"": 1, ""Recursive Functions"": 1}"
python-algorithms,/home/juan/Documents/Analisis-CC-PyCEFR/python-algorithms/algorithms/src/sorting_algorithms/bubble_sort.py,bubble_sort.py,bubble_sort,,4,14,4,A,1,12,9,3.0,B1,1.25,"{""A1"": 10, ""A2"": 1, ""B1"": 1}","{""Simple Assignment"": 3, ""Subscript"": 2, ""'range' call function"": 1, ""Unary Operation"": 1, ""Simple If statements"": 1, ""Simple For Loop"": 1, ""While with Else Loop"": 1, ""Function with Simple argument"": 1, ""Return"": 1}"
python-algorithms,/home/juan/Documents/Analisis-CC-PyCEFR/python-algorithms/algorithms/src/sorting_algorithms/bubble_sort.py,bubble_sort.py,swap,,17,18,1,A,1,8,4,1.0,A1,1.0,"{""A1"": 8}","{""Subscript"": 4, ""Simple Tuple"": 2, ""Simple Assignment"": 1, ""Function with Simple argument"": 1}"
python-algorithms,/home/juan/Documents/Analisis-CC-PyCEFR/python-algorithms/algorithms/src/sorting_algorithms/quick_sort.py,quick_sort.py,quick_sort_helper,,8,28,7,B,2,21,10,4.0,B2,1.3333333333333333,"{""A1"": 17, ""A2"": 2, ""B1"": 1, ""B2"": 1}","{""Subscript"": 8, ""Simple If statements"": 4, ""Simple Assignment"": 2, ""Boolean Operation"": 1, ""Assigment with sum (total = total + 1)"": 1, ""Simplified incremental Assignment with increase amount"": 1, ""Simplified incremental Assignment with decrease subtraction"": 1, ""While with Else Loop"": 1, ""Recursive Functions"": 1, ""Return"": 1}"
python-algorithms,/home/juan/Documents/Analisis-CC-PyCEFR/python-algorithms/algorithms/src/sorting_algorithms/quick_sort.py,quick_sort.py,quick_sort,,4,6,1,A,1,2,2,1.0,A1,1.0,"{""A1"": 2}","{""Function with Simple argument"": 1, ""Return"": 1}"
python-algorithms,/home/juan/Documents/Analisis-CC-PyCEFR/python-algorithms/algorithms/src/sorting_algorithms/quick_sort.py,quick_sort.py,swap,,31,32,1,A,1,8,4,1.0,A1,1.0,"{""A1"": 8}","{""Subscript"": 4, ""Simple Tuple"": 2, ""Simple Assignment"": 1, ""Function with Simple argument"": 1}"
python-algorithms,/home/juan/Documents/Analisis-CC-PyCEFR/python-algorithms/algorithms/src/general_algorithms/kadanes_algorithm.py,kadanes_algorithm.py,kadanes_algorithm_2,,13,27,5,A,1,26,11,2.0,A2,1.0384615384615385,"{""A1"": 25, ""A2"": 1}","{""Subscript"": 7, ""Simple Assignment"": 6, ""Simple Tuple"": 4, ""Simple If statements"": 2, ""'range' call function"": 1, ""Boolean Operation"": 1, ""Slice"": 1, ""Assigment with sum (total = total + 1)"": 1, ""Simple For Loop"": 1, ""Function with Simple argument"": 1}"
python-algorithms,/home/juan/Documents/Analisis-CC-PyCEFR/python-algorithms/algorithms/src/general_algorithms/kadanes_algorithm.py,kadanes_algorithm.py,kadanes_algorithm,,2,9,2,A,1,12,7,1.0,A1,1.0,"{""A1"": 12}","{""Subscript"": 3, ""Simple Assignment"": 3, ""Simple Tuple"": 2, ""Slice"": 1, ""Simple For Loop"": 1, ""Function with Simple argument"": 1, ""Return"": 1}"
python-algorithms,/home/juan/Documents/Analisis-CC-PyCEFR/python-algorithms/blind_75/src/arrays/contains_duplicate/contains_duplicate.py,contains_duplicate.py,contains_duplicate,,1,9,3,A,1,16,9,2.0,A2,1.1875,"{""A1"": 13, ""A2"": 3}","{""Return"": 3, ""Simple Atributte"": 2, ""Subscript"": 2, ""Simple Assignment"": 2, ""Simple If statements"": 2, ""Simple For Loop"": 2, ""Simple Dictionary"": 1, ""Assigment with sum (total = total + 1)"": 1, ""Function with Simple argument"": 1}"
python-algorithms,/home/juan/Documents/Analisis-CC-PyCEFR/python-algorithms/blind_75/src/arrays/contains_duplicate/contains_duplicate.py,contains_duplicate.py,contains_duplicate_2,,12,20,3,A,1,11,7,2.0,A2,1.1818181818181819,"{""A1"": 9, ""A2"": 2}","{""Return"": 3, ""Simple Assignment"": 2, ""Simple If statements"": 2, ""Simple Atributte"": 1, ""Simple For Loop"": 1, ""Function with Simple argument"": 1, ""Simple Dictionary"": 1}"
python-algorithms,/home/juan/Documents/Analisis-CC-PyCEFR/python-algorithms/blind_75/src/arrays/product_of_array_except_self/product_of_array_except_self.py,product_of_array_except_self.py,product_except_self,,4,17,3,A,1,20,10,2.0,A2,1.25,"{""A1"": 15, ""A2"": 5}","{""Subscript"": 4, ""Simple Assignment"": 3, ""Simplified incremental Assignment with increase multiplication"": 3, ""'range' call function"": 2, ""Unary Operation"": 2, ""Simple For Loop"": 2, ""Simple List"": 1, ""Assigment with sum (total = total + 1)"": 1, ""Function with Simple argument"": 1, ""Return"": 1}"
python-algorithms,/home/juan/Documents/Analisis-CC-PyCEFR/python-algorithms/blind_75/src/arrays/buy_and_sell_stock/buy_and_sell_stock.py,buy_and_sell_stock.py,max_profit,,1,14,3,A,1,16,9,3.0,B1,1.1875,"{""A1"": 14, ""A2"": 1, ""B1"": 1}","{""Subscript"": 4, ""Simple Assignment"": 4, ""Simple Tuple"": 2, ""Assigment with sum (total = total + 1)"": 1, ""Simplified incremental Assignment with increase amount"": 1, ""Simple If statements"": 1, ""While with Else Loop"": 1, ""Function with Simple argument"": 1, ""Return"": 1}"
python-algorithms,/home/juan/Documents/Analisis-CC-PyCEFR/python-algorithms/blind_75/src/arrays/two_sum/two_sum.py,two_sum.py,two_sum,,1,12,3,A,1,39,14,6.0,C2,1.2820512820512822,"{""A1"": 32, ""A2"": 6, ""C2"": 1}","{""Subscript"": 7, ""Return"": 6, ""Simple Assignment"": 5, ""Simple If statements"": 4, ""Simple List"": 3, ""Assigment with sum (total = total + 1)"": 3, ""Simple Dictionary"": 2, ""Function with Simple argument"": 2, ""Simple Atributte"": 2, ""Simple Tuple"": 1}"
python-algorithms,/home/juan/Documents/Analisis-CC-PyCEFR/python-algorithms/blind_75/src/linkedlists/lc_23_merge_k_sorted_lists/merge_k_sorted_lists.py,merge_k_sorted_lists.py,mergeKLists,,18,28,5,A,1,40,12,3.0,B1,1.3,"{""A1"": 32, ""A2"": 4, ""B1"": 4}","{""Simple Assignment"": 9, ""Subscript"": 6, ""Simple Tuple"": 4, ""Return"": 4, ""Simple List"": 3, ""'range' call function"": 2, ""If statements expression (else)"": 2, ""Simple Atributte"": 2, ""Simple If statements"": 2, ""Simple For Loop"": 2}"
python-algorithms,/home/juan/Documents/Analisis-CC-PyCEFR/python-algorithms/blind_75/src/linkedlists/lc_23_merge_k_sorted_lists/merge_k_sorted_lists.py,merge_k_sorted_lists.py,mergeTwoLists,,30,40,5,A,1,58,8,3.0,B1,1.4137931034482758,"{""A1"": 36, ""A2"": 20, ""B1"": 2}","{""Simple Atributte"": 20, ""Simple Assignment"": 15, ""Simple Tuple"": 10, ""Boolean Operation"": 4, ""Simple If statements"": 3, ""While with Else Loop"": 2, ""Function with Simple argument"": 2, ""Return"": 2}"
python-algorithms,/home/juan/Documents/Analisis-CC-PyCEFR/python-algorithms/blind_75/src/linkedlists/lc_23_merge_k_sorted_lists/merge_k_sorted_lists.py,merge_k_sorted_lists.py,mergeKLists2,,54,68,4,A,1,54,10,3.0,B1,1.4074074074074074,"{""A1"": 35, ""A2"": 16, ""B1"": 3}","{""Simple Assignment"": 18, ""Simple Atributte"": 16, ""Simple Tuple"": 4, ""Simple List"": 3, ""While with Else Loop"": 3, ""Simple If statements"": 2, ""Simple For Loop"": 2, ""Function with Simple argument"": 2, ""Return"": 2, ""Print"": 2}"
python-algorithms,/home/juan/Documents/Analisis-CC-PyCEFR/python-algorithms/blind_75/src/linkedlists/lc_23_merge_k_sorted_lists/merge_k_sorted_lists.py,merge_k_sorted_lists.py,print_list,,75,78,2,A,1,12,5,3.0,B1,1.6666666666666667,"{""A1"": 6, ""A2"": 4, ""B1"": 2}","{""Simple Atributte"": 4, ""Print"": 2, ""Simple Assignment"": 2, ""While with Else Loop"": 2, ""Function with Simple argument"": 2}"
python-algorithms,/home/juan/Documents/Analisis-CC-PyCEFR/python-algorithms/blind_75/src/linkedlists/lc_23_merge_k_sorted_lists/merge_k_sorted_lists.py,merge_k_sorted_lists.py,ListNode,,4,10,2,A,1,25,6,3.0,B1,1.64,"{""A2"": 12, ""A1"": 11, ""B1"": 2}","{""Simple Atributte"": 10, ""Simple Assignment"": 6, ""Function with Simple argument"": 3, ""Function with Simple argument with Default argument"": 2, ""Return"": 2, ""Simple Class  Using the constructor method --> __init__"": 2}"
python-algorithms,/home/juan/Documents/Analisis-CC-PyCEFR/python-algorithms/blind_75/src/linkedlists/lc_23_merge_k_sorted_lists/merge_k_sorted_lists.py,merge_k_sorted_lists.py,__init__,,5,7,1,A,1,10,3,2.0,A2,1.6,"{""A2"": 6, ""A1"": 4}","{""Simple Atributte"": 4, ""Simple Assignment"": 4, ""Function with Simple argument with Default argument"": 2}"
python-algorithms,/home/juan/Documents/Analisis-CC-PyCEFR/python-algorithms/blind_75/src/linkedlists/lc_23_merge_k_sorted_lists/merge_k_sorted_lists.py,merge_k_sorted_lists.py,__lt__,,9,10,1,A,1,10,4,2.0,A2,1.5,"{""A2"": 5, ""A1"": 5}","{""Simple Atributte"": 5, ""Function with Simple argument"": 2, ""Return"": 2, ""Simple Assignment"": 1}"
python-algorithms,/home/juan/Documents/Analisis-CC-PyCEFR/python-algorithms/blind_75/src/linkedlists/lc_21_merge_two_sorted_lists/merge_two_sorted_lists.py,merge_two_sorted_lists.py,mergeTwoLists,,11,21,5,A,1,47,8,3.0,B1,1.4680851063829787,"{""A1"": 27, ""A2"": 18, ""B1"": 2}","{""Simple Atributte"": 18, ""Simple Assignment"": 10, ""Simple Tuple"": 8, ""Boolean Operation"": 4, ""Simple If statements"": 2, ""While with Else Loop"": 2, ""Return"": 2, ""Function with Simple argument"": 1}"
python-algorithms,/home/juan/Documents/Analisis-CC-PyCEFR/python-algorithms/blind_75/src/linkedlists/lc_21_merge_two_sorted_lists/merge_two_sorted_lists.py,merge_two_sorted_lists.py,ListNode,,2,5,2,A,1,12,4,3.0,B1,1.8333333333333333,"{""A2"": 6, ""A1"": 4, ""B1"": 2}","{""Simple Atributte"": 4, ""Simple Assignment"": 4, ""Function with Simple argument with Default argument"": 2, ""Simple Class  Using the constructor method --> __init__"": 2}"
python-algorithms,/home/juan/Documents/Analisis-CC-PyCEFR/python-algorithms/blind_75/src/linkedlists/lc_21_merge_two_sorted_lists/merge_two_sorted_lists.py,merge_two_sorted_lists.py,__init__,,3,5,1,A,1,10,3,2.0,A2,1.6,"{""A2"": 6, ""A1"": 4}","{""Simple Atributte"": 4, ""Simple Assignment"": 4, ""Function with Simple argument with Default argument"": 2}"
python-algorithms,/home/juan/Documents/Analisis-CC-PyCEFR/python-algorithms/blind_75/src/linkedlists/lc_19_remove_nth_node_from_list/remove_nth_node_from_list.py,remove_nth_node_from_list.py,removeNthFromEnd,,7,19,4,A,1,42,9,3.0,B1,1.5714285714285714,"{""A1"": 22, ""A2"": 16, ""B1"": 4}","{""Simple Atributte"": 14, ""Simple Assignment"": 10, ""Simple Tuple"": 4, ""While with Else Loop"": 4, ""Unary Operation"": 2, ""Boolean Operation"": 2, ""Simplified incremental Assignment with decrease subtraction"": 2, ""Function with Simple argument"": 2, ""Return"": 2}"
python-algorithms,/home/juan/Documents/Analisis-CC-PyCEFR/python-algorithms/blind_75/src/linkedlists/lc_19_remove_nth_node_from_list/remove_nth_node_from_list.py,remove_nth_node_from_list.py,ListNode,,2,5,2,A,1,12,4,3.0,B1,1.8333333333333333,"{""A2"": 6, ""A1"": 4, ""B1"": 2}","{""Simple Atributte"": 4, ""Simple Assignment"": 4, ""Function with Simple argument with Default argument"": 2, ""Simple Class  Using the constructor method --> __init__"": 2}"
python-algorithms,/home/juan/Documents/Analisis-CC-PyCEFR/python-algorithms/blind_75/src/linkedlists/lc_19_remove_nth_node_from_list/remove_nth_node_from_list.py,remove_nth_node_from_list.py,__init__,,3,5,1,A,1,10,3,2.0,A2,1.6,"{""A2"": 6, ""A1"": 4}","{""Simple Atributte"": 4, ""Simple Assignment"": 4, ""Function with Simple argument with Default argument"": 2}"
python-algorithms,/home/juan/Documents/Analisis-CC-PyCEFR/python-algorithms/blind_75/src/linkedlists/lc_143_reorder_list/reorder_list.py,reorder_list.py,reorderList,,7,7,8,B,2,0,0,,,,{},{}
python-algorithms,/home/juan/Documents/Analisis-CC-PyCEFR/python-algorithms/blind_75/src/linkedlists/lc_143_reorder_list/reorder_list.py,reorder_list.py,reverse,reorderList,26,33,2,A,1,23,6,3.0,B1,1.2608695652173914,"{""A1"": 18, ""A2"": 4, ""B1"": 1}","{""Simple Tuple"": 8, ""Simple Assignment"": 8, ""Simple Atributte"": 4, ""While with Else Loop"": 1, ""Function with Simple argument"": 1, ""Return"": 1}"
python-algorithms,/home/juan/Documents/Analisis-CC-PyCEFR/python-algorithms/blind_75/src/linkedlists/lc_143_reorder_list/reorder_list.py,reorder_list.py,ListNode,,2,5,2,A,1,12,4,3.0,B1,1.8333333333333333,"{""A2"": 6, ""A1"": 4, ""B1"": 2}","{""Simple Atributte"": 4, ""Simple Assignment"": 4, ""Function with Simple argument with Default argument"": 2, ""Simple Class  Using the constructor method --> __init__"": 2}"
python-algorithms,/home/juan/Documents/Analisis-CC-PyCEFR/python-algorithms/blind_75/src/linkedlists/lc_143_reorder_list/reorder_list.py,reorder_list.py,__init__,,3,5,1,A,1,10,3,2.0,A2,1.6,"{""A2"": 6, ""A1"": 4}","{""Simple Atributte"": 4, ""Simple Assignment"": 4, ""Function with Simple argument with Default argument"": 2}"
python-algorithms,/home/juan/Documents/Analisis-CC-PyCEFR/python-algorithms/blind_75/src/linkedlists/lc_141_linkedlist_cycle/linkedlist_cycle.py,linkedlist_cycle.py,has_cycle,,1,10,5,A,1,45,10,3.0,B1,1.4444444444444444,"{""A1"": 28, ""A2"": 14, ""B1"": 3}","{""Simple Atributte"": 14, ""Simple Assignment"": 7, ""Return"": 6, ""Simple Tuple"": 4, ""Simple If statements"": 4, ""Function with Simple argument"": 3, ""Unary Operation"": 2, ""Boolean Operation"": 2, ""While with Else Loop"": 2, ""Simple Class  Using the constructor method --> __init__"": 1}"
python-algorithms,/home/juan/Documents/Analisis-CC-PyCEFR/python-algorithms/blind_75/src/linkedlists/lc_206_reverse_linkedlist/reverse_linkedlist.py,reverse_linkedlist.py,reverse_list,,1,8,2,A,1,30,9,5.0,C1,1.4333333333333333,"{""A1"": 22, ""A2"": 5, ""B1"": 2, ""C1"": 1}","{""Simple Tuple"": 8, ""Simple Assignment"": 8, ""Simple Atributte"": 4, ""While with Else Loop"": 2, ""Function with Simple argument"": 2, ""Return"": 2, ""Alias"": 2, ""Import're' module"": 1, ""From"": 1}"
python-algorithms,/home/juan/Documents/Analisis-CC-PyCEFR/python-algorithms/blind_75/src/trees/lc_226_invert_binary_tree/invert_binary_tree.py,invert_binary_tree.py,invert_binary_tree,,1,11,1,A,1,25,10,4.0,B2,1.52,"{""A1"": 15, ""A2"": 8, ""B2"": 1, ""B1"": 1}","{""Simple Atributte"": 7, ""Simple Assignment"": 5, ""Simple Tuple"": 4, ""Return"": 3, ""Unary Operation"": 1, ""Simple If statements"": 1, ""Function with Simple argument"": 1, ""Recursive Functions"": 1, ""Function with Simple argument with Default argument"": 1, ""Simple Class  Using the constructor method --> __init__"": 1}"
python-algorithms,/home/juan/Documents/Analisis-CC-PyCEFR/python-algorithms/blind_75/src/trees/lc_226_invert_binary_tree/invert_binary_tree.py,invert_binary_tree.py,invert_tree_helper,invert_binary_tree,2,9,2,A,1,22,8,4.0,B2,1.5,"{""A1"": 13, ""A2"": 8, ""B2"": 1}","{""Simple Atributte"": 7, ""Simple Assignment"": 5, ""Simple Tuple"": 4, ""Return"": 2, ""Unary Operation"": 1, ""Simple If statements"": 1, ""Recursive Functions"": 1, ""Function with Simple argument with Default argument"": 1}"
python-algorithms,/home/juan/Documents/Analisis-CC-PyCEFR/python-algorithms/blind_75/src/trees/lc_572_subtree_of_another_tree/subtree_of_another_tree.py,subtree_of_another_tree.py,same_tree,,12,18,7,B,2,33,6,4.0,B2,1.4545454545454546,"{""A1"": 20, ""A2"": 12, ""B2"": 1}","{""Simple Atributte"": 12, ""Boolean Operation"": 6, ""Return"": 6, ""Unary Operation"": 4, ""Simple If statements"": 4, ""Recursive Functions"": 1}"
python-algorithms,/home/juan/Documents/Analisis-CC-PyCEFR/python-algorithms/blind_75/src/trees/lc_572_subtree_of_another_tree/subtree_of_another_tree.py,subtree_of_another_tree.py,subtree_of_another_tree,,1,9,5,A,1,26,6,4.0,B2,1.3846153846153846,"{""A1"": 20, ""A2"": 4, ""B2"": 2}","{""Return"": 8, ""Simple If statements"": 6, ""Simple Atributte"": 4, ""Unary Operation"": 4, ""Boolean Operation"": 2, ""Recursive Functions"": 2}"
python-algorithms,/home/juan/Documents/Analisis-CC-PyCEFR/python-algorithms/blind_75/src/trees/lc_104_max_depth_of_binary_tree/max_depth_of_binary_tree.py,max_depth_of_binary_tree.py,max_depth_of_tree,,1,7,2,A,1,16,8,4.0,B2,1.625,"{""A1"": 9, ""A2"": 5, ""B2"": 1, ""B1"": 1}","{""Simple Atributte"": 5, ""Simple Assignment"": 4, ""Return"": 2, ""Unary Operation"": 1, ""Simple If statements"": 1, ""Recursive Functions"": 1, ""Function with Simple argument"": 1, ""Simple Class  Using the constructor method --> __init__"": 1}"
python-algorithms,/home/juan/Documents/Analisis-CC-PyCEFR/python-algorithms/blind_75/src/trees/lc_235_lca_of_binary_search_tree/lca_bst.py,lca_bst.py,lca_bst,,1,8,6,B,2,29,9,4.0,B2,1.6206896551724137,"{""A1"": 14, ""A2"": 13, ""B2"": 1, ""B1"": 1}","{""Simple Atributte"": 13, ""Return"": 4, ""Simple If statements"": 3, ""Simple Assignment"": 3, ""Boolean Operation"": 2, ""Unary Operation"": 1, ""Recursive Functions"": 1, ""Function with Simple argument"": 1, ""Simple Class  Using the constructor method --> __init__"": 1}"
python-algorithms,/home/juan/Documents/Analisis-CC-PyCEFR/python-algorithms/blind_75/src/trees/lc_105_construct_binary_tree_from_preorder_inorder_traversal/construct_binary_tree_from_preorder_inorder_traversal.py,construct_binary_tree_from_preorder_inorder_traversal.py,construct_tree,,6,22,2,A,1,38,12,6.0,C2,1.6842105263157894,"{""A1"": 30, ""C2"": 2, ""C1"": 2, ""A2"": 2, ""B2"": 2}","{""Simple Assignment"": 10, ""Return"": 5, ""Subscript"": 4, ""Assigment with sum (total = total + 1)"": 4, ""Simple Tuple"": 2, ""'enumerate' call function"": 2, ""Boolean Operation"": 2, ""Simple Dictionary Comprehension"": 2, ""Simplified incremental Assignment with increase amount"": 2, ""Simple If statements"": 2}"
python-algorithms,/home/juan/Documents/Analisis-CC-PyCEFR/python-algorithms/blind_75/src/trees/lc_105_construct_binary_tree_from_preorder_inorder_traversal/construct_binary_tree_from_preorder_inorder_traversal.py,construct_binary_tree_from_preorder_inorder_traversal.py,construct_tree_helper,construct_tree,9,21,3,A,1,26,8,4.0,B2,1.1923076923076923,"{""A1"": 23, ""A2"": 2, ""B2"": 1}","{""Simple Assignment"": 8, ""Subscript"": 4, ""Assigment with sum (total = total + 1)"": 4, ""Return"": 3, ""Boolean Operation"": 2, ""Simplified incremental Assignment with increase amount"": 2, ""Simple If statements"": 2, ""Recursive Functions"": 1}"
python-algorithms,/home/juan/Documents/Analisis-CC-PyCEFR/python-algorithms/blind_75/src/trees/lc_105_construct_binary_tree_from_preorder_inorder_traversal/construct_binary_tree_from_preorder_inorder_traversal.py,construct_binary_tree_from_preorder_inorder_traversal.py,TreeNode,,1,4,2,A,1,15,5,3.0,B1,1.7333333333333334,"{""A2"": 7, ""A1"": 6, ""B1"": 2}","{""Simple Atributte"": 5, ""Simple Assignment"": 4, ""Simple Tuple"": 2, ""Function with Simple argument with Default argument"": 2, ""Simple Class  Using the constructor method --> __init__"": 2}"
python-algorithms,/home/juan/Documents/Analisis-CC-PyCEFR/python-algorithms/blind_75/src/trees/lc_105_construct_binary_tree_from_preorder_inorder_traversal/construct_binary_tree_from_preorder_inorder_traversal.py,construct_binary_tree_from_preorder_inorder_traversal.py,__init__,,2,4,1,A,1,13,4,2.0,A2,1.5384615384615385,"{""A2"": 7, ""A1"": 6}","{""Simple Atributte"": 5, ""Simple Assignment"": 4, ""Simple Tuple"": 2, ""Function with Simple argument with Default argument"": 2}"
python-algorithms,/home/juan/Documents/Analisis-CC-PyCEFR/python-algorithms/blind_75/src/trees/lc_102_binary_tree_level_order_traversal/binary_tree_level_order_traversal.py,binary_tree_level_order_traversal.py,level_order_traversal,,3,17,6,B,2,77,11,3.0,B1,1.3896103896103895,"{""A1"": 48, ""A2"": 28, ""B1"": 1}","{""Simple Atributte"": 25, ""Simple List"": 11, ""Simple Assignment"": 11, ""Simple Tuple"": 8, ""Simple If statements"": 8, ""Return"": 4, ""'range' call function"": 3, ""Unary Operation"": 3, ""Simple For Loop"": 2, ""While with Else Loop"": 1}"
python-algorithms,/home/juan/Documents/Analisis-CC-PyCEFR/python-algorithms/blind_75/src/trees/lc_100_same_tree/same_tree.py,same_tree.py,same_tree,,1,8,7,B,2,24,9,4.0,B2,1.5833333333333333,"{""A1"": 13, ""A2"": 9, ""B2"": 1, ""B1"": 1}","{""Simple Atributte"": 9, ""Boolean Operation"": 3, ""Return"": 3, ""Unary Operation"": 2, ""Simple If statements"": 2, ""Simple Assignment"": 2, ""Recursive Functions"": 1, ""Function with Simple argument"": 1, ""Simple Class  Using the constructor method --> __init__"": 1}"
python-algorithms,/home/juan/Documents/Analisis-CC-PyCEFR/python-algorithms/blind_75/src/trees/lc_230_kth_smallest_in_bst/kth_smallest_in_bst.py,kth_smallest_in_bst.py,kth_smallest_in_bst,,1,19,1,A,1,39,9,4.0,B2,1.358974358974359,"{""A1"": 29, ""A2"": 8, ""B2"": 2}","{""Simple Tuple"": 8, ""Return"": 8, ""Simple Atributte"": 6, ""Simple If statements"": 6, ""Simple Assignment"": 4, ""Simplified incremental Assignment with increase amount"": 2, ""Function with Simple argument"": 2, ""Recursive Functions"": 2, ""Unary Operation"": 1}"
python-algorithms,/home/juan/Documents/Analisis-CC-PyCEFR/python-algorithms/blind_75/src/trees/lc_230_kth_smallest_in_bst/kth_smallest_in_bst.py,kth_smallest_in_bst.py,kth_smallest_helper,kth_smallest_in_bst,2,14,4,A,1,29,8,4.0,B2,1.4827586206896552,"{""A1"": 19, ""A2"": 8, ""B2"": 2}","{""Simple Atributte"": 6, ""Simple If statements"": 6, ""Return"": 6, ""Simple Tuple"": 4, ""Simple Assignment"": 2, ""Simplified incremental Assignment with increase amount"": 2, ""Recursive Functions"": 2, ""Unary Operation"": 1}"
python-algorithms,/home/juan/Documents/Analisis-CC-PyCEFR/python-algorithms/blind_75/src/trees/lc_124_binary_tree_maximum_path_sum/binary_tree_maximum_path_sum.py,binary_tree_maximum_path_sum.py,max_path_sum,,1,18,1,A,1,41,9,4.0,B2,1.5121951219512195,"{""A1"": 24, ""A2"": 15, ""B2"": 2}","{""Simple Atributte"": 15, ""Simple Assignment"": 9, ""Return"": 5, ""Assigment with sum (total = total + 1)"": 4, ""Simple Tuple"": 2, ""Simple If statements"": 2, ""Recursive Functions"": 2, ""Unary Operation"": 1, ""Function with Simple argument"": 1}"
python-algorithms,/home/juan/Documents/Analisis-CC-PyCEFR/python-algorithms/blind_75/src/trees/lc_124_binary_tree_maximum_path_sum/binary_tree_maximum_path_sum.py,binary_tree_maximum_path_sum.py,max_path_helper,max_path_sum,2,13,2,A,1,34,8,4.0,B2,1.5,"{""A1"": 19, ""A2"": 14, ""B2"": 1}","{""Simple Atributte"": 14, ""Simple Assignment"": 7, ""Assigment with sum (total = total + 1)"": 4, ""Return"": 3, ""Simple Tuple"": 2, ""Simple If statements"": 2, ""Unary Operation"": 1, ""Recursive Functions"": 1}"
python-algorithms,/home/juan/Documents/Analisis-CC-PyCEFR/python-algorithms/blind_75/src/trees/lc_98_validate_binary_search_tree/validate_binary_search_tree.py,validate_binary_search_tree.py,valid_bst,,1,11,1,A,1,30,7,4.0,B2,1.5333333333333334,"{""A1"": 18, ""A2"": 10, ""B2"": 2}","{""Simple Atributte"": 10, ""Return"": 8, ""Simple If statements"": 4, ""Unary Operation"": 2, ""Boolean Operation"": 2, ""Function with Simple argument"": 2, ""Recursive Functions"": 2}"
python-algorithms,/home/juan/Documents/Analisis-CC-PyCEFR/python-algorithms/blind_75/src/trees/lc_98_validate_binary_search_tree/validate_binary_search_tree.py,validate_binary_search_tree.py,valid_bst_helper,valid_bst,2,9,4,A,1,26,6,4.0,B2,1.6153846153846154,"{""A1"": 14, ""A2"": 10, ""B2"": 2}","{""Simple Atributte"": 10, ""Return"": 6, ""Simple If statements"": 4, ""Unary Operation"": 2, ""Boolean Operation"": 2, ""Recursive Functions"": 2}"
python-algorithms,/home/juan/Documents/Analisis-CC-PyCEFR/python-algorithms/blind_75/src/trees/lc_297_serialize_and_deserialize_binary_tree/serialize_and_deserialize_binary_tree.py,serialize_and_deserialize_binary_tree.py,TreeNode,,1,5,2,A,1,12,4,3.0,B1,1.5833333333333333,"{""A1"": 6, ""A2"": 5, ""B1"": 1}","{""Simple Atributte"": 5, ""Simple Assignment"": 5, ""Function with Simple argument"": 1, ""Inherited Class from object Using the constructor method --> __init__"": 1}"
python-algorithms,/home/juan/Documents/Analisis-CC-PyCEFR/python-algorithms/blind_75/src/trees/lc_297_serialize_and_deserialize_binary_tree/serialize_and_deserialize_binary_tree.py,serialize_and_deserialize_binary_tree.py,Codec,,7,45,2,A,1,52,12,4.0,B2,1.5384615384615385,"{""A1"": 31, ""A2"": 17, ""B2"": 3, ""B1"": 1}","{""Simple Atributte"": 14, ""Simple Assignment"": 8, ""Return"": 7, ""Subscript"": 4, ""Simple If statements"": 4, ""Simplified incremental Assignment with increase amount"": 3, ""Function with Simple argument"": 3, ""Recursive Functions"": 3, ""Simple List"": 2, ""Simple Tuple"": 2}"
python-algorithms,/home/juan/Documents/Analisis-CC-PyCEFR/python-algorithms/blind_75/src/trees/lc_297_serialize_and_deserialize_binary_tree/serialize_and_deserialize_binary_tree.py,serialize_and_deserialize_binary_tree.py,__init__,,2,5,1,A,1,11,3,2.0,A2,1.4545454545454546,"{""A1"": 6, ""A2"": 5}","{""Simple Atributte"": 5, ""Simple Assignment"": 5, ""Function with Simple argument"": 1}"
python-algorithms,/home/juan/Documents/Analisis-CC-PyCEFR/python-algorithms/blind_75/src/trees/lc_297_serialize_and_deserialize_binary_tree/serialize_and_deserialize_binary_tree.py,serialize_and_deserialize_binary_tree.py,serialize,,9,26,1,A,1,24,8,4.0,B2,1.7083333333333333,"{""A1"": 11, ""A2"": 11, ""B2"": 2}","{""Simple Atributte"": 11, ""Return"": 3, ""Simple List"": 2, ""Simple Assignment"": 2, ""Simple If statements"": 2, ""Recursive Functions"": 2, ""Unary Operation"": 1, ""Function with Simple argument"": 1}"
python-algorithms,/home/juan/Documents/Analisis-CC-PyCEFR/python-algorithms/blind_75/src/trees/lc_297_serialize_and_deserialize_binary_tree/serialize_and_deserialize_binary_tree.py,serialize_and_deserialize_binary_tree.py,serialize_helper,serialize,14,21,2,A,1,15,5,4.0,B2,1.8,"{""A2"": 9, ""A1"": 5, ""B2"": 1}","{""Simple Atributte"": 9, ""Simple If statements"": 2, ""Return"": 2, ""Unary Operation"": 1, ""Recursive Functions"": 1}"
python-algorithms,/home/juan/Documents/Analisis-CC-PyCEFR/python-algorithms/blind_75/src/trees/lc_297_serialize_and_deserialize_binary_tree/serialize_and_deserialize_binary_tree.py,serialize_and_deserialize_binary_tree.py,deserialize,,29,45,1,A,1,24,9,4.0,B2,1.3333333333333333,"{""A1"": 18, ""A2"": 5, ""B2"": 1}","{""Simple Assignment"": 6, ""Subscript"": 4, ""Simplified incremental Assignment with increase amount"": 3, ""Return"": 3, ""Simple Tuple"": 2, ""Simple Atributte"": 2, ""Simple If statements"": 2, ""Function with Simple argument"": 1, ""Recursive Functions"": 1}"
python-algorithms,/home/juan/Documents/Analisis-CC-PyCEFR/python-algorithms/blind_75/src/trees/lc_297_serialize_and_deserialize_binary_tree/serialize_and_deserialize_binary_tree.py,serialize_and_deserialize_binary_tree.py,deserialize_helper,deserialize,32,43,2,A,1,17,7,4.0,B2,1.411764705882353,"{""A1"": 12, ""A2"": 4, ""B2"": 1}","{""Simple Assignment"": 4, ""Subscript"": 3, ""Simplified incremental Assignment with increase amount"": 3, ""Return"": 3, ""Simple If statements"": 2, ""Recursive Functions"": 1, ""Simple Atributte"": 1}"
python-algorithms,/home/juan/Documents/Analisis-CC-PyCEFR/python-algorithms/leetcode/src/array&hashing/lc_152_max_product_subarray/max_product_brute_force.py,max_product_brute_force.py,max_product,,1,14,4,A,1,34,9,2.0,A2,1.2352941176470589,"{""A1"": 26, ""A2"": 8}","{""Simple Assignment"": 12, ""'range' call function"": 4, ""Subscript"": 4, ""Return"": 4, ""Simplified incremental Assignment with increase multiplication"": 2, ""Simple If statements"": 2, ""1 Nested For Loop"": 2, ""Simple For Loop"": 2, ""Function with Simple argument"": 2}"
python-algorithms,/home/juan/Documents/Analisis-CC-PyCEFR/python-algorithms/leetcode/src/array&hashing/lc_152_max_product_subarray/max_product_subarray.py,max_product_subarray.py,max_product,,1,12,4,A,1,30,11,3.0,B1,1.1666666666666667,"{""A1"": 26, ""A2"": 3, ""B1"": 1}","{""Simple Assignment"": 10, ""Simple Tuple"": 6, ""Simple If statements"": 3, ""Subscript"": 2, ""Simplified incremental Assignment with increase multiplication"": 2, ""Simple For Loop"": 2, ""'range' call function"": 1, ""Function with Simple argument"": 1, ""Return"": 1, ""Assigment with sum (total = total + 1)"": 1}"
python-algorithms,/home/juan/Documents/Analisis-CC-PyCEFR/python-algorithms/leetcode/src/array&hashing/lc_1_two_sum/two_sum.py,two_sum.py,two_sum,,1,10,3,A,1,34,14,6.0,C2,1.2941176470588236,"{""A1"": 28, ""A2"": 5, ""C2"": 1}","{""Subscript"": 6, ""Return"": 5, ""Simple Assignment"": 4, ""Simple If statements"": 4, ""Simple List"": 3, ""Assigment with sum (total = total + 1)"": 3, ""Simple Dictionary"": 2, ""Simple Tuple"": 1, ""'enumerate' call function"": 1, ""For Loop with Tuple as name"": 1}"
python-algorithms,/home/juan/Documents/Analisis-CC-PyCEFR/python-algorithms/leetcode/src/array&hashing/lc_238_product_of_array_except_itself/product_of_array.py,product_of_array.py,productExceptSelf,,1,13,3,A,1,20,10,2.0,A2,1.25,"{""A1"": 15, ""A2"": 5}","{""Subscript"": 4, ""Simple Assignment"": 3, ""Simplified incremental Assignment with increase multiplication"": 3, ""'range' call function"": 2, ""Unary Operation"": 2, ""Simple For Loop"": 2, ""Simple List"": 1, ""Assigment with sum (total = total + 1)"": 1, ""Function with Simple argument"": 1, ""Return"": 1}"
python-algorithms,/home/juan/Documents/Analisis-CC-PyCEFR/python-algorithms/leetcode/src/array&hashing/lc_242_valid_anagram/valid_anagram.py,valid_anagram.py,isAnagram,,1,15,8,B,2,30,14,3.0,B1,1.2333333333333334,"{""A1"": 24, ""A2"": 5, ""B1"": 1}","{""Subscript"": 7, ""Simple Atributte"": 3, ""Simple If statements"": 3, ""Simple Tuple"": 2, ""Boolean Operation"": 2, ""Simple Assignment"": 2, ""Assigment with sum (total = total + 1)"": 2, ""Delete"": 2, ""Return"": 2, ""Simple Dictionary"": 1}"
python-algorithms,/home/juan/Documents/Analisis-CC-PyCEFR/python-algorithms/leetcode/src/array&hashing/lc_242_valid_anagram/valid_anagram.py,valid_anagram.py,isAnagram2,,18,29,5,A,1,22,10,2.0,A2,1.2272727272727273,"{""A1"": 17, ""A2"": 5}","{""Subscript"": 6, ""Simple Atributte"": 3, ""Return"": 3, ""Assigment with sum (total = total + 1)"": 2, ""Simple If statements"": 2, ""Simple For Loop"": 2, ""Simple Dictionary"": 1, ""'range' call function"": 1, ""Simple Assignment"": 1, ""Function with Simple argument"": 1}"
python-algorithms,/home/juan/Documents/Analisis-CC-PyCEFR/python-algorithms/leetcode/src/array&hashing/lc_217_contains_duplicate/contains_duplicate.py,contains_duplicate.py,containsDuplicate,,4,11,3,A,1,14,8,2.0,A2,1.1428571428571428,"{""A1"": 12, ""A2"": 2}","{""Return"": 4, ""Simple Atributte"": 2, ""Subscript"": 2, ""Simple If statements"": 2, ""Assigment with sum (total = total + 1)"": 1, ""Simple Assignment"": 1, ""Simple For Loop"": 1, ""Function with Simple argument"": 1}"
python-algorithms,/home/juan/Documents/Analisis-CC-PyCEFR/python-algorithms/leetcode/src/array&hashing/lc_217_contains_duplicate/contains_duplicate.py,contains_duplicate.py,containsDuplicate2,,16,23,3,A,1,14,10,2.0,A2,1.1428571428571428,"{""A1"": 12, ""A2"": 2}","{""Return"": 4, ""Simple Assignment"": 2, ""Simple List"": 1, ""Print"": 1, ""Simple Atributte"": 1, ""Simple Dictionary"": 1, ""Subscript"": 1, ""Simple If statements"": 1, ""Simple For Loop"": 1, ""Function with Simple argument"": 1}"
python-algorithms,/home/juan/Documents/Analisis-CC-PyCEFR/python-algorithms/leetcode/src/array&hashing/lc_347_top_k_frequent_elements/top_k.py,top_k.py,topKFrequent,,5,20,7,B,2,26,16,5.0,C1,1.5,"{""A1"": 16, ""A2"": 9, ""C1"": 1}","{""Simple Atributte"": 4, ""Subscript"": 3, ""Simple Assignment"": 3, ""Simple List"": 2, ""'range' call function"": 2, ""Simple For Loop"": 2, ""Simple Tuple"": 1, ""Simple Dictionary"": 1, ""Unary Operation"": 1, ""Simple List Comprehension"": 1}"
python-algorithms,/home/juan/Documents/Analisis-CC-PyCEFR/python-algorithms/leetcode/src/array&hashing/lc_347_top_k_frequent_elements/top_k.py,top_k.py,topKFrequent2,,26,41,5,A,1,25,15,3.0,B1,1.36,"{""A1"": 17, ""A2"": 7, ""B1"": 1}","{""Simple Tuple"": 5, ""Simple Atributte"": 4, ""Simple Assignment"": 3, ""Simple List"": 2, ""Simple Dictionary"": 1, ""Unary Operation"": 1, ""Boolean Operation"": 1, ""Subscript"": 1, ""Assigment with sum (total = total + 1)"": 1, ""Simplified incremental Assignment with decrease subtraction"": 1}"
python-algorithms,/home/juan/Documents/Analisis-CC-PyCEFR/python-algorithms/leetcode/src/hash_tables/lc_676_implement_magic_dictionary/implement_magic_dictionary.py,implement_magic_dictionary.py,search,,12,22,7,B,2,40,11,3.0,B1,1.35,"{""A1"": 28, ""A2"": 10, ""B1"": 2}","{""Simple If statements"": 8, ""Subscript"": 6, ""Return"": 6, ""Simple Atributte"": 4, ""Simple Assignment"": 4, ""'range' call function"": 2, ""Simplified incremental Assignment with increase amount"": 2, ""1 Nested For Loop"": 2, ""Simple For Loop"": 2, ""'break' statement"": 2}"
python-algorithms,/home/juan/Documents/Analisis-CC-PyCEFR/python-algorithms/leetcode/src/hash_tables/lc_676_implement_magic_dictionary/implement_magic_dictionary.py,implement_magic_dictionary.py,MagicDictionary,,3,22,4,A,1,60,12,3.0,B1,1.4,"{""A1"": 40, ""A2"": 16, ""B1"": 4}","{""Simple Atributte"": 10, ""Subscript"": 8, ""Simple Assignment"": 8, ""Simple If statements"": 8, ""Function with Simple argument"": 6, ""Return"": 6, ""Simple For Loop"": 4, ""'range' call function"": 2, ""Simplified incremental Assignment with increase amount"": 2, ""1 Nested For Loop"": 2}"
python-algorithms,/home/juan/Documents/Analisis-CC-PyCEFR/python-algorithms/leetcode/src/hash_tables/lc_676_implement_magic_dictionary/implement_magic_dictionary.py,implement_magic_dictionary.py,buildDict,,7,10,2,A,1,12,5,2.0,A2,1.3333333333333333,"{""A1"": 8, ""A2"": 4}","{""Simple Atributte"": 4, ""Subscript"": 2, ""Simple Assignment"": 2, ""Simple For Loop"": 2, ""Function with Simple argument"": 2}"
python-algorithms,/home/juan/Documents/Analisis-CC-PyCEFR/python-algorithms/leetcode/src/hash_tables/lc_676_implement_magic_dictionary/implement_magic_dictionary.py,implement_magic_dictionary.py,__init__,,4,5,1,A,1,6,3,2.0,A2,1.3333333333333333,"{""A1"": 4, ""A2"": 2}","{""Simple Atributte"": 2, ""Simple Assignment"": 2, ""Function with Simple argument"": 2}"
python-algorithms,/home/juan/Documents/Analisis-CC-PyCEFR/python-algorithms/leetcode/src/recursion/subset_sum/subset_sum.py,subset_sum.py,subset_sum_helper,,7,13,2,A,1,5,5,4.0,B2,1.8,"{""A1"": 3, ""A2"": 1, ""B2"": 1}","{""Simple Atributte"": 1, ""Subscript"": 1, ""Simple If statements"": 1, ""Recursive Functions"": 1, ""Return"": 1}"
python-algorithms,/home/juan/Documents/Analisis-CC-PyCEFR/python-algorithms/leetcode/src/recursion/subset_sum/subset_sum.py,subset_sum.py,subset_sum,,1,5,1,A,1,5,5,2.0,A2,1.2,"{""A1"": 4, ""A2"": 1}","{""Simple List"": 1, ""Simple Atributte"": 1, ""Simple Assignment"": 1, ""Function with Simple argument"": 1, ""Return"": 1}"
python-algorithms,/home/juan/Documents/Analisis-CC-PyCEFR/python-algorithms/leetcode/src/recursion/lc_687_longest_univalue_path/longest_univalue_path.py,longest_univalue_path.py,longest_univalue_path,,8,37,2,A,1,58,11,4.0,B2,1.4655172413793103,"{""A1"": 33, ""A2"": 24, ""B2"": 1}","{""Simple Atributte"": 22, ""Simple Assignment"": 10, ""Simple If statements"": 7, ""Return"": 6, ""Boolean Operation"": 4, ""Simplified incremental Assignment with increase amount"": 2, ""Simple Tuple"": 2, ""Assigment with sum (total = total + 1)"": 2, ""Function with Simple argument"": 1, ""Recursive Functions"": 1}"
python-algorithms,/home/juan/Documents/Analisis-CC-PyCEFR/python-algorithms/leetcode/src/recursion/lc_687_longest_univalue_path/longest_univalue_path.py,longest_univalue_path.py,longest_univalue_path_helper,longest_univalue_path,11,32,6,B,2,48,8,4.0,B2,1.5625,"{""A2"": 24, ""A1"": 23, ""B2"": 1}","{""Simple Atributte"": 22, ""Simple Assignment"": 8, ""Simple If statements"": 5, ""Boolean Operation"": 4, ""Return"": 4, ""Simplified incremental Assignment with increase amount"": 2, ""Assigment with sum (total = total + 1)"": 2, ""Recursive Functions"": 1}"
python-algorithms,/home/juan/Documents/Analisis-CC-PyCEFR/python-algorithms/leetcode/src/recursion/lc_687_longest_univalue_path/longest_univalue_path.py,longest_univalue_path.py,TreeNode,,1,5,2,A,1,13,7,3.0,B1,1.5384615384615385,"{""A1"": 7, ""A2"": 5, ""B1"": 1}","{""Simple Assignment"": 5, ""Simple Atributte"": 3, ""Function with Simple argument with Default argument"": 1, ""Simple Class  Using the constructor method --> __init__"": 1, ""Simple List"": 1, ""From"": 1, ""Alias"": 1}"
python-algorithms,/home/juan/Documents/Analisis-CC-PyCEFR/python-algorithms/leetcode/src/recursion/lc_687_longest_univalue_path/longest_univalue_path.py,longest_univalue_path.py,__init__,,2,5,1,A,1,10,4,2.0,A2,1.4,"{""A1"": 6, ""A2"": 4}","{""Simple Assignment"": 5, ""Simple Atributte"": 3, ""Function with Simple argument with Default argument"": 1, ""Simple List"": 1}"
python-algorithms,/home/juan/Documents/Analisis-CC-PyCEFR/python-algorithms/leetcode/src/recursion/lc_60_permutation_sequence/permutation_sequence.py,permutation_sequence.py,getPermutation,,1,19,4,A,1,24,14,3.0,B1,1.4583333333333333,"{""A1"": 15, ""A2"": 7, ""B1"": 2}","{""Simple Atributte"": 5, ""Simple Assignment"": 4, ""Simple List"": 2, ""Simple Tuple"": 2, ""Assigment with sum (total = total + 1)"": 2, ""'range' call function"": 1, ""Subscript"": 1, ""Simplified incremental Assignment with increase multiplication"": 1, ""Simple If statements"": 1, ""Simple For Loop"": 1}"
python-algorithms,/home/juan/Documents/Analisis-CC-PyCEFR/python-algorithms/leetcode/src/recursion/lc_698_partition_to_k_equal_sum_subsets/partition_to_k.py,partition_to_k.py,can_partion_k_subsets,,1,28,2,A,1,30,13,4.0,B2,1.2,"{""A1"": 27, ""A2"": 1, ""B1"": 1, ""B2"": 1}","{""Return"": 6, ""Simple If statements"": 5, ""Subscript"": 4, ""Simple Assignment"": 4, ""Simple Tuple"": 2, ""Assigment with sum (total = total + 1)"": 2, ""Simple List"": 1, ""'range' call function"": 1, ""Boolean Operation"": 1, ""Simple For Loop"": 1}"
python-algorithms,/home/juan/Documents/Analisis-CC-PyCEFR/python-algorithms/leetcode/src/recursion/lc_698_partition_to_k_equal_sum_subsets/partition_to_k.py,partition_to_k.py,backtrack,can_partion_k_subsets,8,26,7,B,2,20,9,4.0,B2,1.3,"{""A1"": 17, ""A2"": 1, ""B1"": 1, ""B2"": 1}","{""Subscript"": 4, ""Simple If statements"": 4, ""Return"": 4, ""Simple Assignment"": 3, ""'range' call function"": 1, ""Boolean Operation"": 1, ""Simple For Loop"": 1, ""'continue' statement"": 1, ""Recursive Functions"": 1}"
python-algorithms,/home/juan/Documents/Analisis-CC-PyCEFR/python-algorithms/leetcode/src/backtracking/lc_39_combination_sum_I/combination_sum.py,combination_sum.py,combination_sum,,1,17,1,A,1,34,12,4.0,B2,1.3823529411764706,"{""A1"": 25, ""A2"": 6, ""B1"": 2, ""B2"": 1}","{""Simple If statements"": 6, ""Simple Atributte"": 5, ""Subscript"": 5, ""Simple List"": 4, ""Return"": 4, ""Simple Assignment"": 3, ""Function with Simple argument"": 2, ""Recursive Functions"": 1, ""'range' call function"": 1, ""Boolean Operation"": 1}"
python-algorithms,/home/juan/Documents/Analisis-CC-PyCEFR/python-algorithms/leetcode/src/backtracking/lc_39_combination_sum_I/combination_sum.py,combination_sum.py,combination_helper,combination_sum,2,13,4,A,1,19,7,4.0,B2,1.4210526315789473,"{""A1"": 13, ""A2"": 5, ""B2"": 1}","{""Simple Atributte"": 5, ""Simple If statements"": 4, ""Subscript"": 3, ""Return"": 3, ""Simple List"": 2, ""Recursive Functions"": 1, ""Simple Assignment"": 1}"
python-algorithms,/home/juan/Documents/Analisis-CC-PyCEFR/python-algorithms/leetcode/src/backtracking/lc_115_distinct_subsequences/distinct_subs.py,distinct_subs.py,numDistinct,,1,18,1,A,1,17,9,4.0,B2,1.411764705882353,"{""A1"": 12, ""A2"": 4, ""B2"": 1}","{""Return"": 4, ""Simple Atributte"": 3, ""Simple Assignment"": 3, ""Simple If statements"": 2, ""Simple List"": 1, ""Subscript"": 1, ""Simplified incremental Assignment with increase amount"": 1, ""Function with Simple argument"": 1, ""Recursive Functions"": 1}"
python-algorithms,/home/juan/Documents/Analisis-CC-PyCEFR/python-algorithms/leetcode/src/backtracking/lc_115_distinct_subsequences/distinct_subs.py,distinct_subs.py,count,numDistinct,2,16,3,A,1,14,7,4.0,B2,1.5,"{""A1"": 9, ""A2"": 4, ""B2"": 1}","{""Simple Atributte"": 3, ""Simple Assignment"": 3, ""Return"": 3, ""Simple If statements"": 2, ""Subscript"": 1, ""Simplified incremental Assignment with increase amount"": 1, ""Recursive Functions"": 1}"
python-algorithms,/home/juan/Documents/Analisis-CC-PyCEFR/python-algorithms/leetcode/src/backtracking/lc_131_palindrom_partitioning/palindrome_partition.py,palindrome_partition.py,partition_helper,,7,16,4,A,1,11,8,4.0,B2,1.6363636363636365,"{""A1"": 6, ""A2"": 4, ""B2"": 1}","{""Simple Atributte"": 3, ""Simple If statements"": 2, ""'range' call function"": 1, ""Subscript"": 1, ""Slice"": 1, ""Simple For Loop"": 1, ""Recursive Functions"": 1, ""Return"": 1}"
python-algorithms,/home/juan/Documents/Analisis-CC-PyCEFR/python-algorithms/leetcode/src/backtracking/lc_131_palindrom_partitioning/palindrome_partition.py,palindrome_partition.py,isPalindrome,,18,26,3,A,1,9,7,3.0,B1,1.4444444444444444,"{""A1"": 6, ""A2"": 2, ""B1"": 1}","{""Subscript"": 2, ""Return"": 2, ""Simplified incremental Assignment with increase amount"": 1, ""Simplified incremental Assignment with decrease subtraction"": 1, ""Simple If statements"": 1, ""While with Else Loop"": 1, ""Function with Simple argument"": 1}"
python-algorithms,/home/juan/Documents/Analisis-CC-PyCEFR/python-algorithms/leetcode/src/backtracking/lc_131_palindrom_partitioning/palindrome_partition.py,palindrome_partition.py,partition,,1,4,1,A,1,5,4,1.0,A1,1.0,"{""A1"": 5}","{""Simple List"": 2, ""Simple Assignment"": 1, ""Function with Simple argument"": 1, ""Return"": 1}"
python-algorithms,/home/juan/Documents/Analisis-CC-PyCEFR/python-algorithms/leetcode/src/backtracking/lc_40_combination_sum_II/combination_sum.py,combination_sum.py,combination_sum_helper,,9,21,6,B,2,28,13,4.0,B2,1.4642857142857142,"{""A1"": 19, ""A2"": 6, ""B1"": 2, ""B2"": 1}","{""Simple Atributte"": 5, ""Simple List"": 4, ""Subscript"": 4, ""Simple If statements"": 3, ""Print"": 2, ""Simple Assignment"": 2, ""Return"": 2, ""'range' call function"": 1, ""Boolean Operation"": 1, ""Simple For Loop"": 1}"
python-algorithms,/home/juan/Documents/Analisis-CC-PyCEFR/python-algorithms/leetcode/src/backtracking/lc_40_combination_sum_II/combination_sum.py,combination_sum.py,combination_sum,,1,6,1,A,1,10,6,2.0,A2,1.2,"{""A1"": 8, ""A2"": 2}","{""Simple Atributte"": 2, ""Simple If statements"": 2, ""Return"": 2, ""Simple List"": 2, ""Simple Assignment"": 1, ""Function with Simple argument"": 1}"
python-algorithms,/home/juan/Documents/Analisis-CC-PyCEFR/python-algorithms/leetcode/src/backtracking/lc_784_letter_code_permutation/letter_code_permutation.py,letter_code_permutation.py,letter_code_perm,,1,24,1,A,1,23,8,4.0,B2,1.5217391304347827,"{""A1"": 13, ""A2"": 9, ""B2"": 1}","{""Simple Atributte"": 9, ""Subscript"": 4, ""Return"": 3, ""Simple List"": 2, ""Simple If statements"": 2, ""Simple Assignment"": 1, ""Function with Simple argument"": 1, ""Recursive Functions"": 1}"
python-algorithms,/home/juan/Documents/Analisis-CC-PyCEFR/python-algorithms/leetcode/src/backtracking/lc_784_letter_code_permutation/letter_code_permutation.py,letter_code_permutation.py,letter_code_perm_helper,letter_code_perm,2,20,3,A,1,18,5,4.0,B2,1.6666666666666667,"{""A2"": 9, ""A1"": 8, ""B2"": 1}","{""Simple Atributte"": 9, ""Subscript"": 4, ""Simple If statements"": 2, ""Return"": 2, ""Recursive Functions"": 1}"
python-algorithms,/home/juan/Documents/Analisis-CC-PyCEFR/python-algorithms/leetcode/src/backtracking/lc_90_subsets_II/subsets.py,subsets.py,subset_helper,,12,21,4,A,1,24,12,4.0,B2,1.5,"{""A1"": 15, ""A2"": 7, ""B1"": 1, ""B2"": 1}","{""Simple Atributte"": 5, ""Simple List"": 4, ""Subscript"": 3, ""Simple Assignment"": 3, ""'range' call function"": 2, ""Boolean Operation"": 1, ""Simple If statements"": 1, ""Simple For Loop"": 1, ""'continue' statement"": 1, ""Recursive Functions"": 1}"
python-algorithms,/home/juan/Documents/Analisis-CC-PyCEFR/python-algorithms/leetcode/src/backtracking/lc_90_subsets_II/subsets.py,subsets.py,subsets,,6,10,1,A,1,12,8,2.0,A2,1.3333333333333333,"{""A1"": 8, ""A2"": 4}","{""Simple Atributte"": 3, ""Simple List"": 2, ""Simple Assignment"": 2, ""Function with Simple argument"": 1, ""Return"": 1, ""'range' call function"": 1, ""Subscript"": 1, ""Simple For Loop"": 1}"
python-algorithms,/home/juan/Documents/Analisis-CC-PyCEFR/python-algorithms/leetcode/src/backtracking/lc_78_subsets/subsets.py,subsets.py,subsets,,1,11,3,A,1,19,9,2.0,A2,1.3157894736842106,"{""A1"": 13, ""A2"": 6}","{""Simple List"": 4, ""Simple Atributte"": 4, ""Simple Assignment"": 3, ""Function with Simple argument"": 2, ""Return"": 2, ""'range' call function"": 1, ""Subscript"": 1, ""1 Nested For Loop"": 1, ""Simple For Loop"": 1}"
python-algorithms,/home/juan/Documents/Analisis-CC-PyCEFR/python-algorithms/leetcode/src/backtracking/lc_78_subsets/subsets.py,subsets.py,gen_subsets,,19,28,2,A,1,26,10,4.0,B2,1.3846153846153846,"{""A1"": 18, ""A2"": 7, ""B2"": 1}","{""Simple Atributte"": 6, ""Simple List"": 5, ""Print"": 5, ""Subscript"": 2, ""Return"": 2, ""Simple Assignment"": 2, ""Simple If statements"": 1, ""Recursive Functions"": 1, ""'range' call function"": 1, ""Simple For Loop"": 1}"
python-algorithms,/home/juan/Documents/Analisis-CC-PyCEFR/python-algorithms/leetcode/src/backtracking/lc_78_subsets/subsets.py,subsets.py,subsets_recursive,,13,17,1,A,1,16,10,3.0,B1,1.3125,"{""A1"": 12, ""A2"": 3, ""B1"": 1}","{""Simple List"": 4, ""Simple Atributte"": 2, ""Subscript"": 2, ""Simple Assignment"": 2, ""'range' call function"": 1, ""Boolean Operation"": 1, ""Simple If statements"": 1, ""'continue' statement"": 1, ""Function with Simple argument"": 1, ""Return"": 1}"
python-algorithms,/home/juan/Documents/Analisis-CC-PyCEFR/python-algorithms/leetcode/src/binary_trees/lc_226_invert_binary_tree/invert_binary_tree.py,invert_binary_tree.py,Node,,1,4,2,A,1,12,8,3.0,B1,1.5,"{""A1"": 7, ""A2"": 4, ""B1"": 1}","{""Simple Atributte"": 3, ""Simple Tuple"": 2, ""Simple Assignment"": 2, ""Unary Operation"": 1, ""Simple If statements"": 1, ""Return"": 1, ""Function with Simple argument with Default argument"": 1, ""Simple Class  Using the constructor method --> __init__"": 1}"
python-algorithms,/home/juan/Documents/Analisis-CC-PyCEFR/python-algorithms/leetcode/src/binary_trees/lc_226_invert_binary_tree/invert_binary_tree.py,invert_binary_tree.py,invert_binary_tree,,9,22,1,A,1,17,7,4.0,B2,1.411764705882353,"{""A1"": 12, ""A2"": 4, ""B2"": 1}","{""Return"": 5, ""Simple Atributte"": 4, ""Simple Assignment"": 3, ""Simple Tuple"": 2, ""Simple If statements"": 1, ""Function with Simple argument"": 1, ""Recursive Functions"": 1}"
python-algorithms,/home/juan/Documents/Analisis-CC-PyCEFR/python-algorithms/leetcode/src/binary_trees/lc_226_invert_binary_tree/invert_binary_tree.py,invert_binary_tree.py,invert_binary_tree_helper,invert_binary_tree,10,20,2,A,1,14,6,4.0,B2,1.5,"{""A1"": 9, ""A2"": 4, ""B2"": 1}","{""Simple Atributte"": 4, ""Return"": 3, ""Simple Assignment"": 3, ""Simple Tuple"": 2, ""Simple If statements"": 1, ""Recursive Functions"": 1}"
python-algorithms,/home/juan/Documents/Analisis-CC-PyCEFR/python-algorithms/leetcode/src/binary_trees/lc_226_invert_binary_tree/invert_binary_tree.py,invert_binary_tree.py,__init__,,2,4,1,A,1,11,7,2.0,A2,1.3636363636363635,"{""A1"": 7, ""A2"": 4}","{""Simple Atributte"": 3, ""Simple Tuple"": 2, ""Simple Assignment"": 2, ""Unary Operation"": 1, ""Simple If statements"": 1, ""Return"": 1, ""Function with Simple argument with Default argument"": 1}"
python-algorithms,/home/juan/Documents/Analisis-CC-PyCEFR/python-algorithms/leetcode/src/binary_trees/lc_538_convert_bst_to_greater_tree/convert_bst_to_greater_tree.py,convert_bst_to_greater_tree.py,convertBST,,1,15,1,A,1,12,7,4.0,B2,1.6666666666666667,"{""A1"": 6, ""A2"": 5, ""B2"": 1}","{""Simple Atributte"": 4, ""Simple Assignment"": 2, ""Return"": 2, ""Simplified incremental Assignment with increase amount"": 1, ""Simple If statements"": 1, ""Function with Simple argument"": 1, ""Recursive Functions"": 1}"
python-algorithms,/home/juan/Documents/Analisis-CC-PyCEFR/python-algorithms/leetcode/src/binary_trees/lc_538_convert_bst_to_greater_tree/convert_bst_to_greater_tree.py,convert_bst_to_greater_tree.py,convertBstHelper,convertBST,2,11,2,A,1,9,6,4.0,B2,1.8888888888888888,"{""A2"": 5, ""A1"": 3, ""B2"": 1}","{""Simple Atributte"": 4, ""Simple Assignment"": 1, ""Simplified incremental Assignment with increase amount"": 1, ""Simple If statements"": 1, ""Recursive Functions"": 1, ""Return"": 1}"
python-algorithms,/home/juan/Documents/Analisis-CC-PyCEFR/python-algorithms/leetcode/src/binary_trees/lc_508_most_frequent_subtree_sum/most_frequent_subtree_sum.py,most_frequent_subtree_sum.py,findFrequentTreeSum2,,31,53,3,A,1,25,12,4.0,B2,1.4,"{""A1"": 17, ""A2"": 7, ""B2"": 1}","{""Simple Atributte"": 5, ""Simple Assignment"": 4, ""Simple Tuple"": 3, ""Return"": 3, ""Subscript"": 2, ""Simple If statements"": 2, ""Simple List"": 1, ""Assigment with sum (total = total + 1)"": 1, ""Simplified incremental Assignment with increase amount"": 1, ""For Loop with Tuple as name"": 1}"
python-algorithms,/home/juan/Documents/Analisis-CC-PyCEFR/python-algorithms/leetcode/src/binary_trees/lc_508_most_frequent_subtree_sum/most_frequent_subtree_sum.py,most_frequent_subtree_sum.py,treeSumHelper,findFrequentTreeSum2,32,44,2,A,1,14,8,4.0,B2,1.5,"{""A1"": 9, ""A2"": 4, ""B2"": 1}","{""Simple Atributte"": 3, ""Simple Assignment"": 3, ""Subscript"": 2, ""Return"": 2, ""Assigment with sum (total = total + 1)"": 1, ""Simplified incremental Assignment with increase amount"": 1, ""Simple If statements"": 1, ""Recursive Functions"": 1}"
python-algorithms,/home/juan/Documents/Analisis-CC-PyCEFR/python-algorithms/leetcode/src/binary_trees/lc_508_most_frequent_subtree_sum/most_frequent_subtree_sum.py,most_frequent_subtree_sum.py,findFrequentTreeSum,,5,26,1,A,1,24,10,4.0,B2,1.3333333333333333,"{""A1"": 18, ""A2"": 5, ""B2"": 1}","{""Subscript"": 5, ""Simple Assignment"": 5, ""Simple Atributte"": 4, ""Return"": 3, ""Simple Tuple"": 2, ""Assigment with sum (total = total + 1)"": 1, ""Simplified incremental Assignment with increase amount"": 1, ""Simple If statements"": 1, ""Function with Simple argument"": 1, ""Recursive Functions"": 1}"
python-algorithms,/home/juan/Documents/Analisis-CC-PyCEFR/python-algorithms/leetcode/src/binary_trees/lc_508_most_frequent_subtree_sum/most_frequent_subtree_sum.py,most_frequent_subtree_sum.py,treeSumHelper,findFrequentTreeSum,6,19,2,A,1,17,8,4.0,B2,1.4705882352941178,"{""A1"": 11, ""A2"": 5, ""B2"": 1}","{""Simple Atributte"": 4, ""Subscript"": 4, ""Simple Assignment"": 3, ""Return"": 2, ""Assigment with sum (total = total + 1)"": 1, ""Simplified incremental Assignment with increase amount"": 1, ""Simple If statements"": 1, ""Recursive Functions"": 1}"
python-algorithms,/home/juan/Documents/Analisis-CC-PyCEFR/python-algorithms/leetcode/src/binary_trees/lc_112_path_sum/path_sum.py,path_sum.py,Node,,1,4,2,A,1,13,7,3.0,B1,1.4615384615384615,"{""A1"": 8, ""A2"": 4, ""B1"": 1}","{""Simple Atributte"": 3, ""Simple Tuple"": 2, ""Simple Assignment"": 2, ""Simple If statements"": 2, ""Return"": 2, ""Function with Simple argument with Default argument"": 1, ""Simple Class  Using the constructor method --> __init__"": 1}"
python-algorithms,/home/juan/Documents/Analisis-CC-PyCEFR/python-algorithms/leetcode/src/binary_trees/lc_112_path_sum/path_sum.py,path_sum.py,path_sum,,7,21,1,A,1,45,14,4.0,B2,1.4444444444444444,"{""A1"": 27, ""A2"": 17, ""B2"": 1}","{""Simple Atributte"": 14, ""Return"": 6, ""Simple Assignment"": 5, ""Simple If statements"": 4, ""Boolean Operation"": 3, ""Simple List"": 3, ""Unary Operation"": 2, ""Simplified incremental Assignment with increase amount"": 2, ""Assigment with sum (total = total + 1)"": 1, ""Function with Simple argument"": 1}"
python-algorithms,/home/juan/Documents/Analisis-CC-PyCEFR/python-algorithms/leetcode/src/binary_trees/lc_112_path_sum/path_sum.py,path_sum.py,path_sum_helper,path_sum,8,19,6,B,2,37,13,4.0,B2,1.4864864864864864,"{""A1"": 21, ""A2"": 15, ""B2"": 1}","{""Simple Atributte"": 12, ""Simple Assignment"": 4, ""Return"": 4, ""Simple If statements"": 3, ""Simple List"": 3, ""Boolean Operation"": 2, ""Unary Operation"": 2, ""Simplified incremental Assignment with increase amount"": 2, ""Assigment with sum (total = total + 1)"": 1, ""Recursive Functions"": 1}"
python-algorithms,/home/juan/Documents/Analisis-CC-PyCEFR/python-algorithms/leetcode/src/binary_trees/lc_112_path_sum/path_sum.py,path_sum.py,path_sum_2,,26,44,1,A,1,22,8,4.0,B2,1.3636363636363635,"{""A1"": 16, ""A2"": 5, ""B2"": 1}","{""Return"": 6, ""Simple Atributte"": 5, ""Simple If statements"": 4, ""Boolean Operation"": 2, ""Simple Assignment"": 2, ""Assigment with sum (total = total + 1)"": 1, ""Function with Simple argument"": 1, ""Recursive Functions"": 1}"
python-algorithms,/home/juan/Documents/Analisis-CC-PyCEFR/python-algorithms/leetcode/src/binary_trees/lc_112_path_sum/path_sum.py,path_sum.py,path_sum_helper,path_sum_2,27,42,8,B,2,20,7,4.0,B2,1.4,"{""A1"": 14, ""A2"": 5, ""B2"": 1}","{""Simple Atributte"": 5, ""Return"": 5, ""Simple If statements"": 4, ""Boolean Operation"": 2, ""Simple Assignment"": 2, ""Assigment with sum (total = total + 1)"": 1, ""Recursive Functions"": 1}"
python-algorithms,/home/juan/Documents/Analisis-CC-PyCEFR/python-algorithms/leetcode/src/binary_trees/lc_112_path_sum/path_sum.py,path_sum.py,__init__,,2,4,1,A,1,12,6,2.0,A2,1.3333333333333333,"{""A1"": 8, ""A2"": 4}","{""Simple Atributte"": 3, ""Simple Tuple"": 2, ""Simple Assignment"": 2, ""Simple If statements"": 2, ""Return"": 2, ""Function with Simple argument with Default argument"": 1}"
python-algorithms,/home/juan/Documents/Analisis-CC-PyCEFR/python-algorithms/leetcode/src/binary_trees/lc_572_subtree_of_another_tree/subtree_of_another_tree.py,subtree_of_another_tree.py,is_same_tree,,11,16,7,B,2,27,6,4.0,B2,1.4814814814814814,"{""A1"": 16, ""A2"": 10, ""B2"": 1}","{""Simple Atributte"": 10, ""Boolean Operation"": 5, ""Unary Operation"": 4, ""Return"": 4, ""Simple If statements"": 3, ""Recursive Functions"": 1}"
python-algorithms,/home/juan/Documents/Analisis-CC-PyCEFR/python-algorithms/leetcode/src/binary_trees/lc_572_subtree_of_another_tree/subtree_of_another_tree.py,subtree_of_another_tree.py,is_subtree,,2,9,5,A,1,25,6,4.0,B2,1.28,"{""A1"": 20, ""A2"": 4, ""B2"": 1}","{""Return"": 8, ""Simple If statements"": 6, ""Simple Atributte"": 4, ""Unary Operation"": 4, ""Boolean Operation"": 2, ""Recursive Functions"": 1}"
python-algorithms,/home/juan/Documents/Analisis-CC-PyCEFR/python-algorithms/leetcode/src/binary_trees/lc_652_find_duplicate_subtrees/find_duplicate_subtrees.py,find_duplicate_subtrees.py,findDuplicateSubtrees,,1,22,1,A,1,28,11,4.0,B2,1.4285714285714286,"{""A1"": 18, ""A2"": 9, ""B2"": 1}","{""Simple Atributte"": 7, ""Simple Assignment"": 4, ""Subscript"": 3, ""Simple If statements"": 3, ""Return"": 3, ""Simple List"": 2, ""Simple Tuple"": 2, ""Simple Dictionary"": 1, ""Simplified incremental Assignment with increase amount"": 1, ""Function with Simple argument"": 1}"
python-algorithms,/home/juan/Documents/Analisis-CC-PyCEFR/python-algorithms/leetcode/src/binary_trees/lc_652_find_duplicate_subtrees/find_duplicate_subtrees.py,find_duplicate_subtrees.py,findDups,findDuplicateSubtrees,2,17,4,A,1,21,8,4.0,B2,1.5238095238095237,"{""A1"": 12, ""A2"": 8, ""B2"": 1}","{""Simple Atributte"": 7, ""Subscript"": 3, ""Simple Assignment"": 3, ""Simple If statements"": 3, ""Return"": 2, ""Simple List"": 1, ""Simplified incremental Assignment with increase amount"": 1, ""Recursive Functions"": 1}"
python-algorithms,/home/juan/Documents/Analisis-CC-PyCEFR/python-algorithms/leetcode/src/binary_trees/lc_94_inorder_traversal/inorder_iterative.py,inorder_iterative.py,inorder_traversal,,7,20,5,A,1,24,10,3.0,B1,1.4166666666666667,"{""A1"": 16, ""A2"": 6, ""B1"": 2}","{""Simple Atributte"": 6, ""Simple Assignment"": 5, ""Simple List"": 3, ""Simple Tuple"": 2, ""While with Else Loop"": 2, ""Return"": 2, ""Unary Operation"": 1, ""Boolean Operation"": 1, ""Simple If statements"": 1, ""Function with Simple argument"": 1}"
python-algorithms,/home/juan/Documents/Analisis-CC-PyCEFR/python-algorithms/leetcode/src/binary_trees/lc_94_inorder_traversal/inorder_iterative.py,inorder_iterative.py,Node,,1,4,2,A,1,7,4,3.0,B1,1.7142857142857142,"{""A2"": 3, ""A1"": 3, ""B1"": 1}","{""Simple Atributte"": 3, ""Simple Assignment"": 2, ""Function with Simple argument"": 1, ""Simple Class  Using the constructor method --> __init__"": 1}"
python-algorithms,/home/juan/Documents/Analisis-CC-PyCEFR/python-algorithms/leetcode/src/binary_trees/lc_94_inorder_traversal/inorder_iterative.py,inorder_iterative.py,__init__,,2,4,1,A,1,6,3,2.0,A2,1.5,"{""A2"": 3, ""A1"": 3}","{""Simple Atributte"": 3, ""Simple Assignment"": 2, ""Function with Simple argument"": 1}"
python-algorithms,/home/juan/Documents/Analisis-CC-PyCEFR/python-algorithms/leetcode/src/binary_trees/lc_94_inorder_traversal/inorder_traversal.py,inorder_traversal.py,Node,,1,4,2,A,1,22,4,3.0,B1,1.7272727272727273,"{""A2"": 10, ""A1"": 9, ""B1"": 3}","{""Simple Atributte"": 10, ""Simple Assignment"": 6, ""Function with Simple argument"": 3, ""Simple Class  Using the constructor method --> __init__"": 3}"
python-algorithms,/home/juan/Documents/Analisis-CC-PyCEFR/python-algorithms/leetcode/src/binary_trees/lc_94_inorder_traversal/inorder_traversal.py,inorder_traversal.py,inorder_traversal,,7,19,1,A,1,24,9,4.0,B2,1.5,"{""A1"": 14, ""A2"": 9, ""B2"": 1}","{""Simple Atributte"": 9, ""Simple Assignment"": 4, ""Simple List"": 3, ""Return"": 2, ""Simple Tuple"": 2, ""Simple If statements"": 1, ""Function with Simple argument"": 1, ""Recursive Functions"": 1, ""Boolean Operation"": 1}"
python-algorithms,/home/juan/Documents/Analisis-CC-PyCEFR/python-algorithms/leetcode/src/binary_trees/lc_94_inorder_traversal/inorder_traversal.py,inorder_traversal.py,inorder_traversal_helper,inorder_traversal,8,14,2,A,1,13,8,4.0,B2,1.5384615384615385,"{""A1"": 8, ""A2"": 4, ""B2"": 1}","{""Simple Atributte"": 4, ""Simple List"": 2, ""Simple Tuple"": 2, ""Simple If statements"": 1, ""Recursive Functions"": 1, ""Return"": 1, ""Boolean Operation"": 1, ""Simple Assignment"": 1}"
python-algorithms,/home/juan/Documents/Analisis-CC-PyCEFR/python-algorithms/leetcode/src/binary_trees/lc_94_inorder_traversal/inorder_traversal.py,inorder_traversal.py,__init__,,2,4,1,A,1,19,3,2.0,A2,1.5263157894736843,"{""A2"": 10, ""A1"": 9}","{""Simple Atributte"": 10, ""Simple Assignment"": 6, ""Function with Simple argument"": 3}"
python-algorithms,/home/juan/Documents/Analisis-CC-PyCEFR/python-algorithms/leetcode/src/binary_trees/lc_501_find_mode_in_bst/find_mode_in_bst.py,find_mode_in_bst.py,find_mode_in_bst,,6,33,1,A,1,27,9,4.0,B2,1.4814814814814814,"{""A1"": 16, ""A2"": 10, ""B2"": 1}","{""Simple Atributte"": 9, ""Simple Assignment"": 5, ""Simple If statements"": 5, ""Simple Tuple"": 2, ""Return"": 2, ""Simple List"": 1, ""Simplified incremental Assignment with increase amount"": 1, ""Function with Simple argument"": 1, ""Recursive Functions"": 1}"
python-algorithms,/home/juan/Documents/Analisis-CC-PyCEFR/python-algorithms/leetcode/src/binary_trees/lc_501_find_mode_in_bst/find_mode_in_bst.py,find_mode_in_bst.py,find_mode_in_bst_helper,find_mode_in_bst,7,26,6,B,2,20,6,4.0,B2,1.65,"{""A2"": 10, ""A1"": 9, ""B2"": 1}","{""Simple Atributte"": 9, ""Simple If statements"": 5, ""Simple Assignment"": 3, ""Simplified incremental Assignment with increase amount"": 1, ""Recursive Functions"": 1, ""Return"": 1}"
python-algorithms,/home/juan/Documents/Analisis-CC-PyCEFR/python-algorithms/leetcode/src/binary_trees/lc_501_find_mode_in_bst/find_mode_in_bst.py,find_mode_in_bst.py,find_mode_in_bst_preorder,,38,54,1,A,1,23,9,4.0,B2,1.4782608695652173,"{""A1"": 14, ""A2"": 8, ""B2"": 1}","{""Simple Atributte"": 7, ""Subscript"": 5, ""Simple Assignment"": 3, ""Simple Tuple"": 2, ""Return"": 2, ""Simplified incremental Assignment with increase amount"": 1, ""Simple If statements"": 1, ""Function with Simple argument"": 1, ""Recursive Functions"": 1}"
python-algorithms,/home/juan/Documents/Analisis-CC-PyCEFR/python-algorithms/leetcode/src/binary_trees/lc_501_find_mode_in_bst/find_mode_in_bst.py,find_mode_in_bst.py,find_mode_in_bst_helper,find_mode_in_bst_preorder,39,48,2,A,1,16,7,4.0,B2,1.6875,"{""A2"": 8, ""A1"": 7, ""B2"": 1}","{""Simple Atributte"": 7, ""Subscript"": 4, ""Simple Assignment"": 1, ""Simplified incremental Assignment with increase amount"": 1, ""Simple If statements"": 1, ""Recursive Functions"": 1, ""Return"": 1}"
python-algorithms,/home/juan/Documents/Analisis-CC-PyCEFR/python-algorithms/leetcode/src/binary_trees/lc_104_max_depth_of_binary_tree/max_depth_of_binary_tree.py,max_depth_of_binary_tree.py,max_depth,,7,14,2,A,1,9,5,4.0,B2,1.5555555555555556,"{""A1"": 6, ""A2"": 2, ""B2"": 1}","{""Return"": 3, ""Simple Atributte"": 2, ""Simple Assignment"": 2, ""Simple If statements"": 1, ""Recursive Functions"": 1}"
python-algorithms,/home/juan/Documents/Analisis-CC-PyCEFR/python-algorithms/leetcode/src/binary_trees/lc_104_max_depth_of_binary_tree/max_depth_of_binary_tree.py,max_depth_of_binary_tree.py,Node,,1,4,2,A,1,12,7,3.0,B1,1.5,"{""A1"": 7, ""A2"": 4, ""B1"": 1}","{""Simple Atributte"": 4, ""Simple Assignment"": 3, ""Unary Operation"": 1, ""Simple If statements"": 1, ""Return"": 1, ""Function with Simple argument"": 1, ""Simple Class  Using the constructor method --> __init__"": 1}"
python-algorithms,/home/juan/Documents/Analisis-CC-PyCEFR/python-algorithms/leetcode/src/binary_trees/lc_104_max_depth_of_binary_tree/max_depth_of_binary_tree.py,max_depth_of_binary_tree.py,__init__,,2,4,1,A,1,11,6,2.0,A2,1.3636363636363635,"{""A1"": 7, ""A2"": 4}","{""Simple Atributte"": 4, ""Simple Assignment"": 3, ""Unary Operation"": 1, ""Simple If statements"": 1, ""Return"": 1, ""Function with Simple argument"": 1}"
python-algorithms,/home/juan/Documents/Analisis-CC-PyCEFR/python-algorithms/leetcode/src/binary_trees/lc_450_delete_bst_node/delete_bst_node.py,delete_bst_node.py,delete_node,,5,26,11,C,3,48,8,4.0,B2,1.5625,"{""A1"": 24, ""A2"": 22, ""B1"": 1, ""B2"": 1}","{""Simple Atributte"": 22, ""Simple Assignment"": 6, ""Simple If statements"": 6, ""Return"": 5, ""Unary Operation"": 4, ""Boolean Operation"": 3, ""While with Else Loop"": 1, ""Recursive Functions"": 1}"
python-algorithms,/home/juan/Documents/Analisis-CC-PyCEFR/python-algorithms/leetcode/src/binary_trees/lc_450_delete_bst_node/delete_bst_node.py,delete_bst_node.py,delete_node_2,,32,53,11,C,3,48,8,4.0,B2,1.5625,"{""A1"": 24, ""A2"": 22, ""B1"": 1, ""B2"": 1}","{""Simple Atributte"": 22, ""Simple Assignment"": 6, ""Simple If statements"": 6, ""Return"": 5, ""Unary Operation"": 4, ""Boolean Operation"": 3, ""While with Else Loop"": 1, ""Recursive Functions"": 1}"
python-algorithms,/home/juan/Documents/Analisis-CC-PyCEFR/python-algorithms/leetcode/src/binary_trees/lc_404_sum_of_left_leaves/sum_of_left_leaves.py,sum_of_left_leaves.py,TreeNode,,1,5,2,A,1,8,4,3.0,B1,1.75,"{""A2"": 4, ""A1"": 3, ""B1"": 1}","{""Simple Atributte"": 3, ""Simple Assignment"": 3, ""Function with Simple argument with Default argument"": 1, ""Simple Class  Using the constructor method --> __init__"": 1}"
python-algorithms,/home/juan/Documents/Analisis-CC-PyCEFR/python-algorithms/leetcode/src/binary_trees/lc_404_sum_of_left_leaves/sum_of_left_leaves.py,sum_of_left_leaves.py,sum_of_left_leaves,,7,24,1,A,1,21,10,4.0,B2,1.4761904761904763,"{""A1"": 13, ""A2"": 7, ""B2"": 1}","{""Simple Atributte"": 6, ""Simple If statements"": 3, ""Return"": 3, ""Subscript"": 2, ""Simple Assignment"": 2, ""Simple List"": 1, ""Boolean Operation"": 1, ""Simplified incremental Assignment with increase amount"": 1, ""Function with Simple argument"": 1, ""Recursive Functions"": 1}"
python-algorithms,/home/juan/Documents/Analisis-CC-PyCEFR/python-algorithms/leetcode/src/binary_trees/lc_404_sum_of_left_leaves/sum_of_left_leaves.py,sum_of_left_leaves.py,sum_left_leaves_helper,sum_of_left_leaves,8,19,5,A,1,16,8,4.0,B2,1.625,"{""A1"": 8, ""A2"": 7, ""B2"": 1}","{""Simple Atributte"": 6, ""Simple If statements"": 3, ""Return"": 2, ""Boolean Operation"": 1, ""Subscript"": 1, ""Simple Assignment"": 1, ""Simplified incremental Assignment with increase amount"": 1, ""Recursive Functions"": 1}"
python-algorithms,/home/juan/Documents/Analisis-CC-PyCEFR/python-algorithms/leetcode/src/binary_trees/lc_404_sum_of_left_leaves/sum_of_left_leaves.py,sum_of_left_leaves.py,sumOfLeftLeaves,,29,46,1,A,1,19,8,4.0,B2,1.6842105263157894,"{""A2"": 10, ""A1"": 8, ""B2"": 1}","{""Simple Atributte"": 9, ""Simple If statements"": 3, ""Return"": 2, ""Boolean Operation"": 1, ""Simple Assignment"": 1, ""Simplified incremental Assignment with increase amount"": 1, ""Function with Simple argument"": 1, ""Recursive Functions"": 1}"
python-algorithms,/home/juan/Documents/Analisis-CC-PyCEFR/python-algorithms/leetcode/src/binary_trees/lc_404_sum_of_left_leaves/sum_of_left_leaves.py,sum_of_left_leaves.py,sumOfLeftLeavesHelper,sumOfLeftLeaves,30,41,5,A,1,16,6,4.0,B2,1.8125,"{""A2"": 10, ""A1"": 5, ""B2"": 1}","{""Simple Atributte"": 9, ""Simple If statements"": 3, ""Boolean Operation"": 1, ""Simplified incremental Assignment with increase amount"": 1, ""Recursive Functions"": 1, ""Return"": 1}"
python-algorithms,/home/juan/Documents/Analisis-CC-PyCEFR/python-algorithms/leetcode/src/binary_trees/lc_404_sum_of_left_leaves/sum_of_left_leaves.py,sum_of_left_leaves.py,__init__,,2,5,1,A,1,7,3,2.0,A2,1.5714285714285714,"{""A2"": 4, ""A1"": 3}","{""Simple Atributte"": 3, ""Simple Assignment"": 3, ""Function with Simple argument with Default argument"": 1}"
python-algorithms,/home/juan/Documents/Analisis-CC-PyCEFR/python-algorithms/leetcode/src/binary_trees/lc_543_diameter_of_a_tree/tree_diameter.py,tree_diameter.py,TreeNode,,1,5,2,A,1,16,4,3.0,B1,1.75,"{""A2"": 8, ""A1"": 6, ""B1"": 2}","{""Simple Atributte"": 6, ""Simple Assignment"": 6, ""Function with Simple argument with Default argument"": 2, ""Simple Class  Using the constructor method --> __init__"": 2}"
python-algorithms,/home/juan/Documents/Analisis-CC-PyCEFR/python-algorithms/leetcode/src/binary_trees/lc_543_diameter_of_a_tree/tree_diameter.py,tree_diameter.py,tree_diameter,,8,24,1,A,1,16,6,4.0,B2,1.4375,"{""A1"": 11, ""A2"": 4, ""B2"": 1}","{""Simple Assignment"": 5, ""Simple Atributte"": 4, ""Return"": 3, ""Function with Simple argument"": 2, ""Simple If statements"": 1, ""Recursive Functions"": 1}"
python-algorithms,/home/juan/Documents/Analisis-CC-PyCEFR/python-algorithms/leetcode/src/binary_trees/lc_543_diameter_of_a_tree/tree_diameter.py,tree_diameter.py,tree_diameter_helper,tree_diameter,9,19,2,A,1,9,5,4.0,B2,1.5555555555555556,"{""A1"": 6, ""A2"": 2, ""B2"": 1}","{""Simple Assignment"": 3, ""Simple Atributte"": 2, ""Return"": 2, ""Simple If statements"": 1, ""Recursive Functions"": 1}"
python-algorithms,/home/juan/Documents/Analisis-CC-PyCEFR/python-algorithms/leetcode/src/binary_trees/lc_543_diameter_of_a_tree/tree_diameter.py,tree_diameter.py,__init__,,2,5,1,A,1,14,3,2.0,A2,1.5714285714285714,"{""A2"": 8, ""A1"": 6}","{""Simple Atributte"": 6, ""Simple Assignment"": 6, ""Function with Simple argument with Default argument"": 2}"
python-algorithms,/home/juan/Documents/Analisis-CC-PyCEFR/python-algorithms/leetcode/src/binary_trees/lc_669_trim_a_binary_search_tree/trim_a_binary_search_tree.py,trim_a_binary_search_tree.py,trimBST,,1,15,1,A,1,21,7,4.0,B2,1.5238095238095237,"{""A1"": 12, ""A2"": 8, ""B2"": 1}","{""Simple Atributte"": 8, ""Return"": 5, ""Simple If statements"": 3, ""Simple Assignment"": 2, ""Unary Operation"": 1, ""Function with Simple argument"": 1, ""Recursive Functions"": 1}"
python-algorithms,/home/juan/Documents/Analisis-CC-PyCEFR/python-algorithms/leetcode/src/binary_trees/lc_669_trim_a_binary_search_tree/trim_a_binary_search_tree.py,trim_a_binary_search_tree.py,trim,trimBST,2,13,4,A,1,19,6,4.0,B2,1.5789473684210527,"{""A1"": 10, ""A2"": 8, ""B2"": 1}","{""Simple Atributte"": 8, ""Return"": 4, ""Simple If statements"": 3, ""Simple Assignment"": 2, ""Unary Operation"": 1, ""Recursive Functions"": 1}"
python-algorithms,/home/juan/Documents/Analisis-CC-PyCEFR/python-algorithms/leetcode/src/binary_trees/lc_106_construct_binary_tree_from_inorder_postorder_traversal/construct_binary_tree_from_inorder_postorder_traversal.py,construct_binary_tree_from_inorder_postorder_traversal.py,build_tree,,7,25,2,A,1,18,11,6.0,C2,1.6666666666666667,"{""A1"": 15, ""C2"": 1, ""C1"": 1, ""B2"": 1}","{""Simple Assignment"": 5, ""Return"": 3, ""Subscript"": 2, ""Simple Tuple"": 1, ""'enumerate' call function"": 1, ""Boolean Operation"": 1, ""Simple Dictionary Comprehension"": 1, ""Assigment with sum (total = total + 1)"": 1, ""Simple If statements"": 1, ""Function with Simple argument"": 1}"
python-algorithms,/home/juan/Documents/Analisis-CC-PyCEFR/python-algorithms/leetcode/src/binary_trees/lc_106_construct_binary_tree_from_inorder_postorder_traversal/construct_binary_tree_from_inorder_postorder_traversal.py,construct_binary_tree_from_inorder_postorder_traversal.py,buildTreeHelper,build_tree,9,23,3,A,1,12,7,4.0,B2,1.25,"{""A1"": 11, ""B2"": 1}","{""Simple Assignment"": 4, ""Subscript"": 2, ""Return"": 2, ""Boolean Operation"": 1, ""Assigment with sum (total = total + 1)"": 1, ""Simple If statements"": 1, ""Recursive Functions"": 1}"
python-algorithms,/home/juan/Documents/Analisis-CC-PyCEFR/python-algorithms/leetcode/src/binary_trees/lc_106_construct_binary_tree_from_inorder_postorder_traversal/construct_binary_tree_from_inorder_postorder_traversal.py,construct_binary_tree_from_inorder_postorder_traversal.py,TreeNode,,1,5,2,A,1,8,4,3.0,B1,1.75,"{""A2"": 4, ""A1"": 3, ""B1"": 1}","{""Simple Atributte"": 3, ""Simple Assignment"": 3, ""Function with Simple argument with Default argument"": 1, ""Simple Class  Using the constructor method --> __init__"": 1}"
python-algorithms,/home/juan/Documents/Analisis-CC-PyCEFR/python-algorithms/leetcode/src/binary_trees/lc_106_construct_binary_tree_from_inorder_postorder_traversal/construct_binary_tree_from_inorder_postorder_traversal.py,construct_binary_tree_from_inorder_postorder_traversal.py,__init__,,2,5,1,A,1,7,3,2.0,A2,1.5714285714285714,"{""A2"": 4, ""A1"": 3}","{""Simple Atributte"": 3, ""Simple Assignment"": 3, ""Function with Simple argument with Default argument"": 1}"
python-algorithms,/home/juan/Documents/Analisis-CC-PyCEFR/python-algorithms/leetcode/src/binary_trees/lc_113_path_sum_II/path_sum.py,path_sum.py,path_sum,,1,18,1,A,1,60,17,4.0,B2,1.5666666666666667,"{""A1"": 31, ""A2"": 26, ""B2"": 2, ""B1"": 1}","{""Simple Atributte"": 22, ""Simple Assignment"": 7, ""Simple If statements"": 6, ""Return"": 5, ""Simple Tuple"": 2, ""Boolean Operation"": 2, ""Assigment with sum (total = total + 1)"": 2, ""Simple List"": 2, ""Recursive Functions"": 2, ""Unary Operation"": 2}"
python-algorithms,/home/juan/Documents/Analisis-CC-PyCEFR/python-algorithms/leetcode/src/binary_trees/lc_113_path_sum_II/path_sum.py,path_sum.py,path_sum_helper,path_sum,2,13,5,A,1,44,14,4.0,B2,1.5681818181818181,"{""A2"": 22, ""A1"": 21, ""B2"": 1}","{""Simple Atributte"": 18, ""Simple If statements"": 5, ""Simple Assignment"": 3, ""Return"": 3, ""Simple Tuple"": 2, ""Boolean Operation"": 2, ""Assigment with sum (total = total + 1)"": 2, ""Unary Operation"": 2, ""Simplified incremental Assignment with increase amount"": 2, ""Function with Simple argument with Default argument"": 1}"
python-algorithms,/home/juan/Documents/Analisis-CC-PyCEFR/python-algorithms/leetcode/src/binary_trees/lc_108_converted_sorted_array_to_bst/converted_sorted_array_to_bst.py,converted_sorted_array_to_bst.py,convert_to_bst,,7,23,2,A,1,16,8,4.0,B2,1.1875,"{""A1"": 15, ""B2"": 1}","{""Return"": 4, ""Simple Assignment"": 3, ""Simple If statements"": 3, ""Simple Tuple"": 2, ""Subscript"": 1, ""Assigment with sum (total = total + 1)"": 1, ""Function with Simple argument"": 1, ""Recursive Functions"": 1}"
python-algorithms,/home/juan/Documents/Analisis-CC-PyCEFR/python-algorithms/leetcode/src/binary_trees/lc_108_converted_sorted_array_to_bst/converted_sorted_array_to_bst.py,converted_sorted_array_to_bst.py,convert_to_bst_helper,convert_to_bst,12,21,3,A,1,9,6,4.0,B2,1.3333333333333333,"{""A1"": 8, ""B2"": 1}","{""Simple Assignment"": 2, ""Simple If statements"": 2, ""Return"": 2, ""Subscript"": 1, ""Assigment with sum (total = total + 1)"": 1, ""Recursive Functions"": 1}"
python-algorithms,/home/juan/Documents/Analisis-CC-PyCEFR/python-algorithms/leetcode/src/binary_trees/lc_108_converted_sorted_array_to_bst/converted_sorted_array_to_bst.py,converted_sorted_array_to_bst.py,inorder,,26,32,2,A,1,7,5,4.0,B2,1.8571428571428572,"{""A1"": 3, ""A2"": 3, ""B2"": 1}","{""Simple Atributte"": 3, ""Print"": 1, ""Simple If statements"": 1, ""Recursive Functions"": 1, ""Return"": 1}"
python-algorithms,/home/juan/Documents/Analisis-CC-PyCEFR/python-algorithms/leetcode/src/binary_trees/lc_108_converted_sorted_array_to_bst/converted_sorted_array_to_bst.py,converted_sorted_array_to_bst.py,Node,,1,4,2,A,1,9,5,3.0,B1,1.6666666666666667,"{""A1"": 4, ""A2"": 4, ""B1"": 1}","{""Simple Atributte"": 3, ""Simple Tuple"": 2, ""Simple Assignment"": 2, ""Function with Simple argument with Default argument"": 1, ""Simple Class  Using the constructor method --> __init__"": 1}"
python-algorithms,/home/juan/Documents/Analisis-CC-PyCEFR/python-algorithms/leetcode/src/binary_trees/lc_108_converted_sorted_array_to_bst/converted_sorted_array_to_bst.py,converted_sorted_array_to_bst.py,__init__,,2,4,1,A,1,8,4,2.0,A2,1.5,"{""A1"": 4, ""A2"": 4}","{""Simple Atributte"": 3, ""Simple Tuple"": 2, ""Simple Assignment"": 2, ""Function with Simple argument with Default argument"": 1}"
python-algorithms,/home/juan/Documents/Analisis-CC-PyCEFR/python-algorithms/leetcode/src/binary_trees/lc_653_two_sum_IV/two_sum.py,two_sum.py,two_sum_bst,,2,25,1,A,1,63,16,6.0,C2,1.2698412698412698,"{""A1"": 52, ""A2"": 9, ""C2"": 1, ""B2"": 1}","{""Return"": 10, ""Simple List"": 9, ""Simple Assignment"": 8, ""Subscript"": 7, ""Print"": 6, ""Simple If statements"": 6, ""Simple Atributte"": 4, ""Simple Dictionary"": 3, ""Assigment with sum (total = total + 1)"": 3, ""Simple Tuple"": 1}"
python-algorithms,/home/juan/Documents/Analisis-CC-PyCEFR/python-algorithms/leetcode/src/binary_trees/lc_653_two_sum_IV/two_sum.py,two_sum.py,two_sum_helper,two_sum_bst,3,21,5,A,1,55,14,6.0,C2,1.2545454545454546,"{""A1"": 47, ""A2"": 6, ""C2"": 1, ""B2"": 1}","{""Simple List"": 9, ""Return"": 9, ""Subscript"": 7, ""Print"": 6, ""Simple If statements"": 6, ""Simple Assignment"": 5, ""Simple Atributte"": 4, ""Assigment with sum (total = total + 1)"": 3, ""Simple Tuple"": 1, ""'enumerate' call function"": 1}"
python-algorithms,/home/juan/Documents/Analisis-CC-PyCEFR/python-algorithms/leetcode/src/binary_trees/root_to_node_path_in_binary_tree/root_to_node.py,root_to_node.py,Node,,2,5,2,A,1,7,4,3.0,B1,1.7142857142857142,"{""A2"": 3, ""A1"": 3, ""B1"": 1}","{""Simple Atributte"": 3, ""Simple Assignment"": 2, ""Function with Simple argument"": 1, ""Simple Class  Using the constructor method --> __init__"": 1}"
python-algorithms,/home/juan/Documents/Analisis-CC-PyCEFR/python-algorithms/leetcode/src/binary_trees/root_to_node_path_in_binary_tree/root_to_node.py,root_to_node.py,findPath,,7,28,1,A,1,19,7,4.0,B2,1.4210526315789473,"{""A1"": 13, ""A2"": 5, ""B2"": 1}","{""Return"": 6, ""Simple Atributte"": 5, ""Simple If statements"": 4, ""Simple List"": 1, ""Simple Assignment"": 1, ""Function with Simple argument"": 1, ""Recursive Functions"": 1}"
python-algorithms,/home/juan/Documents/Analisis-CC-PyCEFR/python-algorithms/leetcode/src/binary_trees/root_to_node_path_in_binary_tree/root_to_node.py,root_to_node.py,solvePath,findPath,9,23,5,A,1,15,4,4.0,B2,1.5333333333333334,"{""A1"": 9, ""A2"": 5, ""B2"": 1}","{""Simple Atributte"": 5, ""Return"": 5, ""Simple If statements"": 4, ""Recursive Functions"": 1}"
python-algorithms,/home/juan/Documents/Analisis-CC-PyCEFR/python-algorithms/leetcode/src/binary_trees/root_to_node_path_in_binary_tree/root_to_node.py,root_to_node.py,__init__,,3,5,1,A,1,6,3,2.0,A2,1.5,"{""A2"": 3, ""A1"": 3}","{""Simple Atributte"": 3, ""Simple Assignment"": 2, ""Function with Simple argument"": 1}"
python-algorithms,/home/juan/Documents/Analisis-CC-PyCEFR/python-algorithms/leetcode/src/binary_trees/lc_998_maximum_binary_tree_II/maximum_binary_tree.py,maximum_binary_tree.py,insertIntoMaxTree2,,23,40,2,A,1,35,11,4.0,B2,1.2571428571428571,"{""A1"": 30, ""A2"": 3, ""B2"": 2}","{""Simple Assignment"": 11, ""Return"": 6, ""Simple Atributte"": 3, ""Simple If statements"": 3, ""Unary Operation"": 2, ""Subscript"": 2, ""Slice"": 2, ""Recursive Functions"": 2, ""Simple Tuple"": 2, ""Simple List"": 1}"
python-algorithms,/home/juan/Documents/Analisis-CC-PyCEFR/python-algorithms/leetcode/src/binary_trees/lc_998_maximum_binary_tree_II/maximum_binary_tree.py,maximum_binary_tree.py,buildTree,insertIntoMaxTree2,29,38,2,A,1,21,9,4.0,B2,1.1904761904761905,"{""A1"": 19, ""A2"": 1, ""B2"": 1}","{""Simple Assignment"": 7, ""Return"": 4, ""Subscript"": 2, ""Slice"": 2, ""Simple If statements"": 2, ""Simple Atributte"": 1, ""Unary Operation"": 1, ""Recursive Functions"": 1, ""Simple Tuple"": 1}"
python-algorithms,/home/juan/Documents/Analisis-CC-PyCEFR/python-algorithms/leetcode/src/binary_trees/lc_998_maximum_binary_tree_II/maximum_binary_tree.py,maximum_binary_tree.py,inorder,,42,47,2,A,1,12,7,4.0,B2,1.5833333333333333,"{""A1"": 7, ""A2"": 4, ""B2"": 1}","{""Simple Atributte"": 4, ""Return"": 2, ""Simple Tuple"": 2, ""Simple If statements"": 1, ""Recursive Functions"": 1, ""Subscript"": 1, ""Simple Assignment"": 1}"
python-algorithms,/home/juan/Documents/Analisis-CC-PyCEFR/python-algorithms/leetcode/src/binary_trees/lc_998_maximum_binary_tree_II/maximum_binary_tree.py,maximum_binary_tree.py,TreeNode,,2,6,2,A,1,15,4,3.0,B1,1.6666666666666667,"{""A2"": 8, ""A1"": 6, ""B1"": 1}","{""Simple Atributte"": 6, ""Simple Assignment"": 6, ""Function with Simple argument with Default argument"": 2, ""Simple Class  Using the constructor method --> __init__"": 1}"
python-algorithms,/home/juan/Documents/Analisis-CC-PyCEFR/python-algorithms/leetcode/src/binary_trees/lc_998_maximum_binary_tree_II/maximum_binary_tree.py,maximum_binary_tree.py,insertIntoMaxTree,,9,19,1,A,1,26,9,4.0,B2,1.3846153846153846,"{""A1"": 20, ""A2"": 4, ""B2"": 2}","{""Return"": 6, ""Simple Assignment"": 5, ""Simple Atributte"": 4, ""Simple If statements"": 3, ""Recursive Functions"": 2, ""Subscript"": 2, ""Slice"": 2, ""Function with Simple argument"": 1, ""Unary Operation"": 1}"
python-algorithms,/home/juan/Documents/Analisis-CC-PyCEFR/python-algorithms/leetcode/src/binary_trees/lc_998_maximum_binary_tree_II/maximum_binary_tree.py,maximum_binary_tree.py,buildTree,insertIntoMaxTree,10,17,3,A,1,22,8,4.0,B2,1.3181818181818181,"{""A1"": 17, ""A2"": 4, ""B2"": 1}","{""Simple Assignment"": 5, ""Simple Atributte"": 4, ""Return"": 4, ""Simple If statements"": 3, ""Subscript"": 2, ""Slice"": 2, ""Recursive Functions"": 1, ""Unary Operation"": 1}"
python-algorithms,/home/juan/Documents/Analisis-CC-PyCEFR/python-algorithms/leetcode/src/binary_trees/lc_998_maximum_binary_tree_II/maximum_binary_tree.py,maximum_binary_tree.py,__init__,,3,6,1,A,1,13,3,2.0,A2,1.5384615384615385,"{""A2"": 7, ""A1"": 6}","{""Simple Atributte"": 6, ""Simple Assignment"": 6, ""Function with Simple argument with Default argument"": 1}"
python-algorithms,/home/juan/Documents/Analisis-CC-PyCEFR/python-algorithms/leetcode/src/binary_trees/lc_606_construct_string_from_tree/construct_string_from_tree.py,construct_string_from_tree.py,TreeNode,,1,5,2,A,1,8,4,3.0,B1,1.75,"{""A2"": 4, ""A1"": 3, ""B1"": 1}","{""Simple Atributte"": 3, ""Simple Assignment"": 3, ""Function with Simple argument with Default argument"": 1, ""Simple Class  Using the constructor method --> __init__"": 1}"
python-algorithms,/home/juan/Documents/Analisis-CC-PyCEFR/python-algorithms/leetcode/src/binary_trees/lc_606_construct_string_from_tree/construct_string_from_tree.py,construct_string_from_tree.py,treeStr,,7,22,1,A,1,18,8,4.0,B2,1.6666666666666667,"{""A2"": 9, ""A1"": 8, ""B2"": 1}","{""Simple Atributte"": 6, ""Simplified incremental Assignment with increase amount"": 3, ""Simple If statements"": 3, ""Return"": 2, ""Unary Operation"": 1, ""Simple Assignment"": 1, ""Function with Simple argument"": 1, ""Recursive Functions"": 1}"
python-algorithms,/home/juan/Documents/Analisis-CC-PyCEFR/python-algorithms/leetcode/src/binary_trees/lc_606_construct_string_from_tree/construct_string_from_tree.py,construct_string_from_tree.py,treeStrHelper,treeStr,8,20,4,A,1,16,7,4.0,B2,1.75,"{""A2"": 9, ""A1"": 6, ""B2"": 1}","{""Simple Atributte"": 6, ""Simplified incremental Assignment with increase amount"": 3, ""Simple If statements"": 3, ""Unary Operation"": 1, ""Simple Assignment"": 1, ""Recursive Functions"": 1, ""Return"": 1}"
python-algorithms,/home/juan/Documents/Analisis-CC-PyCEFR/python-algorithms/leetcode/src/binary_trees/lc_606_construct_string_from_tree/construct_string_from_tree.py,construct_string_from_tree.py,__init__,,2,5,1,A,1,7,3,2.0,A2,1.5714285714285714,"{""A2"": 4, ""A1"": 3}","{""Simple Atributte"": 3, ""Simple Assignment"": 3, ""Function with Simple argument with Default argument"": 1}"
python-algorithms,/home/juan/Documents/Analisis-CC-PyCEFR/python-algorithms/leetcode/src/binary_trees/preorder_inorder_postorder_in_one_traversal/traversals_recursive.py,traversals_recursive.py,Node,,1,4,2,A,1,7,4,3.0,B1,1.7142857142857142,"{""A2"": 3, ""A1"": 3, ""B1"": 1}","{""Simple Atributte"": 3, ""Simple Assignment"": 2, ""Function with Simple argument"": 1, ""Simple Class  Using the constructor method --> __init__"": 1}"
python-algorithms,/home/juan/Documents/Analisis-CC-PyCEFR/python-algorithms/leetcode/src/binary_trees/preorder_inorder_postorder_in_one_traversal/traversals_recursive.py,traversals_recursive.py,traversals,,6,20,1,A,1,21,9,4.0,B2,1.5238095238095237,"{""A1"": 12, ""A2"": 8, ""B2"": 1}","{""Simple Atributte"": 8, ""Simple List"": 4, ""Simple Tuple"": 2, ""Return"": 2, ""Unary Operation"": 1, ""Simple Assignment"": 1, ""Simple If statements"": 1, ""Function with Simple argument"": 1, ""Recursive Functions"": 1}"
python-algorithms,/home/juan/Documents/Analisis-CC-PyCEFR/python-algorithms/leetcode/src/binary_trees/preorder_inorder_postorder_in_one_traversal/traversals_recursive.py,traversals_recursive.py,traverse_helper,traversals,7,16,2,A,1,12,5,4.0,B2,1.9166666666666667,"{""A2"": 8, ""A1"": 3, ""B2"": 1}","{""Simple Atributte"": 8, ""Unary Operation"": 1, ""Simple If statements"": 1, ""Recursive Functions"": 1, ""Return"": 1}"
python-algorithms,/home/juan/Documents/Analisis-CC-PyCEFR/python-algorithms/leetcode/src/binary_trees/preorder_inorder_postorder_in_one_traversal/traversals_recursive.py,traversals_recursive.py,__init__,,2,4,1,A,1,6,3,2.0,A2,1.5,"{""A2"": 3, ""A1"": 3}","{""Simple Atributte"": 3, ""Simple Assignment"": 2, ""Function with Simple argument"": 1}"
python-algorithms,/home/juan/Documents/Analisis-CC-PyCEFR/python-algorithms/leetcode/src/binary_trees/preorder_inorder_postorder_in_one_traversal/traversals_iterative.py,traversals_iterative.py,traversals,,6,27,7,B,2,42,9,3.0,B1,1.4047619047619047,"{""A1"": 26, ""A2"": 15, ""B1"": 1}","{""Simple Atributte"": 15, ""Simple Tuple"": 8, ""Simple List"": 6, ""Simple If statements"": 5, ""Simple Assignment"": 3, ""Return"": 2, ""Unary Operation"": 1, ""While with Else Loop"": 1, ""Function with Simple argument"": 1}"
python-algorithms,/home/juan/Documents/Analisis-CC-PyCEFR/python-algorithms/leetcode/src/binary_trees/preorder_inorder_postorder_in_one_traversal/traversals_iterative.py,traversals_iterative.py,Node,,1,4,2,A,1,7,4,3.0,B1,1.7142857142857142,"{""A2"": 3, ""A1"": 3, ""B1"": 1}","{""Simple Atributte"": 3, ""Simple Assignment"": 2, ""Function with Simple argument"": 1, ""Simple Class  Using the constructor method --> __init__"": 1}"
python-algorithms,/home/juan/Documents/Analisis-CC-PyCEFR/python-algorithms/leetcode/src/binary_trees/preorder_inorder_postorder_in_one_traversal/traversals_iterative.py,traversals_iterative.py,__init__,,2,4,1,A,1,6,3,2.0,A2,1.5,"{""A2"": 3, ""A1"": 3}","{""Simple Atributte"": 3, ""Simple Assignment"": 2, ""Function with Simple argument"": 1}"
python-algorithms,/home/juan/Documents/Analisis-CC-PyCEFR/python-algorithms/leetcode/src/binary_trees/lc_662_maximum_width_of_binary_tree/maximum_width_of_binary_tree.py,maximum_width_of_binary_tree.py,widthOfBinaryTree,,3,21,6,B,2,33,13,3.0,B1,1.303030303030303,"{""A1"": 24, ""A2"": 8, ""B1"": 1}","{""Simple Atributte"": 7, ""Simple Assignment"": 5, ""Simple Tuple"": 4, ""Subscript"": 4, ""Simple If statements"": 3, ""Unary Operation"": 2, ""Return"": 2, ""Simple List"": 1, ""'range' call function"": 1, ""Assigment with sum (total = total + 1)"": 1}"
python-algorithms,/home/juan/Documents/Analisis-CC-PyCEFR/python-algorithms/leetcode/src/binary_trees/lc_99_recover_binary_search_trees/recover_binary_search_trees.py,recover_binary_search_trees.py,recover_bst,,1,22,5,A,1,37,9,4.0,B2,1.4054054054054055,"{""A1"": 24, ""A2"": 12, ""B2"": 1}","{""Simple Atributte"": 12, ""Simple Tuple"": 6, ""Simple Assignment"": 6, ""Simple If statements"": 5, ""Boolean Operation"": 3, ""Unary Operation"": 2, ""Function with Simple argument"": 1, ""Recursive Functions"": 1, ""Return"": 1}"
python-algorithms,/home/juan/Documents/Analisis-CC-PyCEFR/python-algorithms/leetcode/src/binary_trees/lc_99_recover_binary_search_trees/recover_binary_search_trees.py,recover_binary_search_trees.py,recover_bst_helper,recover_bst,2,14,5,A,1,17,8,4.0,B2,1.411764705882353,"{""A1"": 12, ""A2"": 4, ""B2"": 1}","{""Simple Atributte"": 4, ""Simple Assignment"": 3, ""Simple If statements"": 3, ""Simple Tuple"": 2, ""Unary Operation"": 2, ""Boolean Operation"": 1, ""Recursive Functions"": 1, ""Return"": 1}"
python-algorithms,/home/juan/Documents/Analisis-CC-PyCEFR/python-algorithms/leetcode/src/binary_trees/lc_107_binary_tree_level_order_traversal_II/binary_tree_level_order_traversal.py,binary_tree_level_order_traversal.py,level_order_bottom,,3,23,6,B,2,90,11,3.0,B1,1.4333333333333333,"{""A1"": 54, ""A2"": 33, ""B1"": 3}","{""Simple Atributte"": 30, ""Simple List"": 11, ""Simple Assignment"": 11, ""Simple If statements"": 9, ""Simple Tuple"": 8, ""Return"": 6, ""'range' call function"": 3, ""Unary Operation"": 3, ""Simple For Loop"": 3, ""While with Else Loop"": 3}"
python-algorithms,/home/juan/Documents/Analisis-CC-PyCEFR/python-algorithms/leetcode/src/binary_trees/lc_111_min_depth_of_binary_tree/min_depth_of_binary_tree.py,min_depth_of_binary_tree.py,min_depth_bfs,,10,31,8,B,2,26,11,3.0,B1,1.5,"{""A1"": 14, ""A2"": 11, ""B1"": 1}","{""Simple Atributte"": 9, ""Simple Assignment"": 4, ""Simple If statements"": 4, ""Return"": 2, ""Simple List"": 1, ""'range' call function"": 1, ""Boolean Operation"": 1, ""Simplified incremental Assignment with increase amount"": 1, ""Simple For Loop"": 1, ""While with Else Loop"": 1}"
python-algorithms,/home/juan/Documents/Analisis-CC-PyCEFR/python-algorithms/leetcode/src/binary_trees/lc_111_min_depth_of_binary_tree/min_depth_of_binary_tree.py,min_depth_of_binary_tree.py,min_depth_of_tree,,35,55,2,A,1,21,7,4.0,B2,1.4285714285714286,"{""A1"": 14, ""A2"": 6, ""B2"": 1}","{""Simple Atributte"": 6, ""Simple Assignment"": 4, ""Simple If statements"": 4, ""Return"": 4, ""Boolean Operation"": 1, ""Function with Simple argument"": 1, ""Recursive Functions"": 1}"
python-algorithms,/home/juan/Documents/Analisis-CC-PyCEFR/python-algorithms/leetcode/src/binary_trees/lc_111_min_depth_of_binary_tree/min_depth_of_binary_tree.py,min_depth_of_binary_tree.py,min_depth_helper,min_depth_of_tree,37,50,6,B,2,17,6,4.0,B2,1.5294117647058822,"{""A1"": 10, ""A2"": 6, ""B2"": 1}","{""Simple Atributte"": 6, ""Simple Assignment"": 4, ""Simple If statements"": 3, ""Return"": 2, ""Boolean Operation"": 1, ""Recursive Functions"": 1}"
python-algorithms,/home/juan/Documents/Analisis-CC-PyCEFR/python-algorithms/leetcode/src/binary_trees/lc_111_min_depth_of_binary_tree/min_depth_of_binary_tree.py,min_depth_of_binary_tree.py,Node,,2,5,2,A,1,9,5,3.0,B1,1.6666666666666667,"{""A1"": 4, ""A2"": 4, ""B1"": 1}","{""Simple Atributte"": 3, ""Simple Tuple"": 2, ""Simple Assignment"": 2, ""Function with Simple argument with Default argument"": 1, ""Simple Class  Using the constructor method --> __init__"": 1}"
python-algorithms,/home/juan/Documents/Analisis-CC-PyCEFR/python-algorithms/leetcode/src/binary_trees/lc_111_min_depth_of_binary_tree/min_depth_of_binary_tree.py,min_depth_of_binary_tree.py,__init__,,3,5,1,A,1,8,4,2.0,A2,1.5,"{""A1"": 4, ""A2"": 4}","{""Simple Atributte"": 3, ""Simple Tuple"": 2, ""Simple Assignment"": 2, ""Function with Simple argument with Default argument"": 1}"
python-algorithms,/home/juan/Documents/Analisis-CC-PyCEFR/python-algorithms/leetcode/src/binary_trees/lc_236_lowest_common_ancestor_of_binary_tree/lowest_common_ancestor_of_binary_tree.py,lowest_common_ancestor_of_binary_tree.py,lca,,4,20,1,A,1,23,9,4.0,B2,1.5217391304347827,"{""A1"": 14, ""A2"": 7, ""B1"": 1, ""B2"": 1}","{""Simple Atributte"": 7, ""Return"": 5, ""Simple Assignment"": 3, ""Simple If statements"": 3, ""Simple List"": 1, ""If statements expression (else)"": 1, ""Assigment with sum (total = total + 1)"": 1, ""Function with Simple argument"": 1, ""Recursive Functions"": 1}"
python-algorithms,/home/juan/Documents/Analisis-CC-PyCEFR/python-algorithms/leetcode/src/binary_trees/lc_236_lowest_common_ancestor_of_binary_tree/lowest_common_ancestor_of_binary_tree.py,lowest_common_ancestor_of_binary_tree.py,lca_helper,lca,6,18,5,A,1,18,7,4.0,B2,1.6111111111111112,"{""A1"": 10, ""A2"": 6, ""B1"": 1, ""B2"": 1}","{""Simple Atributte"": 6, ""Return"": 4, ""Simple If statements"": 3, ""Simple Assignment"": 2, ""If statements expression (else)"": 1, ""Assigment with sum (total = total + 1)"": 1, ""Recursive Functions"": 1}"
python-algorithms,/home/juan/Documents/Analisis-CC-PyCEFR/python-algorithms/leetcode/src/binary_trees/lc_513_find_bottom_left_tree_value/find_bottom_left_tree_value.py,find_bottom_left_tree_value.py,findBottomLeftValue,,3,19,6,B,2,22,9,3.0,B1,1.5,"{""A1"": 12, ""A2"": 9, ""B1"": 1}","{""Simple Atributte"": 8, ""Simple Assignment"": 5, ""Simple If statements"": 3, ""Simple List"": 1, ""'range' call function"": 1, ""Simple For Loop"": 1, ""While with Else Loop"": 1, ""Function with Simple argument"": 1, ""Return"": 1}"
python-algorithms,/home/juan/Documents/Analisis-CC-PyCEFR/python-algorithms/leetcode/src/binary_trees/lc_863_all_nodes_distance_k_binary_tree/all_nodes_distance_k_binary_tree.py,all_nodes_distance_k_binary_tree.py,build_graph,,13,24,4,A,1,21,5,4.0,B2,1.7142857142857142,"{""A2"": 12, ""A1"": 8, ""B2"": 1}","{""Simple Atributte"": 12, ""Subscript"": 4, ""Simple If statements"": 3, ""Recursive Functions"": 1, ""Return"": 1}"
python-algorithms,/home/juan/Documents/Analisis-CC-PyCEFR/python-algorithms/leetcode/src/binary_trees/lc_863_all_nodes_distance_k_binary_tree/all_nodes_distance_k_binary_tree.py,all_nodes_distance_k_binary_tree.py,bfs,,26,34,4,A,1,10,7,4.0,B2,1.6,"{""A1"": 6, ""A2"": 3, ""B2"": 1}","{""Simple Atributte"": 3, ""Simple If statements"": 2, ""Unary Operation"": 1, ""Subscript"": 1, ""Simple For Loop"": 1, ""Recursive Functions"": 1, ""Return"": 1}"
python-algorithms,/home/juan/Documents/Analisis-CC-PyCEFR/python-algorithms/leetcode/src/binary_trees/lc_863_all_nodes_distance_k_binary_tree/all_nodes_distance_k_binary_tree.py,all_nodes_distance_k_binary_tree.py,distanceK,,2,11,3,A,1,11,7,1.0,A1,1.0,"{""A1"": 11}","{""Simple Tuple"": 2, ""Simple Assignment"": 2, ""Simple If statements"": 2, ""Return"": 2, ""Simple List"": 1, ""Unary Operation"": 1, ""Function with Simple argument"": 1}"
python-algorithms,/home/juan/Documents/Analisis-CC-PyCEFR/python-algorithms/leetcode/src/binary_trees/lc_235_lca_of_binary_search_tree/lca_bst.py,lca_bst.py,TreeNode,,1,5,2,A,1,23,8,3.0,B1,1.608695652173913,"{""A2"": 12, ""A1"": 10, ""B1"": 1}","{""Simple Atributte"": 12, ""Simple Assignment"": 3, ""Boolean Operation"": 2, ""Return"": 2, ""Unary Operation"": 1, ""Simple If statements"": 1, ""Function with Simple argument"": 1, ""Simple Class  Using the constructor method --> __init__"": 1}"
python-algorithms,/home/juan/Documents/Analisis-CC-PyCEFR/python-algorithms/leetcode/src/binary_trees/lc_235_lca_of_binary_search_tree/lca_bst.py,lca_bst.py,lca_bst,,7,19,1,A,1,23,6,4.0,B2,1.565217391304348,"{""A1"": 12, ""A2"": 10, ""B2"": 1}","{""Simple Atributte"": 10, ""Return"": 6, ""Simple If statements"": 3, ""Boolean Operation"": 2, ""Recursive Functions"": 1, ""Function with Simple argument"": 1}"
python-algorithms,/home/juan/Documents/Analisis-CC-PyCEFR/python-algorithms/leetcode/src/binary_trees/lc_235_lca_of_binary_search_tree/lca_bst.py,lca_bst.py,lca_helper,lca_bst,8,17,6,B,2,21,5,2.0,A2,1.4761904761904763,"{""A1"": 11, ""A2"": 10}","{""Simple Atributte"": 10, ""Return"": 5, ""Simple If statements"": 3, ""Boolean Operation"": 2, ""Function with Simple argument"": 1}"
python-algorithms,/home/juan/Documents/Analisis-CC-PyCEFR/python-algorithms/leetcode/src/binary_trees/lc_235_lca_of_binary_search_tree/lca_bst.py,lca_bst.py,__init__,,2,5,1,A,1,22,7,2.0,A2,1.5454545454545454,"{""A2"": 12, ""A1"": 10}","{""Simple Atributte"": 12, ""Simple Assignment"": 3, ""Boolean Operation"": 2, ""Return"": 2, ""Unary Operation"": 1, ""Simple If statements"": 1, ""Function with Simple argument"": 1}"
python-algorithms,/home/juan/Documents/Analisis-CC-PyCEFR/python-algorithms/leetcode/src/binary_trees/lc_105_construct_binary_tree_from_preorder_inorder_traversal/construct_binary_tree_from_preorder_inorder_traversal.py,construct_binary_tree_from_preorder_inorder_traversal.py,buildTree,,7,24,2,A,1,39,12,6.0,C2,1.6666666666666667,"{""A1"": 31, ""C2"": 2, ""C1"": 2, ""A2"": 2, ""B2"": 2}","{""Simple Assignment"": 10, ""Return"": 6, ""Subscript"": 4, ""Assigment with sum (total = total + 1)"": 4, ""Simple Tuple"": 2, ""'enumerate' call function"": 2, ""Boolean Operation"": 2, ""Simple Dictionary Comprehension"": 2, ""Simplified incremental Assignment with increase amount"": 2, ""Simple If statements"": 2}"
python-algorithms,/home/juan/Documents/Analisis-CC-PyCEFR/python-algorithms/leetcode/src/binary_trees/lc_105_construct_binary_tree_from_preorder_inorder_traversal/construct_binary_tree_from_preorder_inorder_traversal.py,construct_binary_tree_from_preorder_inorder_traversal.py,buildTreeHelper,buildTree,9,22,3,A,1,29,8,4.0,B2,1.2758620689655173,"{""A1"": 25, ""A2"": 2, ""B2"": 2}","{""Simple Assignment"": 8, ""Return"": 5, ""Subscript"": 4, ""Assigment with sum (total = total + 1)"": 4, ""Boolean Operation"": 2, ""Simplified incremental Assignment with increase amount"": 2, ""Simple If statements"": 2, ""Recursive Functions"": 2}"
python-algorithms,/home/juan/Documents/Analisis-CC-PyCEFR/python-algorithms/leetcode/src/binary_trees/lc_105_construct_binary_tree_from_preorder_inorder_traversal/construct_binary_tree_from_preorder_inorder_traversal.py,construct_binary_tree_from_preorder_inorder_traversal.py,TreeNode,,1,4,2,A,1,15,5,3.0,B1,1.7333333333333334,"{""A2"": 7, ""A1"": 6, ""B1"": 2}","{""Simple Atributte"": 5, ""Simple Assignment"": 4, ""Simple Tuple"": 2, ""Function with Simple argument with Default argument"": 2, ""Simple Class  Using the constructor method --> __init__"": 2}"
python-algorithms,/home/juan/Documents/Analisis-CC-PyCEFR/python-algorithms/leetcode/src/binary_trees/lc_105_construct_binary_tree_from_preorder_inorder_traversal/construct_binary_tree_from_preorder_inorder_traversal.py,construct_binary_tree_from_preorder_inorder_traversal.py,__init__,,2,4,1,A,1,13,4,2.0,A2,1.5384615384615385,"{""A2"": 7, ""A1"": 6}","{""Simple Atributte"": 5, ""Simple Assignment"": 4, ""Simple Tuple"": 2, ""Function with Simple argument with Default argument"": 2}"
python-algorithms,/home/juan/Documents/Analisis-CC-PyCEFR/python-algorithms/leetcode/src/binary_trees/lc_117_populate_next_right_pointer_in_each_node_II/populate_next_right_pointers.py,populate_next_right_pointers.py,connect,,4,25,7,B,2,58,11,3.0,B1,1.4137931034482758,"{""A1"": 36, ""A2"": 20, ""B1"": 2}","{""Simple Atributte"": 18, ""Simple Assignment"": 12, ""Simple If statements"": 8, ""Simple Tuple"": 4, ""Return"": 4, ""Simple List"": 2, ""'range' call function"": 2, ""Unary Operation"": 2, ""Simple For Loop"": 2, ""While with Else Loop"": 2}"
python-algorithms,/home/juan/Documents/Analisis-CC-PyCEFR/python-algorithms/leetcode/src/binary_trees/lc_563_binary_tree_tilt/binary_tree_tilt.py,binary_tree_tilt.py,TreeNode,,2,6,2,A,1,8,4,3.0,B1,1.75,"{""A2"": 4, ""A1"": 3, ""B1"": 1}","{""Simple Atributte"": 3, ""Simple Assignment"": 3, ""Function with Simple argument with Default argument"": 1, ""Simple Class  Using the constructor method --> __init__"": 1}"
python-algorithms,/home/juan/Documents/Analisis-CC-PyCEFR/python-algorithms/leetcode/src/binary_trees/lc_563_binary_tree_tilt/binary_tree_tilt.py,binary_tree_tilt.py,binary_tree_tilt_simple,,10,25,1,A,1,16,9,4.0,B2,1.4375,"{""A1"": 11, ""A2"": 4, ""B2"": 1}","{""Simple Atributte"": 3, ""Simple Assignment"": 3, ""Return"": 3, ""Subscript"": 2, ""Simple List"": 1, ""Simplified incremental Assignment with increase amount"": 1, ""Simple If statements"": 1, ""Function with Simple argument"": 1, ""Recursive Functions"": 1}"
python-algorithms,/home/juan/Documents/Analisis-CC-PyCEFR/python-algorithms/leetcode/src/binary_trees/lc_563_binary_tree_tilt/binary_tree_tilt.py,binary_tree_tilt.py,binary_tree_tilt_helper,binary_tree_tilt_simple,11,20,2,A,1,11,7,4.0,B2,1.6363636363636365,"{""A1"": 6, ""A2"": 4, ""B2"": 1}","{""Simple Atributte"": 3, ""Simple Assignment"": 2, ""Return"": 2, ""Subscript"": 1, ""Simplified incremental Assignment with increase amount"": 1, ""Simple If statements"": 1, ""Recursive Functions"": 1}"
python-algorithms,/home/juan/Documents/Analisis-CC-PyCEFR/python-algorithms/leetcode/src/binary_trees/lc_563_binary_tree_tilt/binary_tree_tilt.py,binary_tree_tilt.py,binary_tree_tilt,,30,53,1,A,1,27,10,4.0,B2,1.5185185185185186,"{""A1"": 15, ""A2"": 11, ""B2"": 1}","{""Simple Atributte"": 10, ""Simple Assignment"": 4, ""Return"": 4, ""Assigment with sum (total = total + 1)"": 2, ""Simple If statements"": 2, ""Simple List"": 1, ""Boolean Operation"": 1, ""Simplified incremental Assignment with increase amount"": 1, ""Function with Simple argument"": 1, ""Recursive Functions"": 1}"
python-algorithms,/home/juan/Documents/Analisis-CC-PyCEFR/python-algorithms/leetcode/src/binary_trees/lc_563_binary_tree_tilt/binary_tree_tilt.py,binary_tree_tilt.py,binary_tree_tilt_helper,binary_tree_tilt,32,48,4,A,1,22,8,4.0,B2,1.6363636363636365,"{""A2"": 11, ""A1"": 10, ""B2"": 1}","{""Simple Atributte"": 10, ""Return"": 3, ""Simple Assignment"": 2, ""Assigment with sum (total = total + 1)"": 2, ""Simple If statements"": 2, ""Boolean Operation"": 1, ""Simplified incremental Assignment with increase amount"": 1, ""Recursive Functions"": 1}"
python-algorithms,/home/juan/Documents/Analisis-CC-PyCEFR/python-algorithms/leetcode/src/binary_trees/lc_563_binary_tree_tilt/binary_tree_tilt.py,binary_tree_tilt.py,__init__,,3,6,1,A,1,7,3,2.0,A2,1.5714285714285714,"{""A2"": 4, ""A1"": 3}","{""Simple Atributte"": 3, ""Simple Assignment"": 3, ""Function with Simple argument with Default argument"": 1}"
python-algorithms,/home/juan/Documents/Analisis-CC-PyCEFR/python-algorithms/leetcode/src/binary_trees/lc_102_binary_tree_level_order_traversal/binary_tree_level_order_traversal.py,binary_tree_level_order_traversal.py,level_order_traversal,,3,21,6,B,2,88,11,3.0,B1,1.4431818181818181,"{""A1"": 52, ""A2"": 33, ""B1"": 3}","{""Simple Atributte"": 30, ""Simple List"": 11, ""Simple Assignment"": 11, ""Simple If statements"": 9, ""Simple Tuple"": 8, ""Return"": 5, ""'range' call function"": 3, ""Unary Operation"": 3, ""Simple For Loop"": 3, ""While with Else Loop"": 3}"
python-algorithms,/home/juan/Documents/Analisis-CC-PyCEFR/python-algorithms/leetcode/src/binary_trees/lc_687_longest_univalue_path/longest_univalue_path.py,longest_univalue_path.py,longest_univalue_path,,3,24,1,A,1,55,12,4.0,B2,1.4545454545454546,"{""A1"": 32, ""A2"": 22, ""B2"": 1}","{""Simple Atributte"": 21, ""Simple Assignment"": 13, ""Simple If statements"": 5, ""Return"": 4, ""Boolean Operation"": 3, ""Simple Tuple"": 2, ""Assigment with sum (total = total + 1)"": 2, ""Simplified incremental Assignment with increase amount"": 1, ""Simple List"": 1, ""Unary Operation"": 1}"
python-algorithms,/home/juan/Documents/Analisis-CC-PyCEFR/python-algorithms/leetcode/src/binary_trees/lc_687_longest_univalue_path/longest_univalue_path.py,longest_univalue_path.py,longest_univalue_path_helper,longest_univalue_path,6,20,6,B,2,40,10,4.0,B2,1.525,"{""A1"": 21, ""A2"": 18, ""B2"": 1}","{""Simple Atributte"": 17, ""Simple Assignment"": 6, ""Simple If statements"": 4, ""Boolean Operation"": 3, ""Return"": 3, ""Simple Tuple"": 2, ""Assigment with sum (total = total + 1)"": 2, ""Simplified incremental Assignment with increase amount"": 1, ""Unary Operation"": 1, ""Recursive Functions"": 1}"
python-algorithms,/home/juan/Documents/Analisis-CC-PyCEFR/python-algorithms/leetcode/src/binary_trees/lc_114_flatten_binary_tree_to_linkedlist/flatten_binary_tree_to_linkedlist.py,flatten_binary_tree_to_linkedlist.py,flatten,,3,22,1,A,1,23,8,4.0,B2,1.5217391304347827,"{""A1"": 14, ""A2"": 7, ""B1"": 1, ""B2"": 1}","{""Simple Atributte"": 7, ""Simple Assignment"": 7, ""Simple Tuple"": 2, ""Simple If statements"": 2, ""Return"": 2, ""While with Else Loop"": 1, ""Function with Simple argument"": 1, ""Recursive Functions"": 1}"
python-algorithms,/home/juan/Documents/Analisis-CC-PyCEFR/python-algorithms/leetcode/src/binary_trees/lc_114_flatten_binary_tree_to_linkedlist/flatten_binary_tree_to_linkedlist.py,flatten_binary_tree_to_linkedlist.py,flatten_helper,flatten,4,19,4,A,1,22,7,4.0,B2,1.5454545454545454,"{""A1"": 13, ""A2"": 7, ""B1"": 1, ""B2"": 1}","{""Simple Atributte"": 7, ""Simple Assignment"": 7, ""Simple Tuple"": 2, ""Simple If statements"": 2, ""Return"": 2, ""While with Else Loop"": 1, ""Recursive Functions"": 1}"
python-algorithms,/home/juan/Documents/Analisis-CC-PyCEFR/python-algorithms/leetcode/src/binary_trees/lc_114_flatten_binary_tree_to_linkedlist/flatten_binary_tree_to_linkedlist.py,flatten_binary_tree_to_linkedlist.py,flatten,,29,43,1,A,1,21,8,4.0,B2,1.4761904761904763,"{""A1"": 13, ""A2"": 7, ""B2"": 1}","{""Simple Atributte"": 7, ""Simple Assignment"": 5, ""Simple Tuple"": 2, ""Simple If statements"": 2, ""Return"": 2, ""Boolean Operation"": 1, ""Function with Simple argument"": 1, ""Recursive Functions"": 1}"
python-algorithms,/home/juan/Documents/Analisis-CC-PyCEFR/python-algorithms/leetcode/src/binary_trees/lc_114_flatten_binary_tree_to_linkedlist/flatten_binary_tree_to_linkedlist.py,flatten_binary_tree_to_linkedlist.py,flatten_helper,flatten,30,41,5,A,1,20,7,4.0,B2,1.5,"{""A1"": 12, ""A2"": 7, ""B2"": 1}","{""Simple Atributte"": 7, ""Simple Assignment"": 5, ""Simple Tuple"": 2, ""Simple If statements"": 2, ""Return"": 2, ""Boolean Operation"": 1, ""Recursive Functions"": 1}"
python-algorithms,/home/juan/Documents/Analisis-CC-PyCEFR/python-algorithms/leetcode/src/binary_trees/lc_199_binary_tree_right_side_view/binary_tree_right_side_view.py,binary_tree_right_side_view.py,rightSideView,,3,21,7,B,2,28,11,3.0,B1,1.4285714285714286,"{""A1"": 17, ""A2"": 10, ""B1"": 1}","{""Simple Atributte"": 9, ""Simple If statements"": 4, ""Simple List"": 3, ""Simple Assignment"": 3, ""Simple Tuple"": 2, ""Return"": 2, ""'range' call function"": 1, ""Unary Operation"": 1, ""Simple For Loop"": 1, ""While with Else Loop"": 1}"
python-algorithms,/home/juan/Documents/Analisis-CC-PyCEFR/python-algorithms/leetcode/src/binary_trees/lc_199_binary_tree_right_side_view/binary_tree_right_side_view.py,binary_tree_right_side_view.py,rightSideViewRecursive,,24,37,1,A,1,13,8,4.0,B2,1.5384615384615385,"{""A1"": 8, ""A2"": 4, ""B2"": 1}","{""Simple Atributte"": 4, ""Simple If statements"": 2, ""Return"": 2, ""Simple List"": 1, ""Unary Operation"": 1, ""Simple Assignment"": 1, ""Function with Simple argument"": 1, ""Recursive Functions"": 1}"
python-algorithms,/home/juan/Documents/Analisis-CC-PyCEFR/python-algorithms/leetcode/src/binary_trees/lc_199_binary_tree_right_side_view/binary_tree_right_side_view.py,binary_tree_right_side_view.py,rightSideViewHelper,rightSideViewRecursive,25,32,3,A,1,9,5,4.0,B2,1.7777777777777777,"{""A2"": 4, ""A1"": 4, ""B2"": 1}","{""Simple Atributte"": 4, ""Simple If statements"": 2, ""Unary Operation"": 1, ""Recursive Functions"": 1, ""Return"": 1}"
python-algorithms,/home/juan/Documents/Analisis-CC-PyCEFR/python-algorithms/leetcode/src/binary_trees/lc_173_binary_search_tree_iterator/binary_search_tree_iterator.py,binary_search_tree_iterator.py,BSTIterator,,2,24,3,A,1,39,12,3.0,B1,1.5897435897435896,"{""A2"": 19, ""A1"": 18, ""B1"": 2}","{""Simple Atributte"": 18, ""Function with Simple argument"": 4, ""Return"": 4, ""Simple Assignment"": 3, ""Simple If statements"": 3, ""Simple List"": 1, ""If statements expression (else)"": 1, ""Unary Operation"": 1, ""Boolean Operation"": 1, ""Subscript"": 1}"
python-algorithms,/home/juan/Documents/Analisis-CC-PyCEFR/python-algorithms/leetcode/src/binary_trees/lc_173_binary_search_tree_iterator/binary_search_tree_iterator.py,binary_search_tree_iterator.py,hasNext,,14,17,3,A,1,8,5,2.0,A2,1.375,"{""A1"": 5, ""A2"": 3}","{""Simple Atributte"": 3, ""Return"": 2, ""Boolean Operation"": 1, ""Simple If statements"": 1, ""Function with Simple argument"": 1}"
python-algorithms,/home/juan/Documents/Analisis-CC-PyCEFR/python-algorithms/leetcode/src/binary_trees/lc_173_binary_search_tree_iterator/binary_search_tree_iterator.py,binary_search_tree_iterator.py,BSTIterator2,,29,49,3,A,1,27,6,3.0,B1,1.5555555555555556,"{""A2"": 13, ""A1"": 13, ""B1"": 1}","{""Simple Atributte"": 13, ""Function with Simple argument"": 4, ""Return"": 4, ""Simple If statements"": 3, ""Simple Assignment"": 2, ""Simple Class  Using the constructor method --> __init__"": 1}"
python-algorithms,/home/juan/Documents/Analisis-CC-PyCEFR/python-algorithms/leetcode/src/binary_trees/lc_173_binary_search_tree_iterator/binary_search_tree_iterator.py,binary_search_tree_iterator.py,__init__,,3,6,2,A,1,10,6,3.0,B1,1.6,"{""A1"": 5, ""A2"": 4, ""B1"": 1}","{""Simple Atributte"": 4, ""Simple Assignment"": 2, ""Simple List"": 1, ""If statements expression (else)"": 1, ""Unary Operation"": 1, ""Function with Simple argument"": 1}"
python-algorithms,/home/juan/Documents/Analisis-CC-PyCEFR/python-algorithms/leetcode/src/binary_trees/lc_173_binary_search_tree_iterator/binary_search_tree_iterator.py,binary_search_tree_iterator.py,next,,8,12,2,A,1,10,7,2.0,A2,1.5,"{""A2"": 5, ""A1"": 5}","{""Simple Atributte"": 4, ""Subscript"": 1, ""Simple Assignment"": 1, ""Simplified incremental Assignment with increase amount"": 1, ""Simple If statements"": 1, ""Function with Simple argument"": 1, ""Return"": 1}"
python-algorithms,/home/juan/Documents/Analisis-CC-PyCEFR/python-algorithms/leetcode/src/binary_trees/lc_173_binary_search_tree_iterator/binary_search_tree_iterator.py,binary_search_tree_iterator.py,inorder,,19,24,2,A,1,10,4,2.0,A2,1.7,"{""A2"": 7, ""A1"": 3}","{""Simple Atributte"": 7, ""Simple If statements"": 1, ""Function with Simple argument"": 1, ""Return"": 1}"
python-algorithms,/home/juan/Documents/Analisis-CC-PyCEFR/python-algorithms/leetcode/src/binary_trees/lc_173_binary_search_tree_iterator/binary_search_tree_iterator.py,binary_search_tree_iterator.py,next,,34,37,2,A,1,7,5,2.0,A2,1.4285714285714286,"{""A1"": 4, ""A2"": 3}","{""Simple Atributte"": 3, ""Simple Assignment"": 1, ""Simple If statements"": 1, ""Function with Simple argument"": 1, ""Return"": 1}"
python-algorithms,/home/juan/Documents/Analisis-CC-PyCEFR/python-algorithms/leetcode/src/binary_trees/lc_173_binary_search_tree_iterator/binary_search_tree_iterator.py,binary_search_tree_iterator.py,hasNext,,39,42,2,A,1,5,4,2.0,A2,1.2,"{""A1"": 4, ""A2"": 1}","{""Return"": 2, ""Simple Atributte"": 1, ""Simple If statements"": 1, ""Function with Simple argument"": 1}"
python-algorithms,/home/juan/Documents/Analisis-CC-PyCEFR/python-algorithms/leetcode/src/binary_trees/lc_173_binary_search_tree_iterator/binary_search_tree_iterator.py,binary_search_tree_iterator.py,inorder,,44,49,2,A,1,10,4,2.0,A2,1.7,"{""A2"": 7, ""A1"": 3}","{""Simple Atributte"": 7, ""Simple If statements"": 1, ""Function with Simple argument"": 1, ""Return"": 1}"
python-algorithms,/home/juan/Documents/Analisis-CC-PyCEFR/python-algorithms/leetcode/src/binary_trees/lc_173_binary_search_tree_iterator/binary_search_tree_iterator.py,binary_search_tree_iterator.py,__init__,,30,32,1,A,1,4,3,2.0,A2,1.5,"{""A2"": 2, ""A1"": 2}","{""Simple Atributte"": 2, ""Simple Assignment"": 1, ""Function with Simple argument"": 1}"
python-algorithms,/home/juan/Documents/Analisis-CC-PyCEFR/python-algorithms/leetcode/src/binary_trees/lc_530_minimum_absolute_diff_in_bst/min_absolute_diff_in_bst.py,min_absolute_diff_in_bst.py,TreeNode,,1,5,2,A,1,8,4,3.0,B1,1.75,"{""A2"": 4, ""A1"": 3, ""B1"": 1}","{""Simple Atributte"": 3, ""Simple Assignment"": 3, ""Function with Simple argument with Default argument"": 1, ""Simple Class  Using the constructor method --> __init__"": 1}"
python-algorithms,/home/juan/Documents/Analisis-CC-PyCEFR/python-algorithms/leetcode/src/binary_trees/lc_530_minimum_absolute_diff_in_bst/min_absolute_diff_in_bst.py,min_absolute_diff_in_bst.py,min_absolute_diff,,8,24,1,A,1,13,6,4.0,B2,1.5384615384615385,"{""A1"": 8, ""A2"": 4, ""B2"": 1}","{""Simple Atributte"": 4, ""Simple Assignment"": 3, ""Simple If statements"": 2, ""Return"": 2, ""Function with Simple argument"": 1, ""Recursive Functions"": 1}"
python-algorithms,/home/juan/Documents/Analisis-CC-PyCEFR/python-algorithms/leetcode/src/binary_trees/lc_530_minimum_absolute_diff_in_bst/min_absolute_diff_in_bst.py,min_absolute_diff_in_bst.py,min_absolute_diff_helper,min_absolute_diff,10,21,3,A,1,10,5,4.0,B2,1.7,"{""A1"": 5, ""A2"": 4, ""B2"": 1}","{""Simple Atributte"": 4, ""Simple Assignment"": 2, ""Simple If statements"": 2, ""Recursive Functions"": 1, ""Return"": 1}"
python-algorithms,/home/juan/Documents/Analisis-CC-PyCEFR/python-algorithms/leetcode/src/binary_trees/lc_530_minimum_absolute_diff_in_bst/min_absolute_diff_in_bst.py,min_absolute_diff_in_bst.py,__init__,,2,5,1,A,1,7,3,2.0,A2,1.5714285714285714,"{""A2"": 4, ""A1"": 3}","{""Simple Atributte"": 3, ""Simple Assignment"": 3, ""Function with Simple argument with Default argument"": 1}"
python-algorithms,/home/juan/Documents/Analisis-CC-PyCEFR/python-algorithms/leetcode/src/binary_trees/lc_623_add_one_row_to_tree/add_one_row_to_tree.py,add_one_row_to_tree.py,addOneRow,,9,34,9,B,2,38,13,3.0,B1,1.394736842105263,"{""A1"": 24, ""A2"": 13, ""B1"": 1}","{""Simple Atributte"": 11, ""Simple Assignment"": 8, ""Simple If statements"": 5, ""Return"": 3, ""Simple Tuple"": 2, ""Unary Operation"": 2, ""Simple List"": 1, ""'range' call function"": 1, ""Boolean Operation"": 1, ""Simplified incremental Assignment with increase amount"": 1}"
python-algorithms,/home/juan/Documents/Analisis-CC-PyCEFR/python-algorithms/leetcode/src/binary_trees/lc_623_add_one_row_to_tree/add_one_row_to_tree.py,add_one_row_to_tree.py,TreeNode,,3,7,2,A,1,8,4,3.0,B1,1.75,"{""A2"": 4, ""A1"": 3, ""B1"": 1}","{""Simple Atributte"": 3, ""Simple Assignment"": 3, ""Function with Simple argument with Default argument"": 1, ""Simple Class  Using the constructor method --> __init__"": 1}"
python-algorithms,/home/juan/Documents/Analisis-CC-PyCEFR/python-algorithms/leetcode/src/binary_trees/lc_623_add_one_row_to_tree/add_one_row_to_tree.py,add_one_row_to_tree.py,__init__,,4,7,1,A,1,7,3,2.0,A2,1.5714285714285714,"{""A2"": 4, ""A1"": 3}","{""Simple Atributte"": 3, ""Simple Assignment"": 3, ""Function with Simple argument with Default argument"": 1}"
python-algorithms,/home/juan/Documents/Analisis-CC-PyCEFR/python-algorithms/leetcode/src/binary_trees/lc_988_smallest_string_starting_from_leaf/smallest_string_starting_from_leaf.py,smallest_string_starting_from_leaf.py,Solution,,4,28,3,A,1,26,10,4.0,B2,1.5384615384615385,"{""A1"": 15, ""A2"": 9, ""B2"": 1, ""B1"": 1}","{""Simple Atributte"": 9, ""Return"": 4, ""Simple If statements"": 3, ""Unary Operation"": 2, ""Simple Assignment"": 2, ""Function with Simple argument"": 2, ""Simple List"": 1, ""Boolean Operation"": 1, ""Recursive Functions"": 1, ""Simple Class "": 1}"
python-algorithms,/home/juan/Documents/Analisis-CC-PyCEFR/python-algorithms/leetcode/src/binary_trees/lc_988_smallest_string_starting_from_leaf/smallest_string_starting_from_leaf.py,smallest_string_starting_from_leaf.py,smallestFromLeaf,,5,25,2,A,1,23,9,4.0,B2,1.5217391304347827,"{""A1"": 13, ""A2"": 9, ""B2"": 1}","{""Simple Atributte"": 9, ""Simple If statements"": 3, ""Return"": 3, ""Unary Operation"": 2, ""Simple Assignment"": 2, ""Simple List"": 1, ""Boolean Operation"": 1, ""Function with Simple argument"": 1, ""Recursive Functions"": 1}"
python-algorithms,/home/juan/Documents/Analisis-CC-PyCEFR/python-algorithms/leetcode/src/binary_trees/lc_988_smallest_string_starting_from_leaf/smallest_string_starting_from_leaf.py,smallest_string_starting_from_leaf.py,helper,smallestFromLeaf,7,18,4,A,1,16,6,4.0,B2,1.75,"{""A2"": 9, ""A1"": 6, ""B2"": 1}","{""Simple Atributte"": 9, ""Unary Operation"": 2, ""Simple If statements"": 2, ""Boolean Operation"": 1, ""Recursive Functions"": 1, ""Return"": 1}"
python-algorithms,/home/juan/Documents/Analisis-CC-PyCEFR/python-algorithms/leetcode/src/binary_trees/lc_988_smallest_string_starting_from_leaf/smallest_string_starting_from_leaf.py,smallest_string_starting_from_leaf.py,num_to_char,,27,28,1,A,1,2,2,1.0,A1,1.0,"{""A1"": 2}","{""Function with Simple argument"": 1, ""Return"": 1}"
python-algorithms,/home/juan/Documents/Analisis-CC-PyCEFR/python-algorithms/leetcode/src/binary_trees/lc_637_average_of_levels_in_binary_tree/average_of_levels_in_binary_tree.py,average_of_levels_in_binary_tree.py,average_of_levels,,3,23,5,A,1,24,10,3.0,B1,1.5416666666666667,"{""A1"": 12, ""A2"": 11, ""B1"": 1}","{""Simple Atributte"": 9, ""Simple Assignment"": 5, ""Simple List"": 2, ""Simple If statements"": 2, ""'range' call function"": 1, ""Simplified incremental Assignment with increase amount"": 1, ""Simple For Loop"": 1, ""While with Else Loop"": 1, ""Function with Simple argument"": 1, ""Return"": 1}"
python-algorithms,/home/juan/Documents/Analisis-CC-PyCEFR/python-algorithms/leetcode/src/binary_trees/lc_110_balanced_binary_tree/balanced_binary_tree.py,balanced_binary_tree.py,Node,,4,7,2,A,1,15,6,3.0,B1,1.6,"{""A1"": 7, ""A2"": 7, ""B1"": 1}","{""Simple Atributte"": 6, ""Simple Assignment"": 4, ""Simple Tuple"": 2, ""Function with Simple argument with Default argument"": 1, ""Simple Class  Using the constructor method --> __init__"": 1, ""Function with Simple argument"": 1}"
python-algorithms,/home/juan/Documents/Analisis-CC-PyCEFR/python-algorithms/leetcode/src/binary_trees/lc_110_balanced_binary_tree/balanced_binary_tree.py,balanced_binary_tree.py,is_balanced,,10,30,1,A,1,53,10,4.0,B2,1.490566037735849,"{""A1"": 32, ""A2"": 18, ""B2"": 2, ""B1"": 1}","{""Simple Atributte"": 18, ""Return"": 10, ""Simple Assignment"": 8, ""Simple If statements"": 6, ""Unary Operation"": 3, ""Simple List"": 2, ""Assigment with sum (total = total + 1)"": 2, ""Recursive Functions"": 2, ""If statements expression (else)"": 1, ""Function with Simple argument"": 1}"
python-algorithms,/home/juan/Documents/Analisis-CC-PyCEFR/python-algorithms/leetcode/src/binary_trees/lc_110_balanced_binary_tree/balanced_binary_tree.py,balanced_binary_tree.py,is_balanced_helper,is_balanced,13,28,5,A,1,43,8,4.0,B2,1.4883720930232558,"{""A1"": 25, ""A2"": 16, ""B1"": 1, ""B2"": 1}","{""Simple Atributte"": 16, ""Return"": 8, ""Simple Assignment"": 6, ""Simple If statements"": 6, ""Unary Operation"": 3, ""Assigment with sum (total = total + 1)"": 2, ""If statements expression (else)"": 1, ""Recursive Functions"": 1}"
python-algorithms,/home/juan/Documents/Analisis-CC-PyCEFR/python-algorithms/leetcode/src/binary_trees/lc_110_balanced_binary_tree/balanced_binary_tree.py,balanced_binary_tree.py,__init__,,5,7,1,A,1,13,4,2.0,A2,1.5384615384615385,"{""A2"": 7, ""A1"": 6}","{""Simple Atributte"": 6, ""Simple Assignment"": 4, ""Simple Tuple"": 2, ""Function with Simple argument with Default argument"": 1}"
python-algorithms,/home/juan/Documents/Analisis-CC-PyCEFR/python-algorithms/leetcode/src/binary_trees/lc_654_maximum_binary_tree/maximum_binary_tree.py,maximum_binary_tree.py,getMax,,46,53,3,A,1,18,9,2.0,A2,1.2222222222222223,"{""A1"": 14, ""A2"": 4}","{""Simple Tuple"": 5, ""Simple Atributte"": 3, ""Subscript"": 3, ""Simple Assignment"": 2, ""'range' call function"": 1, ""Simple If statements"": 1, ""Simple For Loop"": 1, ""Function with Simple argument"": 1, ""Return"": 1}"
python-algorithms,/home/juan/Documents/Analisis-CC-PyCEFR/python-algorithms/leetcode/src/binary_trees/lc_654_maximum_binary_tree/maximum_binary_tree.py,maximum_binary_tree.py,TreeNode,,1,5,2,A,1,12,4,3.0,B1,1.6666666666666667,"{""A2"": 6, ""A1"": 5, ""B1"": 1}","{""Simple Atributte"": 5, ""Simple Assignment"": 5, ""Function with Simple argument with Default argument"": 1, ""Simple Class  Using the constructor method --> __init__"": 1}"
python-algorithms,/home/juan/Documents/Analisis-CC-PyCEFR/python-algorithms/leetcode/src/binary_trees/lc_654_maximum_binary_tree/maximum_binary_tree.py,maximum_binary_tree.py,construct_max_binary_tree,,9,21,1,A,1,28,9,4.0,B2,1.3571428571428572,"{""A1"": 22, ""A2"": 4, ""B2"": 2}","{""Return"": 7, ""Simple Assignment"": 5, ""Simple Atributte"": 4, ""Simple If statements"": 3, ""Function with Simple argument"": 2, ""Recursive Functions"": 2, ""Subscript"": 2, ""Slice"": 2, ""Unary Operation"": 1}"
python-algorithms,/home/juan/Documents/Analisis-CC-PyCEFR/python-algorithms/leetcode/src/binary_trees/lc_654_maximum_binary_tree/maximum_binary_tree.py,maximum_binary_tree.py,construct_tree,construct_max_binary_tree,10,19,2,A,1,25,8,4.0,B2,1.4,"{""A1"": 19, ""A2"": 4, ""B2"": 2}","{""Return"": 6, ""Simple Assignment"": 5, ""Simple Atributte"": 4, ""Simple If statements"": 3, ""Recursive Functions"": 2, ""Subscript"": 2, ""Slice"": 2, ""Unary Operation"": 1}"
python-algorithms,/home/juan/Documents/Analisis-CC-PyCEFR/python-algorithms/leetcode/src/binary_trees/lc_654_maximum_binary_tree/maximum_binary_tree.py,maximum_binary_tree.py,constructMaximumBinaryTree,,26,43,1,A,1,35,10,4.0,B2,1.2857142857142858,"{""A1"": 29, ""A2"": 4, ""B2"": 2}","{""Simple Assignment"": 11, ""Return"": 7, ""Simple Atributte"": 4, ""Simple If statements"": 3, ""Subscript"": 2, ""Slice"": 2, ""Recursive Functions"": 2, ""Simple Tuple"": 2, ""Unary Operation"": 1, ""Function with Simple argument"": 1}"
python-algorithms,/home/juan/Documents/Analisis-CC-PyCEFR/python-algorithms/leetcode/src/binary_trees/lc_654_maximum_binary_tree/maximum_binary_tree.py,maximum_binary_tree.py,buildTree,constructMaximumBinaryTree,28,36,2,A,1,20,9,4.0,B2,1.2,"{""A1"": 18, ""A2"": 1, ""B2"": 1}","{""Simple Assignment"": 7, ""Return"": 3, ""Subscript"": 2, ""Slice"": 2, ""Simple If statements"": 2, ""Simple Atributte"": 1, ""Unary Operation"": 1, ""Simple Tuple"": 1, ""Recursive Functions"": 1}"
python-algorithms,/home/juan/Documents/Analisis-CC-PyCEFR/python-algorithms/leetcode/src/binary_trees/lc_654_maximum_binary_tree/maximum_binary_tree.py,maximum_binary_tree.py,__init__,,2,5,1,A,1,11,3,2.0,A2,1.5454545454545454,"{""A2"": 6, ""A1"": 5}","{""Simple Atributte"": 5, ""Simple Assignment"": 5, ""Function with Simple argument with Default argument"": 1}"
python-algorithms,/home/juan/Documents/Analisis-CC-PyCEFR/python-algorithms/leetcode/src/binary_trees/lc_222_count_complete_tree_nodes/count_complete_tree_nodes.py,count_complete_tree_nodes.py,countNodes,,1,14,2,A,1,10,7,4.0,B2,1.6,"{""A1"": 6, ""A2"": 3, ""B2"": 1}","{""Simple Atributte"": 2, ""Simple If statements"": 2, ""Return"": 2, ""Simple Assignment"": 1, ""Simplified incremental Assignment with increase amount"": 1, ""Function with Simple argument"": 1, ""Recursive Functions"": 1}"
python-algorithms,/home/juan/Documents/Analisis-CC-PyCEFR/python-algorithms/leetcode/src/binary_trees/lc_222_count_complete_tree_nodes/count_complete_tree_nodes.py,count_complete_tree_nodes.py,countNodesHelper,countNodes,2,8,2,A,1,6,5,4.0,B2,2.0,"{""A2"": 3, ""A1"": 2, ""B2"": 1}","{""Simple Atributte"": 2, ""Simplified incremental Assignment with increase amount"": 1, ""Simple If statements"": 1, ""Recursive Functions"": 1, ""Return"": 1}"
python-algorithms,/home/juan/Documents/Analisis-CC-PyCEFR/python-algorithms/leetcode/src/binary_trees/lc_129_sum_root_to_leaf_numbers/sum_root_to_leaf_numbers.py,sum_root_to_leaf_numbers.py,sum_numbers,,1,11,1,A,1,15,7,4.0,B2,1.5333333333333334,"{""A1"": 9, ""A2"": 5, ""B2"": 1}","{""Simple Atributte"": 5, ""Return"": 4, ""Simple If statements"": 2, ""Boolean Operation"": 1, ""Assigment with sum (total = total + 1)"": 1, ""Function with Simple argument"": 1, ""Recursive Functions"": 1}"
python-algorithms,/home/juan/Documents/Analisis-CC-PyCEFR/python-algorithms/leetcode/src/binary_trees/lc_129_sum_root_to_leaf_numbers/sum_root_to_leaf_numbers.py,sum_root_to_leaf_numbers.py,sum_numbers_helper,sum_numbers,2,9,4,A,1,13,6,4.0,B2,1.6153846153846154,"{""A1"": 7, ""A2"": 5, ""B2"": 1}","{""Simple Atributte"": 5, ""Return"": 3, ""Simple If statements"": 2, ""Boolean Operation"": 1, ""Assigment with sum (total = total + 1)"": 1, ""Recursive Functions"": 1}"
python-algorithms,/home/juan/Documents/Analisis-CC-PyCEFR/python-algorithms/leetcode/src/binary_trees/lc_100_same_tree/same_tree.py,same_tree.py,Node,,1,4,2,A,1,15,8,3.0,B1,1.4666666666666666,"{""A1"": 9, ""A2"": 5, ""B1"": 1}","{""Simple Atributte"": 5, ""Unary Operation"": 2, ""Boolean Operation"": 2, ""Simple Assignment"": 2, ""Simple If statements"": 1, ""Return"": 1, ""Function with Simple argument"": 1, ""Simple Class  Using the constructor method --> __init__"": 1}"
python-algorithms,/home/juan/Documents/Analisis-CC-PyCEFR/python-algorithms/leetcode/src/binary_trees/lc_100_same_tree/same_tree.py,same_tree.py,same_tree,,7,20,1,A,1,20,6,4.0,B2,1.45,"{""A1"": 13, ""A2"": 6, ""B2"": 1}","{""Return"": 6, ""Simple Atributte"": 6, ""Boolean Operation"": 3, ""Simple If statements"": 3, ""Function with Simple argument"": 1, ""Recursive Functions"": 1}"
python-algorithms,/home/juan/Documents/Analisis-CC-PyCEFR/python-algorithms/leetcode/src/binary_trees/lc_100_same_tree/same_tree.py,same_tree.py,same_tree_helper,same_tree,8,18,7,B,2,18,5,4.0,B2,1.5,"{""A1"": 11, ""A2"": 6, ""B2"": 1}","{""Simple Atributte"": 6, ""Return"": 5, ""Boolean Operation"": 3, ""Simple If statements"": 3, ""Recursive Functions"": 1}"
python-algorithms,/home/juan/Documents/Analisis-CC-PyCEFR/python-algorithms/leetcode/src/binary_trees/lc_100_same_tree/same_tree.py,same_tree.py,same_tree_concise,,24,35,1,A,1,17,6,4.0,B2,1.5294117647058822,"{""A1"": 10, ""A2"": 6, ""B2"": 1}","{""Simple Atributte"": 6, ""Return"": 4, ""Boolean Operation"": 3, ""Simple If statements"": 2, ""Function with Simple argument"": 1, ""Recursive Functions"": 1}"
python-algorithms,/home/juan/Documents/Analisis-CC-PyCEFR/python-algorithms/leetcode/src/binary_trees/lc_100_same_tree/same_tree.py,same_tree.py,same_tree_helper,same_tree_concise,25,33,7,B,2,15,5,4.0,B2,1.6,"{""A1"": 8, ""A2"": 6, ""B2"": 1}","{""Simple Atributte"": 6, ""Boolean Operation"": 3, ""Return"": 3, ""Simple If statements"": 2, ""Recursive Functions"": 1}"
python-algorithms,/home/juan/Documents/Analisis-CC-PyCEFR/python-algorithms/leetcode/src/binary_trees/lc_100_same_tree/same_tree.py,same_tree.py,__init__,,2,4,1,A,1,14,7,2.0,A2,1.3571428571428572,"{""A1"": 9, ""A2"": 5}","{""Simple Atributte"": 5, ""Unary Operation"": 2, ""Boolean Operation"": 2, ""Simple Assignment"": 2, ""Simple If statements"": 1, ""Return"": 1, ""Function with Simple argument"": 1}"
python-algorithms,/home/juan/Documents/Analisis-CC-PyCEFR/python-algorithms/leetcode/src/binary_trees/lc_230_kth_smallest_in_bst/kth_smallest_in_bst.py,kth_smallest_in_bst.py,kthSmallest,,1,18,1,A,1,37,9,4.0,B2,1.3783783783783783,"{""A1"": 27, ""A2"": 8, ""B2"": 2}","{""Simple Tuple"": 8, ""Return"": 7, ""Simple Atributte"": 6, ""Simple If statements"": 6, ""Simple Assignment"": 4, ""Simplified incremental Assignment with increase amount"": 2, ""Recursive Functions"": 2, ""Unary Operation"": 1, ""Function with Simple argument"": 1}"
python-algorithms,/home/juan/Documents/Analisis-CC-PyCEFR/python-algorithms/leetcode/src/binary_trees/lc_230_kth_smallest_in_bst/kth_smallest_in_bst.py,kth_smallest_in_bst.py,kthSmallestBstHelper,kthSmallest,2,14,4,A,1,29,8,4.0,B2,1.4827586206896552,"{""A1"": 19, ""A2"": 8, ""B2"": 2}","{""Simple Atributte"": 6, ""Simple If statements"": 6, ""Return"": 6, ""Simple Tuple"": 4, ""Simple Assignment"": 2, ""Simplified incremental Assignment with increase amount"": 2, ""Recursive Functions"": 2, ""Unary Operation"": 1}"
python-algorithms,/home/juan/Documents/Analisis-CC-PyCEFR/python-algorithms/leetcode/src/binary_trees/lc_145_postorder_traversal/post_traversal.py,post_traversal.py,Node,,1,4,2,A,1,7,4,3.0,B1,1.7142857142857142,"{""A2"": 3, ""A1"": 3, ""B1"": 1}","{""Simple Atributte"": 3, ""Simple Assignment"": 2, ""Function with Simple argument"": 1, ""Simple Class  Using the constructor method --> __init__"": 1}"
python-algorithms,/home/juan/Documents/Analisis-CC-PyCEFR/python-algorithms/leetcode/src/binary_trees/lc_145_postorder_traversal/post_traversal.py,post_traversal.py,postorder_traversal,,7,19,1,A,1,11,7,4.0,B2,1.6363636363636365,"{""A1"": 6, ""A2"": 4, ""B2"": 1}","{""Simple Atributte"": 4, ""Return"": 2, ""Simple List"": 1, ""Simple Assignment"": 1, ""Simple If statements"": 1, ""Function with Simple argument"": 1, ""Recursive Functions"": 1}"
python-algorithms,/home/juan/Documents/Analisis-CC-PyCEFR/python-algorithms/leetcode/src/binary_trees/lc_145_postorder_traversal/post_traversal.py,post_traversal.py,postorder_traversal_helper,postorder_traversal,8,14,2,A,1,7,4,4.0,B2,2.0,"{""A2"": 4, ""A1"": 2, ""B2"": 1}","{""Simple Atributte"": 4, ""Simple If statements"": 1, ""Recursive Functions"": 1, ""Return"": 1}"
python-algorithms,/home/juan/Documents/Analisis-CC-PyCEFR/python-algorithms/leetcode/src/binary_trees/lc_145_postorder_traversal/post_traversal.py,post_traversal.py,__init__,,2,4,1,A,1,6,3,2.0,A2,1.5,"{""A2"": 3, ""A1"": 3}","{""Simple Atributte"": 3, ""Simple Assignment"": 2, ""Function with Simple argument"": 1}"
python-algorithms,/home/juan/Documents/Analisis-CC-PyCEFR/python-algorithms/leetcode/src/binary_trees/lc_145_postorder_traversal/post_order_iterative.py,post_order_iterative.py,postorder_traversal,,7,24,7,B,2,34,11,3.0,B1,1.2941176470588236,"{""A1"": 25, ""A2"": 8, ""B1"": 1}","{""Simple Atributte"": 8, ""Simple Tuple"": 6, ""Simple Assignment"": 6, ""Simple If statements"": 3, ""Simple List"": 2, ""Unary Operation"": 2, ""Boolean Operation"": 2, ""Return"": 2, ""Subscript"": 1, ""While with Else Loop"": 1}"
python-algorithms,/home/juan/Documents/Analisis-CC-PyCEFR/python-algorithms/leetcode/src/binary_trees/lc_145_postorder_traversal/post_order_iterative.py,post_order_iterative.py,Node,,1,4,2,A,1,7,4,3.0,B1,1.7142857142857142,"{""A2"": 3, ""A1"": 3, ""B1"": 1}","{""Simple Atributte"": 3, ""Simple Assignment"": 2, ""Function with Simple argument"": 1, ""Simple Class  Using the constructor method --> __init__"": 1}"
python-algorithms,/home/juan/Documents/Analisis-CC-PyCEFR/python-algorithms/leetcode/src/binary_trees/lc_145_postorder_traversal/post_order_iterative.py,post_order_iterative.py,__init__,,2,4,1,A,1,6,3,2.0,A2,1.5,"{""A2"": 3, ""A1"": 3}","{""Simple Atributte"": 3, ""Simple Assignment"": 2, ""Function with Simple argument"": 1}"
python-algorithms,/home/juan/Documents/Analisis-CC-PyCEFR/python-algorithms/leetcode/src/binary_trees/lc_515_find_largest_value_in_each_tree_row/find_largest_value_in_each_tree_row.py,find_largest_value_in_each_tree_row.py,largestValues,,3,19,6,B,2,30,11,3.0,B1,1.4,"{""A1"": 19, ""A2"": 10, ""B1"": 1}","{""Simple Atributte"": 9, ""Simple Tuple"": 4, ""Simple Assignment"": 4, ""Simple List"": 3, ""Simple If statements"": 3, ""Return"": 2, ""'range' call function"": 1, ""Unary Operation"": 1, ""Simple For Loop"": 1, ""While with Else Loop"": 1}"
python-algorithms,/home/juan/Documents/Analisis-CC-PyCEFR/python-algorithms/leetcode/src/binary_trees/lc_257_binary_tree_paths/binary_tree_paths.py,binary_tree_paths.py,TreeNode,,1,5,2,A,1,8,4,3.0,B1,1.75,"{""A2"": 4, ""A1"": 3, ""B1"": 1}","{""Simple Atributte"": 3, ""Simple Assignment"": 3, ""Function with Simple argument with Default argument"": 1, ""Simple Class  Using the constructor method --> __init__"": 1}"
python-algorithms,/home/juan/Documents/Analisis-CC-PyCEFR/python-algorithms/leetcode/src/binary_trees/lc_257_binary_tree_paths/binary_tree_paths.py,binary_tree_paths.py,binary_tree_paths,,10,26,1,A,1,19,8,4.0,B2,1.631578947368421,"{""A1"": 9, ""A2"": 9, ""B2"": 1}","{""Simple Atributte"": 9, ""Simple List"": 2, ""Simple If statements"": 2, ""Return"": 2, ""Boolean Operation"": 1, ""Simple Assignment"": 1, ""Function with Simple argument"": 1, ""Recursive Functions"": 1}"
python-algorithms,/home/juan/Documents/Analisis-CC-PyCEFR/python-algorithms/leetcode/src/binary_trees/lc_257_binary_tree_paths/binary_tree_paths.py,binary_tree_paths.py,binary_tree_paths_helper,binary_tree_paths,11,22,4,A,1,14,5,4.0,B2,1.8571428571428572,"{""A2"": 9, ""A1"": 4, ""B2"": 1}","{""Simple Atributte"": 9, ""Simple If statements"": 2, ""Boolean Operation"": 1, ""Recursive Functions"": 1, ""Return"": 1}"
python-algorithms,/home/juan/Documents/Analisis-CC-PyCEFR/python-algorithms/leetcode/src/binary_trees/lc_257_binary_tree_paths/binary_tree_paths.py,binary_tree_paths.py,__init__,,2,5,1,A,1,7,3,2.0,A2,1.5714285714285714,"{""A2"": 4, ""A1"": 3}","{""Simple Atributte"": 3, ""Simple Assignment"": 3, ""Function with Simple argument with Default argument"": 1}"
python-algorithms,/home/juan/Documents/Analisis-CC-PyCEFR/python-algorithms/leetcode/src/binary_trees/bottom_view_of_binary_tree/bottom_view.py,bottom_view.py,bottomView,,15,37,7,B,2,36,13,3.0,B1,1.3888888888888888,"{""A1"": 23, ""A2"": 12, ""B1"": 1}","{""Simple Atributte"": 10, ""Simple Assignment"": 6, ""Simple Tuple"": 4, ""Simple If statements"": 3, ""Simple List"": 2, ""Subscript"": 2, ""Simple For Loop"": 2, ""Return"": 2, ""Simple Dictionary"": 1, ""'range' call function"": 1}"
python-algorithms,/home/juan/Documents/Analisis-CC-PyCEFR/python-algorithms/leetcode/src/binary_trees/bottom_view_of_binary_tree/bottom_view.py,bottom_view.py,Node,,2,5,2,A,1,7,4,3.0,B1,1.7142857142857142,"{""A2"": 3, ""A1"": 3, ""B1"": 1}","{""Simple Atributte"": 3, ""Simple Assignment"": 2, ""Function with Simple argument"": 1, ""Simple Class  Using the constructor method --> __init__"": 1}"
python-algorithms,/home/juan/Documents/Analisis-CC-PyCEFR/python-algorithms/leetcode/src/binary_trees/bottom_view_of_binary_tree/bottom_view.py,bottom_view.py,__init__,,3,5,1,A,1,6,3,2.0,A2,1.5,"{""A2"": 3, ""A1"": 3}","{""Simple Atributte"": 3, ""Simple Assignment"": 2, ""Function with Simple argument"": 1}"
python-algorithms,/home/juan/Documents/Analisis-CC-PyCEFR/python-algorithms/leetcode/src/binary_trees/lc_437_path_sum_III/path_sum.py,path_sum.py,path_sum,,1,20,1,A,1,66,17,4.0,B2,1.5606060606060606,"{""A1"": 36, ""A2"": 26, ""B2"": 3, ""B1"": 1}","{""Simple Atributte"": 22, ""Simple Assignment"": 7, ""Return"": 7, ""Simple If statements"": 6, ""Boolean Operation"": 3, ""Recursive Functions"": 3, ""Simple List"": 3, ""Simple Tuple"": 2, ""Assigment with sum (total = total + 1)"": 2, ""Function with Simple argument"": 2}"
python-algorithms,/home/juan/Documents/Analisis-CC-PyCEFR/python-algorithms/leetcode/src/binary_trees/lc_437_path_sum_III/path_sum.py,path_sum.py,path_sum_helper,path_sum,2,16,4,A,1,54,15,4.0,B2,1.5740740740740742,"{""A1"": 27, ""A2"": 25, ""B2"": 2}","{""Simple Atributte"": 21, ""Simple If statements"": 6, ""Simple Assignment"": 5, ""Return"": 4, ""Simple Tuple"": 2, ""Boolean Operation"": 2, ""Assigment with sum (total = total + 1)"": 2, ""Simple List"": 2, ""Recursive Functions"": 2, ""Unary Operation"": 2}"
python-algorithms,/home/juan/Documents/Analisis-CC-PyCEFR/python-algorithms/leetcode/src/binary_trees/lc_116_populate_next_right_pointers_in_each_node/populate_next_right_pointers.py,populate_next_right_pointers.py,connect,,4,25,7,B,2,58,11,3.0,B1,1.4137931034482758,"{""A1"": 36, ""A2"": 20, ""B1"": 2}","{""Simple Atributte"": 18, ""Simple Assignment"": 12, ""Simple If statements"": 8, ""Simple Tuple"": 4, ""Return"": 4, ""Simple List"": 2, ""'range' call function"": 2, ""Unary Operation"": 2, ""Simple For Loop"": 2, ""While with Else Loop"": 2}"
python-algorithms,/home/juan/Documents/Analisis-CC-PyCEFR/python-algorithms/leetcode/src/binary_trees/lc_337_house_robber_III/house_robber.py,house_robber.py,rob,,1,13,1,A,1,18,10,4.0,B2,1.3333333333333333,"{""A1"": 14, ""A2"": 3, ""B2"": 1}","{""Simple Atributte"": 3, ""Return"": 3, ""Simple List"": 2, ""Subscript"": 2, ""Simple Assignment"": 2, ""Assigment with sum (total = total + 1)"": 2, ""Unary Operation"": 1, ""Simple If statements"": 1, ""Function with Simple argument"": 1, ""Recursive Functions"": 1}"
python-algorithms,/home/juan/Documents/Analisis-CC-PyCEFR/python-algorithms/leetcode/src/binary_trees/lc_337_house_robber_III/house_robber.py,house_robber.py,robHelper,rob,2,11,2,A,1,16,9,4.0,B2,1.375,"{""A1"": 12, ""A2"": 3, ""B2"": 1}","{""Simple Atributte"": 3, ""Simple List"": 2, ""Subscript"": 2, ""Simple Assignment"": 2, ""Assigment with sum (total = total + 1)"": 2, ""Return"": 2, ""Unary Operation"": 1, ""Simple If statements"": 1, ""Recursive Functions"": 1}"
python-algorithms,/home/juan/Documents/Analisis-CC-PyCEFR/python-algorithms/leetcode/src/binary_trees/lc_124_binary_tree_maximum_path_sum/binary_tree_maximum_path_sum.py,binary_tree_maximum_path_sum.py,maxPathSum,,1,20,1,A,1,43,9,4.0,B2,1.4883720930232558,"{""A1"": 26, ""A2"": 15, ""B2"": 2}","{""Simple Atributte"": 15, ""Simple Assignment"": 9, ""Return"": 6, ""Assigment with sum (total = total + 1)"": 4, ""Simple Tuple"": 2, ""Simple If statements"": 2, ""Function with Simple argument"": 2, ""Recursive Functions"": 2, ""Unary Operation"": 1}"
python-algorithms,/home/juan/Documents/Analisis-CC-PyCEFR/python-algorithms/leetcode/src/binary_trees/lc_124_binary_tree_maximum_path_sum/binary_tree_maximum_path_sum.py,binary_tree_maximum_path_sum.py,maxPathSumHelper,maxPathSum,2,15,2,A,1,38,8,4.0,B2,1.5526315789473684,"{""A1"": 21, ""A2"": 15, ""B2"": 2}","{""Simple Atributte"": 15, ""Simple Assignment"": 8, ""Assigment with sum (total = total + 1)"": 4, ""Return"": 4, ""Simple Tuple"": 2, ""Simple If statements"": 2, ""Recursive Functions"": 2, ""Unary Operation"": 1}"
python-algorithms,/home/juan/Documents/Analisis-CC-PyCEFR/python-algorithms/leetcode/src/binary_trees/lc_101_symmetric_tree/symmetric_tree.py,symmetric_tree.py,is_symmetric,,7,21,2,A,1,21,6,4.0,B2,1.5238095238095237,"{""A1"": 12, ""A2"": 8, ""B2"": 1}","{""Simple Atributte"": 8, ""Return"": 5, ""Boolean Operation"": 3, ""Simple If statements"": 3, ""Function with Simple argument"": 1, ""Recursive Functions"": 1}"
python-algorithms,/home/juan/Documents/Analisis-CC-PyCEFR/python-algorithms/leetcode/src/binary_trees/lc_101_symmetric_tree/symmetric_tree.py,symmetric_tree.py,is_symmtric_helper,is_symmetric,8,16,7,B,2,15,5,4.0,B2,1.6,"{""A1"": 8, ""A2"": 6, ""B2"": 1}","{""Simple Atributte"": 6, ""Boolean Operation"": 3, ""Return"": 3, ""Simple If statements"": 2, ""Recursive Functions"": 1}"
python-algorithms,/home/juan/Documents/Analisis-CC-PyCEFR/python-algorithms/leetcode/src/binary_trees/lc_101_symmetric_tree/symmetric_tree.py,symmetric_tree.py,Node,,1,4,2,A,1,7,4,3.0,B1,1.7142857142857142,"{""A2"": 3, ""A1"": 3, ""B1"": 1}","{""Simple Atributte"": 3, ""Simple Assignment"": 2, ""Function with Simple argument"": 1, ""Simple Class  Using the constructor method --> __init__"": 1}"
python-algorithms,/home/juan/Documents/Analisis-CC-PyCEFR/python-algorithms/leetcode/src/binary_trees/lc_101_symmetric_tree/symmetric_tree.py,symmetric_tree.py,__init__,,2,4,1,A,1,6,3,2.0,A2,1.5,"{""A2"": 3, ""A1"": 3}","{""Simple Atributte"": 3, ""Simple Assignment"": 2, ""Function with Simple argument"": 1}"
python-algorithms,/home/juan/Documents/Analisis-CC-PyCEFR/python-algorithms/leetcode/src/binary_trees/lc_987_vertical_order_traversal/vertical_order_traversal.py,vertical_order_traversal.py,verticalTraversal,,46,79,10,B,2,56,14,3.0,B1,1.4107142857142858,"{""A1"": 34, ""A2"": 21, ""B1"": 1}","{""Simple Atributte"": 18, ""Subscript"": 7, ""Simple List"": 6, ""Simple Assignment"": 6, ""Simple If statements"": 5, ""Simple Tuple"": 4, ""Simple For Loop"": 2, ""Return"": 2, ""'range' call function"": 1, ""Unary Operation"": 1}"
python-algorithms,/home/juan/Documents/Analisis-CC-PyCEFR/python-algorithms/leetcode/src/binary_trees/lc_987_vertical_order_traversal/vertical_order_traversal.py,vertical_order_traversal.py,verticalTraversal,,5,29,7,B,2,42,12,3.0,B1,1.380952380952381,"{""A1"": 27, ""A2"": 14, ""B1"": 1}","{""Simple Atributte"": 13, ""Simple Tuple"": 6, ""Simple Assignment"": 6, ""Subscript"": 4, ""Simple If statements"": 3, ""Simple List"": 2, ""Simple For Loop"": 2, ""Return"": 2, ""'range' call function"": 1, ""Unary Operation"": 1}"
python-algorithms,/home/juan/Documents/Analisis-CC-PyCEFR/python-algorithms/leetcode/src/binary_trees/lc_671_second_minimum_node_in_binary_tree/second_minimum_node_in_binary_tree.py,second_minimum_node_in_binary_tree.py,find_second_min_val,,2,18,2,A,1,18,8,4.0,B2,1.6111111111111112,"{""A1"": 10, ""A2"": 6, ""B1"": 1, ""B2"": 1}","{""Simple Atributte"": 6, ""Simple Assignment"": 3, ""Simple If statements"": 3, ""Return"": 2, ""If statements expression (else)"": 1, ""Unary Operation"": 1, ""Function with Simple argument"": 1, ""Recursive Functions"": 1}"
python-algorithms,/home/juan/Documents/Analisis-CC-PyCEFR/python-algorithms/leetcode/src/binary_trees/lc_671_second_minimum_node_in_binary_tree/second_minimum_node_in_binary_tree.py,second_minimum_node_in_binary_tree.py,find_second_min_val_helper,find_second_min_val,3,13,4,A,1,13,5,4.0,B2,1.6923076923076923,"{""A2"": 6, ""A1"": 6, ""B2"": 1}","{""Simple Atributte"": 6, ""Simple If statements"": 3, ""Simple Assignment"": 2, ""Recursive Functions"": 1, ""Return"": 1}"
python-algorithms,/home/juan/Documents/Analisis-CC-PyCEFR/python-algorithms/leetcode/src/binary_trees/lc_1008_construct_binary_tree_from_preorder_traversal/construct_binary_tree_from_preorder_traversal.py,construct_binary_tree_from_preorder_traversal.py,TreeNode,,1,5,2,A,1,8,4,3.0,B1,1.75,"{""A2"": 4, ""A1"": 3, ""B1"": 1}","{""Simple Atributte"": 3, ""Simple Assignment"": 3, ""Function with Simple argument with Default argument"": 1, ""Simple Class  Using the constructor method --> __init__"": 1}"
python-algorithms,/home/juan/Documents/Analisis-CC-PyCEFR/python-algorithms/leetcode/src/binary_trees/lc_1008_construct_binary_tree_from_preorder_traversal/construct_binary_tree_from_preorder_traversal.py,construct_binary_tree_from_preorder_traversal.py,bst_from_preorder,,7,23,1,A,1,15,8,4.0,B2,1.2666666666666666,"{""A1"": 13, ""A2"": 1, ""B2"": 1}","{""Simple Assignment"": 4, ""Return"": 4, ""Simple If statements"": 2, ""Unary Operation"": 1, ""Subscript"": 1, ""Simplified incremental Assignment with increase amount"": 1, ""Function with Simple argument"": 1, ""Recursive Functions"": 1}"
python-algorithms,/home/juan/Documents/Analisis-CC-PyCEFR/python-algorithms/leetcode/src/binary_trees/lc_1008_construct_binary_tree_from_preorder_traversal/construct_binary_tree_from_preorder_traversal.py,construct_binary_tree_from_preorder_traversal.py,bst_from_preorder_helper,bst_from_preorder,8,20,3,A,1,12,7,4.0,B2,1.3333333333333333,"{""A1"": 10, ""A2"": 1, ""B2"": 1}","{""Simple Assignment"": 3, ""Return"": 3, ""Simple If statements"": 2, ""Unary Operation"": 1, ""Subscript"": 1, ""Simplified incremental Assignment with increase amount"": 1, ""Recursive Functions"": 1}"
python-algorithms,/home/juan/Documents/Analisis-CC-PyCEFR/python-algorithms/leetcode/src/binary_trees/lc_1008_construct_binary_tree_from_preorder_traversal/construct_binary_tree_from_preorder_traversal.py,construct_binary_tree_from_preorder_traversal.py,__init__,,2,5,1,A,1,7,3,2.0,A2,1.5714285714285714,"{""A2"": 4, ""A1"": 3}","{""Simple Atributte"": 3, ""Simple Assignment"": 3, ""Function with Simple argument with Default argument"": 1}"
python-algorithms,/home/juan/Documents/Analisis-CC-PyCEFR/python-algorithms/leetcode/src/binary_trees/lc_449_serialize_deserialize_bst/serialize_deserialize_bst.py,serialize_deserialize_bst.py,TreeNode,,2,6,2,A,1,8,4,3.0,B1,1.625,"{""A1"": 4, ""A2"": 3, ""B1"": 1}","{""Simple Atributte"": 3, ""Simple Assignment"": 3, ""Function with Simple argument"": 1, ""Simple Class  Using the constructor method --> __init__"": 1}"
python-algorithms,/home/juan/Documents/Analisis-CC-PyCEFR/python-algorithms/leetcode/src/binary_trees/lc_449_serialize_deserialize_bst/serialize_deserialize_bst.py,serialize_deserialize_bst.py,Codec,,8,45,2,A,1,40,14,4.0,B2,1.475,"{""A1"": 26, ""A2"": 11, ""B2"": 2, ""B1"": 1}","{""Simple Atributte"": 9, ""Simple Assignment"": 7, ""Return"": 5, ""Simple Tuple"": 4, ""Subscript"": 2, ""Simplified incremental Assignment with increase amount"": 2, ""Simple If statements"": 2, ""Function with Simple argument"": 2, ""Recursive Functions"": 2, ""Simple List"": 1}"
python-algorithms,/home/juan/Documents/Analisis-CC-PyCEFR/python-algorithms/leetcode/src/binary_trees/lc_449_serialize_deserialize_bst/serialize_deserialize_bst.py,serialize_deserialize_bst.py,__init__,,3,6,1,A,1,7,3,2.0,A2,1.4285714285714286,"{""A1"": 4, ""A2"": 3}","{""Simple Atributte"": 3, ""Simple Assignment"": 3, ""Function with Simple argument"": 1}"
python-algorithms,/home/juan/Documents/Analisis-CC-PyCEFR/python-algorithms/leetcode/src/binary_trees/lc_449_serialize_deserialize_bst/serialize_deserialize_bst.py,serialize_deserialize_bst.py,serialize,,9,23,1,A,1,13,7,4.0,B2,1.6923076923076923,"{""A1"": 6, ""A2"": 6, ""B2"": 1}","{""Simple Atributte"": 6, ""Return"": 2, ""Simple List"": 1, ""Simple Assignment"": 1, ""Simple If statements"": 1, ""Function with Simple argument"": 1, ""Recursive Functions"": 1}"
python-algorithms,/home/juan/Documents/Analisis-CC-PyCEFR/python-algorithms/leetcode/src/binary_trees/lc_449_serialize_deserialize_bst/serialize_deserialize_bst.py,serialize_deserialize_bst.py,preorder,serialize,12,17,2,A,1,8,4,4.0,B2,2.0,"{""A2"": 5, ""A1"": 2, ""B2"": 1}","{""Simple Atributte"": 5, ""Simple If statements"": 1, ""Recursive Functions"": 1, ""Return"": 1}"
python-algorithms,/home/juan/Documents/Analisis-CC-PyCEFR/python-algorithms/leetcode/src/binary_trees/lc_449_serialize_deserialize_bst/serialize_deserialize_bst.py,serialize_deserialize_bst.py,deserialize,,25,45,1,A,1,26,12,4.0,B2,1.3076923076923077,"{""A1"": 20, ""A2"": 5, ""B2"": 1}","{""Simple Assignment"": 6, ""Simple Tuple"": 4, ""Simple Atributte"": 3, ""Return"": 3, ""Subscript"": 2, ""Simplified incremental Assignment with increase amount"": 2, ""Print"": 1, ""Unary Operation"": 1, ""Boolean Operation"": 1, ""Simple If statements"": 1}"
python-algorithms,/home/juan/Documents/Analisis-CC-PyCEFR/python-algorithms/leetcode/src/binary_trees/lc_449_serialize_deserialize_bst/serialize_deserialize_bst.py,serialize_deserialize_bst.py,deserializeHelper,deserialize,28,41,4,A,1,19,10,4.0,B2,1.368421052631579,"{""A1"": 14, ""A2"": 4, ""B2"": 1}","{""Simple Assignment"": 5, ""Simple Tuple"": 2, ""Simple Atributte"": 2, ""Subscript"": 2, ""Simplified incremental Assignment with increase amount"": 2, ""Return"": 2, ""Unary Operation"": 1, ""Boolean Operation"": 1, ""Simple If statements"": 1, ""Recursive Functions"": 1}"
python-algorithms,/home/juan/Documents/Analisis-CC-PyCEFR/python-algorithms/leetcode/src/binary_trees/lc_783_min_distance_between_bst_nodes/min_distance_between_bst_nodes.py,min_distance_between_bst_nodes.py,min_diff_in_bst,,1,17,1,A,1,13,6,4.0,B2,1.5384615384615385,"{""A1"": 8, ""A2"": 4, ""B2"": 1}","{""Simple Atributte"": 4, ""Simple Assignment"": 3, ""Simple If statements"": 2, ""Return"": 2, ""Function with Simple argument"": 1, ""Recursive Functions"": 1}"
python-algorithms,/home/juan/Documents/Analisis-CC-PyCEFR/python-algorithms/leetcode/src/binary_trees/lc_783_min_distance_between_bst_nodes/min_distance_between_bst_nodes.py,min_distance_between_bst_nodes.py,min_diff_in_bst_helper,min_diff_in_bst,2,12,3,A,1,10,5,4.0,B2,1.7,"{""A1"": 5, ""A2"": 4, ""B2"": 1}","{""Simple Atributte"": 4, ""Simple Assignment"": 2, ""Simple If statements"": 2, ""Recursive Functions"": 1, ""Return"": 1}"
python-algorithms,/home/juan/Documents/Analisis-CC-PyCEFR/python-algorithms/leetcode/src/binary_trees/lc_144_preorder_traversal/preorder_iterative.py,preorder_iterative.py,preorder_traversal,,7,20,5,A,1,24,9,3.0,B1,1.4583333333333333,"{""A1"": 14, ""A2"": 9, ""B1"": 1}","{""Simple Atributte"": 9, ""Simple List"": 3, ""Simple If statements"": 3, ""Simple Tuple"": 2, ""Simple Assignment"": 2, ""Return"": 2, ""Unary Operation"": 1, ""While with Else Loop"": 1, ""Function with Simple argument"": 1}"
python-algorithms,/home/juan/Documents/Analisis-CC-PyCEFR/python-algorithms/leetcode/src/binary_trees/lc_144_preorder_traversal/preorder_iterative.py,preorder_iterative.py,Node,,1,4,2,A,1,7,4,3.0,B1,1.7142857142857142,"{""A2"": 3, ""A1"": 3, ""B1"": 1}","{""Simple Atributte"": 3, ""Simple Assignment"": 2, ""Function with Simple argument"": 1, ""Simple Class  Using the constructor method --> __init__"": 1}"
python-algorithms,/home/juan/Documents/Analisis-CC-PyCEFR/python-algorithms/leetcode/src/binary_trees/lc_144_preorder_traversal/preorder_iterative.py,preorder_iterative.py,__init__,,2,4,1,A,1,6,3,2.0,A2,1.5,"{""A2"": 3, ""A1"": 3}","{""Simple Atributte"": 3, ""Simple Assignment"": 2, ""Function with Simple argument"": 1}"
python-algorithms,/home/juan/Documents/Analisis-CC-PyCEFR/python-algorithms/leetcode/src/binary_trees/lc_144_preorder_traversal/preorder_traversal.py,preorder_traversal.py,Node,,1,4,2,A,1,14,4,3.0,B1,1.7142857142857142,"{""A2"": 6, ""A1"": 6, ""B1"": 2}","{""Simple Atributte"": 6, ""Simple Assignment"": 4, ""Function with Simple argument"": 2, ""Simple Class  Using the constructor method --> __init__"": 2}"
python-algorithms,/home/juan/Documents/Analisis-CC-PyCEFR/python-algorithms/leetcode/src/binary_trees/lc_144_preorder_traversal/preorder_traversal.py,preorder_traversal.py,preorder_traversal,,7,19,1,A,1,22,9,4.0,B2,1.5,"{""A1"": 13, ""A2"": 8, ""B2"": 1}","{""Simple Atributte"": 8, ""Simple List"": 3, ""Simple Assignment"": 3, ""Return"": 2, ""Simple Tuple"": 2, ""Simple If statements"": 1, ""Function with Simple argument"": 1, ""Recursive Functions"": 1, ""Boolean Operation"": 1}"
python-algorithms,/home/juan/Documents/Analisis-CC-PyCEFR/python-algorithms/leetcode/src/binary_trees/lc_144_preorder_traversal/preorder_traversal.py,preorder_traversal.py,preorder_traversal_helper,preorder_traversal,8,14,2,A,1,13,8,4.0,B2,1.5384615384615385,"{""A1"": 8, ""A2"": 4, ""B2"": 1}","{""Simple Atributte"": 4, ""Simple List"": 2, ""Simple Tuple"": 2, ""Simple If statements"": 1, ""Recursive Functions"": 1, ""Return"": 1, ""Boolean Operation"": 1, ""Simple Assignment"": 1}"
python-algorithms,/home/juan/Documents/Analisis-CC-PyCEFR/python-algorithms/leetcode/src/binary_trees/lc_144_preorder_traversal/preorder_traversal.py,preorder_traversal.py,__init__,,2,4,1,A,1,12,3,2.0,A2,1.5,"{""A2"": 6, ""A1"": 6}","{""Simple Atributte"": 6, ""Simple Assignment"": 4, ""Function with Simple argument"": 2}"
python-algorithms,/home/juan/Documents/Analisis-CC-PyCEFR/python-algorithms/leetcode/src/binary_trees/lc_103_binary_tree_zigzag_level_order_traversal/binary_tree_zigzag_level_order_traversal.py,binary_tree_zigzag_level_order_traversal.py,zigzag_level_order,,3,29,7,B,2,34,11,3.0,B1,1.4411764705882353,"{""A1"": 20, ""A2"": 13, ""B1"": 1}","{""Simple Atributte"": 12, ""Simple Assignment"": 6, ""Simple If statements"": 4, ""Simple List"": 2, ""Simple Tuple"": 2, ""Unary Operation"": 2, ""Return"": 2, ""'range' call function"": 1, ""Simple For Loop"": 1, ""While with Else Loop"": 1}"
python-algorithms,/home/juan/Documents/Analisis-CC-PyCEFR/python-algorithms/leetcode/src/binary_trees/top_view_of_binary_tree/top_view.py,top_view.py,topView,,19,42,8,B,2,36,12,3.0,B1,1.3611111111111112,"{""A1"": 24, ""A2"": 11, ""B1"": 1}","{""Simple Atributte"": 10, ""Simple Assignment"": 6, ""Simple Tuple"": 4, ""Simple If statements"": 4, ""Simple List"": 2, ""Subscript"": 2, ""Simple For Loop"": 2, ""Return"": 2, ""'range' call function"": 1, ""Unary Operation"": 1}"
python-algorithms,/home/juan/Documents/Analisis-CC-PyCEFR/python-algorithms/leetcode/src/binary_trees/top_view_of_binary_tree/top_view.py,top_view.py,Node,,2,5,2,A,1,7,4,3.0,B1,1.7142857142857142,"{""A2"": 3, ""A1"": 3, ""B1"": 1}","{""Simple Atributte"": 3, ""Simple Assignment"": 2, ""Function with Simple argument"": 1, ""Simple Class  Using the constructor method --> __init__"": 1}"
python-algorithms,/home/juan/Documents/Analisis-CC-PyCEFR/python-algorithms/leetcode/src/binary_trees/top_view_of_binary_tree/top_view.py,top_view.py,__init__,,3,5,1,A,1,6,3,2.0,A2,1.5,"{""A2"": 3, ""A1"": 3}","{""Simple Atributte"": 3, ""Simple Assignment"": 2, ""Function with Simple argument"": 1}"
python-algorithms,/home/juan/Documents/Analisis-CC-PyCEFR/python-algorithms/leetcode/src/binary_trees/lc_98_validate_binary_search_tree/validate_binary_search_tree.py,validate_binary_search_tree.py,valid_bst,,1,11,1,A,1,30,7,4.0,B2,1.5333333333333334,"{""A1"": 18, ""A2"": 10, ""B2"": 2}","{""Simple Atributte"": 10, ""Return"": 8, ""Simple If statements"": 4, ""Unary Operation"": 2, ""Boolean Operation"": 2, ""Function with Simple argument"": 2, ""Recursive Functions"": 2}"
python-algorithms,/home/juan/Documents/Analisis-CC-PyCEFR/python-algorithms/leetcode/src/binary_trees/lc_98_validate_binary_search_tree/validate_binary_search_tree.py,validate_binary_search_tree.py,valid_bst_helper,valid_bst,2,9,4,A,1,26,6,4.0,B2,1.6153846153846154,"{""A1"": 14, ""A2"": 10, ""B2"": 2}","{""Simple Atributte"": 10, ""Return"": 6, ""Simple If statements"": 4, ""Unary Operation"": 2, ""Boolean Operation"": 2, ""Recursive Functions"": 2}"
python-algorithms,/home/juan/Documents/Analisis-CC-PyCEFR/python-algorithms/leetcode/src/binary_trees/lc_655_print_binary_tree/print_binary_tree.py,print_binary_tree.py,Solution,,3,30,4,A,1,38,12,5.0,C1,1.6842105263157894,"{""A1"": 21, ""A2"": 13, ""C1"": 2, ""B2"": 1, ""B1"": 1}","{""Simple Atributte"": 11, ""Simple Assignment"": 6, ""Return"": 4, ""Subscript"": 3, ""Simple Tuple"": 2, ""'range' call function"": 2, ""Simple List Comprehension"": 2, ""Assigment with sum (total = total + 1)"": 2, ""Simple If statements"": 2, ""Function with Simple argument"": 2}"
python-algorithms,/home/juan/Documents/Analisis-CC-PyCEFR/python-algorithms/leetcode/src/binary_trees/lc_655_print_binary_tree/print_binary_tree.py,print_binary_tree.py,printTree,,4,21,3,A,1,27,11,5.0,C1,1.7407407407407407,"{""A1"": 15, ""A2"": 9, ""C1"": 2, ""B2"": 1}","{""Simple Atributte"": 7, ""Simple Assignment"": 4, ""Subscript"": 3, ""Simple Tuple"": 2, ""'range' call function"": 2, ""Simple List Comprehension"": 2, ""Assigment with sum (total = total + 1)"": 2, ""Return"": 2, ""Simple If statements"": 1, ""Function with Simple argument"": 1}"
python-algorithms,/home/juan/Documents/Analisis-CC-PyCEFR/python-algorithms/leetcode/src/binary_trees/lc_655_print_binary_tree/print_binary_tree.py,print_binary_tree.py,fillMatrix,printTree,10,17,2,A,1,11,6,4.0,B2,1.7272727272727273,"{""A2"": 5, ""A1"": 5, ""B2"": 1}","{""Simple Atributte"": 5, ""Subscript"": 2, ""Simple Assignment"": 1, ""Simple If statements"": 1, ""Recursive Functions"": 1, ""Return"": 1}"
python-algorithms,/home/juan/Documents/Analisis-CC-PyCEFR/python-algorithms/leetcode/src/binary_trees/lc_655_print_binary_tree/print_binary_tree.py,print_binary_tree.py,getTreeHeight,,24,30,2,A,1,10,5,2.0,A2,1.4,"{""A1"": 6, ""A2"": 4}","{""Simple Atributte"": 4, ""Simple Assignment"": 2, ""Return"": 2, ""Simple If statements"": 1, ""Function with Simple argument"": 1}"
python-algorithms,/home/juan/Documents/Analisis-CC-PyCEFR/python-algorithms/leetcode/src/binary_trees/lc_617_merge_two_binary_trees/merge_two_binary_trees.py,merge_two_binary_trees.py,TreeNode,,1,5,2,A,1,8,4,3.0,B1,1.75,"{""A2"": 4, ""A1"": 3, ""B1"": 1}","{""Simple Atributte"": 3, ""Simple Assignment"": 3, ""Function with Simple argument with Default argument"": 1, ""Simple Class  Using the constructor method --> __init__"": 1}"
python-algorithms,/home/juan/Documents/Analisis-CC-PyCEFR/python-algorithms/leetcode/src/binary_trees/lc_617_merge_two_binary_trees/merge_two_binary_trees.py,merge_two_binary_trees.py,merge_trees,,8,25,1,A,1,30,9,4.0,B2,1.7666666666666666,"{""A1"": 15, ""A2"": 8, ""B1"": 6, ""B2"": 1}","{""Simple Atributte"": 8, ""If statements expression (else)"": 6, ""Boolean Operation"": 3, ""Simple Assignment"": 3, ""Simple If statements"": 3, ""Return"": 3, ""Assigment with sum (total = total + 1)"": 2, ""Function with Simple argument"": 1, ""Recursive Functions"": 1}"
python-algorithms,/home/juan/Documents/Analisis-CC-PyCEFR/python-algorithms/leetcode/src/binary_trees/lc_617_merge_two_binary_trees/merge_two_binary_trees.py,merge_two_binary_trees.py,mergeTreesHelper,merge_trees,9,23,13,C,3,28,8,4.0,B2,1.8214285714285714,"{""A1"": 13, ""A2"": 8, ""B1"": 6, ""B2"": 1}","{""Simple Atributte"": 8, ""If statements expression (else)"": 6, ""Boolean Operation"": 3, ""Simple Assignment"": 3, ""Simple If statements"": 3, ""Assigment with sum (total = total + 1)"": 2, ""Return"": 2, ""Recursive Functions"": 1}"
python-algorithms,/home/juan/Documents/Analisis-CC-PyCEFR/python-algorithms/leetcode/src/binary_trees/lc_617_merge_two_binary_trees/merge_two_binary_trees.py,merge_two_binary_trees.py,__init__,,2,5,1,A,1,7,3,2.0,A2,1.5714285714285714,"{""A2"": 4, ""A1"": 3}","{""Simple Atributte"": 3, ""Simple Assignment"": 3, ""Function with Simple argument with Default argument"": 1}"
python-algorithms,/home/juan/Documents/Analisis-CC-PyCEFR/python-algorithms/leetcode/src/binary_trees/lc_297_serialize_and_deserialize_binary_tree/serialize_and_deserialize_binary_tree.py,serialize_and_deserialize_binary_tree.py,TreeNode,,2,6,2,A,1,15,4,3.0,B1,1.5333333333333334,"{""A1"": 8, ""A2"": 6, ""B1"": 1}","{""Simple Atributte"": 6, ""Simple Assignment"": 6, ""Function with Simple argument"": 2, ""Inherited Class from object Using the constructor method --> __init__"": 1}"
python-algorithms,/home/juan/Documents/Analisis-CC-PyCEFR/python-algorithms/leetcode/src/binary_trees/lc_297_serialize_and_deserialize_binary_tree/serialize_and_deserialize_binary_tree.py,serialize_and_deserialize_binary_tree.py,Codec,,8,53,2,A,1,60,12,4.0,B2,1.5333333333333334,"{""A1"": 37, ""A2"": 18, ""B2"": 4, ""B1"": 1}","{""Simple Atributte"": 14, ""Simple Assignment"": 11, ""Return"": 9, ""Subscript"": 4, ""Simplified incremental Assignment with increase amount"": 4, ""Simple If statements"": 4, ""Function with Simple argument"": 4, ""Recursive Functions"": 4, ""Simple List"": 2, ""Simple Tuple"": 2}"
python-algorithms,/home/juan/Documents/Analisis-CC-PyCEFR/python-algorithms/leetcode/src/binary_trees/lc_297_serialize_and_deserialize_binary_tree/serialize_and_deserialize_binary_tree.py,serialize_and_deserialize_binary_tree.py,__init__,,3,6,1,A,1,13,3,2.0,A2,1.4615384615384615,"{""A1"": 7, ""A2"": 6}","{""Simple Atributte"": 6, ""Simple Assignment"": 6, ""Function with Simple argument"": 1}"
python-algorithms,/home/juan/Documents/Analisis-CC-PyCEFR/python-algorithms/leetcode/src/binary_trees/lc_297_serialize_and_deserialize_binary_tree/serialize_and_deserialize_binary_tree.py,serialize_and_deserialize_binary_tree.py,serialize,,10,27,1,A,1,26,8,4.0,B2,1.6923076923076923,"{""A1"": 12, ""A2"": 12, ""B2"": 2}","{""Simple Atributte"": 12, ""Return"": 4, ""Simple List"": 2, ""Simple Assignment"": 2, ""Simple If statements"": 2, ""Recursive Functions"": 2, ""Unary Operation"": 1, ""Function with Simple argument"": 1}"
python-algorithms,/home/juan/Documents/Analisis-CC-PyCEFR/python-algorithms/leetcode/src/binary_trees/lc_297_serialize_and_deserialize_binary_tree/serialize_and_deserialize_binary_tree.py,serialize_and_deserialize_binary_tree.py,preorder,serialize,15,22,2,A,1,16,5,4.0,B2,1.8125,"{""A2"": 10, ""A1"": 5, ""B2"": 1}","{""Simple Atributte"": 10, ""Simple If statements"": 2, ""Return"": 2, ""Unary Operation"": 1, ""Recursive Functions"": 1}"
python-algorithms,/home/juan/Documents/Analisis-CC-PyCEFR/python-algorithms/leetcode/src/binary_trees/lc_297_serialize_and_deserialize_binary_tree/serialize_and_deserialize_binary_tree.py,serialize_and_deserialize_binary_tree.py,deserialize,,31,53,1,A,1,27,8,4.0,B2,1.4074074074074074,"{""A1"": 20, ""A2"": 5, ""B2"": 2}","{""Simple Assignment"": 8, ""Return"": 5, ""Subscript"": 4, ""Simplified incremental Assignment with increase amount"": 4, ""Simple If statements"": 2, ""Recursive Functions"": 2, ""Simple Atributte"": 1, ""Function with Simple argument"": 1}"
python-algorithms,/home/juan/Documents/Analisis-CC-PyCEFR/python-algorithms/leetcode/src/binary_trees/lc_297_serialize_and_deserialize_binary_tree/serialize_and_deserialize_binary_tree.py,serialize_and_deserialize_binary_tree.py,deserializeHelper,deserialize,38,50,2,A,1,17,6,4.0,B2,1.3529411764705883,"{""A1"": 13, ""A2"": 3, ""B2"": 1}","{""Simple Assignment"": 6, ""Subscript"": 3, ""Simplified incremental Assignment with increase amount"": 3, ""Return"": 3, ""Simple If statements"": 1, ""Recursive Functions"": 1}"
python-algorithms,/home/juan/Documents/Analisis-CC-PyCEFR/python-algorithms/leetcode/src/graph/lc_399_evaluate_division/evaluate_division.py,evaluate_division.py,dfs,,28,37,5,A,1,16,8,4.0,B2,1.4375,"{""A1"": 11, ""A2"": 4, ""B2"": 1}","{""Simple Atributte"": 4, ""Simple If statements"": 3, ""Return"": 3, ""Unary Operation"": 2, ""Subscript"": 1, ""Simple Assignment"": 1, ""Simple For Loop"": 1, ""Recursive Functions"": 1}"
python-algorithms,/home/juan/Documents/Analisis-CC-PyCEFR/python-algorithms/leetcode/src/graph/lc_399_evaluate_division/evaluate_division.py,evaluate_division.py,calcEquation,,7,20,4,A,1,14,10,2.0,A2,1.1428571428571428,"{""A1"": 12, ""A2"": 2}","{""Simple Assignment"": 4, ""Simple Atributte"": 2, ""Simple List"": 1, ""Simple Tuple"": 1, ""Unary Operation"": 1, ""Boolean Operation"": 1, ""Simple If statements"": 1, ""Simple For Loop"": 1, ""Function with Simple argument"": 1, ""Return"": 1}"
python-algorithms,/home/juan/Documents/Analisis-CC-PyCEFR/python-algorithms/leetcode/src/graph/lc_399_evaluate_division/evaluate_division.py,evaluate_division.py,build_graph,,22,26,2,A,1,12,7,6.0,C2,1.6666666666666667,"{""A1"": 8, ""A2"": 3, ""C2"": 1}","{""Subscript"": 4, ""Simple Tuple"": 2, ""Simple Atributte"": 2, ""'enumerate' call function"": 1, ""Simple Assignment"": 1, ""For Loop with Tuple as name"": 1, ""Function with Simple argument"": 1}"
python-algorithms,/home/juan/Documents/Analisis-CC-PyCEFR/python-algorithms/leetcode/src/graph/lc_399_evaluate_division/evaluate_division.py,evaluate_division.py,Node,,3,5,2,A,1,7,5,3.0,B1,1.5714285714285714,"{""A1"": 4, ""A2"": 2, ""B1"": 1}","{""Simple Tuple"": 2, ""Simple Atributte"": 2, ""Simple Assignment"": 1, ""Function with Simple argument"": 1, ""Simple Class  Using the constructor method --> __init__"": 1}"
python-algorithms,/home/juan/Documents/Analisis-CC-PyCEFR/python-algorithms/leetcode/src/graph/lc_399_evaluate_division/evaluate_division.py,evaluate_division.py,__init__,,4,5,1,A,1,6,4,2.0,A2,1.3333333333333333,"{""A1"": 4, ""A2"": 2}","{""Simple Tuple"": 2, ""Simple Atributte"": 2, ""Simple Assignment"": 1, ""Function with Simple argument"": 1}"
python-algorithms,/home/juan/Documents/Analisis-CC-PyCEFR/python-algorithms/leetcode/src/graph/bellman_ford_algorithm/bellman_ford_algorithm.py,bellman_ford_algorithm.py,bellmanFord,,5,23,8,B,2,60,13,2.0,A2,1.0666666666666667,"{""A1"": 56, ""A2"": 4}","{""Subscript"": 16, ""Simple Assignment"": 8, ""Assigment with sum (total = total + 1)"": 6, ""Simple List"": 4, ""Simple Tuple"": 4, ""Boolean Operation"": 4, ""Simple If statements"": 4, ""Simple For Loop"": 4, ""Return"": 3, ""'range' call function"": 2}"
python-algorithms,/home/juan/Documents/Analisis-CC-PyCEFR/python-algorithms/leetcode/src/graph/detect_cycle_in_undirected_graph/detect_cycle_dfs.py,detect_cycle_dfs.py,detect_cycle,,20,29,5,A,1,36,10,4.0,B2,1.1666666666666667,"{""A1"": 32, ""A2"": 3, ""B2"": 1}","{""Simple List"": 18, ""Return"": 4, ""Simple If statements"": 3, ""Simple Assignment"": 3, ""Subscript"": 2, ""9 Nested List"": 2, ""Simple Atributte"": 1, ""Simple For Loop"": 1, ""Recursive Functions"": 1, ""Print"": 1}"
python-algorithms,/home/juan/Documents/Analisis-CC-PyCEFR/python-algorithms/leetcode/src/graph/detect_cycle_in_undirected_graph/detect_cycle_dfs.py,detect_cycle_dfs.py,is_cycle,,10,17,4,A,1,19,8,2.0,A2,1.0526315789473684,"{""A1"": 18, ""A2"": 1}","{""Subscript"": 5, ""Simple Assignment"": 3, ""Simple If statements"": 3, ""Return"": 3, ""Unary Operation"": 2, ""'range' call function"": 1, ""Simple For Loop"": 1, ""Function with Simple argument"": 1}"
python-algorithms,/home/juan/Documents/Analisis-CC-PyCEFR/python-algorithms/leetcode/src/graph/detect_cycle_in_undirected_graph/detect_cycle_bfs.py,detect_cycle_bfs.py,detect_cycle,,19,33,5,A,1,58,14,3.0,B1,1.2758620689655173,"{""A1"": 45, ""A2"": 10, ""B1"": 3}","{""Simple List"": 21, ""Simple Atributte"": 7, ""Simple Assignment"": 7, ""Subscript"": 4, ""Simple If statements"": 4, ""Return"": 4, ""Simple For Loop"": 2, ""While with Else Loop"": 2, ""9 Nested List"": 2, ""Simple Tuple"": 1}"
python-algorithms,/home/juan/Documents/Analisis-CC-PyCEFR/python-algorithms/leetcode/src/graph/detect_cycle_in_undirected_graph/detect_cycle_bfs.py,detect_cycle_bfs.py,is_cycle,,10,17,4,A,1,18,9,2.0,A2,1.1666666666666667,"{""A1"": 15, ""A2"": 3}","{""Simple Assignment"": 3, ""Simple If statements"": 3, ""Simple For Loop"": 3, ""Subscript"": 3, ""Return"": 2, ""'range' call function"": 1, ""Function with Simple argument"": 1, ""Simple Atributte"": 1, ""Simplified incremental Assignment with increase amount"": 1}"
python-algorithms,/home/juan/Documents/Analisis-CC-PyCEFR/python-algorithms/leetcode/src/graph/lc_310_minimum_height_trees/minimum_height_trees.py,minimum_height_trees.py,findMinHeightTrees,,2,35,11,C,3,46,15,5.0,C1,1.5,"{""A1"": 30, ""A2"": 13, ""C1"": 2, ""B1"": 1}","{""Subscript"": 10, ""Simple Assignment"": 7, ""Simple Atributte"": 5, ""'range' call function"": 3, ""Simple If statements"": 3, ""Simple For Loop"": 3, ""Simple List"": 2, ""Simple Tuple"": 2, ""Simple Dictionary Comprehension"": 2, ""Simplified incremental Assignment with increase amount"": 2}"
python-algorithms,/home/juan/Documents/Analisis-CC-PyCEFR/python-algorithms/leetcode/src/graph/lc_785_is_graph_bipartite/bipartite_graph_dfs.py,bipartite_graph_dfs.py,dfs,,11,23,6,B,2,22,7,4.0,B2,1.1363636363636365,"{""A1"": 21, ""B2"": 1}","{""Subscript"": 8, ""Simple If statements"": 4, ""Unary Operation"": 3, ""Return"": 3, ""Simple Assignment"": 2, ""Simple For Loop"": 1, ""Recursive Functions"": 1}"
python-algorithms,/home/juan/Documents/Analisis-CC-PyCEFR/python-algorithms/leetcode/src/graph/lc_785_is_graph_bipartite/bipartite_graph_dfs.py,bipartite_graph_dfs.py,isBipartite,,3,9,4,A,1,12,9,2.0,A2,1.0833333333333333,"{""A1"": 11, ""A2"": 1}","{""Unary Operation"": 2, ""Simple If statements"": 2, ""Return"": 2, ""Simple List"": 1, ""'range' call function"": 1, ""Subscript"": 1, ""Assigment with sum (total = total + 1)"": 1, ""Simple For Loop"": 1, ""Function with Simple argument"": 1}"
python-algorithms,/home/juan/Documents/Analisis-CC-PyCEFR/python-algorithms/leetcode/src/graph/lc_785_is_graph_bipartite/bipartite_graph_bfs.py,bipartite_graph_bfs.py,isBipartite,,3,11,5,A,1,15,9,2.0,A2,1.0666666666666667,"{""A1"": 14, ""A2"": 1}","{""Unary Operation"": 3, ""Simple If statements"": 3, ""Return"": 3, ""Simple List"": 1, ""'range' call function"": 1, ""Subscript"": 1, ""Assigment with sum (total = total + 1)"": 1, ""Simple For Loop"": 1, ""Function with Simple argument"": 1}"
python-algorithms,/home/juan/Documents/Analisis-CC-PyCEFR/python-algorithms/leetcode/src/graph/lc_785_is_graph_bipartite/bipartite_graph_bfs.py,bipartite_graph_bfs.py,bfs,,13,26,5,A,1,23,10,3.0,B1,1.173913043478261,"{""A1"": 20, ""A2"": 2, ""B1"": 1}","{""Subscript"": 7, ""Simple Assignment"": 4, ""Simple Atributte"": 2, ""Unary Operation"": 2, ""Simple If statements"": 2, ""Return"": 2, ""Simple List"": 1, ""Simple For Loop"": 1, ""While with Else Loop"": 1, ""Function with Simple argument"": 1}"
python-algorithms,/home/juan/Documents/Analisis-CC-PyCEFR/python-algorithms/leetcode/src/graph/dijkstras_algorithm/dijkstras_algorithm_with_min_heap.py,dijkstras_algorithm_with_min_heap.py,dijkstra,,31,45,5,A,1,46,12,5.0,C1,1.3043478260869565,"{""A1"": 40, ""A2"": 2, ""C1"": 2, ""B1"": 2}","{""Simple Assignment"": 12, ""Simple Tuple"": 8, ""Subscript"": 8, ""Simple List"": 2, ""'range' call function"": 2, ""Simple List Comprehension"": 2, ""Assigment with sum (total = total + 1)"": 2, ""Simple If statements"": 2, ""Simple For Loop"": 2, ""While with Else Loop"": 2}"
python-algorithms,/home/juan/Documents/Analisis-CC-PyCEFR/python-algorithms/leetcode/src/graph/dijkstras_algorithm/dijkstras_algorithm_with_sorted_set.py,dijkstras_algorithm_with_sorted_set.py,dijkstra,,3,21,6,B,2,60,12,5.0,C1,1.3666666666666667,"{""A1"": 46, ""A2"": 10, ""C1"": 2, ""B1"": 2}","{""Subscript"": 12, ""Simple Assignment"": 12, ""Simple Tuple"": 10, ""Simple Atributte"": 8, ""Simple If statements"": 4, ""'range' call function"": 2, ""Simple List Comprehension"": 2, ""Assigment with sum (total = total + 1)"": 2, ""Simple For Loop"": 2, ""While with Else Loop"": 2}"
python-algorithms,/home/juan/Documents/Analisis-CC-PyCEFR/python-algorithms/leetcode/src/graph/topological_sorting/bfs_khans_algorithm.py,bfs_khans_algorithm.py,top_sort,,3,25,10,B,2,32,15,5.0,C1,1.53125,"{""A1"": 20, ""A2"": 9, ""B1"": 2, ""C1"": 1}","{""Subscript"": 6, ""Simple Assignment"": 5, ""Simple Atributte"": 4, ""Simple For Loop"": 3, ""Simple List"": 2, ""'range' call function"": 2, ""Simple If statements"": 2, ""If statements expression (else)"": 1, ""Simple Dictionary Comprehension"": 1, ""Simplified incremental Assignment with increase amount"": 1}"
python-algorithms,/home/juan/Documents/Analisis-CC-PyCEFR/python-algorithms/leetcode/src/graph/topological_sorting/dfs.py,dfs.py,top_sort,,1,8,3,A,1,10,9,2.0,A2,1.2,"{""A1"": 8, ""A2"": 2}","{""Simple Tuple"": 2, ""Simple List"": 1, ""'range' call function"": 1, ""Simple Atributte"": 1, ""Simple Assignment"": 1, ""Simple If statements"": 1, ""Simple For Loop"": 1, ""Function with Simple argument"": 1, ""Return"": 1}"
python-algorithms,/home/juan/Documents/Analisis-CC-PyCEFR/python-algorithms/leetcode/src/graph/topological_sorting/dfs.py,dfs.py,dfs,,10,16,3,A,1,6,5,4.0,B2,1.8333333333333333,"{""A1"": 3, ""A2"": 2, ""B2"": 1}","{""Simple Atributte"": 2, ""Subscript"": 1, ""Simple If statements"": 1, ""Simple For Loop"": 1, ""Recursive Functions"": 1}"
python-algorithms,/home/juan/Documents/Analisis-CC-PyCEFR/python-algorithms/leetcode/src/graph/detect_cycle_in_directed_graph/detect_cycle_dfs.py,detect_cycle_dfs.py,dfs,,10,21,5,A,1,28,10,4.0,B2,1.1785714285714286,"{""A1"": 25, ""A2"": 2, ""B2"": 1}","{""Subscript"": 6, ""Simple If statements"": 5, ""Return"": 5, ""Simple Assignment"": 4, ""Unary Operation"": 2, ""Simple For Loop"": 2, ""'range' call function"": 1, ""Simple Atributte"": 1, ""Function with Simple argument"": 1, ""Recursive Functions"": 1}"
python-algorithms,/home/juan/Documents/Analisis-CC-PyCEFR/python-algorithms/leetcode/src/graph/detect_cycle_in_directed_graph/detect_cycle_dfs.py,detect_cycle_dfs.py,is_cycle,,1,8,4,A,1,17,12,2.0,A2,1.1176470588235294,"{""A1"": 15, ""A2"": 2}","{""Alias"": 2, ""Simple List"": 2, ""Simple Tuple"": 2, ""Simple If statements"": 2, ""Return"": 2, ""From"": 1, ""'range' call function"": 1, ""Unary Operation"": 1, ""Subscript"": 1, ""Simple Assignment"": 1}"
python-algorithms,/home/juan/Documents/Analisis-CC-PyCEFR/python-algorithms/leetcode/src/graph/detect_cycle_in_directed_graph/detect_cycle_bfs.py,detect_cycle_bfs.py,is_cycle,,6,29,11,C,3,52,17,5.0,C1,1.4038461538461537,"{""A1"": 36, ""A2"": 13, ""B1"": 2, ""C1"": 1}","{""Simple Assignment"": 9, ""Simple Atributte"": 7, ""Subscript"": 7, ""Simple If statements"": 5, ""Simple For Loop"": 4, ""Return"": 4, ""Simple List"": 3, ""'range' call function"": 3, ""Function with Simple argument"": 2, ""Simple Tuple"": 1}"
python-algorithms,/home/juan/Documents/Analisis-CC-PyCEFR/python-algorithms/leetcode/src/graph/shortest_path_in_weighted_undirected_graph/shortest_path_1.py,shortest_path_1.py,shortest_path,,6,41,8,B,2,59,14,5.0,C1,1.2542372881355932,"{""A1"": 49, ""A2"": 7, ""B1"": 2, ""C1"": 1}","{""Subscript"": 11, ""Simple Assignment"": 11, ""Simple Tuple"": 9, ""Simple List"": 8, ""Simple Atributte"": 5, ""'range' call function"": 2, ""Assigment with sum (total = total + 1)"": 2, ""Simple If statements"": 2, ""Simple For Loop"": 2, ""While with Else Loop"": 2}"
python-algorithms,/home/juan/Documents/Analisis-CC-PyCEFR/python-algorithms/leetcode/src/graph/shortest_path_in_weighted_undirected_graph/shortest_path_2.py,shortest_path_2.py,shortest_path,,3,32,6,B,2,45,12,3.0,B1,1.1555555555555554,"{""A1"": 40, ""A2"": 3, ""B1"": 2}","{""Simple Assignment"": 9, ""Simple Tuple"": 8, ""Subscript"": 8, ""Simple List"": 5, ""Simple Atributte"": 3, ""Unary Operation"": 2, ""Assigment with sum (total = total + 1)"": 2, ""Simple If statements"": 2, ""While with Else Loop"": 2, ""Return"": 2}"
python-algorithms,/home/juan/Documents/Analisis-CC-PyCEFR/python-algorithms/leetcode/src/graph/strongly_connected_components/kosarajus_algorithm.py,kosarajus_algorithm.py,get_strongly_connected_components,,1,17,5,A,1,44,11,3.0,B1,1.2272727272727273,"{""A1"": 36, ""A2"": 6, ""B1"": 2}","{""Simple Assignment"": 10, ""Simple List"": 8, ""Simple Tuple"": 4, ""Simple Atributte"": 4, ""Subscript"": 4, ""Simple If statements"": 4, ""'range' call function"": 2, ""Simple For Loop"": 2, ""While with Else Loop"": 2, ""Function with Simple argument"": 2}"
python-algorithms,/home/juan/Documents/Analisis-CC-PyCEFR/python-algorithms/leetcode/src/graph/strongly_connected_components/kosarajus_algorithm.py,kosarajus_algorithm.py,transpose_graph,,26,33,4,A,1,28,10,5.0,C1,1.5714285714285714,"{""A1"": 18, ""A2"": 8, ""C1"": 2}","{""Subscript"": 6, ""'range' call function"": 4, ""Simple Assignment"": 4, ""Simple List"": 2, ""Simple Atributte"": 2, ""Simple List Comprehension"": 2, ""1 Nested For Loop"": 2, ""Simple For Loop"": 2, ""Function with Simple argument"": 2, ""Return"": 2}"
python-algorithms,/home/juan/Documents/Analisis-CC-PyCEFR/python-algorithms/leetcode/src/graph/strongly_connected_components/kosarajus_algorithm.py,kosarajus_algorithm.py,top_sort,,19,24,3,A,1,16,6,4.0,B2,1.5,"{""A1"": 12, ""A2"": 2, ""B2"": 2}","{""Subscript"": 6, ""Simple Atributte"": 2, ""Simple Assignment"": 2, ""Simple If statements"": 2, ""Simple For Loop"": 2, ""Recursive Functions"": 2}"
python-algorithms,/home/juan/Documents/Analisis-CC-PyCEFR/python-algorithms/leetcode/src/graph/strongly_connected_components/kosarajus_algorithm.py,kosarajus_algorithm.py,get_components,,35,41,3,A,1,16,6,4.0,B2,1.5,"{""A1"": 12, ""A2"": 2, ""B2"": 2}","{""Subscript"": 6, ""Simple Atributte"": 2, ""Simple Assignment"": 2, ""Simple If statements"": 2, ""Simple For Loop"": 2, ""Recursive Functions"": 2}"
python-algorithms,/home/juan/Documents/Analisis-CC-PyCEFR/python-algorithms/leetcode/src/graph/lc_200_number_of_islands/number_of_islands_bfs.py,number_of_islands_bfs.py,bfs,,14,28,7,B,2,35,13,3.0,B1,1.2285714285714286,"{""A1"": 28, ""A2"": 6, ""B1"": 1}","{""Simple Tuple"": 9, ""Simple List"": 5, ""Simple Atributte"": 4, ""Simple Assignment"": 4, ""Subscript"": 3, ""Unary Operation"": 2, ""Assigment with sum (total = total + 1)"": 2, ""4 Nested List"": 1, ""Boolean Operation"": 1, ""Simple If statements"": 1}"
python-algorithms,/home/juan/Documents/Analisis-CC-PyCEFR/python-algorithms/leetcode/src/graph/lc_200_number_of_islands/number_of_islands_bfs.py,number_of_islands_bfs.py,number_of_islands,,3,12,5,A,1,18,11,2.0,A2,1.2222222222222223,"{""A1"": 14, ""A2"": 4}","{""Simple Tuple"": 3, ""Subscript"": 3, ""Simple Assignment"": 3, ""'range' call function"": 2, ""Boolean Operation"": 1, ""Simplified incremental Assignment with increase amount"": 1, ""Simple If statements"": 1, ""1 Nested For Loop"": 1, ""Simple For Loop"": 1, ""Function with Simple argument"": 1}"
python-algorithms,/home/juan/Documents/Analisis-CC-PyCEFR/python-algorithms/leetcode/src/dp/ninja_training/ninja_training_top_down.py,ninja_training_top_down.py,solve,,9,25,7,B,2,30,8,4.0,B2,1.1666666666666667,"{""A1"": 27, ""A2"": 2, ""B2"": 1}","{""Subscript"": 12, ""Simple Assignment"": 5, ""Simple If statements"": 4, ""Return"": 3, ""'range' call function"": 2, ""Simple For Loop"": 2, ""Unary Operation"": 1, ""Recursive Functions"": 1}"
python-algorithms,/home/juan/Documents/Analisis-CC-PyCEFR/python-algorithms/leetcode/src/dp/ninja_training/ninja_training_top_down.py,ninja_training_top_down.py,ninja_training,,3,6,1,A,1,10,7,2.0,A2,1.1,"{""A1"": 9, ""A2"": 1}","{""Unary Operation"": 4, ""1 Nested List"": 1, ""Simple List"": 1, ""Simple Assignment"": 1, ""Assigment with sum (total = total + 1)"": 1, ""Function with Simple argument"": 1, ""Return"": 1}"
python-algorithms,/home/juan/Documents/Analisis-CC-PyCEFR/python-algorithms/leetcode/src/dp/ninja_training/ninja_training_bottom_up.py,ninja_training_bottom_up.py,ninja_training,,1,2,1,A,1,2,2,3.0,B1,2.0,"{""B1"": 1, ""A1"": 1}","{""'pass' statement"": 1, ""Function with Simple argument"": 1}"
python-algorithms,/home/juan/Documents/Analisis-CC-PyCEFR/python-algorithms/leetcode/src/dp/lc_509_fibonacci_number/fibonacci_bottom_up.py,fibonacci_bottom_up.py,fib,,3,11,3,A,1,17,10,2.0,A2,1.0588235294117647,"{""A1"": 16, ""A2"": 1}","{""Subscript"": 6, ""Assigment with sum (total = total + 1)"": 2, ""Simple Assignment"": 2, ""Simple List"": 1, ""'range' call function"": 1, ""Unary Operation"": 1, ""Simple If statements"": 1, ""Simple For Loop"": 1, ""Function with Simple argument"": 1, ""Return"": 1}"
python-algorithms,/home/juan/Documents/Analisis-CC-PyCEFR/python-algorithms/leetcode/src/dp/lc_509_fibonacci_number/fibonacci_bottom_up.py,fibonacci_bottom_up.py,fib_optimized,,16,24,3,A,1,13,8,2.0,A2,1.0769230769230769,"{""A1"": 12, ""A2"": 1}","{""Simple Tuple"": 4, ""Simple Assignment"": 2, ""Return"": 2, ""'range' call function"": 1, ""Assigment with sum (total = total + 1)"": 1, ""Simple If statements"": 1, ""Simple For Loop"": 1, ""Function with Simple argument"": 1}"
python-algorithms,/home/juan/Documents/Analisis-CC-PyCEFR/python-algorithms/leetcode/src/dp/lc_509_fibonacci_number/fibonacci_top_down_recursion.py,fibonacci_top_down_recursion.py,fib_top_down,,10,19,4,A,1,16,8,4.0,B2,1.1875,"{""A1"": 15, ""B2"": 1}","{""Subscript"": 6, ""Return"": 3, ""Simple If statements"": 2, ""Unary Operation"": 1, ""Boolean Operation"": 1, ""Assigment with sum (total = total + 1)"": 1, ""Simple Assignment"": 1, ""Recursive Functions"": 1}"
python-algorithms,/home/juan/Documents/Analisis-CC-PyCEFR/python-algorithms/leetcode/src/dp/lc_509_fibonacci_number/fibonacci_top_down_recursion.py,fibonacci_top_down_recursion.py,fib,,3,7,1,A,1,6,6,1.0,A1,1.0,"{""A1"": 6}","{""Simple List"": 1, ""Unary Operation"": 1, ""Subscript"": 1, ""Assigment with sum (total = total + 1)"": 1, ""Function with Simple argument"": 1, ""Return"": 1}"
python-algorithms,/home/juan/Documents/Analisis-CC-PyCEFR/python-algorithms/leetcode/src/dp/frog_jump/frog_jump_bottom_up.py,frog_jump_bottom_up.py,frog_jump,,4,16,4,A,1,25,11,3.0,B1,1.12,"{""A1"": 23, ""A2"": 1, ""B1"": 1}","{""Subscript"": 9, ""Simple Assignment"": 4, ""Assigment with sum (total = total + 1)"": 3, ""Simple If statements"": 2, ""Simple List"": 1, ""'range' call function"": 1, ""Unary Operation"": 1, ""Simple For Loop"": 1, ""'continue' statement"": 1, ""Function with Simple argument"": 1}"
python-algorithms,/home/juan/Documents/Analisis-CC-PyCEFR/python-algorithms/leetcode/src/dp/frog_jump/frog_jump_top_down.py,frog_jump_top_down.py,frog_jump,,3,15,1,A,1,15,7,4.0,B2,1.2,"{""A1"": 14, ""B2"": 1}","{""Subscript"": 4, ""Return"": 3, ""Simple Assignment"": 2, ""Assigment with sum (total = total + 1)"": 2, ""Simple If statements"": 2, ""Function with Simple argument"": 1, ""Recursive Functions"": 1}"
python-algorithms,/home/juan/Documents/Analisis-CC-PyCEFR/python-algorithms/leetcode/src/dp/frog_jump/frog_jump_top_down.py,frog_jump_top_down.py,jump_recursive,frog_jump,5,13,3,A,1,12,6,4.0,B2,1.25,"{""A1"": 11, ""B2"": 1}","{""Subscript"": 4, ""Assigment with sum (total = total + 1)"": 2, ""Simple If statements"": 2, ""Return"": 2, ""Simple Assignment"": 1, ""Recursive Functions"": 1}"
python-algorithms,/home/juan/Documents/Analisis-CC-PyCEFR/python-algorithms/leetcode/src/dp/frog_jump/frog_jump_top_down.py,frog_jump_top_down.py,frog_jump_memo,,26,44,1,A,1,26,9,4.0,B2,1.1153846153846154,"{""A1"": 25, ""B2"": 1}","{""Subscript"": 8, ""Return"": 4, ""Simple Assignment"": 3, ""Assigment with sum (total = total + 1)"": 3, ""Simple If statements"": 3, ""Unary Operation"": 2, ""Simple List"": 1, ""Function with Simple argument"": 1, ""Recursive Functions"": 1}"
python-algorithms,/home/juan/Documents/Analisis-CC-PyCEFR/python-algorithms/leetcode/src/dp/frog_jump/frog_jump_top_down.py,frog_jump_top_down.py,jump_recursive,frog_jump_memo,28,40,4,A,1,20,7,4.0,B2,1.15,"{""A1"": 19, ""B2"": 1}","{""Subscript"": 8, ""Simple If statements"": 3, ""Return"": 3, ""Assigment with sum (total = total + 1)"": 2, ""Simple Assignment"": 2, ""Unary Operation"": 1, ""Recursive Functions"": 1}"
python-algorithms,/home/juan/Documents/Analisis-CC-PyCEFR/python-algorithms/leetcode/src/dp/lc_152_max_product_subarray/max_product_brute_force.py,max_product_brute_force.py,max_product,,1,14,4,A,1,34,9,2.0,A2,1.2352941176470589,"{""A1"": 26, ""A2"": 8}","{""Simple Assignment"": 12, ""'range' call function"": 4, ""Subscript"": 4, ""Return"": 4, ""Simplified incremental Assignment with increase multiplication"": 2, ""Simple If statements"": 2, ""1 Nested For Loop"": 2, ""Simple For Loop"": 2, ""Function with Simple argument"": 2}"
python-algorithms,/home/juan/Documents/Analisis-CC-PyCEFR/python-algorithms/leetcode/src/dp/lc_152_max_product_subarray/max_product_subarray.py,max_product_subarray.py,max_product,,1,14,3,A,1,32,11,3.0,B1,1.15625,"{""A1"": 28, ""A2"": 3, ""B1"": 1}","{""Simple Assignment"": 10, ""Simple Tuple"": 6, ""Simple If statements"": 3, ""Subscript"": 2, ""Simplified incremental Assignment with increase multiplication"": 2, ""Simple For Loop"": 2, ""Function with Simple argument"": 2, ""Return"": 2, ""'range' call function"": 1, ""Assigment with sum (total = total + 1)"": 1}"
python-algorithms,/home/juan/Documents/Analisis-CC-PyCEFR/python-algorithms/leetcode/src/dp/lc_213_house_robber_2/house_robber_top_down.py,house_robber_top_down.py,house_robber,,3,17,5,A,1,27,12,2.0,A2,1.1111111111111112,"{""A1"": 24, ""A2"": 3}","{""Simple List"": 4, ""Simple Assignment"": 4, ""Subscript"": 3, ""Simple If statements"": 3, ""Simple Tuple"": 2, ""Simple Atributte"": 2, ""Unary Operation"": 2, ""Assigment with sum (total = total + 1)"": 2, ""Return"": 2, ""'range' call function"": 1}"
python-algorithms,/home/juan/Documents/Analisis-CC-PyCEFR/python-algorithms/leetcode/src/dp/lc_213_house_robber_2/house_robber_top_down.py,house_robber_top_down.py,solve,,20,29,4,A,1,18,7,4.0,B2,1.1666666666666667,"{""A1"": 17, ""B2"": 1}","{""Subscript"": 6, ""Return"": 4, ""Simple If statements"": 3, ""Assigment with sum (total = total + 1)"": 2, ""Unary Operation"": 1, ""Simple Assignment"": 1, ""Recursive Functions"": 1}"
python-algorithms,/home/juan/Documents/Analisis-CC-PyCEFR/python-algorithms/leetcode/src/dp/lc_213_house_robber_2/house_robber_bottom_up.py,house_robber_bottom_up.py,house_robber,,3,12,6,B,2,39,13,3.0,B1,1.1538461538461537,"{""A1"": 34, ""A2"": 4, ""B1"": 1}","{""Subscript"": 9, ""Simple Assignment"": 5, ""Simple If statements"": 4, ""Simple List"": 3, ""Return"": 3, ""Assigment with sum (total = total + 1)"": 3, ""Simple Tuple"": 2, ""'range' call function"": 2, ""Simple Atributte"": 2, ""Unary Operation"": 2}"
python-algorithms,/home/juan/Documents/Analisis-CC-PyCEFR/python-algorithms/leetcode/src/dp/lc_213_house_robber_2/house_robber_bottom_up.py,house_robber_bottom_up.py,solve,,14,24,3,A,1,27,11,3.0,B1,1.1111111111111112,"{""A1"": 25, ""A2"": 1, ""B1"": 1}","{""Simple Assignment"": 7, ""Simple Tuple"": 6, ""Subscript"": 3, ""Print"": 3, ""Simple List"": 2, ""'range' call function"": 1, ""If statements expression (else)"": 1, ""Assigment with sum (total = total + 1)"": 1, ""Simple For Loop"": 1, ""Function with Simple argument"": 1}"
python-algorithms,/home/juan/Documents/Analisis-CC-PyCEFR/python-algorithms/leetcode/src/dp/lc_213_house_robber_2/house_robber_bottom_up.py,house_robber_bottom_up.py,house_robber_optimal,,34,39,3,A,1,15,8,1.0,A1,1.0,"{""A1"": 15}","{""Return"": 3, ""Simple List"": 3, ""Print"": 3, ""Simple If statements"": 2, ""Unary Operation"": 1, ""Subscript"": 1, ""Simple Assignment"": 1, ""Function with Simple argument"": 1}"
python-algorithms,/home/juan/Documents/Analisis-CC-PyCEFR/python-algorithms/leetcode/src/dp/lc_213_house_robber_2/house_robber_bottom_up.py,house_robber_bottom_up.py,solve_optimal,,41,50,3,A,1,16,9,3.0,B1,1.1875,"{""A1"": 14, ""A2"": 1, ""B1"": 1}","{""Simple Tuple"": 4, ""Simple Assignment"": 4, ""Subscript"": 2, ""'range' call function"": 1, ""If statements expression (else)"": 1, ""Assigment with sum (total = total + 1)"": 1, ""Simple For Loop"": 1, ""Function with Simple argument"": 1, ""Return"": 1}"
python-algorithms,/home/juan/Documents/Analisis-CC-PyCEFR/python-algorithms/leetcode/src/dp/lc_472_concatenated_words/concatenated_words.py,concatenated_words.py,wordBreak,,9,21,6,B,2,21,13,3.0,B1,1.2380952380952381,"{""A1"": 17, ""A2"": 3, ""B1"": 1}","{""Subscript"": 5, ""Simple Assignment"": 4, ""'range' call function"": 2, ""Simple List"": 1, ""Boolean Operation"": 1, ""Slice"": 1, ""Assigment with sum (total = total + 1)"": 1, ""Simple If statements"": 1, ""1 Nested For Loop"": 1, ""Simple For Loop"": 1}"
python-algorithms,/home/juan/Documents/Analisis-CC-PyCEFR/python-algorithms/leetcode/src/dp/lc_472_concatenated_words/concatenated_words.py,concatenated_words.py,findAllConcatenatedWordsInADict,,1,7,3,A,1,9,8,2.0,A2,1.1111111111111112,"{""A1"": 8, ""A2"": 1}","{""Simple Tuple"": 2, ""Simple List"": 1, ""Simple Atributte"": 1, ""Simple Assignment"": 1, ""Simple If statements"": 1, ""Simple For Loop"": 1, ""Function with Simple argument"": 1, ""Return"": 1}"
python-algorithms,/home/juan/Documents/Analisis-CC-PyCEFR/python-algorithms/leetcode/src/dp/lc_139_word_break_I/word_break.py,word_break.py,wordBreak,,1,12,6,B,2,39,18,3.0,B1,1.3333333333333333,"{""A1"": 28, ""A2"": 9, ""B1"": 2}","{""Simple Assignment"": 7, ""Subscript"": 6, ""Simple Atributte"": 5, ""Function with Simple argument"": 3, ""Unary Operation"": 2, ""Simple If statements"": 2, ""Simple Tuple"": 2, ""Simple Dictionary"": 2, ""Simple List"": 1, ""'range' call function"": 1}"
python-algorithms,/home/juan/Documents/Analisis-CC-PyCEFR/python-algorithms/leetcode/src/dp/lc_139_word_break_I/word_break.py,word_break.py,wordBreak2,,15,28,5,A,1,48,16,6.0,C2,1.4166666666666667,"{""A1"": 33, ""A2"": 13, ""B1"": 1, ""C2"": 1}","{""Subscript"": 10, ""Simple Assignment"": 10, ""Simple Atributte"": 10, ""Simple If statements"": 3, ""'range' call function"": 2, ""Slice"": 2, ""Return"": 2, ""Simple List"": 1, ""Boolean Operation"": 1, ""Assigment with sum (total = total + 1)"": 1}"
python-algorithms,/home/juan/Documents/Analisis-CC-PyCEFR/python-algorithms/leetcode/src/dp/lc_98_house_robber/house_robber_top_down_recursion.py,house_robber_top_down_recursion.py,house_robber,,2,12,1,A,1,12,6,4.0,B2,1.25,"{""A1"": 11, ""B2"": 1}","{""Return"": 4, ""Subscript"": 2, ""Assigment with sum (total = total + 1)"": 2, ""Simple If statements"": 2, ""Function with Simple argument"": 1, ""Recursive Functions"": 1}"
python-algorithms,/home/juan/Documents/Analisis-CC-PyCEFR/python-algorithms/leetcode/src/dp/lc_98_house_robber/house_robber_top_down_recursion.py,house_robber_top_down_recursion.py,compute,house_robber,3,10,3,A,1,10,5,4.0,B2,1.3,"{""A1"": 9, ""B2"": 1}","{""Return"": 3, ""Subscript"": 2, ""Assigment with sum (total = total + 1)"": 2, ""Simple If statements"": 2, ""Recursive Functions"": 1}"
python-algorithms,/home/juan/Documents/Analisis-CC-PyCEFR/python-algorithms/leetcode/src/dp/lc_98_house_robber/house_robber_top_down_recursion.py,house_robber_top_down_recursion.py,house_robber_memo,,22,36,1,A,1,24,9,4.0,B2,1.125,"{""A1"": 23, ""B2"": 1}","{""Subscript"": 6, ""Return"": 5, ""Assigment with sum (total = total + 1)"": 3, ""Simple If statements"": 3, ""Unary Operation"": 2, ""Simple Assignment"": 2, ""Simple List"": 1, ""Function with Simple argument"": 1, ""Recursive Functions"": 1}"
python-algorithms,/home/juan/Documents/Analisis-CC-PyCEFR/python-algorithms/leetcode/src/dp/lc_98_house_robber/house_robber_top_down_recursion.py,house_robber_top_down_recursion.py,compute,house_robber_memo,23,32,4,A,1,18,7,4.0,B2,1.1666666666666667,"{""A1"": 17, ""B2"": 1}","{""Subscript"": 6, ""Return"": 4, ""Simple If statements"": 3, ""Assigment with sum (total = total + 1)"": 2, ""Unary Operation"": 1, ""Simple Assignment"": 1, ""Recursive Functions"": 1}"
python-algorithms,/home/juan/Documents/Analisis-CC-PyCEFR/python-algorithms/leetcode/src/dp/lc_98_house_robber/house_robber_bottom_up.py,house_robber_bottom_up.py,house_robber,,3,13,3,A,1,42,13,3.0,B1,1.1428571428571428,"{""A1"": 37, ""A2"": 4, ""B1"": 1}","{""Subscript"": 10, ""Simple Assignment"": 5, ""Simple If statements"": 4, ""Return"": 4, ""Simple List"": 3, ""Assigment with sum (total = total + 1)"": 3, ""Simple Tuple"": 2, ""'range' call function"": 2, ""Simple Atributte"": 2, ""Unary Operation"": 2}"
python-algorithms,/home/juan/Documents/Analisis-CC-PyCEFR/python-algorithms/leetcode/src/dp/lc_98_house_robber/house_robber_bottom_up.py,house_robber_bottom_up.py,house_robber_space_optimization,,22,33,3,A,1,29,11,3.0,B1,1.103448275862069,"{""A1"": 27, ""A2"": 1, ""B1"": 1}","{""Simple Tuple"": 6, ""Simple Assignment"": 6, ""Print"": 4, ""Simple List"": 3, ""Return"": 2, ""Subscript"": 2, ""Assigment with sum (total = total + 1)"": 2, ""'range' call function"": 1, ""If statements expression (else)"": 1, ""Simple For Loop"": 1}"
python-algorithms,/home/juan/Documents/Analisis-CC-PyCEFR/python-algorithms/leetcode/src/dp/lc_70_climbing_stairs/climbing_stairs_top_down.py,climbing_stairs_top_down.py,climb,,3,14,1,A,1,19,8,4.0,B2,1.1578947368421053,"{""A1"": 18, ""B2"": 1}","{""Return"": 5, ""Subscript"": 4, ""Simple If statements"": 3, ""Unary Operation"": 2, ""Assigment with sum (total = total + 1)"": 2, ""Simple List"": 1, ""Function with Simple argument"": 1, ""Recursive Functions"": 1}"
python-algorithms,/home/juan/Documents/Analisis-CC-PyCEFR/python-algorithms/leetcode/src/dp/lc_70_climbing_stairs/climbing_stairs_top_down.py,climbing_stairs_top_down.py,solve,climb,5,11,4,A,1,14,6,4.0,B2,1.2142857142857142,"{""A1"": 13, ""B2"": 1}","{""Subscript"": 4, ""Return"": 4, ""Simple If statements"": 3, ""Unary Operation"": 1, ""Assigment with sum (total = total + 1)"": 1, ""Recursive Functions"": 1}"
python-algorithms,/home/juan/Documents/Analisis-CC-PyCEFR/python-algorithms/leetcode/src/dp/lc_70_climbing_stairs/climbing_stairs_bottom_up.py,climbing_stairs_bottom_up.py,climb,,3,11,3,A,1,21,11,2.0,A2,1.0476190476190477,"{""A1"": 20, ""A2"": 1}","{""Subscript"": 6, ""Unary Operation"": 3, ""Simple Tuple"": 2, ""Assigment with sum (total = total + 1)"": 2, ""Return"": 2, ""Simple List"": 1, ""'range' call function"": 1, ""Simple Assignment"": 1, ""Simple If statements"": 1, ""Simple For Loop"": 1}"
python-algorithms,/home/juan/Documents/Analisis-CC-PyCEFR/python-algorithms/leetcode/src/trie/lc_676_implement_magic_dictionary/implement_magic_dictionary.py,implement_magic_dictionary.py,search,,12,22,7,B,2,40,11,3.0,B1,1.35,"{""A1"": 28, ""A2"": 10, ""B1"": 2}","{""Simple If statements"": 8, ""Subscript"": 6, ""Return"": 6, ""Simple Atributte"": 4, ""Simple Assignment"": 4, ""'range' call function"": 2, ""Simplified incremental Assignment with increase amount"": 2, ""1 Nested For Loop"": 2, ""Simple For Loop"": 2, ""'break' statement"": 2}"
python-algorithms,/home/juan/Documents/Analisis-CC-PyCEFR/python-algorithms/leetcode/src/trie/lc_676_implement_magic_dictionary/implement_magic_dictionary.py,implement_magic_dictionary.py,MagicDictionary,,3,22,4,A,1,60,12,3.0,B1,1.4,"{""A1"": 40, ""A2"": 16, ""B1"": 4}","{""Simple Atributte"": 10, ""Subscript"": 8, ""Simple Assignment"": 8, ""Simple If statements"": 8, ""Function with Simple argument"": 6, ""Return"": 6, ""Simple For Loop"": 4, ""'range' call function"": 2, ""Simplified incremental Assignment with increase amount"": 2, ""1 Nested For Loop"": 2}"
python-algorithms,/home/juan/Documents/Analisis-CC-PyCEFR/python-algorithms/leetcode/src/trie/lc_676_implement_magic_dictionary/implement_magic_dictionary.py,implement_magic_dictionary.py,buildDict,,7,10,2,A,1,12,5,2.0,A2,1.3333333333333333,"{""A1"": 8, ""A2"": 4}","{""Simple Atributte"": 4, ""Subscript"": 2, ""Simple Assignment"": 2, ""Simple For Loop"": 2, ""Function with Simple argument"": 2}"
python-algorithms,/home/juan/Documents/Analisis-CC-PyCEFR/python-algorithms/leetcode/src/trie/lc_676_implement_magic_dictionary/implement_magic_dictionary.py,implement_magic_dictionary.py,__init__,,4,5,1,A,1,6,3,2.0,A2,1.3333333333333333,"{""A1"": 4, ""A2"": 2}","{""Simple Atributte"": 2, ""Simple Assignment"": 2, ""Function with Simple argument"": 2}"
python-algorithms,/home/juan/Documents/Analisis-CC-PyCEFR/python-algorithms/leetcode/src/trie/lc_336_palindrome_pairs/palindrome_pairs.py,palindrome_pairs.py,search,,23,37,8,B,2,26,10,2.0,A2,1.4230769230769231,"{""A1"": 15, ""A2"": 11}","{""Simple Atributte"": 10, ""Simple Assignment"": 3, ""Simple If statements"": 3, ""Simple List"": 2, ""Subscript"": 2, ""Simple For Loop"": 2, ""'range' call function"": 1, ""Boolean Operation"": 1, ""Function with Simple argument"": 1, ""Return"": 1}"
python-algorithms,/home/juan/Documents/Analisis-CC-PyCEFR/python-algorithms/leetcode/src/trie/lc_336_palindrome_pairs/palindrome_pairs.py,palindrome_pairs.py,Trie,,6,44,5,A,1,64,15,3.0,B1,1.453125,"{""A1"": 37, ""A2"": 25, ""B1"": 2}","{""Simple Atributte"": 21, ""Simple Assignment"": 9, ""Subscript"": 7, ""Simple If statements"": 6, ""Function with Simple argument"": 4, ""Simple For Loop"": 3, ""Return"": 3, ""Simple List"": 2, ""'range' call function"": 2, ""Unary Operation"": 2}"
python-algorithms,/home/juan/Documents/Analisis-CC-PyCEFR/python-algorithms/leetcode/src/trie/lc_336_palindrome_pairs/palindrome_pairs.py,palindrome_pairs.py,insert,,10,21,4,A,1,25,8,2.0,A2,1.44,"{""A1"": 14, ""A2"": 11}","{""Simple Atributte"": 10, ""Simple Assignment"": 5, ""Subscript"": 3, ""Unary Operation"": 2, ""Simple If statements"": 2, ""'range' call function"": 1, ""Simple For Loop"": 1, ""Function with Simple argument"": 1}"
python-algorithms,/home/juan/Documents/Analisis-CC-PyCEFR/python-algorithms/leetcode/src/trie/lc_336_palindrome_pairs/palindrome_pairs.py,palindrome_pairs.py,palindromePairs,,47,57,3,A,1,13,8,6.0,C2,2.076923076923077,"{""A1"": 7, ""A2"": 4, ""C2"": 2}","{""Simple Tuple"": 2, ""'enumerate' call function"": 2, ""Simple Atributte"": 2, ""Simple Assignment"": 2, ""For Loop with Tuple as name"": 2, ""Simple List"": 1, ""Function with Simple argument"": 1, ""Return"": 1}"
python-algorithms,/home/juan/Documents/Analisis-CC-PyCEFR/python-algorithms/leetcode/src/trie/lc_336_palindrome_pairs/palindrome_pairs.py,palindrome_pairs.py,is_palindrome,,39,44,3,A,1,9,7,3.0,B1,1.4444444444444444,"{""A1"": 6, ""A2"": 2, ""B1"": 1}","{""Subscript"": 2, ""Return"": 2, ""Simplified incremental Assignment with increase amount"": 1, ""Simplified incremental Assignment with decrease subtraction"": 1, ""Simple If statements"": 1, ""While with Else Loop"": 1, ""Function with Simple argument"": 1}"
python-algorithms,/home/juan/Documents/Analisis-CC-PyCEFR/python-algorithms/leetcode/src/trie/lc_336_palindrome_pairs/palindrome_pairs.py,palindrome_pairs.py,TrieNode,,1,4,2,A,1,12,8,3.0,B1,1.5,"{""A1"": 7, ""A2"": 4, ""B1"": 1}","{""Simple Atributte"": 3, ""Simple Tuple"": 2, ""Simple Assignment"": 2, ""Simple List"": 1, ""Simple Dictionary"": 1, ""Unary Operation"": 1, ""Function with Simple argument"": 1, ""Simple Class  Using the constructor method --> __init__"": 1}"
python-algorithms,/home/juan/Documents/Analisis-CC-PyCEFR/python-algorithms/leetcode/src/trie/lc_336_palindrome_pairs/palindrome_pairs.py,palindrome_pairs.py,__init__,,2,4,1,A,1,11,7,2.0,A2,1.3636363636363635,"{""A1"": 7, ""A2"": 4}","{""Simple Atributte"": 3, ""Simple Tuple"": 2, ""Simple Assignment"": 2, ""Simple List"": 1, ""Simple Dictionary"": 1, ""Unary Operation"": 1, ""Function with Simple argument"": 1}"
python-algorithms,/home/juan/Documents/Analisis-CC-PyCEFR/python-algorithms/leetcode/src/trie/lc_336_palindrome_pairs/palindrome_pairs.py,palindrome_pairs.py,__init__,,7,8,1,A,1,3,3,2.0,A2,1.3333333333333333,"{""A1"": 2, ""A2"": 1}","{""Simple Atributte"": 1, ""Simple Assignment"": 1, ""Function with Simple argument"": 1}"
python-algorithms,/home/juan/Documents/Analisis-CC-PyCEFR/python-algorithms/leetcode/src/trie/lc_208_implement_trie/implement_trie.py,implement_trie.py,Trie,,6,36,3,A,1,41,8,3.0,B1,1.3658536585365855,"{""A1"": 27, ""A2"": 13, ""B1"": 1}","{""Simple Atributte"": 13, ""Simple Assignment"": 9, ""Subscript"": 4, ""Function with Simple argument"": 4, ""Return"": 4, ""Simple If statements"": 3, ""Simple For Loop"": 3, ""Simple Class  Using the constructor method --> __init__"": 1}"
python-algorithms,/home/juan/Documents/Analisis-CC-PyCEFR/python-algorithms/leetcode/src/trie/lc_208_implement_trie/implement_trie.py,implement_trie.py,insert,,11,18,3,A,1,14,6,2.0,A2,1.3571428571428572,"{""A1"": 9, ""A2"": 5}","{""Simple Atributte"": 5, ""Simple Assignment"": 4, ""Subscript"": 2, ""Simple If statements"": 1, ""Simple For Loop"": 1, ""Function with Simple argument"": 1}"
python-algorithms,/home/juan/Documents/Analisis-CC-PyCEFR/python-algorithms/leetcode/src/trie/lc_208_implement_trie/implement_trie.py,implement_trie.py,search,,20,27,3,A,1,12,7,2.0,A2,1.3333333333333333,"{""A1"": 8, ""A2"": 4}","{""Simple Atributte"": 4, ""Simple Assignment"": 2, ""Return"": 2, ""Subscript"": 1, ""Simple If statements"": 1, ""Simple For Loop"": 1, ""Function with Simple argument"": 1}"
python-algorithms,/home/juan/Documents/Analisis-CC-PyCEFR/python-algorithms/leetcode/src/trie/lc_208_implement_trie/implement_trie.py,implement_trie.py,startsWith,,29,36,3,A,1,11,7,2.0,A2,1.2727272727272727,"{""A1"": 8, ""A2"": 3}","{""Simple Atributte"": 3, ""Simple Assignment"": 2, ""Return"": 2, ""Subscript"": 1, ""Simple If statements"": 1, ""Simple For Loop"": 1, ""Function with Simple argument"": 1}"
python-algorithms,/home/juan/Documents/Analisis-CC-PyCEFR/python-algorithms/leetcode/src/trie/lc_208_implement_trie/implement_trie.py,implement_trie.py,TrieNode,,1,4,2,A,1,7,5,3.0,B1,1.7142857142857142,"{""A2"": 3, ""A1"": 3, ""B1"": 1}","{""Simple Atributte"": 2, ""Simple Assignment"": 2, ""Simple Dictionary"": 1, ""Function with Simple argument"": 1, ""Simple Class  Using the constructor method --> __init__"": 1}"
python-algorithms,/home/juan/Documents/Analisis-CC-PyCEFR/python-algorithms/leetcode/src/trie/lc_208_implement_trie/implement_trie.py,implement_trie.py,__init__,,2,4,1,A,1,6,4,2.0,A2,1.5,"{""A2"": 3, ""A1"": 3}","{""Simple Atributte"": 2, ""Simple Assignment"": 2, ""Simple Dictionary"": 1, ""Function with Simple argument"": 1}"
python-algorithms,/home/juan/Documents/Analisis-CC-PyCEFR/python-algorithms/leetcode/src/trie/lc_208_implement_trie/implement_trie.py,implement_trie.py,__init__,,8,9,1,A,1,3,3,2.0,A2,1.3333333333333333,"{""A1"": 2, ""A2"": 1}","{""Simple Atributte"": 1, ""Simple Assignment"": 1, ""Function with Simple argument"": 1}"
python-algorithms,/home/juan/Documents/Analisis-CC-PyCEFR/python-algorithms/leetcode/src/trie/lc_139_word_break_I/word_break.py,word_break.py,find,,18,32,6,B,2,51,17,6.0,C2,1.411764705882353,"{""A1"": 35, ""A2"": 14, ""B1"": 1, ""C2"": 1}","{""Subscript"": 10, ""Simple Atributte"": 10, ""Simple Assignment"": 8, ""Simple If statements"": 5, ""Return"": 4, ""'range' call function"": 2, ""Slice"": 2, ""Simple List"": 1, ""Print"": 1, ""Boolean Operation"": 1}"
python-algorithms,/home/juan/Documents/Analisis-CC-PyCEFR/python-algorithms/leetcode/src/trie/lc_139_word_break_I/word_break.py,word_break.py,Trie,,5,32,4,A,1,93,21,6.0,C2,1.3763440860215055,"{""A1"": 65, ""A2"": 24, ""B1"": 3, ""C2"": 1}","{""Subscript"": 17, ""Simple Atributte"": 17, ""Simple Assignment"": 16, ""Simple If statements"": 8, ""Return"": 5, ""Function with Simple argument"": 4, ""'range' call function"": 3, ""Slice"": 3, ""Simple For Loop"": 3, ""Simple List"": 2}"
python-algorithms,/home/juan/Documents/Analisis-CC-PyCEFR/python-algorithms/leetcode/src/trie/lc_139_word_break_I/word_break.py,word_break.py,insert,,10,16,3,A,1,20,8,3.0,B1,1.35,"{""A1"": 14, ""A2"": 5, ""B1"": 1}","{""Simple Assignment"": 5, ""Simple Atributte"": 5, ""Subscript"": 4, ""Simple If statements"": 2, ""'break' statement"": 1, ""Return"": 1, ""Simple For Loop"": 1, ""Function with Simple argument"": 1}"
python-algorithms,/home/juan/Documents/Analisis-CC-PyCEFR/python-algorithms/leetcode/src/trie/lc_139_word_break_I/word_break.py,word_break.py,wordBreak,,34,39,2,A,1,6,5,2.0,A2,1.3333333333333333,"{""A1"": 4, ""A2"": 2}","{""Simple Atributte"": 2, ""Simple Assignment"": 1, ""Simple For Loop"": 1, ""Function with Simple argument"": 1, ""Return"": 1}"
python-algorithms,/home/juan/Documents/Analisis-CC-PyCEFR/python-algorithms/leetcode/src/trie/lc_139_word_break_I/word_break.py,word_break.py,TrieNode,,1,3,2,A,1,11,8,3.0,B1,1.4545454545454546,"{""A1"": 7, ""A2"": 3, ""B1"": 1}","{""Simple Assignment"": 2, ""Simple Tuple"": 2, ""Simple Atributte"": 2, ""Simple List"": 1, ""Assigment with sum (total = total + 1)"": 1, ""Simple Dictionary"": 1, ""Function with Simple argument"": 1, ""Simple Class  Using the constructor method --> __init__"": 1}"
python-algorithms,/home/juan/Documents/Analisis-CC-PyCEFR/python-algorithms/leetcode/src/trie/lc_139_word_break_I/word_break.py,word_break.py,__init__,,2,3,1,A,1,10,7,2.0,A2,1.3,"{""A1"": 7, ""A2"": 3}","{""Simple Assignment"": 2, ""Simple Tuple"": 2, ""Simple Atributte"": 2, ""Simple List"": 1, ""Assigment with sum (total = total + 1)"": 1, ""Simple Dictionary"": 1, ""Function with Simple argument"": 1}"
python-algorithms,/home/juan/Documents/Analisis-CC-PyCEFR/python-algorithms/leetcode/src/trie/lc_139_word_break_I/word_break.py,word_break.py,__init__,,6,8,1,A,1,12,9,2.0,A2,1.3333333333333333,"{""A1"": 8, ""A2"": 4}","{""Unary Operation"": 2, ""Simple Atributte"": 2, ""Simple Assignment"": 2, ""'range' call function"": 1, ""Boolean Operation"": 1, ""Subscript"": 1, ""Slice"": 1, ""Simple Dictionary"": 1, ""Function with Simple argument"": 1}"
python-algorithms,/home/juan/Documents/Analisis-CC-PyCEFR/python-algorithms/leetcode/src/trie/lc_648_replace_words/replace_words.py,replace_words.py,Trie,,5,25,4,A,1,36,12,6.0,C2,1.5,"{""A1"": 23, ""A2"": 11, ""C2"": 1, ""B1"": 1}","{""Simple Atributte"": 10, ""Simple Assignment"": 7, ""Subscript"": 4, ""Simple If statements"": 3, ""Function with Simple argument"": 3, ""Return"": 3, ""Simple Tuple"": 1, ""'enumerate' call function"": 1, ""Slice"": 1, ""Simple For Loop"": 1}"
python-algorithms,/home/juan/Documents/Analisis-CC-PyCEFR/python-algorithms/leetcode/src/trie/lc_648_replace_words/replace_words.py,replace_words.py,replace,,17,25,4,A,1,18,10,6.0,C2,1.5555555555555556,"{""A1"": 12, ""A2"": 5, ""C2"": 1}","{""Simple Atributte"": 4, ""Return"": 3, ""Subscript"": 2, ""Simple Assignment"": 2, ""Simple If statements"": 2, ""Simple Tuple"": 1, ""'enumerate' call function"": 1, ""Slice"": 1, ""For Loop with Tuple as name"": 1, ""Function with Simple argument"": 1}"
python-algorithms,/home/juan/Documents/Analisis-CC-PyCEFR/python-algorithms/leetcode/src/trie/lc_648_replace_words/replace_words.py,replace_words.py,replaceWords,,28,37,3,A,1,14,9,6.0,C2,1.7142857142857142,"{""A1"": 8, ""A2"": 5, ""C2"": 1}","{""Simple Atributte"": 4, ""Simple Assignment"": 3, ""Simple Tuple"": 1, ""'enumerate' call function"": 1, ""Subscript"": 1, ""Simple For Loop"": 1, ""For Loop with Tuple as name"": 1, ""Function with Simple argument"": 1, ""Return"": 1}"
python-algorithms,/home/juan/Documents/Analisis-CC-PyCEFR/python-algorithms/leetcode/src/trie/lc_648_replace_words/replace_words.py,replace_words.py,add_word,,9,15,3,A,1,14,6,2.0,A2,1.3571428571428572,"{""A1"": 9, ""A2"": 5}","{""Simple Atributte"": 5, ""Simple Assignment"": 4, ""Subscript"": 2, ""Simple If statements"": 1, ""Simple For Loop"": 1, ""Function with Simple argument"": 1}"
python-algorithms,/home/juan/Documents/Analisis-CC-PyCEFR/python-algorithms/leetcode/src/trie/lc_648_replace_words/replace_words.py,replace_words.py,TrieNode,,1,3,2,A,1,8,6,3.0,B1,1.625,"{""A1"": 4, ""A2"": 3, ""B1"": 1}","{""Simple Tuple"": 2, ""Simple Atributte"": 2, ""Simple Dictionary"": 1, ""Simple Assignment"": 1, ""Function with Simple argument"": 1, ""Simple Class  Using the constructor method --> __init__"": 1}"
python-algorithms,/home/juan/Documents/Analisis-CC-PyCEFR/python-algorithms/leetcode/src/trie/lc_648_replace_words/replace_words.py,replace_words.py,__init__,,2,3,1,A,1,7,5,2.0,A2,1.4285714285714286,"{""A1"": 4, ""A2"": 3}","{""Simple Tuple"": 2, ""Simple Atributte"": 2, ""Simple Dictionary"": 1, ""Simple Assignment"": 1, ""Function with Simple argument"": 1}"
python-algorithms,/home/juan/Documents/Analisis-CC-PyCEFR/python-algorithms/leetcode/src/trie/lc_648_replace_words/replace_words.py,replace_words.py,__init__,,6,7,1,A,1,3,3,2.0,A2,1.3333333333333333,"{""A1"": 2, ""A2"": 1}","{""Simple Atributte"": 1, ""Simple Assignment"": 1, ""Function with Simple argument"": 1}"
python-algorithms,/home/juan/Documents/Analisis-CC-PyCEFR/python-algorithms/leetcode/src/trie/lc_720_longest_word_in_dictionary/longest_word_in_dictionary_2.py,longest_word_in_dictionary_2.py,longestWord,,1,10,5,A,1,14,10,2.0,A2,1.1428571428571428,"{""A1"": 12, ""A2"": 2}","{""Simple Tuple"": 2, ""Simple Atributte"": 2, ""Simple Assignment"": 2, ""Simple If statements"": 2, ""Boolean Operation"": 1, ""Subscript"": 1, ""Slice"": 1, ""Simple For Loop"": 1, ""Function with Simple argument"": 1, ""Return"": 1}"
python-algorithms,/home/juan/Documents/Analisis-CC-PyCEFR/python-algorithms/leetcode/src/trie/lc_720_longest_word_in_dictionary/longest_word_in_dictionary.py,longest_word_in_dictionary.py,longestWord,,27,40,7,B,2,14,7,3.0,B1,1.2857142857142858,"{""A1"": 11, ""A2"": 2, ""B1"": 1}","{""Simple Assignment"": 4, ""Simple If statements"": 3, ""Simple Atributte"": 2, ""Simple For Loop"": 2, ""If statements expression (else)"": 1, ""Function with Simple argument"": 1, ""Return"": 1}"
python-algorithms,/home/juan/Documents/Analisis-CC-PyCEFR/python-algorithms/leetcode/src/trie/lc_720_longest_word_in_dictionary/longest_word_in_dictionary.py,longest_word_in_dictionary.py,Trie,,5,25,4,A,1,34,9,3.0,B1,1.3823529411764706,"{""A1"": 22, ""A2"": 11, ""B1"": 1}","{""Simple Atributte"": 11, ""Simple Assignment"": 7, ""Subscript"": 3, ""Simple If statements"": 3, ""Function with Simple argument"": 3, ""Return"": 3, ""Simple For Loop"": 2, ""Unary Operation"": 1, ""Simple Class  Using the constructor method --> __init__"": 1}"
python-algorithms,/home/juan/Documents/Analisis-CC-PyCEFR/python-algorithms/leetcode/src/trie/lc_720_longest_word_in_dictionary/longest_word_in_dictionary.py,longest_word_in_dictionary.py,search,,17,25,4,A,1,16,8,2.0,A2,1.3125,"{""A1"": 11, ""A2"": 5}","{""Simple Atributte"": 5, ""Return"": 3, ""Simple Assignment"": 2, ""Simple If statements"": 2, ""Unary Operation"": 1, ""Subscript"": 1, ""Simple For Loop"": 1, ""Function with Simple argument"": 1}"
python-algorithms,/home/juan/Documents/Analisis-CC-PyCEFR/python-algorithms/leetcode/src/trie/lc_720_longest_word_in_dictionary/longest_word_in_dictionary.py,longest_word_in_dictionary.py,insert,,9,15,3,A,1,14,6,2.0,A2,1.3571428571428572,"{""A1"": 9, ""A2"": 5}","{""Simple Atributte"": 5, ""Simple Assignment"": 4, ""Subscript"": 2, ""Simple If statements"": 1, ""Simple For Loop"": 1, ""Function with Simple argument"": 1}"
python-algorithms,/home/juan/Documents/Analisis-CC-PyCEFR/python-algorithms/leetcode/src/trie/lc_720_longest_word_in_dictionary/longest_word_in_dictionary.py,longest_word_in_dictionary.py,TrieNode,,1,3,2,A,1,8,6,3.0,B1,1.625,"{""A1"": 4, ""A2"": 3, ""B1"": 1}","{""Simple Tuple"": 2, ""Simple Atributte"": 2, ""Simple Dictionary"": 1, ""Simple Assignment"": 1, ""Function with Simple argument"": 1, ""Simple Class  Using the constructor method --> __init__"": 1}"
python-algorithms,/home/juan/Documents/Analisis-CC-PyCEFR/python-algorithms/leetcode/src/trie/lc_720_longest_word_in_dictionary/longest_word_in_dictionary.py,longest_word_in_dictionary.py,__init__,,2,3,1,A,1,7,5,2.0,A2,1.4285714285714286,"{""A1"": 4, ""A2"": 3}","{""Simple Tuple"": 2, ""Simple Atributte"": 2, ""Simple Dictionary"": 1, ""Simple Assignment"": 1, ""Function with Simple argument"": 1}"
python-algorithms,/home/juan/Documents/Analisis-CC-PyCEFR/python-algorithms/leetcode/src/trie/lc_720_longest_word_in_dictionary/longest_word_in_dictionary.py,longest_word_in_dictionary.py,__init__,,6,7,1,A,1,3,3,2.0,A2,1.3333333333333333,"{""A1"": 2, ""A2"": 1}","{""Simple Atributte"": 1, ""Simple Assignment"": 1, ""Function with Simple argument"": 1}"
python-algorithms,/home/juan/Documents/Analisis-CC-PyCEFR/python-algorithms/leetcode/src/trie/lc_677_map_sum_pairs/map_sum_pairs.py,map_sum_pairs.py,MapSum,,6,35,3,A,1,45,9,3.0,B1,1.4444444444444444,"{""A1"": 26, ""A2"": 18, ""B1"": 1}","{""Simple Atributte"": 16, ""Simple Assignment"": 11, ""Function with Simple argument"": 4, ""Subscript"": 3, ""Simple For Loop"": 3, ""Return"": 3, ""Simplified incremental Assignment with increase amount"": 2, ""Simple If statements"": 2, ""Simple Class  Using the constructor method --> __init__"": 1}"
python-algorithms,/home/juan/Documents/Analisis-CC-PyCEFR/python-algorithms/leetcode/src/trie/lc_677_map_sum_pairs/map_sum_pairs.py,map_sum_pairs.py,insert,,11,18,3,A,1,16,6,2.0,A2,1.375,"{""A1"": 10, ""A2"": 6}","{""Simple Atributte"": 6, ""Simple Assignment"": 5, ""Subscript"": 2, ""Simple If statements"": 1, ""Simple For Loop"": 1, ""Function with Simple argument"": 1}"
python-algorithms,/home/juan/Documents/Analisis-CC-PyCEFR/python-algorithms/leetcode/src/trie/lc_677_map_sum_pairs/map_sum_pairs.py,map_sum_pairs.py,sum,,20,29,3,A,1,16,8,2.0,A2,1.375,"{""A1"": 10, ""A2"": 6}","{""Simple Atributte"": 5, ""Simple Assignment"": 4, ""Return"": 2, ""Subscript"": 1, ""Simplified incremental Assignment with increase amount"": 1, ""Simple If statements"": 1, ""Simple For Loop"": 1, ""Function with Simple argument"": 1}"
python-algorithms,/home/juan/Documents/Analisis-CC-PyCEFR/python-algorithms/leetcode/src/trie/lc_677_map_sum_pairs/map_sum_pairs.py,map_sum_pairs.py,TrieNode,,1,4,2,A,1,10,6,3.0,B1,1.6,"{""A1"": 5, ""A2"": 4, ""B1"": 1}","{""Simple Atributte"": 3, ""Simple Tuple"": 2, ""Simple Assignment"": 2, ""Simple Dictionary"": 1, ""Function with Simple argument"": 1, ""Simple Class  Using the constructor method --> __init__"": 1}"
python-algorithms,/home/juan/Documents/Analisis-CC-PyCEFR/python-algorithms/leetcode/src/trie/lc_677_map_sum_pairs/map_sum_pairs.py,map_sum_pairs.py,dfs,,31,35,2,A,1,9,6,2.0,A2,1.5555555555555556,"{""A2"": 5, ""A1"": 4}","{""Simple Atributte"": 4, ""Simple Assignment"": 1, ""Simplified incremental Assignment with increase amount"": 1, ""Simple For Loop"": 1, ""Function with Simple argument"": 1, ""Return"": 1}"
python-algorithms,/home/juan/Documents/Analisis-CC-PyCEFR/python-algorithms/leetcode/src/trie/lc_677_map_sum_pairs/map_sum_pairs.py,map_sum_pairs.py,__init__,,2,4,1,A,1,9,5,2.0,A2,1.4444444444444444,"{""A1"": 5, ""A2"": 4}","{""Simple Atributte"": 3, ""Simple Tuple"": 2, ""Simple Assignment"": 2, ""Simple Dictionary"": 1, ""Function with Simple argument"": 1}"
python-algorithms,/home/juan/Documents/Analisis-CC-PyCEFR/python-algorithms/leetcode/src/trie/lc_677_map_sum_pairs/map_sum_pairs.py,map_sum_pairs.py,__init__,,8,9,1,A,1,3,3,2.0,A2,1.3333333333333333,"{""A1"": 2, ""A2"": 1}","{""Simple Atributte"": 1, ""Simple Assignment"": 1, ""Function with Simple argument"": 1}"
python-algorithms,/home/juan/Documents/Analisis-CC-PyCEFR/python-algorithms/leetcode/src/trie/lc_820_short_encoding_of_words/short_encoding_of_words.py,short_encoding_of_words.py,Solution,,1,14,5,A,1,15,11,3.0,B1,1.3333333333333333,"{""A1"": 11, ""A2"": 3, ""B1"": 1}","{""Subscript"": 2, ""Assigment with sum (total = total + 1)"": 2, ""Simple Assignment"": 2, ""Simple If statements"": 2, ""'range' call function"": 1, ""Simple Atributte"": 1, ""Simplified incremental Assignment with increase amount"": 1, ""Simple For Loop"": 1, ""Function with Simple argument"": 1, ""Return"": 1}"
python-algorithms,/home/juan/Documents/Analisis-CC-PyCEFR/python-algorithms/leetcode/src/trie/lc_820_short_encoding_of_words/short_encoding_of_words.py,short_encoding_of_words.py,minimumLengthEncoding,,34,46,4,A,1,12,9,2.0,A2,1.3333333333333333,"{""A1"": 8, ""A2"": 4}","{""Simple Assignment"": 3, ""Simple Atributte"": 2, ""Simple Tuple"": 1, ""Simplified incremental Assignment with increase amount"": 1, ""Simple If statements"": 1, ""Simple For Loop"": 1, ""For Loop with Tuple as name"": 1, ""Function with Simple argument"": 1, ""Return"": 1}"
python-algorithms,/home/juan/Documents/Analisis-CC-PyCEFR/python-algorithms/leetcode/src/trie/lc_820_short_encoding_of_words/short_encoding_of_words.py,short_encoding_of_words.py,minimumLengthEncoding,,2,14,4,A,1,14,10,2.0,A2,1.2142857142857142,"{""A1"": 11, ""A2"": 3}","{""Subscript"": 2, ""Assigment with sum (total = total + 1)"": 2, ""Simple Assignment"": 2, ""Simple If statements"": 2, ""'range' call function"": 1, ""Simple Atributte"": 1, ""Simplified incremental Assignment with increase amount"": 1, ""Simple For Loop"": 1, ""Function with Simple argument"": 1, ""Return"": 1}"
python-algorithms,/home/juan/Documents/Analisis-CC-PyCEFR/python-algorithms/leetcode/src/trie/lc_820_short_encoding_of_words/short_encoding_of_words.py,short_encoding_of_words.py,Trie,,17,30,3,A,1,24,11,3.0,B1,1.3333333333333333,"{""A1"": 17, ""A2"": 6, ""B1"": 1}","{""Simple Assignment"": 6, ""Simple Atributte"": 5, ""Subscript"": 3, ""Unary Operation"": 2, ""Function with Simple argument"": 2, ""Simple List"": 1, ""Simple Tuple"": 1, ""'range' call function"": 1, ""Simple If statements"": 1, ""Simple For Loop"": 1}"
python-algorithms,/home/juan/Documents/Analisis-CC-PyCEFR/python-algorithms/leetcode/src/trie/lc_820_short_encoding_of_words/short_encoding_of_words.py,short_encoding_of_words.py,insert,,22,30,3,A,1,17,9,2.0,A2,1.2352941176470589,"{""A1"": 13, ""A2"": 4}","{""Simple Assignment"": 4, ""Simple Atributte"": 3, ""Subscript"": 3, ""Unary Operation"": 2, ""Simple Tuple"": 1, ""'range' call function"": 1, ""Simple If statements"": 1, ""Simple For Loop"": 1, ""Function with Simple argument"": 1}"
python-algorithms,/home/juan/Documents/Analisis-CC-PyCEFR/python-algorithms/leetcode/src/trie/lc_820_short_encoding_of_words/short_encoding_of_words.py,short_encoding_of_words.py,__init__,,18,20,1,A,1,6,4,2.0,A2,1.3333333333333333,"{""A1"": 4, ""A2"": 2}","{""Simple Atributte"": 2, ""Simple Assignment"": 2, ""Simple List"": 1, ""Function with Simple argument"": 1}"
python-algorithms,/home/juan/Documents/Analisis-CC-PyCEFR/python-algorithms/leetcode/src/linkedlist/lc_237_delete_node_in_linkedlist/delete_node_in_linkedlist.py,delete_node_in_linkedlist.py,deleteNode,,39,45,4,A,1,15,6,3.0,B1,1.6666666666666667,"{""A2"": 8, ""A1"": 6, ""B1"": 1}","{""Simple Atributte"": 8, ""Simple Assignment"": 3, ""Boolean Operation"": 1, ""Simple If statements"": 1, ""While with Else Loop"": 1, ""Function with Simple argument"": 1}"
python-algorithms,/home/juan/Documents/Analisis-CC-PyCEFR/python-algorithms/leetcode/src/linkedlist/lc_237_delete_node_in_linkedlist/delete_node_in_linkedlist.py,delete_node_in_linkedlist.py,ListNode,,2,5,2,A,1,6,4,3.0,B1,1.6666666666666667,"{""A1"": 3, ""A2"": 2, ""B1"": 1}","{""Simple Atributte"": 2, ""Simple Assignment"": 2, ""Function with Simple argument"": 1, ""Simple Class  Using the constructor method --> __init__"": 1}"
python-algorithms,/home/juan/Documents/Analisis-CC-PyCEFR/python-algorithms/leetcode/src/linkedlist/lc_237_delete_node_in_linkedlist/delete_node_in_linkedlist.py,delete_node_in_linkedlist.py,deleteNode,,31,33,1,A,1,9,3,2.0,A2,1.6666666666666667,"{""A2"": 6, ""A1"": 3}","{""Simple Atributte"": 6, ""Simple Assignment"": 2, ""Function with Simple argument"": 1}"
python-algorithms,/home/juan/Documents/Analisis-CC-PyCEFR/python-algorithms/leetcode/src/linkedlist/lc_237_delete_node_in_linkedlist/delete_node_in_linkedlist.py,delete_node_in_linkedlist.py,__init__,,3,5,1,A,1,5,3,2.0,A2,1.4,"{""A1"": 3, ""A2"": 2}","{""Simple Atributte"": 2, ""Simple Assignment"": 2, ""Function with Simple argument"": 1}"
python-algorithms,/home/juan/Documents/Analisis-CC-PyCEFR/python-algorithms/leetcode/src/linkedlist/lc_203_remove_linkedlist_elements/remove_linkedlist_elements.py,remove_linkedlist_elements.py,removeElements,,8,20,4,A,1,18,7,3.0,B1,1.4444444444444444,"{""A1"": 11, ""A2"": 6, ""B1"": 1}","{""Simple Atributte"": 6, ""Simple Assignment"": 5, ""Simple If statements"": 2, ""Return"": 2, ""Unary Operation"": 1, ""While with Else Loop"": 1, ""Function with Simple argument"": 1}"
python-algorithms,/home/juan/Documents/Analisis-CC-PyCEFR/python-algorithms/leetcode/src/linkedlist/lc_203_remove_linkedlist_elements/remove_linkedlist_elements.py,remove_linkedlist_elements.py,removeElements2,,24,35,4,A,1,18,7,3.0,B1,1.4444444444444444,"{""A1"": 11, ""A2"": 6, ""B1"": 1}","{""Simple Atributte"": 6, ""Simple Assignment"": 5, ""Simple If statements"": 2, ""Return"": 2, ""Unary Operation"": 1, ""While with Else Loop"": 1, ""Function with Simple argument"": 1}"
python-algorithms,/home/juan/Documents/Analisis-CC-PyCEFR/python-algorithms/leetcode/src/linkedlist/lc_203_remove_linkedlist_elements/remove_linkedlist_elements.py,remove_linkedlist_elements.py,ListNode,,2,5,2,A,1,6,4,3.0,B1,1.8333333333333333,"{""A2"": 3, ""A1"": 2, ""B1"": 1}","{""Simple Atributte"": 2, ""Simple Assignment"": 2, ""Function with Simple argument with Default argument"": 1, ""Simple Class  Using the constructor method --> __init__"": 1}"
python-algorithms,/home/juan/Documents/Analisis-CC-PyCEFR/python-algorithms/leetcode/src/linkedlist/lc_203_remove_linkedlist_elements/remove_linkedlist_elements.py,remove_linkedlist_elements.py,__init__,,3,5,1,A,1,5,3,2.0,A2,1.6,"{""A2"": 3, ""A1"": 2}","{""Simple Atributte"": 2, ""Simple Assignment"": 2, ""Function with Simple argument with Default argument"": 1}"
python-algorithms,/home/juan/Documents/Analisis-CC-PyCEFR/python-algorithms/leetcode/src/linkedlist/lc_234_palindrome_linkedlist/palindrome_linkedlist.py,palindrome_linkedlist.py,isPalindrome,,7,19,8,B,2,49,11,3.0,B1,1.4285714285714286,"{""A1"": 31, ""A2"": 15, ""B1"": 3}","{""Simple Atributte"": 14, ""Simple Tuple"": 8, ""Simple Assignment"": 8, ""Boolean Operation"": 5, ""Return"": 4, ""Simple If statements"": 3, ""Unary Operation"": 2, ""While with Else Loop"": 2, ""Function with Simple argument"": 1, ""Function with Simple argument with Default argument"": 1}"
python-algorithms,/home/juan/Documents/Analisis-CC-PyCEFR/python-algorithms/leetcode/src/linkedlist/lc_234_palindrome_linkedlist/palindrome_linkedlist.py,palindrome_linkedlist.py,reverse_list,,22,29,2,A,1,22,9,3.0,B1,1.4090909090909092,"{""A1"": 15, ""A2"": 5, ""B1"": 2}","{""Simple Assignment"": 7, ""Simple Atributte"": 5, ""Simple Tuple"": 4, ""While with Else Loop"": 1, ""Function with Simple argument"": 1, ""Return"": 1, ""Boolean Operation"": 1, ""Simple If statements"": 1, ""'break' statement"": 1}"
python-algorithms,/home/juan/Documents/Analisis-CC-PyCEFR/python-algorithms/leetcode/src/linkedlist/lc_234_palindrome_linkedlist/palindrome_linkedlist.py,palindrome_linkedlist.py,ListNode,,2,5,2,A,1,6,4,3.0,B1,1.8333333333333333,"{""A2"": 3, ""A1"": 2, ""B1"": 1}","{""Simple Atributte"": 2, ""Simple Assignment"": 2, ""Function with Simple argument with Default argument"": 1, ""Simple Class  Using the constructor method --> __init__"": 1}"
python-algorithms,/home/juan/Documents/Analisis-CC-PyCEFR/python-algorithms/leetcode/src/linkedlist/lc_234_palindrome_linkedlist/palindrome_linkedlist.py,palindrome_linkedlist.py,__init__,,3,5,1,A,1,5,3,2.0,A2,1.6,"{""A2"": 3, ""A1"": 2}","{""Simple Atributte"": 2, ""Simple Assignment"": 2, ""Function with Simple argument with Default argument"": 1}"
python-algorithms,/home/juan/Documents/Analisis-CC-PyCEFR/python-algorithms/leetcode/src/linkedlist/lc_328_odd_even_linkedlist/odd_even_linkedlist.py,odd_even_linkedlist.py,oddEvenList,,9,25,4,A,1,30,9,3.0,B1,1.4,"{""A1"": 19, ""A2"": 10, ""B1"": 1}","{""Simple Atributte"": 9, ""Simple Assignment"": 9, ""Simple Tuple"": 4, ""Simple If statements"": 2, ""Return"": 2, ""Unary Operation"": 1, ""Simplified incremental Assignment with increase amount"": 1, ""While with Else Loop"": 1, ""Function with Simple argument"": 1}"
python-algorithms,/home/juan/Documents/Analisis-CC-PyCEFR/python-algorithms/leetcode/src/linkedlist/lc_328_odd_even_linkedlist/odd_even_linkedlist.py,odd_even_linkedlist.py,ListNode,,2,5,2,A,1,6,4,3.0,B1,1.8333333333333333,"{""A2"": 3, ""A1"": 2, ""B1"": 1}","{""Simple Atributte"": 2, ""Simple Assignment"": 2, ""Function with Simple argument with Default argument"": 1, ""Simple Class  Using the constructor method --> __init__"": 1}"
python-algorithms,/home/juan/Documents/Analisis-CC-PyCEFR/python-algorithms/leetcode/src/linkedlist/lc_328_odd_even_linkedlist/odd_even_linkedlist.py,odd_even_linkedlist.py,__init__,,3,5,1,A,1,5,3,2.0,A2,1.6,"{""A2"": 3, ""A1"": 2}","{""Simple Atributte"": 2, ""Simple Assignment"": 2, ""Function with Simple argument with Default argument"": 1}"
python-algorithms,/home/juan/Documents/Analisis-CC-PyCEFR/python-algorithms/leetcode/src/linkedlist/lc_142_linkedlist_cycle_II/linkedlist_cycle.py,linkedlist_cycle.py,detectCycle,,8,18,7,B,2,25,8,3.0,B1,1.4,"{""A1"": 17, ""A2"": 6, ""B1"": 2}","{""Simple Atributte"": 6, ""Return"": 5, ""Simple Tuple"": 4, ""Simple Assignment"": 4, ""Boolean Operation"": 2, ""While with Else Loop"": 2, ""Simple If statements"": 1, ""Function with Simple argument"": 1}"
python-algorithms,/home/juan/Documents/Analisis-CC-PyCEFR/python-algorithms/leetcode/src/linkedlist/lc_142_linkedlist_cycle_II/linkedlist_cycle.py,linkedlist_cycle.py,ListNode,,2,5,2,A,1,22,8,3.0,B1,1.4545454545454546,"{""A1"": 13, ""A2"": 8, ""B1"": 1}","{""Simple Atributte"": 8, ""Simple Assignment"": 4, ""Unary Operation"": 2, ""Boolean Operation"": 2, ""Simple If statements"": 2, ""Return"": 2, ""Function with Simple argument"": 1, ""Simple Class  Using the constructor method --> __init__"": 1}"
python-algorithms,/home/juan/Documents/Analisis-CC-PyCEFR/python-algorithms/leetcode/src/linkedlist/lc_142_linkedlist_cycle_II/linkedlist_cycle.py,linkedlist_cycle.py,__init__,,3,5,1,A,1,15,4,2.0,A2,1.5333333333333334,"{""A2"": 8, ""A1"": 7}","{""Simple Atributte"": 8, ""Simple Assignment"": 4, ""Boolean Operation"": 2, ""Function with Simple argument"": 1}"
python-algorithms,/home/juan/Documents/Analisis-CC-PyCEFR/python-algorithms/leetcode/src/linkedlist/lc_2_add_two_numbers/add_two_numbers.py,add_two_numbers.py,addTwoNumbers,,8,23,8,B,2,48,9,3.0,B1,1.5416666666666667,"{""A1"": 30, ""A2"": 10, ""B1"": 8}","{""Simple Assignment"": 14, ""Simple Atributte"": 10, ""If statements expression (else)"": 6, ""Simple Tuple"": 6, ""Assigment with sum (total = total + 1)"": 4, ""Boolean Operation"": 2, ""While with Else Loop"": 2, ""Function with Simple argument"": 2, ""Return"": 2}"
python-algorithms,/home/juan/Documents/Analisis-CC-PyCEFR/python-algorithms/leetcode/src/linkedlist/lc_2_add_two_numbers/add_two_numbers.py,add_two_numbers.py,ListNode,,2,5,2,A,1,12,4,3.0,B1,1.8333333333333333,"{""A2"": 6, ""A1"": 4, ""B1"": 2}","{""Simple Atributte"": 4, ""Simple Assignment"": 4, ""Function with Simple argument with Default argument"": 2, ""Simple Class  Using the constructor method --> __init__"": 2}"
python-algorithms,/home/juan/Documents/Analisis-CC-PyCEFR/python-algorithms/leetcode/src/linkedlist/lc_2_add_two_numbers/add_two_numbers.py,add_two_numbers.py,__init__,,3,5,1,A,1,10,3,2.0,A2,1.6,"{""A2"": 6, ""A1"": 4}","{""Simple Atributte"": 4, ""Simple Assignment"": 4, ""Function with Simple argument with Default argument"": 2}"
python-algorithms,/home/juan/Documents/Analisis-CC-PyCEFR/python-algorithms/leetcode/src/linkedlist/lc_25_reverse_nodes_in_k_groups/reverse_nodes_in_k_groups.py,reverse_nodes_in_k_groups.py,reverseKGroup,,7,33,9,B,2,42,11,3.0,B1,1.3571428571428572,"{""A1"": 30, ""A2"": 9, ""B1"": 3}","{""Simple Assignment"": 12, ""Simple Tuple"": 8, ""Simple Atributte"": 6, ""Boolean Operation"": 3, ""While with Else Loop"": 3, ""Unary Operation"": 2, ""Simplified incremental Assignment with decrease subtraction"": 2, ""Simple If statements"": 2, ""Return"": 2, ""Simplified incremental Assignment with increase amount"": 1}"
python-algorithms,/home/juan/Documents/Analisis-CC-PyCEFR/python-algorithms/leetcode/src/linkedlist/lc_25_reverse_nodes_in_k_groups/reverse_nodes_in_k_groups.py,reverse_nodes_in_k_groups.py,ListNode,,2,5,2,A,1,6,4,3.0,B1,1.8333333333333333,"{""A2"": 3, ""A1"": 2, ""B1"": 1}","{""Simple Atributte"": 2, ""Simple Assignment"": 2, ""Function with Simple argument with Default argument"": 1, ""Simple Class  Using the constructor method --> __init__"": 1}"
python-algorithms,/home/juan/Documents/Analisis-CC-PyCEFR/python-algorithms/leetcode/src/linkedlist/lc_25_reverse_nodes_in_k_groups/reverse_nodes_in_k_groups.py,reverse_nodes_in_k_groups.py,__init__,,3,5,1,A,1,5,3,2.0,A2,1.6,"{""A2"": 3, ""A1"": 2}","{""Simple Atributte"": 2, ""Simple Assignment"": 2, ""Function with Simple argument with Default argument"": 1}"
python-algorithms,/home/juan/Documents/Analisis-CC-PyCEFR/python-algorithms/leetcode/src/linkedlist/lc_24_swap_nodes_in_pairs/swap_nodes_in_pairs.py,swap_nodes_in_pairs.py,swapPairs,,1,21,7,B,2,33,10,3.0,B1,1.303030303030303,"{""A1"": 25, ""A2"": 6, ""B1"": 2}","{""Simple Assignment"": 10, ""Simple Tuple"": 6, ""Simple Atributte"": 5, ""Unary Operation"": 2, ""Boolean Operation"": 2, ""Simple If statements"": 2, ""While with Else Loop"": 2, ""Return"": 2, ""Simplified incremental Assignment with decrease subtraction"": 1, ""Function with Simple argument"": 1}"
python-algorithms,/home/juan/Documents/Analisis-CC-PyCEFR/python-algorithms/leetcode/src/linkedlist/lc_23_merge_k_sorted_lists/merge_k_sorted_lists.py,merge_k_sorted_lists.py,mergeKLists,,18,28,5,A,1,40,12,3.0,B1,1.3,"{""A1"": 32, ""A2"": 4, ""B1"": 4}","{""Simple Assignment"": 9, ""Subscript"": 6, ""Simple Tuple"": 4, ""Return"": 4, ""Simple List"": 3, ""'range' call function"": 2, ""If statements expression (else)"": 2, ""Simple Atributte"": 2, ""Simple If statements"": 2, ""Simple For Loop"": 2}"
python-algorithms,/home/juan/Documents/Analisis-CC-PyCEFR/python-algorithms/leetcode/src/linkedlist/lc_23_merge_k_sorted_lists/merge_k_sorted_lists.py,merge_k_sorted_lists.py,mergeTwoLists,,30,40,5,A,1,58,8,3.0,B1,1.4137931034482758,"{""A1"": 36, ""A2"": 20, ""B1"": 2}","{""Simple Atributte"": 20, ""Simple Assignment"": 15, ""Simple Tuple"": 10, ""Boolean Operation"": 4, ""Simple If statements"": 3, ""While with Else Loop"": 2, ""Function with Simple argument"": 2, ""Return"": 2}"
python-algorithms,/home/juan/Documents/Analisis-CC-PyCEFR/python-algorithms/leetcode/src/linkedlist/lc_23_merge_k_sorted_lists/merge_k_sorted_lists.py,merge_k_sorted_lists.py,mergeKLists2,,54,68,4,A,1,54,10,3.0,B1,1.4074074074074074,"{""A1"": 35, ""A2"": 16, ""B1"": 3}","{""Simple Assignment"": 18, ""Simple Atributte"": 16, ""Simple Tuple"": 4, ""Simple List"": 3, ""While with Else Loop"": 3, ""Simple If statements"": 2, ""Simple For Loop"": 2, ""Function with Simple argument"": 2, ""Return"": 2, ""Print"": 2}"
python-algorithms,/home/juan/Documents/Analisis-CC-PyCEFR/python-algorithms/leetcode/src/linkedlist/lc_23_merge_k_sorted_lists/merge_k_sorted_lists.py,merge_k_sorted_lists.py,print_list,,75,78,2,A,1,12,5,3.0,B1,1.6666666666666667,"{""A1"": 6, ""A2"": 4, ""B1"": 2}","{""Simple Atributte"": 4, ""Print"": 2, ""Simple Assignment"": 2, ""While with Else Loop"": 2, ""Function with Simple argument"": 2}"
python-algorithms,/home/juan/Documents/Analisis-CC-PyCEFR/python-algorithms/leetcode/src/linkedlist/lc_23_merge_k_sorted_lists/merge_k_sorted_lists.py,merge_k_sorted_lists.py,ListNode,,4,10,2,A,1,25,6,3.0,B1,1.64,"{""A2"": 12, ""A1"": 11, ""B1"": 2}","{""Simple Atributte"": 10, ""Simple Assignment"": 6, ""Function with Simple argument"": 3, ""Function with Simple argument with Default argument"": 2, ""Return"": 2, ""Simple Class  Using the constructor method --> __init__"": 2}"
python-algorithms,/home/juan/Documents/Analisis-CC-PyCEFR/python-algorithms/leetcode/src/linkedlist/lc_23_merge_k_sorted_lists/merge_k_sorted_lists.py,merge_k_sorted_lists.py,__init__,,5,7,1,A,1,10,3,2.0,A2,1.6,"{""A2"": 6, ""A1"": 4}","{""Simple Atributte"": 4, ""Simple Assignment"": 4, ""Function with Simple argument with Default argument"": 2}"
python-algorithms,/home/juan/Documents/Analisis-CC-PyCEFR/python-algorithms/leetcode/src/linkedlist/lc_23_merge_k_sorted_lists/merge_k_sorted_lists.py,merge_k_sorted_lists.py,__lt__,,9,10,1,A,1,10,4,2.0,A2,1.5,"{""A2"": 5, ""A1"": 5}","{""Simple Atributte"": 5, ""Function with Simple argument"": 2, ""Return"": 2, ""Simple Assignment"": 1}"
python-algorithms,/home/juan/Documents/Analisis-CC-PyCEFR/python-algorithms/leetcode/src/linkedlist/lc_21_merge_two_sorted_lists/merge_two_sorted_lists.py,merge_two_sorted_lists.py,mergeTwoLists,,10,20,5,A,1,45,8,3.0,B1,1.4666666666666666,"{""A1"": 26, ""A2"": 17, ""B1"": 2}","{""Simple Atributte"": 17, ""Simple Assignment"": 10, ""Simple Tuple"": 8, ""Boolean Operation"": 4, ""Simple If statements"": 2, ""While with Else Loop"": 2, ""Function with Simple argument"": 1, ""Return"": 1}"
python-algorithms,/home/juan/Documents/Analisis-CC-PyCEFR/python-algorithms/leetcode/src/linkedlist/lc_21_merge_two_sorted_lists/merge_two_sorted_lists.py,merge_two_sorted_lists.py,ListNode,,2,5,2,A,1,12,4,3.0,B1,1.8333333333333333,"{""A2"": 6, ""A1"": 4, ""B1"": 2}","{""Simple Atributte"": 4, ""Simple Assignment"": 4, ""Function with Simple argument with Default argument"": 2, ""Simple Class  Using the constructor method --> __init__"": 2}"
python-algorithms,/home/juan/Documents/Analisis-CC-PyCEFR/python-algorithms/leetcode/src/linkedlist/lc_21_merge_two_sorted_lists/merge_two_sorted_lists.py,merge_two_sorted_lists.py,__init__,,3,5,1,A,1,10,3,2.0,A2,1.6,"{""A2"": 6, ""A1"": 4}","{""Simple Atributte"": 4, ""Simple Assignment"": 4, ""Function with Simple argument with Default argument"": 2}"
python-algorithms,/home/juan/Documents/Analisis-CC-PyCEFR/python-algorithms/leetcode/src/linkedlist/lc_19_remove_nth_node_from_list/remove_nth_node_from_list.py,remove_nth_node_from_list.py,removeNthFromEnd,,7,19,4,A,1,42,9,3.0,B1,1.5714285714285714,"{""A1"": 22, ""A2"": 16, ""B1"": 4}","{""Simple Atributte"": 14, ""Simple Assignment"": 10, ""Simple Tuple"": 4, ""While with Else Loop"": 4, ""Unary Operation"": 2, ""Boolean Operation"": 2, ""Simplified incremental Assignment with decrease subtraction"": 2, ""Function with Simple argument"": 2, ""Return"": 2}"
python-algorithms,/home/juan/Documents/Analisis-CC-PyCEFR/python-algorithms/leetcode/src/linkedlist/lc_19_remove_nth_node_from_list/remove_nth_node_from_list.py,remove_nth_node_from_list.py,ListNode,,2,5,2,A,1,12,4,3.0,B1,1.8333333333333333,"{""A2"": 6, ""A1"": 4, ""B1"": 2}","{""Simple Atributte"": 4, ""Simple Assignment"": 4, ""Function with Simple argument with Default argument"": 2, ""Simple Class  Using the constructor method --> __init__"": 2}"
python-algorithms,/home/juan/Documents/Analisis-CC-PyCEFR/python-algorithms/leetcode/src/linkedlist/lc_19_remove_nth_node_from_list/remove_nth_node_from_list.py,remove_nth_node_from_list.py,__init__,,3,5,1,A,1,10,3,2.0,A2,1.6,"{""A2"": 6, ""A1"": 4}","{""Simple Atributte"": 4, ""Simple Assignment"": 4, ""Function with Simple argument with Default argument"": 2}"
python-algorithms,/home/juan/Documents/Analisis-CC-PyCEFR/python-algorithms/leetcode/src/linkedlist/lc_160_intersection_of_two_linkedlists/intersection_of_two_linkedlists.py,intersection_of_two_linkedlists.py,getIntersectionNode,,1,16,8,B,2,26,10,3.0,B1,1.3076923076923077,"{""A1"": 20, ""A2"": 4, ""B1"": 2}","{""Simple Tuple"": 6, ""Simple Assignment"": 5, ""Simple Atributte"": 3, ""Unary Operation"": 2, ""Boolean Operation"": 2, ""Simple If statements"": 2, ""While with Else Loop"": 2, ""Return"": 2, ""Simplified incremental Assignment with increase amount"": 1, ""Function with Simple argument"": 1}"
python-algorithms,/home/juan/Documents/Analisis-CC-PyCEFR/python-algorithms/leetcode/src/linkedlist/lc_160_intersection_of_two_linkedlists/intersection_of_two_linkedlists.py,intersection_of_two_linkedlists.py,count_list,,19,25,2,A,1,7,6,3.0,B1,1.5714285714285714,"{""A1"": 4, ""A2"": 2, ""B1"": 1}","{""Simple Assignment"": 2, ""Simple Atributte"": 1, ""Simplified incremental Assignment with increase amount"": 1, ""While with Else Loop"": 1, ""Function with Simple argument"": 1, ""Return"": 1}"
python-algorithms,/home/juan/Documents/Analisis-CC-PyCEFR/python-algorithms/leetcode/src/linkedlist/lc_86_partition_list/partition_list.py,partition_list.py,partition,,7,22,3,A,1,24,6,3.0,B1,1.5,"{""A1"": 13, ""A2"": 10, ""B1"": 1}","{""Simple Atributte"": 10, ""Simple Assignment"": 10, ""Simple If statements"": 1, ""While with Else Loop"": 1, ""Function with Simple argument"": 1, ""Return"": 1}"
python-algorithms,/home/juan/Documents/Analisis-CC-PyCEFR/python-algorithms/leetcode/src/linkedlist/lc_86_partition_list/partition_list.py,partition_list.py,ListNode,,2,5,2,A,1,6,4,3.0,B1,1.8333333333333333,"{""A2"": 3, ""A1"": 2, ""B1"": 1}","{""Simple Atributte"": 2, ""Simple Assignment"": 2, ""Function with Simple argument with Default argument"": 1, ""Simple Class  Using the constructor method --> __init__"": 1}"
python-algorithms,/home/juan/Documents/Analisis-CC-PyCEFR/python-algorithms/leetcode/src/linkedlist/lc_86_partition_list/partition_list.py,partition_list.py,__init__,,3,5,1,A,1,5,3,2.0,A2,1.6,"{""A2"": 3, ""A1"": 2}","{""Simple Atributte"": 2, ""Simple Assignment"": 2, ""Function with Simple argument with Default argument"": 1}"
python-algorithms,/home/juan/Documents/Analisis-CC-PyCEFR/python-algorithms/leetcode/src/linkedlist/lc_138_copy_list_with_random_pointer/lc_138_copy_list_with_random_pointer.py,lc_138_copy_list_with_random_pointer.py,copyRandomList,,7,20,3,A,1,27,8,3.0,B1,1.4444444444444444,"{""A1"": 17, ""A2"": 8, ""B1"": 2}","{""Simple Assignment"": 8, ""Simple Atributte"": 7, ""Subscript"": 5, ""Simple Tuple"": 2, ""While with Else Loop"": 2, ""Simple Dictionary"": 1, ""Function with Simple argument"": 1, ""Return"": 1}"
python-algorithms,/home/juan/Documents/Analisis-CC-PyCEFR/python-algorithms/leetcode/src/linkedlist/lc_138_copy_list_with_random_pointer/lc_138_copy_list_with_random_pointer.py,lc_138_copy_list_with_random_pointer.py,Node,,1,5,2,A,1,8,4,3.0,B1,1.75,"{""A2"": 4, ""A1"": 3, ""B1"": 1}","{""Simple Atributte"": 3, ""Simple Assignment"": 3, ""Function with Simple argument with Default argument"": 1, ""Simple Class  Using the constructor method --> __init__"": 1}"
python-algorithms,/home/juan/Documents/Analisis-CC-PyCEFR/python-algorithms/leetcode/src/linkedlist/lc_138_copy_list_with_random_pointer/lc_138_copy_list_with_random_pointer.py,lc_138_copy_list_with_random_pointer.py,__init__,,2,5,1,A,1,7,3,2.0,A2,1.5714285714285714,"{""A2"": 4, ""A1"": 3}","{""Simple Atributte"": 3, ""Simple Assignment"": 3, ""Function with Simple argument with Default argument"": 1}"
python-algorithms,/home/juan/Documents/Analisis-CC-PyCEFR/python-algorithms/leetcode/src/linkedlist/lc_143_reorder_list/reorder_list.py,reorder_list.py,reorderList,,7,26,8,B,2,78,9,3.0,B1,1.3846153846153846,"{""A1"": 52, ""A2"": 22, ""B1"": 4}","{""Simple Atributte"": 22, ""Simple Assignment"": 20, ""Simple Tuple"": 14, ""Boolean Operation"": 6, ""Unary Operation"": 5, ""Simple If statements"": 4, ""While with Else Loop"": 4, ""Return"": 2, ""Function with Simple argument"": 1}"
python-algorithms,/home/juan/Documents/Analisis-CC-PyCEFR/python-algorithms/leetcode/src/linkedlist/lc_143_reorder_list/reorder_list.py,reorder_list.py,reorderList2,,39,56,8,B,2,35,9,3.0,B1,1.4,"{""A1"": 23, ""A2"": 10, ""B1"": 2}","{""Simple Atributte"": 10, ""Simple Assignment"": 10, ""Simple Tuple"": 4, ""Boolean Operation"": 3, ""Unary Operation"": 2, ""Simple If statements"": 2, ""While with Else Loop"": 2, ""Function with Simple argument"": 1, ""Return"": 1}"
python-algorithms,/home/juan/Documents/Analisis-CC-PyCEFR/python-algorithms/leetcode/src/linkedlist/lc_143_reorder_list/reorder_list.py,reorder_list.py,reverse,,29,36,2,A,1,21,6,3.0,B1,1.2857142857142858,"{""A1"": 16, ""A2"": 4, ""B1"": 1}","{""Simple Assignment"": 7, ""Simple Tuple"": 6, ""Simple Atributte"": 4, ""Return"": 2, ""While with Else Loop"": 1, ""Function with Simple argument"": 1}"
python-algorithms,/home/juan/Documents/Analisis-CC-PyCEFR/python-algorithms/leetcode/src/linkedlist/lc_143_reorder_list/reorder_list.py,reorder_list.py,ListNode,,2,5,2,A,1,12,4,3.0,B1,1.8333333333333333,"{""A2"": 6, ""A1"": 4, ""B1"": 2}","{""Simple Atributte"": 4, ""Simple Assignment"": 4, ""Function with Simple argument with Default argument"": 2, ""Simple Class  Using the constructor method --> __init__"": 2}"
python-algorithms,/home/juan/Documents/Analisis-CC-PyCEFR/python-algorithms/leetcode/src/linkedlist/lc_143_reorder_list/reorder_list.py,reorder_list.py,__init__,,3,5,1,A,1,10,3,2.0,A2,1.6,"{""A2"": 6, ""A1"": 4}","{""Simple Atributte"": 4, ""Simple Assignment"": 4, ""Function with Simple argument with Default argument"": 2}"
python-algorithms,/home/juan/Documents/Analisis-CC-PyCEFR/python-algorithms/leetcode/src/linkedlist/lc_148_sort_list/sort_list.py,sort_list.py,mergeTwoLists,,28,38,5,A,1,24,8,3.0,B1,1.4583333333333333,"{""A1"": 14, ""A2"": 9, ""B1"": 1}","{""Simple Atributte"": 9, ""Simple Assignment"": 5, ""Simple Tuple"": 4, ""Boolean Operation"": 2, ""Simple If statements"": 1, ""While with Else Loop"": 1, ""Function with Simple argument"": 1, ""Return"": 1}"
python-algorithms,/home/juan/Documents/Analisis-CC-PyCEFR/python-algorithms/leetcode/src/linkedlist/lc_148_sort_list/sort_list.py,sort_list.py,sortList,,8,18,3,A,1,15,7,4.0,B2,1.4,"{""A1"": 11, ""A2"": 3, ""B2"": 1}","{""Simple Assignment"": 5, ""Simple Atributte"": 3, ""Unary Operation"": 2, ""Return"": 2, ""Boolean Operation"": 1, ""Simple If statements"": 1, ""Recursive Functions"": 1}"
python-algorithms,/home/juan/Documents/Analisis-CC-PyCEFR/python-algorithms/leetcode/src/linkedlist/lc_148_sort_list/sort_list.py,sort_list.py,getMid,,21,26,3,A,1,14,7,3.0,B1,1.5714285714285714,"{""A1"": 7, ""A2"": 6, ""B1"": 1}","{""Simple Atributte"": 6, ""Simple Tuple"": 2, ""Simple Assignment"": 2, ""Boolean Operation"": 1, ""While with Else Loop"": 1, ""Function with Simple argument"": 1, ""Return"": 1}"
python-algorithms,/home/juan/Documents/Analisis-CC-PyCEFR/python-algorithms/leetcode/src/linkedlist/lc_148_sort_list/sort_list.py,sort_list.py,ListNode,,2,5,2,A,1,6,4,3.0,B1,1.8333333333333333,"{""A2"": 3, ""A1"": 2, ""B1"": 1}","{""Simple Atributte"": 2, ""Simple Assignment"": 2, ""Function with Simple argument with Default argument"": 1, ""Simple Class  Using the constructor method --> __init__"": 1}"
python-algorithms,/home/juan/Documents/Analisis-CC-PyCEFR/python-algorithms/leetcode/src/linkedlist/lc_148_sort_list/sort_list.py,sort_list.py,__init__,,3,5,1,A,1,5,3,2.0,A2,1.6,"{""A2"": 3, ""A1"": 2}","{""Simple Atributte"": 2, ""Simple Assignment"": 2, ""Function with Simple argument with Default argument"": 1}"
python-algorithms,/home/juan/Documents/Analisis-CC-PyCEFR/python-algorithms/leetcode/src/linkedlist/lc_148_sort_list/sort_list_2.py,sort_list_2.py,sortList,,10,25,5,A,1,23,10,3.0,B1,1.391304347826087,"{""A1"": 16, ""A2"": 5, ""B1"": 2}","{""Simple Assignment"": 6, ""Simple Atributte"": 5, ""Simple Tuple"": 2, ""Unary Operation"": 2, ""While with Else Loop"": 2, ""Return"": 2, ""Simple List"": 1, ""Boolean Operation"": 1, ""Simple If statements"": 1, ""Function with Simple argument"": 1}"
python-algorithms,/home/juan/Documents/Analisis-CC-PyCEFR/python-algorithms/leetcode/src/linkedlist/lc_148_sort_list/sort_list_2.py,sort_list_2.py,ListNode,,4,7,2,A,1,6,4,3.0,B1,1.8333333333333333,"{""A2"": 3, ""A1"": 2, ""B1"": 1}","{""Simple Atributte"": 2, ""Simple Assignment"": 2, ""Function with Simple argument with Default argument"": 1, ""Simple Class  Using the constructor method --> __init__"": 1}"
python-algorithms,/home/juan/Documents/Analisis-CC-PyCEFR/python-algorithms/leetcode/src/linkedlist/lc_148_sort_list/sort_list_2.py,sort_list_2.py,__init__,,5,7,1,A,1,5,3,2.0,A2,1.6,"{""A2"": 3, ""A1"": 2}","{""Simple Atributte"": 2, ""Simple Assignment"": 2, ""Function with Simple argument with Default argument"": 1}"
python-algorithms,/home/juan/Documents/Analisis-CC-PyCEFR/python-algorithms/leetcode/src/linkedlist/lc_725_split_linkedlist_in_parts/split_linkedlist_in_parts.py,split_linkedlist_in_parts.py,splitListToParts,,8,27,5,A,1,29,12,3.0,B1,1.4137931034482758,"{""A1"": 18, ""A2"": 10, ""B1"": 1}","{""Simple Assignment"": 8, ""Simple Atributte"": 6, ""Simple Tuple"": 5, ""'range' call function"": 2, ""Simple List"": 1, ""Simplified incremental Assignment with increase amount"": 1, ""Simple If statements"": 1, ""1 Nested For Loop"": 1, ""Simple For Loop"": 1, ""While with Else Loop"": 1}"
python-algorithms,/home/juan/Documents/Analisis-CC-PyCEFR/python-algorithms/leetcode/src/linkedlist/lc_725_split_linkedlist_in_parts/split_linkedlist_in_parts.py,split_linkedlist_in_parts.py,ListNode,,2,5,2,A,1,6,4,3.0,B1,1.8333333333333333,"{""A2"": 3, ""A1"": 2, ""B1"": 1}","{""Simple Atributte"": 2, ""Simple Assignment"": 2, ""Function with Simple argument with Default argument"": 1, ""Simple Class  Using the constructor method --> __init__"": 1}"
python-algorithms,/home/juan/Documents/Analisis-CC-PyCEFR/python-algorithms/leetcode/src/linkedlist/lc_725_split_linkedlist_in_parts/split_linkedlist_in_parts.py,split_linkedlist_in_parts.py,__init__,,3,5,1,A,1,5,3,2.0,A2,1.6,"{""A2"": 3, ""A1"": 2}","{""Simple Atributte"": 2, ""Simple Assignment"": 2, ""Function with Simple argument with Default argument"": 1}"
python-algorithms,/home/juan/Documents/Analisis-CC-PyCEFR/python-algorithms/leetcode/src/linkedlist/lc_147_insertion_sort/insertion_sort.py,insertion_sort.py,insertionSortList,,9,23,4,A,1,42,11,3.0,B1,1.3571428571428572,"{""A1"": 29, ""A2"": 11, ""B1"": 2}","{""Simple Atributte"": 10, ""Simple Assignment"": 8, ""Simple List"": 4, ""Simple Tuple"": 4, ""Print"": 4, ""Subscript"": 4, ""Function with Simple argument"": 2, ""Return"": 2, ""While with Else Loop"": 2, ""Simplified incremental Assignment with decrease subtraction"": 1}"
python-algorithms,/home/juan/Documents/Analisis-CC-PyCEFR/python-algorithms/leetcode/src/linkedlist/lc_147_insertion_sort/insertion_sort.py,insertion_sort.py,ListNode,,2,5,2,A,1,7,5,3.0,B1,1.8571428571428572,"{""A2"": 4, ""A1"": 2, ""B1"": 1}","{""Simple Atributte"": 2, ""Simple Assignment"": 2, ""'range' call function"": 1, ""Function with Simple argument with Default argument"": 1, ""Simple Class  Using the constructor method --> __init__"": 1}"
python-algorithms,/home/juan/Documents/Analisis-CC-PyCEFR/python-algorithms/leetcode/src/linkedlist/lc_147_insertion_sort/insertion_sort.py,insertion_sort.py,__init__,,3,5,1,A,1,6,4,2.0,A2,1.6666666666666667,"{""A2"": 4, ""A1"": 2}","{""Simple Atributte"": 2, ""Simple Assignment"": 2, ""'range' call function"": 1, ""Function with Simple argument with Default argument"": 1}"
python-algorithms,/home/juan/Documents/Analisis-CC-PyCEFR/python-algorithms/leetcode/src/linkedlist/lc_141_linkedlist_cycle/linkedlist_cycle.py,linkedlist_cycle.py,has_cycle,,1,10,5,A,1,45,10,3.0,B1,1.4444444444444444,"{""A1"": 28, ""A2"": 14, ""B1"": 3}","{""Simple Atributte"": 14, ""Simple Assignment"": 7, ""Return"": 6, ""Simple Tuple"": 4, ""Simple If statements"": 4, ""Function with Simple argument"": 3, ""Unary Operation"": 2, ""Boolean Operation"": 2, ""While with Else Loop"": 2, ""Simple Class  Using the constructor method --> __init__"": 1}"
python-algorithms,/home/juan/Documents/Analisis-CC-PyCEFR/python-algorithms/leetcode/src/linkedlist/lc_83_remove_duplicates_from_sorted_list/remove_duplicates_from_sorted_list.py,remove_duplicates_from_sorted_list.py,deleteDuplicates,,11,21,4,A,1,16,6,3.0,B1,1.625,"{""A1"": 8, ""A2"": 6, ""B1"": 2}","{""Simple Atributte"": 6, ""Simple Assignment"": 5, ""While with Else Loop"": 2, ""Boolean Operation"": 1, ""Function with Simple argument"": 1, ""Return"": 1}"
python-algorithms,/home/juan/Documents/Analisis-CC-PyCEFR/python-algorithms/leetcode/src/linkedlist/lc_83_remove_duplicates_from_sorted_list/remove_duplicates_from_sorted_list.py,remove_duplicates_from_sorted_list.py,deleteDuplicates2,,27,40,4,A,1,22,7,3.0,B1,1.5454545454545454,"{""A1"": 12, ""A2"": 8, ""B1"": 2}","{""Simple Atributte"": 8, ""Simple Assignment"": 7, ""Simple Tuple"": 2, ""While with Else Loop"": 2, ""Boolean Operation"": 1, ""Function with Simple argument"": 1, ""Return"": 1}"
python-algorithms,/home/juan/Documents/Analisis-CC-PyCEFR/python-algorithms/leetcode/src/linkedlist/lc_83_remove_duplicates_from_sorted_list/remove_duplicates_from_sorted_list.py,remove_duplicates_from_sorted_list.py,ListNode,,4,7,2,A,1,6,4,3.0,B1,1.8333333333333333,"{""A2"": 3, ""A1"": 2, ""B1"": 1}","{""Simple Atributte"": 2, ""Simple Assignment"": 2, ""Function with Simple argument with Default argument"": 1, ""Simple Class  Using the constructor method --> __init__"": 1}"
python-algorithms,/home/juan/Documents/Analisis-CC-PyCEFR/python-algorithms/leetcode/src/linkedlist/lc_83_remove_duplicates_from_sorted_list/remove_duplicates_from_sorted_list.py,remove_duplicates_from_sorted_list.py,__init__,,5,7,1,A,1,5,3,2.0,A2,1.6,"{""A2"": 3, ""A1"": 2}","{""Simple Atributte"": 2, ""Simple Assignment"": 2, ""Function with Simple argument with Default argument"": 1}"
python-algorithms,/home/juan/Documents/Analisis-CC-PyCEFR/python-algorithms/leetcode/src/linkedlist/lc_109_convert_sorted_list_binary_tree/convert_sorted_list_binary_tree.py,convert_sorted_list_binary_tree.py,sorted_list_to_bst,,15,31,5,A,1,28,9,4.0,B2,1.5,"{""A1"": 17, ""A2"": 9, ""B1"": 1, ""B2"": 1}","{""Simple Atributte"": 9, ""Simple Assignment"": 7, ""Return"": 3, ""Simple Tuple"": 2, ""Unary Operation"": 2, ""Simple If statements"": 2, ""Boolean Operation"": 1, ""While with Else Loop"": 1, ""Recursive Functions"": 1}"
python-algorithms,/home/juan/Documents/Analisis-CC-PyCEFR/python-algorithms/leetcode/src/linkedlist/lc_109_convert_sorted_list_binary_tree/convert_sorted_list_binary_tree.py,convert_sorted_list_binary_tree.py,sorted_list_to_bst_2,,43,58,2,A,1,19,11,4.0,B2,1.4210526315789473,"{""A1"": 14, ""A2"": 3, ""B1"": 1, ""B2"": 1}","{""Simple Assignment"": 4, ""Simple Atributte"": 3, ""Return"": 3, ""Simple Tuple"": 2, ""Simple List"": 1, ""Subscript"": 1, ""Assigment with sum (total = total + 1)"": 1, ""Simple If statements"": 1, ""While with Else Loop"": 1, ""Function with Simple argument"": 1}"
python-algorithms,/home/juan/Documents/Analisis-CC-PyCEFR/python-algorithms/leetcode/src/linkedlist/lc_109_convert_sorted_list_binary_tree/convert_sorted_list_binary_tree.py,convert_sorted_list_binary_tree.py,buildTree,sorted_list_to_bst_2,49,56,2,A,1,8,6,4.0,B2,1.375,"{""A1"": 7, ""B2"": 1}","{""Simple Assignment"": 2, ""Return"": 2, ""Subscript"": 1, ""Assigment with sum (total = total + 1)"": 1, ""Simple If statements"": 1, ""Recursive Functions"": 1}"
python-algorithms,/home/juan/Documents/Analisis-CC-PyCEFR/python-algorithms/leetcode/src/linkedlist/lc_109_convert_sorted_list_binary_tree/convert_sorted_list_binary_tree.py,convert_sorted_list_binary_tree.py,ListNode,,2,5,2,A,1,6,4,3.0,B1,1.8333333333333333,"{""A2"": 3, ""A1"": 2, ""B1"": 1}","{""Simple Atributte"": 2, ""Simple Assignment"": 2, ""Function with Simple argument with Default argument"": 1, ""Simple Class  Using the constructor method --> __init__"": 1}"
python-algorithms,/home/juan/Documents/Analisis-CC-PyCEFR/python-algorithms/leetcode/src/linkedlist/lc_109_convert_sorted_list_binary_tree/convert_sorted_list_binary_tree.py,convert_sorted_list_binary_tree.py,TreeNode,,8,12,2,A,1,8,4,3.0,B1,1.75,"{""A2"": 4, ""A1"": 3, ""B1"": 1}","{""Simple Atributte"": 3, ""Simple Assignment"": 3, ""Function with Simple argument with Default argument"": 1, ""Simple Class  Using the constructor method --> __init__"": 1}"
python-algorithms,/home/juan/Documents/Analisis-CC-PyCEFR/python-algorithms/leetcode/src/linkedlist/lc_109_convert_sorted_list_binary_tree/convert_sorted_list_binary_tree.py,convert_sorted_list_binary_tree.py,__init__,,3,5,1,A,1,5,3,2.0,A2,1.6,"{""A2"": 3, ""A1"": 2}","{""Simple Atributte"": 2, ""Simple Assignment"": 2, ""Function with Simple argument with Default argument"": 1}"
python-algorithms,/home/juan/Documents/Analisis-CC-PyCEFR/python-algorithms/leetcode/src/linkedlist/lc_109_convert_sorted_list_binary_tree/convert_sorted_list_binary_tree.py,convert_sorted_list_binary_tree.py,__init__,,9,12,1,A,1,7,3,2.0,A2,1.5714285714285714,"{""A2"": 4, ""A1"": 3}","{""Simple Atributte"": 3, ""Simple Assignment"": 3, ""Function with Simple argument with Default argument"": 1}"
python-algorithms,/home/juan/Documents/Analisis-CC-PyCEFR/python-algorithms/leetcode/src/linkedlist/lc_92_reverse_linkedlist_II/reverse_linkedlist_II.py,reverse_linkedlist_II.py,reverseBetween,,8,32,8,B,2,39,10,3.0,B1,1.3076923076923077,"{""A1"": 29, ""A2"": 8, ""B1"": 2}","{""Simple Assignment"": 11, ""Simple Tuple"": 8, ""Simple Atributte"": 6, ""Boolean Operation"": 3, ""Unary Operation"": 2, ""Simplified incremental Assignment with increase amount"": 2, ""Simple If statements"": 2, ""While with Else Loop"": 2, ""Return"": 2, ""Function with Simple argument"": 1}"
python-algorithms,/home/juan/Documents/Analisis-CC-PyCEFR/python-algorithms/leetcode/src/linkedlist/lc_92_reverse_linkedlist_II/reverse_linkedlist_II.py,reverse_linkedlist_II.py,ListNode,,2,5,2,A,1,6,4,3.0,B1,1.8333333333333333,"{""A2"": 3, ""A1"": 2, ""B1"": 1}","{""Simple Atributte"": 2, ""Simple Assignment"": 2, ""Function with Simple argument with Default argument"": 1, ""Simple Class  Using the constructor method --> __init__"": 1}"
python-algorithms,/home/juan/Documents/Analisis-CC-PyCEFR/python-algorithms/leetcode/src/linkedlist/lc_92_reverse_linkedlist_II/reverse_linkedlist_II.py,reverse_linkedlist_II.py,__init__,,3,5,1,A,1,5,3,2.0,A2,1.6,"{""A2"": 3, ""A1"": 2}","{""Simple Atributte"": 2, ""Simple Assignment"": 2, ""Function with Simple argument with Default argument"": 1}"
python-algorithms,/home/juan/Documents/Analisis-CC-PyCEFR/python-algorithms/leetcode/src/linkedlist/lc_61_rotate_list/rotate_list.py,rotate_list.py,rotateRight,,8,26,8,B,2,36,11,3.0,B1,1.3611111111111112,"{""A1"": 25, ""A2"": 9, ""B1"": 2}","{""Simple Tuple"": 8, ""Simple Atributte"": 7, ""Simple Assignment"": 6, ""Return"": 3, ""Unary Operation"": 2, ""Boolean Operation"": 2, ""Simplified incremental Assignment with increase amount"": 2, ""Simple If statements"": 2, ""While with Else Loop"": 2, ""Assigment with sum (total = total + 1)"": 1}"
python-algorithms,/home/juan/Documents/Analisis-CC-PyCEFR/python-algorithms/leetcode/src/linkedlist/lc_61_rotate_list/rotate_list.py,rotate_list.py,rotateLeft,,31,46,4,A,1,26,12,3.0,B1,1.3846153846153846,"{""A1"": 17, ""A2"": 8, ""B1"": 1}","{""Simple Atributte"": 6, ""Simple Assignment"": 6, ""Simple Tuple"": 4, ""Return"": 2, ""'range' call function"": 1, ""Unary Operation"": 1, ""Assigment with sum (total = total + 1)"": 1, ""Simplified incremental Assignment with increase amount"": 1, ""Simple If statements"": 1, ""Simple For Loop"": 1}"
python-algorithms,/home/juan/Documents/Analisis-CC-PyCEFR/python-algorithms/leetcode/src/linkedlist/lc_61_rotate_list/rotate_list.py,rotate_list.py,ListNode,,2,5,2,A,1,6,4,3.0,B1,1.8333333333333333,"{""A2"": 3, ""A1"": 2, ""B1"": 1}","{""Simple Atributte"": 2, ""Simple Assignment"": 2, ""Function with Simple argument with Default argument"": 1, ""Simple Class  Using the constructor method --> __init__"": 1}"
python-algorithms,/home/juan/Documents/Analisis-CC-PyCEFR/python-algorithms/leetcode/src/linkedlist/lc_61_rotate_list/rotate_list.py,rotate_list.py,__init__,,3,5,1,A,1,5,3,2.0,A2,1.6,"{""A2"": 3, ""A1"": 2}","{""Simple Atributte"": 2, ""Simple Assignment"": 2, ""Function with Simple argument with Default argument"": 1}"
python-algorithms,/home/juan/Documents/Analisis-CC-PyCEFR/python-algorithms/leetcode/src/linkedlist/lc_445_add_two_numbers_II/add_two_numbers_II.py,add_two_numbers_II.py,addTwoNumbers,,7,25,8,B,2,28,9,3.0,B1,1.6071428571428572,"{""A1"": 16, ""A2"": 7, ""B1"": 5}","{""Simple Assignment"": 9, ""Simple Atributte"": 7, ""If statements expression (else)"": 4, ""Simple Tuple"": 2, ""Assigment with sum (total = total + 1)"": 2, ""Boolean Operation"": 1, ""While with Else Loop"": 1, ""Function with Simple argument"": 1, ""Return"": 1}"
python-algorithms,/home/juan/Documents/Analisis-CC-PyCEFR/python-algorithms/leetcode/src/linkedlist/lc_445_add_two_numbers_II/add_two_numbers_II.py,add_two_numbers_II.py,reverse,,28,35,2,A,1,13,6,3.0,B1,1.3076923076923077,"{""A1"": 10, ""A2"": 2, ""B1"": 1}","{""Simple Tuple"": 4, ""Simple Assignment"": 4, ""Simple Atributte"": 2, ""While with Else Loop"": 1, ""Function with Simple argument"": 1, ""Return"": 1}"
python-algorithms,/home/juan/Documents/Analisis-CC-PyCEFR/python-algorithms/leetcode/src/linkedlist/lc_445_add_two_numbers_II/add_two_numbers_II.py,add_two_numbers_II.py,ListNode,,2,5,2,A,1,6,4,3.0,B1,1.8333333333333333,"{""A2"": 3, ""A1"": 2, ""B1"": 1}","{""Simple Atributte"": 2, ""Simple Assignment"": 2, ""Function with Simple argument with Default argument"": 1, ""Simple Class  Using the constructor method --> __init__"": 1}"
python-algorithms,/home/juan/Documents/Analisis-CC-PyCEFR/python-algorithms/leetcode/src/linkedlist/lc_445_add_two_numbers_II/add_two_numbers_II.py,add_two_numbers_II.py,__init__,,3,5,1,A,1,5,3,2.0,A2,1.6,"{""A2"": 3, ""A1"": 2}","{""Simple Atributte"": 2, ""Simple Assignment"": 2, ""Function with Simple argument with Default argument"": 1}"
python-algorithms,/home/juan/Documents/Analisis-CC-PyCEFR/python-algorithms/leetcode/src/linkedlist/lc_445_add_two_numbers_II/add_two_numbers.py,add_two_numbers.py,addTwoNumbers,,8,21,6,B,2,45,9,3.0,B1,1.5555555555555556,"{""A1"": 28, ""A2"": 9, ""B1"": 8}","{""Simple Assignment"": 14, ""Simple Atributte"": 9, ""If statements expression (else)"": 6, ""Simple Tuple"": 6, ""Assigment with sum (total = total + 1)"": 4, ""Boolean Operation"": 2, ""While with Else Loop"": 2, ""Function with Simple argument"": 1, ""Return"": 1}"
python-algorithms,/home/juan/Documents/Analisis-CC-PyCEFR/python-algorithms/leetcode/src/linkedlist/lc_445_add_two_numbers_II/add_two_numbers.py,add_two_numbers.py,create_stack,,23,29,2,A,1,13,7,3.0,B1,1.4615384615384615,"{""A1"": 8, ""A2"": 4, ""B1"": 1}","{""Simple Atributte"": 4, ""Return"": 2, ""Simple Tuple"": 2, ""Simple Assignment"": 2, ""Simple List"": 1, ""While with Else Loop"": 1, ""Function with Simple argument"": 1}"
python-algorithms,/home/juan/Documents/Analisis-CC-PyCEFR/python-algorithms/leetcode/src/linkedlist/lc_445_add_two_numbers_II/add_two_numbers.py,add_two_numbers.py,ListNode,,2,5,2,A,1,12,4,3.0,B1,1.8333333333333333,"{""A2"": 6, ""A1"": 4, ""B1"": 2}","{""Simple Atributte"": 4, ""Simple Assignment"": 4, ""Function with Simple argument with Default argument"": 2, ""Simple Class  Using the constructor method --> __init__"": 2}"
python-algorithms,/home/juan/Documents/Analisis-CC-PyCEFR/python-algorithms/leetcode/src/linkedlist/lc_445_add_two_numbers_II/add_two_numbers.py,add_two_numbers.py,__init__,,3,5,1,A,1,10,3,2.0,A2,1.6,"{""A2"": 6, ""A1"": 4}","{""Simple Atributte"": 4, ""Simple Assignment"": 4, ""Function with Simple argument with Default argument"": 2}"
python-algorithms,/home/juan/Documents/Analisis-CC-PyCEFR/python-algorithms/leetcode/src/linkedlist/lc_82_remove_duplicates_from_sorted_list_II/remove_duplicates_from_sorted_list_II.py,remove_duplicates_from_sorted_list_II.py,deleteDuplicates,,8,23,5,A,1,26,9,3.0,B1,1.4615384615384615,"{""A1"": 16, ""A2"": 8, ""B1"": 2}","{""Simple Assignment"": 9, ""Simple Atributte"": 8, ""Simple Tuple"": 2, ""While with Else Loop"": 2, ""Unary Operation"": 1, ""Boolean Operation"": 1, ""Simple If statements"": 1, ""Function with Simple argument"": 1, ""Return"": 1}"
python-algorithms,/home/juan/Documents/Analisis-CC-PyCEFR/python-algorithms/leetcode/src/linkedlist/lc_82_remove_duplicates_from_sorted_list_II/remove_duplicates_from_sorted_list_II.py,remove_duplicates_from_sorted_list_II.py,ListNode,,2,5,2,A,1,6,4,3.0,B1,1.8333333333333333,"{""A2"": 3, ""A1"": 2, ""B1"": 1}","{""Simple Atributte"": 2, ""Simple Assignment"": 2, ""Function with Simple argument with Default argument"": 1, ""Simple Class  Using the constructor method --> __init__"": 1}"
python-algorithms,/home/juan/Documents/Analisis-CC-PyCEFR/python-algorithms/leetcode/src/linkedlist/lc_82_remove_duplicates_from_sorted_list_II/remove_duplicates_from_sorted_list_II.py,remove_duplicates_from_sorted_list_II.py,__init__,,3,5,1,A,1,5,3,2.0,A2,1.6,"{""A2"": 3, ""A1"": 2}","{""Simple Atributte"": 2, ""Simple Assignment"": 2, ""Function with Simple argument with Default argument"": 1}"
python-algorithms,/home/juan/Documents/Analisis-CC-PyCEFR/python-algorithms/leetcode/src/linkedlist/lc_206_reverse_linkedlist/reverse_linkedlist.py,reverse_linkedlist.py,reverse_list,,1,8,2,A,1,30,9,5.0,C1,1.4333333333333333,"{""A1"": 22, ""A2"": 5, ""B1"": 2, ""C1"": 1}","{""Simple Tuple"": 8, ""Simple Assignment"": 8, ""Simple Atributte"": 4, ""While with Else Loop"": 2, ""Function with Simple argument"": 2, ""Return"": 2, ""Alias"": 2, ""Import're' module"": 1, ""From"": 1}"
python-algorithms,/home/juan/Documents/Analisis-CC-PyCEFR/python-algorithms/patterns/src/14_topological_sort/task_scheduling_order/task_scheduling_order.py,task_scheduling_order.py,find_order,,12,46,11,C,3,43,14,5.0,C1,1.441860465116279,"{""A1"": 31, ""A2"": 9, ""C1"": 2, ""B1"": 1}","{""Subscript"": 8, ""Simple Assignment"": 6, ""Simple Atributte"": 5, ""Simple List"": 4, ""Simple If statements"": 4, ""Simple For Loop"": 3, ""Return"": 3, ""Simple Tuple"": 2, ""'range' call function"": 2, ""Simple Dictionary Comprehension"": 2}"
python-algorithms,/home/juan/Documents/Analisis-CC-PyCEFR/python-algorithms/patterns/src/14_topological_sort/task_scheduling_order/task_scheduling_order.py,task_scheduling_order.py,main,,49,54,1,A,1,18,6,2.0,A2,1.1666666666666667,"{""A1"": 15, ""A2"": 3}","{""Simple List"": 11, ""Print"": 3, ""2 Nested List"": 1, ""3 Nested List"": 1, ""6 Nested List"": 1, ""Function"": 1}"
python-algorithms,/home/juan/Documents/Analisis-CC-PyCEFR/python-algorithms/patterns/src/14_topological_sort/alien_dictionary/alien_dictionary.py,alien_dictionary.py,find_order,,18,59,13,C,3,58,16,3.0,B1,1.3103448275862069,"{""A1"": 42, ""A2"": 14, ""B1"": 2}","{""Subscript"": 14, ""Simple Assignment"": 9, ""Simple Atributte"": 6, ""Simple If statements"": 5, ""Simple Tuple"": 4, ""Simple For Loop"": 4, ""Return"": 3, ""Simple List"": 2, ""Simple Dictionary"": 2, ""'range' call function"": 2}"
python-algorithms,/home/juan/Documents/Analisis-CC-PyCEFR/python-algorithms/patterns/src/14_topological_sort/alien_dictionary/alien_dictionary.py,alien_dictionary.py,main,,62,65,1,A,1,7,3,1.0,A1,1.0,"{""A1"": 7}","{""Simple List"": 3, ""Print"": 3, ""Function"": 1}"
python-algorithms,/home/juan/Documents/Analisis-CC-PyCEFR/python-algorithms/patterns/src/14_topological_sort/directed_graph_has_cycle/find_cycle.py,find_cycle.py,topological_sort,,13,47,11,C,3,42,14,5.0,C1,1.4523809523809523,"{""A1"": 30, ""A2"": 9, ""C1"": 2, ""B1"": 1}","{""Subscript"": 8, ""Simple Assignment"": 6, ""Simple Atributte"": 5, ""Simple If statements"": 4, ""Simple List"": 3, ""Simple For Loop"": 3, ""Return"": 3, ""Simple Tuple"": 2, ""'range' call function"": 2, ""Simple Dictionary Comprehension"": 2}"
python-algorithms,/home/juan/Documents/Analisis-CC-PyCEFR/python-algorithms/patterns/src/14_topological_sort/directed_graph_has_cycle/find_cycle.py,find_cycle.py,main,,49,55,1,A,1,26,6,2.0,A2,1.1153846153846154,"{""A1"": 23, ""A2"": 3}","{""Simple List"": 19, ""Print"": 3, ""5 Nested List"": 1, ""6 Nested List"": 1, ""8 Nested List"": 1, ""Function"": 1}"
python-algorithms,/home/juan/Documents/Analisis-CC-PyCEFR/python-algorithms/patterns/src/14_topological_sort/course_scheduling_order/course_scheduling_order.py,course_scheduling_order.py,find_order,,12,46,11,C,3,43,14,5.0,C1,1.441860465116279,"{""A1"": 31, ""A2"": 9, ""C1"": 2, ""B1"": 1}","{""Subscript"": 8, ""Simple Assignment"": 6, ""Simple Atributte"": 5, ""Simple List"": 4, ""Simple If statements"": 4, ""Simple For Loop"": 3, ""Return"": 3, ""Simple Tuple"": 2, ""'range' call function"": 2, ""Simple Dictionary Comprehension"": 2}"
python-algorithms,/home/juan/Documents/Analisis-CC-PyCEFR/python-algorithms/patterns/src/14_topological_sort/course_scheduling_order/course_scheduling_order.py,course_scheduling_order.py,main,,49,54,1,A,1,18,6,2.0,A2,1.1666666666666667,"{""A1"": 15, ""A2"": 3}","{""Simple List"": 11, ""Print"": 3, ""2 Nested List"": 1, ""3 Nested List"": 1, ""6 Nested List"": 1, ""Function"": 1}"
python-algorithms,/home/juan/Documents/Analisis-CC-PyCEFR/python-algorithms/patterns/src/14_topological_sort/course_scheduling/course_scheduling.py,course_scheduling.py,is_scheduling_possible,,14,48,10,B,2,39,14,5.0,C1,1.4871794871794872,"{""A1"": 27, ""A2"": 9, ""C1"": 2, ""B1"": 1}","{""Subscript"": 8, ""Simple Assignment"": 6, ""Simple Atributte"": 5, ""Simple If statements"": 3, ""Simple For Loop"": 3, ""Simple List"": 2, ""Simple Tuple"": 2, ""'range' call function"": 2, ""Simple Dictionary Comprehension"": 2, ""Return"": 2}"
python-algorithms,/home/juan/Documents/Analisis-CC-PyCEFR/python-algorithms/patterns/src/14_topological_sort/course_scheduling/course_scheduling.py,course_scheduling.py,main,,51,57,1,A,1,16,6,2.0,A2,1.1875,"{""A1"": 13, ""A2"": 3}","{""Simple List"": 9, ""Print"": 3, ""2 Nested List"": 1, ""3 Nested List"": 1, ""4 Nested List"": 1, ""Function"": 1}"
python-algorithms,/home/juan/Documents/Analisis-CC-PyCEFR/python-algorithms/patterns/src/14_topological_sort/topological_sort/topological_sort.py,topological_sort.py,topological_sort,,13,48,11,C,3,43,14,5.0,C1,1.441860465116279,"{""A1"": 31, ""A2"": 9, ""C1"": 2, ""B1"": 1}","{""Subscript"": 8, ""Simple Assignment"": 6, ""Simple Atributte"": 5, ""Simple List"": 4, ""Simple If statements"": 4, ""Simple For Loop"": 3, ""Return"": 3, ""Simple Tuple"": 2, ""'range' call function"": 2, ""Simple Dictionary Comprehension"": 2}"
python-algorithms,/home/juan/Documents/Analisis-CC-PyCEFR/python-algorithms/patterns/src/14_topological_sort/topological_sort/topological_sort.py,topological_sort.py,main,,50,56,1,A,1,24,6,2.0,A2,1.125,"{""A1"": 21, ""A2"": 3}","{""Simple List"": 17, ""Print"": 3, ""4 Nested List"": 1, ""5 Nested List"": 1, ""8 Nested List"": 1, ""Function"": 1}"
python-algorithms,/home/juan/Documents/Analisis-CC-PyCEFR/python-algorithms/patterns/src/14_topological_sort/task_scheduling/task_scheduling.py,task_scheduling.py,is_scheduling_possible,,14,48,10,B,2,39,14,5.0,C1,1.4871794871794872,"{""A1"": 27, ""A2"": 9, ""C1"": 2, ""B1"": 1}","{""Subscript"": 8, ""Simple Assignment"": 6, ""Simple Atributte"": 5, ""Simple If statements"": 3, ""Simple For Loop"": 3, ""Simple List"": 2, ""Simple Tuple"": 2, ""'range' call function"": 2, ""Simple Dictionary Comprehension"": 2, ""Return"": 2}"
python-algorithms,/home/juan/Documents/Analisis-CC-PyCEFR/python-algorithms/patterns/src/14_topological_sort/task_scheduling/task_scheduling.py,task_scheduling.py,main,,51,57,1,A,1,16,6,2.0,A2,1.1875,"{""A1"": 13, ""A2"": 3}","{""Simple List"": 9, ""Print"": 3, ""2 Nested List"": 1, ""3 Nested List"": 1, ""4 Nested List"": 1, ""Function"": 1}"
python-algorithms,/home/juan/Documents/Analisis-CC-PyCEFR/python-algorithms/patterns/src/8_tree_depth_first_search/path_with_given_sequence/path_with_given_sequence.py,path_with_given_sequence.py,check_sequence,,22,33,7,B,2,18,7,4.0,B2,1.4444444444444444,"{""A1"": 12, ""A2"": 5, ""B2"": 1}","{""Simple Atributte"": 5, ""Return"": 4, ""Boolean Operation"": 3, ""Simple If statements"": 3, ""Subscript"": 1, ""Simple Assignment"": 1, ""Recursive Functions"": 1}"
python-algorithms,/home/juan/Documents/Analisis-CC-PyCEFR/python-algorithms/patterns/src/8_tree_depth_first_search/path_with_given_sequence/path_with_given_sequence.py,path_with_given_sequence.py,find_path,,17,20,2,A,1,4,3,1.0,A1,1.0,"{""A1"": 4}","{""Return"": 2, ""Simple If statements"": 1, ""Function with Simple argument"": 1}"
python-algorithms,/home/juan/Documents/Analisis-CC-PyCEFR/python-algorithms/patterns/src/8_tree_depth_first_search/path_with_given_sequence/path_with_given_sequence.py,path_with_given_sequence.py,TreeNode,,1,5,2,A,1,8,4,3.0,B1,1.75,"{""A2"": 4, ""A1"": 3, ""B1"": 1}","{""Simple Atributte"": 3, ""Simple Assignment"": 3, ""Function with Simple argument with Default argument"": 1, ""Simple Class  Using the constructor method --> __init__"": 1}"
python-algorithms,/home/juan/Documents/Analisis-CC-PyCEFR/python-algorithms/patterns/src/8_tree_depth_first_search/path_with_given_sequence/path_with_given_sequence.py,path_with_given_sequence.py,__init__,,2,5,1,A,1,7,3,2.0,A2,1.5714285714285714,"{""A2"": 4, ""A1"": 3}","{""Simple Atributte"": 3, ""Simple Assignment"": 3, ""Function with Simple argument with Default argument"": 1}"
python-algorithms,/home/juan/Documents/Analisis-CC-PyCEFR/python-algorithms/patterns/src/8_tree_depth_first_search/sum_of_path_numbers/sum_of_path_numbers.py,sum_of_path_numbers.py,find_path_numbers,,21,29,4,A,1,13,6,4.0,B2,1.6153846153846154,"{""A1"": 7, ""A2"": 5, ""B2"": 1}","{""Simple Atributte"": 5, ""Return"": 3, ""Simple If statements"": 2, ""Boolean Operation"": 1, ""Assigment with sum (total = total + 1)"": 1, ""Recursive Functions"": 1}"
python-algorithms,/home/juan/Documents/Analisis-CC-PyCEFR/python-algorithms/patterns/src/8_tree_depth_first_search/sum_of_path_numbers/sum_of_path_numbers.py,sum_of_path_numbers.py,TreeNode,,1,5,2,A,1,8,4,3.0,B1,1.75,"{""A2"": 4, ""A1"": 3, ""B1"": 1}","{""Simple Atributte"": 3, ""Simple Assignment"": 3, ""Function with Simple argument with Default argument"": 1, ""Simple Class  Using the constructor method --> __init__"": 1}"
python-algorithms,/home/juan/Documents/Analisis-CC-PyCEFR/python-algorithms/patterns/src/8_tree_depth_first_search/sum_of_path_numbers/sum_of_path_numbers.py,sum_of_path_numbers.py,find_sum_of_path_numbers,,18,19,1,A,1,2,2,1.0,A1,1.0,"{""A1"": 2}","{""Function with Simple argument"": 1, ""Return"": 1}"
python-algorithms,/home/juan/Documents/Analisis-CC-PyCEFR/python-algorithms/patterns/src/8_tree_depth_first_search/sum_of_path_numbers/sum_of_path_numbers.py,sum_of_path_numbers.py,__init__,,2,5,1,A,1,7,3,2.0,A2,1.5714285714285714,"{""A2"": 4, ""A1"": 3}","{""Simple Atributte"": 3, ""Simple Assignment"": 3, ""Function with Simple argument with Default argument"": 1}"
python-algorithms,/home/juan/Documents/Analisis-CC-PyCEFR/python-algorithms/patterns/src/8_tree_depth_first_search/all_paths_for_a_sum/find_paths.py,find_paths.py,get_paths,,46,64,5,A,1,18,8,4.0,B2,1.7222222222222223,"{""A2"": 10, ""A1"": 7, ""B2"": 1}","{""Simple Atributte"": 10, ""Simple If statements"": 2, ""Unary Operation"": 1, ""Boolean Operation"": 1, ""Subscript"": 1, ""Delete"": 1, ""Recursive Functions"": 1, ""Return"": 1}"
python-algorithms,/home/juan/Documents/Analisis-CC-PyCEFR/python-algorithms/patterns/src/8_tree_depth_first_search/all_paths_for_a_sum/find_paths.py,find_paths.py,TreeNode,,33,37,2,A,1,8,4,3.0,B1,1.75,"{""A2"": 4, ""A1"": 3, ""B1"": 1}","{""Simple Atributte"": 3, ""Simple Assignment"": 3, ""Function with Simple argument with Default argument"": 1, ""Simple Class  Using the constructor method --> __init__"": 1}"
python-algorithms,/home/juan/Documents/Analisis-CC-PyCEFR/python-algorithms/patterns/src/8_tree_depth_first_search/all_paths_for_a_sum/find_paths.py,find_paths.py,find_paths,,40,44,1,A,1,5,4,1.0,A1,1.0,"{""A1"": 5}","{""Simple List"": 2, ""Simple Assignment"": 1, ""Function with Simple argument"": 1, ""Return"": 1}"
python-algorithms,/home/juan/Documents/Analisis-CC-PyCEFR/python-algorithms/patterns/src/8_tree_depth_first_search/all_paths_for_a_sum/find_paths.py,find_paths.py,__init__,,34,37,1,A,1,7,3,2.0,A2,1.5714285714285714,"{""A2"": 4, ""A1"": 3}","{""Simple Atributte"": 3, ""Simple Assignment"": 3, ""Function with Simple argument with Default argument"": 1}"
python-algorithms,/home/juan/Documents/Analisis-CC-PyCEFR/python-algorithms/patterns/src/8_tree_depth_first_search/root_to_leaf_paths/root_to_leaf_paths.py,root_to_leaf_paths.py,get_paths,,15,27,4,A,1,15,8,4.0,B2,1.6666666666666667,"{""A2"": 7, ""A1"": 7, ""B2"": 1}","{""Simple Atributte"": 7, ""Simple If statements"": 2, ""Unary Operation"": 1, ""Boolean Operation"": 1, ""Subscript"": 1, ""Delete"": 1, ""Recursive Functions"": 1, ""Return"": 1}"
python-algorithms,/home/juan/Documents/Analisis-CC-PyCEFR/python-algorithms/patterns/src/8_tree_depth_first_search/root_to_leaf_paths/root_to_leaf_paths.py,root_to_leaf_paths.py,TreeNode,,2,6,2,A,1,8,4,3.0,B1,1.75,"{""A2"": 4, ""A1"": 3, ""B1"": 1}","{""Simple Atributte"": 3, ""Simple Assignment"": 3, ""Function with Simple argument with Default argument"": 1, ""Simple Class  Using the constructor method --> __init__"": 1}"
python-algorithms,/home/juan/Documents/Analisis-CC-PyCEFR/python-algorithms/patterns/src/8_tree_depth_first_search/root_to_leaf_paths/root_to_leaf_paths.py,root_to_leaf_paths.py,root_to_leaf,,9,13,1,A,1,5,4,1.0,A1,1.0,"{""A1"": 5}","{""Simple List"": 2, ""Simple Assignment"": 1, ""Function with Simple argument"": 1, ""Return"": 1}"
python-algorithms,/home/juan/Documents/Analisis-CC-PyCEFR/python-algorithms/patterns/src/8_tree_depth_first_search/root_to_leaf_paths/root_to_leaf_paths.py,root_to_leaf_paths.py,__init__,,3,6,1,A,1,7,3,2.0,A2,1.5714285714285714,"{""A2"": 4, ""A1"": 3}","{""Simple Atributte"": 3, ""Simple Assignment"": 3, ""Function with Simple argument with Default argument"": 1}"
python-algorithms,/home/juan/Documents/Analisis-CC-PyCEFR/python-algorithms/patterns/src/8_tree_depth_first_search/count_paths_for_sum/count_paths_for_sum.py,count_paths_for_sum.py,count_paths_recurse,,25,43,4,A,1,24,12,4.0,B2,1.5,"{""A1"": 14, ""A2"": 9, ""B2"": 1}","{""Simple Atributte"": 4, ""Simplified incremental Assignment with increase amount"": 4, ""Unary Operation"": 3, ""Simple Tuple"": 2, ""Subscript"": 2, ""Simple If statements"": 2, ""Return"": 2, ""'range' call function"": 1, ""Simple Assignment"": 1, ""Delete"": 1}"
python-algorithms,/home/juan/Documents/Analisis-CC-PyCEFR/python-algorithms/patterns/src/8_tree_depth_first_search/count_paths_for_sum/count_paths_for_sum.py,count_paths_for_sum.py,TreeNode,,1,5,2,A,1,8,4,3.0,B1,1.75,"{""A2"": 4, ""A1"": 3, ""B1"": 1}","{""Simple Atributte"": 3, ""Simple Assignment"": 3, ""Function with Simple argument with Default argument"": 1, ""Simple Class  Using the constructor method --> __init__"": 1}"
python-algorithms,/home/juan/Documents/Analisis-CC-PyCEFR/python-algorithms/patterns/src/8_tree_depth_first_search/count_paths_for_sum/count_paths_for_sum.py,count_paths_for_sum.py,count_paths,,22,23,1,A,1,3,3,1.0,A1,1.0,"{""A1"": 3}","{""Simple List"": 1, ""Function with Simple argument"": 1, ""Return"": 1}"
python-algorithms,/home/juan/Documents/Analisis-CC-PyCEFR/python-algorithms/patterns/src/8_tree_depth_first_search/count_paths_for_sum/count_paths_for_sum.py,count_paths_for_sum.py,__init__,,2,5,1,A,1,7,3,2.0,A2,1.5714285714285714,"{""A2"": 4, ""A1"": 3}","{""Simple Atributte"": 3, ""Simple Assignment"": 3, ""Function with Simple argument with Default argument"": 1}"
python-algorithms,/home/juan/Documents/Analisis-CC-PyCEFR/python-algorithms/patterns/src/8_tree_depth_first_search/btree_path_sum/btree_path_sum.py,btree_path_sum.py,has_path,,17,27,6,B,2,15,5,4.0,B2,1.6666666666666667,"{""A2"": 7, ""A1"": 7, ""B2"": 1}","{""Simple Atributte"": 7, ""Return"": 3, ""Boolean Operation"": 2, ""Simple If statements"": 2, ""Recursive Functions"": 1}"
python-algorithms,/home/juan/Documents/Analisis-CC-PyCEFR/python-algorithms/patterns/src/8_tree_depth_first_search/btree_path_sum/btree_path_sum.py,btree_path_sum.py,TreeNode,,1,5,2,A,1,8,4,3.0,B1,1.75,"{""A2"": 4, ""A1"": 3, ""B1"": 1}","{""Simple Atributte"": 3, ""Simple Assignment"": 3, ""Function with Simple argument with Default argument"": 1, ""Simple Class  Using the constructor method --> __init__"": 1}"
python-algorithms,/home/juan/Documents/Analisis-CC-PyCEFR/python-algorithms/patterns/src/8_tree_depth_first_search/btree_path_sum/btree_path_sum.py,btree_path_sum.py,__init__,,2,5,1,A,1,7,3,2.0,A2,1.5714285714285714,"{""A2"": 4, ""A1"": 3}","{""Simple Atributte"": 3, ""Simple Assignment"": 3, ""Function with Simple argument with Default argument"": 1}"
python-algorithms,/home/juan/Documents/Analisis-CC-PyCEFR/python-algorithms/patterns/src/8_tree_depth_first_search/path_with_maximum_sum/path_with_max_sum.py,path_with_max_sum.py,MaximumPathSum,,22,52,3,A,1,27,8,3.0,B1,1.5185185185185186,"{""A1"": 14, ""A2"": 12, ""B1"": 1}","{""Simple Atributte"": 12, ""Simple Assignment"": 6, ""Return"": 3, ""Function with Simple argument"": 2, ""Unary Operation"": 1, ""Assigment with sum (total = total + 1)"": 1, ""Simple If statements"": 1, ""Simple Class "": 1}"
python-algorithms,/home/juan/Documents/Analisis-CC-PyCEFR/python-algorithms/patterns/src/8_tree_depth_first_search/path_with_maximum_sum/path_with_max_sum.py,path_with_max_sum.py,TreeNode,,4,8,2,A,1,8,4,3.0,B1,1.75,"{""A2"": 4, ""A1"": 3, ""B1"": 1}","{""Simple Atributte"": 3, ""Simple Assignment"": 3, ""Function with Simple argument with Default argument"": 1, ""Simple Class  Using the constructor method --> __init__"": 1}"
python-algorithms,/home/juan/Documents/Analisis-CC-PyCEFR/python-algorithms/patterns/src/8_tree_depth_first_search/path_with_maximum_sum/path_with_max_sum.py,path_with_max_sum.py,find_maximum_path_sum_recursive,,29,52,2,A,1,18,6,2.0,A2,1.4444444444444444,"{""A1"": 10, ""A2"": 8}","{""Simple Atributte"": 8, ""Simple Assignment"": 5, ""Return"": 2, ""Assigment with sum (total = total + 1)"": 1, ""Simple If statements"": 1, ""Function with Simple argument"": 1}"
python-algorithms,/home/juan/Documents/Analisis-CC-PyCEFR/python-algorithms/patterns/src/8_tree_depth_first_search/path_with_maximum_sum/path_with_max_sum.py,path_with_max_sum.py,__init__,,5,8,1,A,1,7,3,2.0,A2,1.5714285714285714,"{""A2"": 4, ""A1"": 3}","{""Simple Atributte"": 3, ""Simple Assignment"": 3, ""Function with Simple argument with Default argument"": 1}"
python-algorithms,/home/juan/Documents/Analisis-CC-PyCEFR/python-algorithms/patterns/src/8_tree_depth_first_search/path_with_maximum_sum/path_with_max_sum.py,path_with_max_sum.py,find_maximum_path_sum,,24,27,1,A,1,8,5,2.0,A2,1.5,"{""A2"": 4, ""A1"": 4}","{""Simple Atributte"": 4, ""Unary Operation"": 1, ""Simple Assignment"": 1, ""Function with Simple argument"": 1, ""Return"": 1}"
python-algorithms,/home/juan/Documents/Analisis-CC-PyCEFR/python-algorithms/patterns/src/8_tree_depth_first_search/tree_diameter/tree_diameter.py,tree_diameter.py,calculate_height,,27,47,4,A,1,16,7,2.0,A2,1.375,"{""A1"": 10, ""A2"": 6}","{""Simple Atributte"": 6, ""Simple Assignment"": 3, ""Simple If statements"": 2, ""Return"": 2, ""Boolean Operation"": 1, ""Assigment with sum (total = total + 1)"": 1, ""Function with Simple argument"": 1}"
python-algorithms,/home/juan/Documents/Analisis-CC-PyCEFR/python-algorithms/patterns/src/8_tree_depth_first_search/tree_diameter/tree_diameter.py,tree_diameter.py,TreeDiameter,,18,47,3,A,1,27,8,3.0,B1,1.4074074074074074,"{""A1"": 17, ""A2"": 9, ""B1"": 1}","{""Simple Atributte"": 9, ""Simple Assignment"": 5, ""Return"": 5, ""Function with Simple argument"": 3, ""Simple If statements"": 2, ""Boolean Operation"": 1, ""Assigment with sum (total = total + 1)"": 1, ""Simple Class  Using the constructor method --> __init__"": 1}"
python-algorithms,/home/juan/Documents/Analisis-CC-PyCEFR/python-algorithms/patterns/src/8_tree_depth_first_search/tree_diameter/tree_diameter.py,tree_diameter.py,TreeNode,,1,5,2,A,1,16,4,3.0,B1,1.75,"{""A2"": 8, ""A1"": 6, ""B1"": 2}","{""Simple Atributte"": 6, ""Simple Assignment"": 6, ""Function with Simple argument with Default argument"": 2, ""Simple Class  Using the constructor method --> __init__"": 2}"
python-algorithms,/home/juan/Documents/Analisis-CC-PyCEFR/python-algorithms/patterns/src/8_tree_depth_first_search/tree_diameter/tree_diameter.py,tree_diameter.py,__init__,,2,5,1,A,1,14,3,2.0,A2,1.5714285714285714,"{""A2"": 8, ""A1"": 6}","{""Simple Atributte"": 6, ""Simple Assignment"": 6, ""Function with Simple argument with Default argument"": 2}"
python-algorithms,/home/juan/Documents/Analisis-CC-PyCEFR/python-algorithms/patterns/src/8_tree_depth_first_search/tree_diameter/tree_diameter.py,tree_diameter.py,__init__,,20,21,1,A,1,4,3,2.0,A2,1.25,"{""A1"": 3, ""A2"": 1}","{""Simple Assignment"": 2, ""Simple Atributte"": 1, ""Function with Simple argument"": 1}"
python-algorithms,/home/juan/Documents/Analisis-CC-PyCEFR/python-algorithms/patterns/src/8_tree_depth_first_search/tree_diameter/tree_diameter.py,tree_diameter.py,find_diameter,,23,25,1,A,1,5,3,2.0,A2,1.4,"{""A1"": 3, ""A2"": 2}","{""Return"": 2, ""Simple Atributte"": 2, ""Function with Simple argument"": 1}"
python-algorithms,/home/juan/Documents/Analisis-CC-PyCEFR/python-algorithms/patterns/src/10_subsets/subsets/subsets.py,subsets.py,find_subsets,,14,26,3,A,1,40,13,3.0,B1,1.325,"{""A1"": 28, ""A2"": 11, ""B1"": 1}","{""Simple Atributte"": 8, ""Simple List"": 7, ""Subscript"": 5, ""Simple Assignment"": 4, ""Print"": 3, ""Return"": 3, ""'range' call function"": 2, ""Simple If statements"": 2, ""Simple For Loop"": 2, ""Boolean Operation"": 1}"
python-algorithms,/home/juan/Documents/Analisis-CC-PyCEFR/python-algorithms/patterns/src/10_subsets/subsets_with_duplicates/subsets_with_duplicates.py,subsets_with_duplicates.py,find_subsets,,14,31,5,A,1,26,13,2.0,A2,1.2692307692307692,"{""A1"": 19, ""A2"": 7}","{""Simple Atributte"": 4, ""Subscript"": 4, ""Simple Assignment"": 4, ""Simple List"": 2, ""Simple Tuple"": 2, ""'range' call function"": 2, ""Assigment with sum (total = total + 1)"": 2, ""Boolean Operation"": 1, ""Simple If statements"": 1, ""1 Nested For Loop"": 1}"
python-algorithms,/home/juan/Documents/Analisis-CC-PyCEFR/python-algorithms/patterns/src/10_subsets/unique_generalized_abbreviation/unique_gen_abbrev.py,unique_gen_abbrev.py,generate_generalized_abbreviation,,3,4,1,A,1,2,2,1.0,A1,1.0,"{""A1"": 2}","{""Function with Simple argument"": 1, ""Return"": 1}"
python-algorithms,/home/juan/Documents/Analisis-CC-PyCEFR/python-algorithms/patterns/src/10_subsets/balanced_parenthesis/balanced_parenthesis.py,balanced_parenthesis.py,generate_valid_parentheses,,10,29,6,B,2,28,8,3.0,B1,1.6785714285714286,"{""A2"": 17, ""A1"": 10, ""B1"": 1}","{""Simple Atributte"": 17, ""Simple Assignment"": 3, ""Simple If statements"": 3, ""Simple List"": 1, ""Boolean Operation"": 1, ""While with Else Loop"": 1, ""Function with Simple argument"": 1, ""Return"": 1}"
python-algorithms,/home/juan/Documents/Analisis-CC-PyCEFR/python-algorithms/patterns/src/10_subsets/balanced_parenthesis/balanced_parenthesis.py,balanced_parenthesis.py,ParenthesesString,,4,8,2,A,1,8,4,3.0,B1,1.625,"{""A1"": 4, ""A2"": 3, ""B1"": 1}","{""Simple Atributte"": 3, ""Simple Assignment"": 3, ""Function with Simple argument"": 1, ""Simple Class  Using the constructor method --> __init__"": 1}"
python-algorithms,/home/juan/Documents/Analisis-CC-PyCEFR/python-algorithms/patterns/src/10_subsets/balanced_parenthesis/balanced_parenthesis.py,balanced_parenthesis.py,__init__,,5,8,1,A,1,7,3,2.0,A2,1.4285714285714286,"{""A1"": 4, ""A2"": 3}","{""Simple Atributte"": 3, ""Simple Assignment"": 3, ""Function with Simple argument"": 1}"
python-algorithms,/home/juan/Documents/Analisis-CC-PyCEFR/python-algorithms/patterns/src/10_subsets/string_permutations_by_changing_case/string_permuations.py,string_permuations.py,find_letter_case_string_permutations,,13,27,4,A,1,21,9,2.0,A2,1.3333333333333333,"{""A1"": 14, ""A2"": 7}","{""Simple Atributte"": 5, ""Subscript"": 4, ""Simple Assignment"": 4, ""'range' call function"": 2, ""Simple For Loop"": 2, ""Simple List"": 1, ""Simple If statements"": 1, ""Function with Simple argument"": 1, ""Return"": 1}"
python-algorithms,/home/juan/Documents/Analisis-CC-PyCEFR/python-algorithms/patterns/src/10_subsets/permutations/permutations.py,permutations.py,find_permutations,,21,40,5,A,1,42,12,2.0,A2,1.2380952380952381,"{""A1"": 32, ""A2"": 10}","{""Simple Assignment"": 9, ""Subscript"": 8, ""Simple Atributte"": 5, ""Simple List"": 4, ""Simple Tuple"": 4, ""'range' call function"": 3, ""1 Nested For Loop"": 2, ""Simple For Loop"": 2, ""Return"": 2, ""Simple If statements"": 1}"
python-algorithms,/home/juan/Documents/Analisis-CC-PyCEFR/python-algorithms/patterns/src/4_merge_intervals/employee_free_time/employee_free_time.py,employee_free_time.py,find_employee_free_time,,1,15,5,A,1,30,13,3.0,B1,1.2333333333333334,"{""A1"": 24, ""A2"": 5, ""B1"": 1}","{""Subscript"": 9, ""Simple Tuple"": 4, ""Simple List"": 3, ""Simple Atributte"": 3, ""Simple Assignment"": 2, ""Simple For Loop"": 2, ""'range' call function"": 1, ""Assigment with sum (total = total + 1)"": 1, ""Simple If statements"": 1, ""1 Nested For Loop"": 1}"
python-algorithms,/home/juan/Documents/Analisis-CC-PyCEFR/python-algorithms/patterns/src/4_merge_intervals/conflicting_appointments/conflicting_appointments.py,conflicting_appointments.py,can_attend_all_appointments,,13,30,6,B,2,27,12,3.0,B1,1.2222222222222223,"{""A1"": 23, ""A2"": 2, ""B1"": 2}","{""Subscript"": 9, ""Simple Assignment"": 3, ""Return"": 3, ""Simple Tuple"": 2, ""Boolean Operation"": 2, ""Simple If statements"": 2, ""Simple Atributte"": 1, ""Assigment with sum (total = total + 1)"": 1, ""Simplified incremental Assignment with increase amount"": 1, ""While with Else Loop"": 1}"
python-algorithms,/home/juan/Documents/Analisis-CC-PyCEFR/python-algorithms/patterns/src/4_merge_intervals/conflicting_appointments/conflicting_appointments.py,conflicting_appointments.py,can_attend_all_appointments_2,,34,45,3,A,1,16,10,3.0,B1,1.25,"{""A1"": 13, ""A2"": 2, ""B1"": 1}","{""Subscript"": 5, ""Simple Tuple"": 2, ""Return"": 2, ""'range' call function"": 1, ""Simple Atributte"": 1, ""Simple Assignment"": 1, ""Simple If statements"": 1, ""Simple For Loop"": 1, ""Function with Simple argument"": 1, ""Lambda"": 1}"
python-algorithms,/home/juan/Documents/Analisis-CC-PyCEFR/python-algorithms/patterns/src/4_merge_intervals/2_insert_interval/insert_interval.py,insert_interval.py,insert,,10,29,6,B,2,36,10,3.0,B1,1.3333333333333333,"{""A1"": 27, ""A2"": 6, ""B1"": 3}","{""Subscript"": 16, ""Simple Assignment"": 4, ""Simple Atributte"": 3, ""Simplified incremental Assignment with increase amount"": 3, ""While with Else Loop"": 3, ""Simple Tuple"": 2, ""Boolean Operation"": 2, ""Simple List"": 1, ""Function with Simple argument"": 1, ""Return"": 1}"
python-algorithms,/home/juan/Documents/Analisis-CC-PyCEFR/python-algorithms/patterns/src/4_merge_intervals/1_merge_intervals/merge_2.py,merge_2.py,merge,,24,46,4,A,1,29,10,3.0,B1,1.4482758620689655,"{""A1"": 17, ""A2"": 11, ""B1"": 1}","{""Simple Atributte"": 10, ""Simple Assignment"": 7, ""Subscript"": 3, ""Simple If statements"": 2, ""Return"": 2, ""Simple List"": 1, ""'range' call function"": 1, ""Simple For Loop"": 1, ""Function with Simple argument"": 1, ""Lambda"": 1}"
python-algorithms,/home/juan/Documents/Analisis-CC-PyCEFR/python-algorithms/patterns/src/4_merge_intervals/1_merge_intervals/merge_2.py,merge_2.py,Interval,,2,8,2,A,1,10,5,3.0,B1,1.6,"{""A1"": 5, ""A2"": 4, ""B1"": 1}","{""Simple Atributte"": 4, ""Simple Assignment"": 2, ""Function with Simple argument"": 2, ""Print"": 1, ""Simple Class  Using the constructor method --> __init__"": 1}"
python-algorithms,/home/juan/Documents/Analisis-CC-PyCEFR/python-algorithms/patterns/src/4_merge_intervals/1_merge_intervals/merge_2.py,merge_2.py,__init__,,3,5,1,A,1,5,3,2.0,A2,1.4,"{""A1"": 3, ""A2"": 2}","{""Simple Atributte"": 2, ""Simple Assignment"": 2, ""Function with Simple argument"": 1}"
python-algorithms,/home/juan/Documents/Analisis-CC-PyCEFR/python-algorithms/patterns/src/4_merge_intervals/1_merge_intervals/merge_2.py,merge_2.py,print_interval,,7,8,1,A,1,4,3,2.0,A2,1.5,"{""A1"": 2, ""A2"": 2}","{""Simple Atributte"": 2, ""Print"": 1, ""Function with Simple argument"": 1}"
python-algorithms,/home/juan/Documents/Analisis-CC-PyCEFR/python-algorithms/patterns/src/4_merge_intervals/1_merge_intervals/merge.py,merge.py,merge,,15,37,4,A,1,31,10,3.0,B1,1.1935483870967742,"{""A1"": 26, ""A2"": 4, ""B1"": 1}","{""Subscript"": 10, ""Simple Assignment"": 7, ""Simple List"": 3, ""Simple Atributte"": 3, ""Simple If statements"": 2, ""Return"": 2, ""'range' call function"": 1, ""Simple For Loop"": 1, ""Function with Simple argument"": 1, ""Lambda"": 1}"
python-algorithms,/home/juan/Documents/Analisis-CC-PyCEFR/python-algorithms/patterns/src/4_merge_intervals/find_intervals/find_interval.py,find_interval.py,find_interval,,1,15,4,A,1,19,9,3.0,B1,1.2105263157894737,"{""A1"": 16, ""A2"": 2, ""B1"": 1}","{""Subscript"": 6, ""Simple Assignment"": 3, ""Return"": 3, ""Simple If statements"": 2, ""'range' call function"": 1, ""Simple Atributte"": 1, ""Simple For Loop"": 1, ""Function with Simple argument"": 1, ""Lambda"": 1}"
python-algorithms,/home/juan/Documents/Analisis-CC-PyCEFR/python-algorithms/patterns/src/4_merge_intervals/maximum_cpu_load/find_max_cpu_load.py,find_max_cpu_load.py,find_max_cpu_load,,17,40,4,A,1,29,15,3.0,B1,1.2758620689655173,"{""A1"": 23, ""A2"": 4, ""B1"": 2}","{""Subscript"": 10, ""Simple Assignment"": 5, ""Simple Tuple"": 2, ""Simple List"": 1, ""'range' call function"": 1, ""Simple Atributte"": 1, ""Boolean Operation"": 1, ""Assigment with sum (total = total + 1)"": 1, ""Simplified incremental Assignment with increase amount"": 1, ""Simplified incremental Assignment with decrease subtraction"": 1}"
python-algorithms,/home/juan/Documents/Analisis-CC-PyCEFR/python-algorithms/patterns/src/4_merge_intervals/maximum_cpu_load/find_max_cpu_load_clean.py,find_max_cpu_load_clean.py,find_max_cpu_load,,28,43,4,A,1,22,13,3.0,B1,1.5454545454545454,"{""A1"": 12, ""A2"": 8, ""B1"": 2}","{""Simple Atributte"": 6, ""Simple Assignment"": 3, ""Simple Tuple"": 2, ""Subscript"": 2, ""Simple List"": 1, ""Boolean Operation"": 1, ""Simplified incremental Assignment with increase amount"": 1, ""Simplified incremental Assignment with decrease subtraction"": 1, ""Simple For Loop"": 1, ""While with Else Loop"": 1}"
python-algorithms,/home/juan/Documents/Analisis-CC-PyCEFR/python-algorithms/patterns/src/4_merge_intervals/maximum_cpu_load/find_max_cpu_load_clean.py,find_max_cpu_load_clean.py,job,,17,25,2,A,1,12,5,3.0,B1,1.5833333333333333,"{""A1"": 6, ""A2"": 5, ""B1"": 1}","{""Simple Atributte"": 5, ""Simple Assignment"": 3, ""Function with Simple argument"": 2, ""Return"": 1, ""Simple Class  Using the constructor method --> __init__"": 1}"
python-algorithms,/home/juan/Documents/Analisis-CC-PyCEFR/python-algorithms/patterns/src/4_merge_intervals/maximum_cpu_load/find_max_cpu_load_clean.py,find_max_cpu_load_clean.py,__init__,,18,21,1,A,1,7,3,2.0,A2,1.4285714285714286,"{""A1"": 4, ""A2"": 3}","{""Simple Atributte"": 3, ""Simple Assignment"": 3, ""Function with Simple argument"": 1}"
python-algorithms,/home/juan/Documents/Analisis-CC-PyCEFR/python-algorithms/patterns/src/4_merge_intervals/maximum_cpu_load/find_max_cpu_load_clean.py,find_max_cpu_load_clean.py,__lt__,,23,25,1,A,1,4,3,2.0,A2,1.5,"{""A2"": 2, ""A1"": 2}","{""Simple Atributte"": 2, ""Function with Simple argument"": 1, ""Return"": 1}"
python-algorithms,/home/juan/Documents/Analisis-CC-PyCEFR/python-algorithms/patterns/src/4_merge_intervals/minimum_meeting_rooms/min_meeting_rooms.py,min_meeting_rooms.py,min_meeting_rooms,,18,37,4,A,1,21,12,3.0,B1,1.2857142857142858,"{""A1"": 17, ""A2"": 2, ""B1"": 2}","{""Subscript"": 6, ""Simple Assignment"": 4, ""Simple Tuple"": 2, ""Simple List"": 1, ""'range' call function"": 1, ""Simple Atributte"": 1, ""Boolean Operation"": 1, ""Simple For Loop"": 1, ""While with Else Loop"": 1, ""Function with Simple argument"": 1}"
python-algorithms,/home/juan/Documents/Analisis-CC-PyCEFR/python-algorithms/patterns/src/4_merge_intervals/minimum_meeting_rooms/min_meeting_rooms_clean.py,min_meeting_rooms_clean.py,min_meeting_rooms,,27,41,4,A,1,15,10,3.0,B1,1.5333333333333334,"{""A1"": 9, ""A2"": 4, ""B1"": 2}","{""Simple Atributte"": 4, ""Simple Assignment"": 3, ""Simple List"": 1, ""Boolean Operation"": 1, ""Subscript"": 1, ""Simple For Loop"": 1, ""While with Else Loop"": 1, ""Function with Simple argument"": 1, ""Lambda"": 1, ""Return"": 1}"
python-algorithms,/home/juan/Documents/Analisis-CC-PyCEFR/python-algorithms/patterns/src/4_merge_intervals/minimum_meeting_rooms/min_meeting_rooms_clean.py,min_meeting_rooms_clean.py,Meeting,,3,10,2,A,1,10,5,3.0,B1,1.6,"{""A1"": 5, ""A2"": 4, ""B1"": 1}","{""Simple Atributte"": 4, ""Simple Assignment"": 2, ""Function with Simple argument"": 2, ""Return"": 1, ""Simple Class  Using the constructor method --> __init__"": 1}"
python-algorithms,/home/juan/Documents/Analisis-CC-PyCEFR/python-algorithms/patterns/src/4_merge_intervals/minimum_meeting_rooms/min_meeting_rooms_clean.py,min_meeting_rooms_clean.py,__init__,,4,6,1,A,1,5,3,2.0,A2,1.4,"{""A1"": 3, ""A2"": 2}","{""Simple Atributte"": 2, ""Simple Assignment"": 2, ""Function with Simple argument"": 1}"
python-algorithms,/home/juan/Documents/Analisis-CC-PyCEFR/python-algorithms/patterns/src/4_merge_intervals/minimum_meeting_rooms/min_meeting_rooms_clean.py,min_meeting_rooms_clean.py,__lt__,,8,10,1,A,1,4,3,2.0,A2,1.5,"{""A2"": 2, ""A1"": 2}","{""Simple Atributte"": 2, ""Function with Simple argument"": 1, ""Return"": 1}"
python-algorithms,/home/juan/Documents/Analisis-CC-PyCEFR/python-algorithms/patterns/src/4_merge_intervals/intervals_intersection/interval_intersection.py,interval_intersection.py,interval_intersection,,1,22,8,B,2,50,11,3.0,B1,1.1,"{""A1"": 46, ""A2"": 3, ""B1"": 1}","{""Subscript"": 28, ""Simple Assignment"": 6, ""Boolean Operation"": 4, ""Simple List"": 2, ""Simple Tuple"": 2, ""Simplified incremental Assignment with increase amount"": 2, ""Simple If statements"": 2, ""Simple Atributte"": 1, ""While with Else Loop"": 1, ""Function with Simple argument"": 1}"
python-algorithms,/home/juan/Documents/Analisis-CC-PyCEFR/python-algorithms/patterns/src/13_k_way_merge/median_in_sorted_arrays/median_in_sorted_arrays.py,median_in_sorted_arrays.py,merge_arrays,,13,48,12,C,3,38,17,6.0,C2,1.5263157894736843,"{""A1"": 28, ""A2"": 5, ""B1"": 3, ""C2"": 1, ""C1"": 1}","{""Simple Assignment"": 12, ""Simple Tuple"": 4, ""Simple If statements"": 4, ""If statements expression (else)"": 2, ""Boolean Operation"": 2, ""Subscript"": 2, ""Simplified incremental Assignment with increase amount"": 2, ""Simple List"": 1, ""'enumerate' call function"": 1, ""Simple Atributte"": 1}"
python-algorithms,/home/juan/Documents/Analisis-CC-PyCEFR/python-algorithms/patterns/src/13_k_way_merge/median_in_sorted_arrays/median_in_sorted_arrays.py,median_in_sorted_arrays.py,main,,57,63,1,A,1,15,5,2.0,A2,1.2,"{""A1"": 12, ""A2"": 3}","{""Simple List"": 8, ""Print"": 3, ""3 Nested List"": 2, ""2 Nested List"": 1, ""Function"": 1}"
python-algorithms,/home/juan/Documents/Analisis-CC-PyCEFR/python-algorithms/patterns/src/13_k_way_merge/kth_smallest_number_in_sorted_matrix.py/kth_smallest_number_in_sorted_matrix.py,kth_smallest_number_in_sorted_matrix.py,find_Kth_smallest,,14,35,7,B,2,0,0,,,,{},{}
python-algorithms,/home/juan/Documents/Analisis-CC-PyCEFR/python-algorithms/patterns/src/13_k_way_merge/kth_smallest_number_in_sorted_matrix.py/kth_smallest_number_in_sorted_matrix.py,kth_smallest_number_in_sorted_matrix.py,main,,38,40,1,A,1,0,0,,,,{},{}
python-algorithms,/home/juan/Documents/Analisis-CC-PyCEFR/python-algorithms/patterns/src/13_k_way_merge/smallest_number_range/smallest_number_range.py,smallest_number_range.py,find_smallest_range,,14,37,7,B,2,34,13,6.0,C2,1.411764705882353,"{""A1"": 28, ""A2"": 3, ""C2"": 1, ""C1"": 1, ""B1"": 1}","{""Simple Assignment"": 11, ""Simple Tuple"": 8, ""Simple If statements"": 3, ""Simple List"": 2, ""Simple Atributte"": 2, ""'enumerate' call function"": 1, ""Unary Operation"": 1, ""Subscript"": 1, ""Simple List Comprehension"": 1, ""For Loop with Tuple as name"": 1}"
python-algorithms,/home/juan/Documents/Analisis-CC-PyCEFR/python-algorithms/patterns/src/13_k_way_merge/smallest_number_range/smallest_number_range.py,smallest_number_range.py,main,,40,44,1,A,1,11,4,2.0,A2,1.1818181818181819,"{""A1"": 9, ""A2"": 2}","{""Simple List"": 6, ""3 Nested List"": 2, ""Print"": 2, ""Function"": 1}"
python-algorithms,/home/juan/Documents/Analisis-CC-PyCEFR/python-algorithms/patterns/src/13_k_way_merge/merge_k_sorted_arrays/merge_k_sorted_arrays.py,merge_k_sorted_arrays.py,merge_arrays,,13,33,6,B,2,23,12,6.0,C2,1.565217391304348,"{""A1"": 18, ""A2"": 2, ""C2"": 1, ""C1"": 1, ""B1"": 1}","{""Simple Assignment"": 7, ""Simple Tuple"": 4, ""Simple List"": 2, ""Simple If statements"": 2, ""'enumerate' call function"": 1, ""Simple Atributte"": 1, ""Subscript"": 1, ""Simple List Comprehension"": 1, ""For Loop with Tuple as name"": 1, ""While with Else Loop"": 1}"
python-algorithms,/home/juan/Documents/Analisis-CC-PyCEFR/python-algorithms/patterns/src/13_k_way_merge/merge_k_sorted_arrays/merge_k_sorted_arrays.py,merge_k_sorted_arrays.py,main,,42,48,1,A,1,15,5,2.0,A2,1.2,"{""A1"": 12, ""A2"": 3}","{""Simple List"": 8, ""Print"": 3, ""3 Nested List"": 2, ""2 Nested List"": 1, ""Function"": 1}"
python-algorithms,/home/juan/Documents/Analisis-CC-PyCEFR/python-algorithms/patterns/src/13_k_way_merge/k_pairs_with_largest_sum/k_pairs_with_largest_sum.py,k_pairs_with_largest_sum.py,find_k_largest_pairs,,3,20,6,B,2,29,13,3.0,B1,1.2413793103448276,"{""A1"": 23, ""A2"": 5, ""B1"": 1}","{""Subscript"": 10, ""Simple List"": 3, ""Simple Tuple"": 3, ""'range' call function"": 2, ""Simple Assignment"": 2, ""Simple If statements"": 2, ""Simple Atributte"": 1, ""1 Nested For Loop"": 1, ""For Loop with Tuple as name"": 1, ""Simple For Loop"": 1}"
python-algorithms,/home/juan/Documents/Analisis-CC-PyCEFR/python-algorithms/patterns/src/13_k_way_merge/k_pairs_with_largest_sum/k_pairs_with_largest_sum.py,k_pairs_with_largest_sum.py,main,,23,27,1,A,1,8,4,1.0,A1,1.0,"{""A1"": 8}","{""Simple List"": 4, ""Print"": 2, ""Unary Operation"": 1, ""Function"": 1}"
python-algorithms,/home/juan/Documents/Analisis-CC-PyCEFR/python-algorithms/patterns/src/13_k_way_merge/merge_k_sorted_linkedlists/merge_k_sorted_lists.py,merge_k_sorted_lists.py,merge_lists,,25,46,6,B,2,76,11,3.0,B1,1.394736842105263,"{""A1"": 49, ""A2"": 24, ""B1"": 3}","{""Simple Atributte"": 24, ""Simple Assignment"": 18, ""Simple Tuple"": 10, ""Simple If statements"": 5, ""Return"": 5, ""Boolean Operation"": 4, ""While with Else Loop"": 3, ""Function with Simple argument"": 3, ""Subscript"": 2, ""Simple List"": 1}"
python-algorithms,/home/juan/Documents/Analisis-CC-PyCEFR/python-algorithms/patterns/src/13_k_way_merge/merge_k_sorted_linkedlists/merge_k_sorted_lists.py,merge_k_sorted_lists.py,main,,50,67,2,A,1,55,9,3.0,B1,1.4181818181818182,"{""A1"": 35, ""A2"": 17, ""B1"": 3}","{""Simple Assignment"": 21, ""Simple Atributte"": 17, ""Simple Tuple"": 4, ""Simple List"": 3, ""While with Else Loop"": 3, ""Simple If statements"": 2, ""Simple For Loop"": 2, ""Print"": 2, ""Function"": 1}"
python-algorithms,/home/juan/Documents/Analisis-CC-PyCEFR/python-algorithms/patterns/src/13_k_way_merge/merge_k_sorted_linkedlists/merge_k_sorted_lists.py,merge_k_sorted_lists.py,ListNode,,6,12,2,A,1,26,5,3.0,B1,1.5384615384615385,"{""A1"": 13, ""A2"": 12, ""B1"": 1}","{""Simple Atributte"": 12, ""Simple Assignment"": 6, ""Function with Simple argument"": 4, ""Return"": 3, ""Simple Class  Using the constructor method --> __init__"": 1}"
python-algorithms,/home/juan/Documents/Analisis-CC-PyCEFR/python-algorithms/patterns/src/13_k_way_merge/merge_k_sorted_linkedlists/merge_k_sorted_lists.py,merge_k_sorted_lists.py,__init__,,7,9,1,A,1,9,3,2.0,A2,1.4444444444444444,"{""A1"": 5, ""A2"": 4}","{""Simple Atributte"": 4, ""Simple Assignment"": 4, ""Function with Simple argument"": 1}"
python-algorithms,/home/juan/Documents/Analisis-CC-PyCEFR/python-algorithms/patterns/src/13_k_way_merge/merge_k_sorted_linkedlists/merge_k_sorted_lists.py,merge_k_sorted_lists.py,__lt__,,11,12,1,A,1,4,3,2.0,A2,1.5,"{""A2"": 2, ""A1"": 2}","{""Simple Atributte"": 2, ""Function with Simple argument"": 1, ""Return"": 1}"
python-algorithms,/home/juan/Documents/Analisis-CC-PyCEFR/python-algorithms/patterns/src/13_k_way_merge/k_smallest_number_in_m_sorted_list/k_smallest_number.py,k_smallest_number.py,find_Kth_smallest,,13,34,7,B,2,24,14,6.0,C2,1.5416666666666667,"{""A1"": 19, ""A2"": 2, ""C2"": 1, ""C1"": 1, ""B1"": 1}","{""Simple Assignment"": 7, ""Simple Tuple"": 4, ""Simple If statements"": 2, ""Simple List"": 1, ""'enumerate' call function"": 1, ""Unary Operation"": 1, ""Boolean Operation"": 1, ""Subscript"": 1, ""Simple List Comprehension"": 1, ""Simplified incremental Assignment with decrease subtraction"": 1}"
python-algorithms,/home/juan/Documents/Analisis-CC-PyCEFR/python-algorithms/patterns/src/13_k_way_merge/k_smallest_number_in_m_sorted_list/k_smallest_number.py,k_smallest_number.py,main,,37,43,1,A,1,15,5,2.0,A2,1.2,"{""A1"": 12, ""A2"": 3}","{""Simple List"": 8, ""Print"": 3, ""3 Nested List"": 2, ""2 Nested List"": 1, ""Function"": 1}"
python-algorithms,/home/juan/Documents/Analisis-CC-PyCEFR/python-algorithms/patterns/src/15_dynamic_programming/3_fibonacci_numbers/3_number_factors/number_factors_top_down_approach.py,number_factors_top_down_approach.py,count_ways_recursive,,32,51,7,B,2,23,7,4.0,B2,1.1304347826086956,"{""A1"": 22, ""B2"": 1}","{""Return"": 7, ""Simple If statements"": 6, ""Subscript"": 4, ""Simple Assignment"": 3, ""Unary Operation"": 1, ""Assigment with sum (total = total + 1)"": 1, ""Recursive Functions"": 1}"
python-algorithms,/home/juan/Documents/Analisis-CC-PyCEFR/python-algorithms/patterns/src/15_dynamic_programming/3_fibonacci_numbers/3_number_factors/number_factors_top_down_approach.py,number_factors_top_down_approach.py,count_ways,,9,25,6,B,2,15,4,4.0,B2,1.2,"{""A1"": 14, ""B2"": 1}","{""Return"": 6, ""Simple If statements"": 5, ""Simple Assignment"": 3, ""Recursive Functions"": 1}"
python-algorithms,/home/juan/Documents/Analisis-CC-PyCEFR/python-algorithms/patterns/src/15_dynamic_programming/3_fibonacci_numbers/3_number_factors/number_factors_top_down_approach.py,number_factors_top_down_approach.py,count_ways_dp,,28,30,2,A,1,6,6,5.0,C1,1.8333333333333333,"{""A1"": 4, ""A2"": 1, ""C1"": 1}","{""'range' call function"": 1, ""Unary Operation"": 1, ""Simple List Comprehension"": 1, ""Simple Assignment"": 1, ""Function with Simple argument"": 1, ""Return"": 1}"
python-algorithms,/home/juan/Documents/Analisis-CC-PyCEFR/python-algorithms/patterns/src/15_dynamic_programming/3_fibonacci_numbers/3_number_factors/number_factors_bottom_up_approach.py,number_factors_bottom_up_approach.py,count_ways,,3,15,5,A,1,24,10,5.0,C1,1.25,"{""A1"": 21, ""A2"": 2, ""C1"": 1}","{""Subscript"": 9, ""Return"": 3, ""Simple Tuple"": 2, ""'range' call function"": 2, ""Simple Assignment"": 2, ""Simple If statements"": 2, ""Simple List Comprehension"": 1, ""Assigment with sum (total = total + 1)"": 1, ""Simple For Loop"": 1, ""Function with Simple argument"": 1}"
python-algorithms,/home/juan/Documents/Analisis-CC-PyCEFR/python-algorithms/patterns/src/15_dynamic_programming/3_fibonacci_numbers/6_house_theif/house_theif_top_down_solution.py,house_theif_top_down_solution.py,find_max_steal_recursive_dp,,26,36,3,A,1,14,6,4.0,B2,1.2142857142857142,"{""A1"": 13, ""B2"": 1}","{""Subscript"": 5, ""Return"": 3, ""Simple Assignment"": 2, ""Simple If statements"": 2, ""Assigment with sum (total = total + 1)"": 1, ""Recursive Functions"": 1}"
python-algorithms,/home/juan/Documents/Analisis-CC-PyCEFR/python-algorithms/patterns/src/15_dynamic_programming/3_fibonacci_numbers/6_house_theif/house_theif_top_down_solution.py,house_theif_top_down_solution.py,find_max_steal_recursive,,8,15,2,A,1,7,6,4.0,B2,1.4285714285714286,"{""A1"": 6, ""B2"": 1}","{""Return"": 2, ""Subscript"": 1, ""Assigment with sum (total = total + 1)"": 1, ""Simple Assignment"": 1, ""Simple If statements"": 1, ""Recursive Functions"": 1}"
python-algorithms,/home/juan/Documents/Analisis-CC-PyCEFR/python-algorithms/patterns/src/15_dynamic_programming/3_fibonacci_numbers/6_house_theif/house_theif_top_down_solution.py,house_theif_top_down_solution.py,find_max_steal_dp,,21,24,2,A,1,6,5,5.0,C1,1.8333333333333333,"{""A1"": 4, ""A2"": 1, ""C1"": 1}","{""Simple Assignment"": 2, ""'range' call function"": 1, ""Simple List Comprehension"": 1, ""Function with Simple argument"": 1, ""Return"": 1}"
python-algorithms,/home/juan/Documents/Analisis-CC-PyCEFR/python-algorithms/patterns/src/15_dynamic_programming/3_fibonacci_numbers/6_house_theif/house_theif_top_down_solution.py,house_theif_top_down_solution.py,find_max_steal,,4,6,1,A,1,3,3,1.0,A1,1.0,"{""A1"": 3}","{""Simple Assignment"": 1, ""Function with Simple argument"": 1, ""Return"": 1}"
python-algorithms,/home/juan/Documents/Analisis-CC-PyCEFR/python-algorithms/patterns/src/15_dynamic_programming/3_fibonacci_numbers/6_house_theif/house_theif_top_down_solution.py,house_theif_top_down_solution.py,main,,39,47,1,A,1,11,3,1.0,A1,1.0,"{""A1"": 11}","{""Print"": 6, ""Simple List"": 4, ""Function"": 1}"
python-algorithms,/home/juan/Documents/Analisis-CC-PyCEFR/python-algorithms/patterns/src/15_dynamic_programming/3_fibonacci_numbers/5_minimum_jumps_with_fee/min_jumps_with_fee_top_down_solution.py,min_jumps_with_fee_top_down_solution.py,find_min_recursive_dp,,31,47,4,A,1,19,6,4.0,B2,1.1578947368421053,"{""A1"": 18, ""B2"": 1}","{""Subscript"": 6, ""Return"": 4, ""Assigment with sum (total = total + 1)"": 3, ""Simple If statements"": 3, ""Simple Assignment"": 2, ""Recursive Functions"": 1}"
python-algorithms,/home/juan/Documents/Analisis-CC-PyCEFR/python-algorithms/patterns/src/15_dynamic_programming/3_fibonacci_numbers/5_minimum_jumps_with_fee/min_jumps_with_fee_top_down_solution.py,min_jumps_with_fee_top_down_solution.py,find_min_recursive,,8,20,3,A,1,12,6,4.0,B2,1.25,"{""A1"": 11, ""B2"": 1}","{""Assigment with sum (total = total + 1)"": 3, ""Return"": 3, ""Subscript"": 2, ""Simple If statements"": 2, ""Simple Assignment"": 1, ""Recursive Functions"": 1}"
python-algorithms,/home/juan/Documents/Analisis-CC-PyCEFR/python-algorithms/patterns/src/15_dynamic_programming/3_fibonacci_numbers/5_minimum_jumps_with_fee/min_jumps_with_fee_top_down_solution.py,min_jumps_with_fee_top_down_solution.py,find_min_fee_dp,,26,29,2,A,1,6,5,5.0,C1,1.8333333333333333,"{""A1"": 4, ""A2"": 1, ""C1"": 1}","{""Simple Assignment"": 2, ""'range' call function"": 1, ""Simple List Comprehension"": 1, ""Function with Simple argument"": 1, ""Return"": 1}"
python-algorithms,/home/juan/Documents/Analisis-CC-PyCEFR/python-algorithms/patterns/src/15_dynamic_programming/3_fibonacci_numbers/5_minimum_jumps_with_fee/min_jumps_with_fee_top_down_solution.py,min_jumps_with_fee_top_down_solution.py,find_min_fee,,4,5,1,A,1,2,2,1.0,A1,1.0,"{""A1"": 2}","{""Function with Simple argument"": 1, ""Return"": 1}"
python-algorithms,/home/juan/Documents/Analisis-CC-PyCEFR/python-algorithms/patterns/src/15_dynamic_programming/3_fibonacci_numbers/5_minimum_jumps_with_fee/min_jumps_with_fee_top_down_solution.py,min_jumps_with_fee_top_down_solution.py,main,,49,56,1,A,1,11,3,1.0,A1,1.0,"{""A1"": 11}","{""Print"": 6, ""Simple List"": 4, ""Function"": 1}"
python-algorithms,/home/juan/Documents/Analisis-CC-PyCEFR/python-algorithms/patterns/src/15_dynamic_programming/3_fibonacci_numbers/2_staircase/staircase_bottom_up_approach.py,staircase_bottom_up_approach.py,count_ways,,3,15,5,A,1,23,10,5.0,C1,1.2608695652173914,"{""A1"": 20, ""A2"": 2, ""C1"": 1}","{""Subscript"": 8, ""Return"": 3, ""Simple Tuple"": 2, ""'range' call function"": 2, ""Simple Assignment"": 2, ""Simple If statements"": 2, ""Simple List Comprehension"": 1, ""Assigment with sum (total = total + 1)"": 1, ""Simple For Loop"": 1, ""Function with Simple argument"": 1}"
python-algorithms,/home/juan/Documents/Analisis-CC-PyCEFR/python-algorithms/patterns/src/15_dynamic_programming/3_fibonacci_numbers/2_staircase/staircase_bottom_up_approach.py,staircase_bottom_up_approach.py,count_ways_optimal,,19,30,4,A,1,15,8,2.0,A2,1.0666666666666667,"{""A1"": 14, ""A2"": 1}","{""Simple Tuple"": 4, ""Return"": 3, ""Simple Assignment"": 2, ""Simple If statements"": 2, ""'range' call function"": 1, ""Assigment with sum (total = total + 1)"": 1, ""Simple For Loop"": 1, ""Function with Simple argument"": 1}"
python-algorithms,/home/juan/Documents/Analisis-CC-PyCEFR/python-algorithms/patterns/src/15_dynamic_programming/3_fibonacci_numbers/2_staircase/staircase_top_down_approach.py,staircase_top_down_approach.py,count_ways_recursive,,37,50,6,B,2,17,7,4.0,B2,1.1764705882352942,"{""A1"": 16, ""B2"": 1}","{""Return"": 5, ""Subscript"": 4, ""Simple If statements"": 4, ""Unary Operation"": 1, ""Boolean Operation"": 1, ""Assigment with sum (total = total + 1)"": 1, ""Recursive Functions"": 1}"
python-algorithms,/home/juan/Documents/Analisis-CC-PyCEFR/python-algorithms/patterns/src/15_dynamic_programming/3_fibonacci_numbers/2_staircase/staircase_top_down_approach.py,staircase_top_down_approach.py,count_ways,,9,18,5,A,1,9,4,4.0,B2,1.3333333333333333,"{""A1"": 8, ""B2"": 1}","{""Return"": 4, ""Simple If statements"": 3, ""Boolean Operation"": 1, ""Recursive Functions"": 1}"
python-algorithms,/home/juan/Documents/Analisis-CC-PyCEFR/python-algorithms/patterns/src/15_dynamic_programming/3_fibonacci_numbers/2_staircase/staircase_top_down_approach.py,staircase_top_down_approach.py,count_ways_dp,,32,34,2,A,1,6,6,5.0,C1,1.8333333333333333,"{""A1"": 4, ""A2"": 1, ""C1"": 1}","{""'range' call function"": 1, ""Unary Operation"": 1, ""Simple List Comprehension"": 1, ""Simple Assignment"": 1, ""Function with Simple argument"": 1, ""Return"": 1}"
python-algorithms,/home/juan/Documents/Analisis-CC-PyCEFR/python-algorithms/patterns/src/15_dynamic_programming/3_fibonacci_numbers/1_fibonacci_numbers/fibonacci_bottom_up_approach.py,fibonacci_bottom_up_approach.py,calculate_fibonacci,,3,8,2,A,1,10,8,2.0,A2,1.2,"{""A1"": 8, ""A2"": 2}","{""Subscript"": 3, ""Simple List"": 1, ""'range' call function"": 1, ""Simple Atributte"": 1, ""Simple Assignment"": 1, ""Simple For Loop"": 1, ""Function with Simple argument"": 1, ""Return"": 1}"
python-algorithms,/home/juan/Documents/Analisis-CC-PyCEFR/python-algorithms/patterns/src/15_dynamic_programming/3_fibonacci_numbers/1_fibonacci_numbers/fibonacci_bottom_up_approach.py,fibonacci_bottom_up_approach.py,calculate_fib,,13,20,2,A,1,10,7,2.0,A2,1.1,"{""A1"": 9, ""A2"": 1}","{""Simple Assignment"": 3, ""Simple Tuple"": 2, ""'range' call function"": 1, ""Assigment with sum (total = total + 1)"": 1, ""Simple For Loop"": 1, ""Function with Simple argument"": 1, ""Return"": 1}"
python-algorithms,/home/juan/Documents/Analisis-CC-PyCEFR/python-algorithms/patterns/src/15_dynamic_programming/3_fibonacci_numbers/1_fibonacci_numbers/fibonacci_top_down_approach.py,fibonacci_top_down_approach.py,calc_fib_memoize,,21,29,3,A,1,12,6,4.0,B2,1.25,"{""A1"": 11, ""B2"": 1}","{""Subscript"": 4, ""Return"": 3, ""Simple If statements"": 2, ""Unary Operation"": 1, ""Assigment with sum (total = total + 1)"": 1, ""Recursive Functions"": 1}"
python-algorithms,/home/juan/Documents/Analisis-CC-PyCEFR/python-algorithms/patterns/src/15_dynamic_programming/3_fibonacci_numbers/1_fibonacci_numbers/fibonacci_top_down_approach.py,fibonacci_top_down_approach.py,calculate_fib,,8,12,2,A,1,4,3,4.0,B2,1.75,"{""A1"": 3, ""B2"": 1}","{""Return"": 2, ""Simple If statements"": 1, ""Recursive Functions"": 1}"
python-algorithms,/home/juan/Documents/Analisis-CC-PyCEFR/python-algorithms/patterns/src/15_dynamic_programming/3_fibonacci_numbers/1_fibonacci_numbers/fibonacci_top_down_approach.py,fibonacci_top_down_approach.py,calc_fib,,17,19,2,A,1,6,6,5.0,C1,1.8333333333333333,"{""A1"": 4, ""A2"": 1, ""C1"": 1}","{""'range' call function"": 1, ""Unary Operation"": 1, ""Simple List Comprehension"": 1, ""Simple Assignment"": 1, ""Function with Simple argument"": 1, ""Return"": 1}"
python-algorithms,/home/juan/Documents/Analisis-CC-PyCEFR/python-algorithms/patterns/src/15_dynamic_programming/4_palindromic_sequence/longest_palindromic_substring/lp_substring_top_down_solution.py,lp_substring_top_down_solution.py,find_LPS_length_recursive_dp,,31,52,6,B,2,31,7,4.0,B2,1.096774193548387,"{""A1"": 30, ""B2"": 1}","{""Subscript"": 14, ""Simple If statements"": 5, ""Return"": 5, ""Simple Assignment"": 3, ""Assigment with sum (total = total + 1)"": 2, ""Unary Operation"": 1, ""Recursive Functions"": 1}"
python-algorithms,/home/juan/Documents/Analisis-CC-PyCEFR/python-algorithms/patterns/src/15_dynamic_programming/4_palindromic_sequence/longest_palindromic_substring/lp_substring_top_down_solution.py,lp_substring_top_down_solution.py,find_LPS_length_recursive,,6,22,5,A,1,14,6,4.0,B2,1.2142857142857142,"{""A1"": 13, ""B2"": 1}","{""Simple If statements"": 4, ""Return"": 4, ""Subscript"": 2, ""Simple Assignment"": 2, ""Assigment with sum (total = total + 1)"": 1, ""Recursive Functions"": 1}"
python-algorithms,/home/juan/Documents/Analisis-CC-PyCEFR/python-algorithms/patterns/src/15_dynamic_programming/4_palindromic_sequence/longest_palindromic_substring/lp_substring_top_down_solution.py,lp_substring_top_down_solution.py,find_LPS_length_dp,,25,29,3,A,1,9,6,5.0,C1,2.111111111111111,"{""A1"": 5, ""A2"": 2, ""C1"": 2}","{""'range' call function"": 2, ""Simple List Comprehension"": 2, ""Simple Assignment"": 2, ""Unary Operation"": 1, ""Function with Simple argument"": 1, ""Return"": 1}"
python-algorithms,/home/juan/Documents/Analisis-CC-PyCEFR/python-algorithms/patterns/src/15_dynamic_programming/4_palindromic_sequence/longest_palindromic_substring/lp_substring_top_down_solution.py,lp_substring_top_down_solution.py,find_LPS_length,,1,3,1,A,1,3,3,1.0,A1,1.0,"{""A1"": 3}","{""Simple Assignment"": 1, ""Function with Simple argument"": 1, ""Return"": 1}"
python-algorithms,/home/juan/Documents/Analisis-CC-PyCEFR/python-algorithms/patterns/src/15_dynamic_programming/4_palindromic_sequence/longest_palindromic_substring/lp_substring_top_down_solution.py,lp_substring_top_down_solution.py,main,,55,64,1,A,1,9,2,1.0,A1,1.0,"{""A1"": 9}","{""Print"": 8, ""Function"": 1}"
python-algorithms,/home/juan/Documents/Analisis-CC-PyCEFR/python-algorithms/patterns/src/15_dynamic_programming/4_palindromic_sequence/longest_palindromic_subsequence/lps_top_down_approach.py,lps_top_down_approach.py,find_LPS_length_recursive_dp,,27,44,5,A,1,29,7,4.0,B2,1.103448275862069,"{""A1"": 28, ""B2"": 1}","{""Subscript"": 14, ""Return"": 5, ""Simple If statements"": 4, ""Simple Assignment"": 3, ""Unary Operation"": 1, ""Assigment with sum (total = total + 1)"": 1, ""Recursive Functions"": 1}"
python-algorithms,/home/juan/Documents/Analisis-CC-PyCEFR/python-algorithms/patterns/src/15_dynamic_programming/4_palindromic_sequence/longest_palindromic_subsequence/lps_top_down_approach.py,lps_top_down_approach.py,find_LPS_length_recursive,,5,18,4,A,1,12,5,4.0,B2,1.25,"{""A1"": 11, ""B2"": 1}","{""Return"": 4, ""Simple If statements"": 3, ""Subscript"": 2, ""Simple Assignment"": 2, ""Recursive Functions"": 1}"
python-algorithms,/home/juan/Documents/Analisis-CC-PyCEFR/python-algorithms/patterns/src/15_dynamic_programming/4_palindromic_sequence/longest_palindromic_subsequence/lps_top_down_approach.py,lps_top_down_approach.py,find_LPS_length_dp,,21,25,3,A,1,9,6,5.0,C1,2.111111111111111,"{""A1"": 5, ""A2"": 2, ""C1"": 2}","{""'range' call function"": 2, ""Simple List Comprehension"": 2, ""Simple Assignment"": 2, ""Unary Operation"": 1, ""Function with Simple argument"": 1, ""Return"": 1}"
python-algorithms,/home/juan/Documents/Analisis-CC-PyCEFR/python-algorithms/patterns/src/15_dynamic_programming/4_palindromic_sequence/longest_palindromic_subsequence/lps_top_down_approach.py,lps_top_down_approach.py,find_LPS_length,,1,3,1,A,1,3,3,1.0,A1,1.0,"{""A1"": 3}","{""Simple Assignment"": 1, ""Function with Simple argument"": 1, ""Return"": 1}"
python-algorithms,/home/juan/Documents/Analisis-CC-PyCEFR/python-algorithms/patterns/src/15_dynamic_programming/4_palindromic_sequence/longest_palindromic_subsequence/lps_top_down_approach.py,lps_top_down_approach.py,main,,46,55,1,A,1,9,2,1.0,A1,1.0,"{""A1"": 9}","{""Print"": 8, ""Function"": 1}"
python-algorithms,/home/juan/Documents/Analisis-CC-PyCEFR/python-algorithms/patterns/src/15_dynamic_programming/4_palindromic_sequence/count_of_palindromic_substring/count_of_ps_top_down_approach.py,count_of_ps_top_down_approach.py,isPalindrome,,57,64,5,A,1,12,10,3.0,B1,1.5833333333333333,"{""A1"": 7, ""A2"": 3, ""B1"": 2}","{""Subscript"": 2, ""Simplified incremental Assignment with increase amount"": 2, ""Boolean Operation"": 1, ""Simple Assignment"": 1, ""Simplified incremental Assignment with decrease subtraction"": 1, ""Simple If statements"": 1, ""While with Else Loop"": 1, ""'break' statement"": 1, ""Function with Simple argument"": 1, ""Return"": 1}"
python-algorithms,/home/juan/Documents/Analisis-CC-PyCEFR/python-algorithms/patterns/src/15_dynamic_programming/4_palindromic_sequence/count_of_palindromic_substring/count_of_ps_top_down_approach.py,count_of_ps_top_down_approach.py,countSubstrings,,48,55,2,A,1,7,6,2.0,A2,1.4285714285714286,"{""A1"": 4, ""A2"": 3}","{""Simplified incremental Assignment with increase amount"": 2, ""'range' call function"": 1, ""Simple Assignment"": 1, ""Simple For Loop"": 1, ""Function with Simple argument"": 1, ""Return"": 1}"
python-algorithms,/home/juan/Documents/Analisis-CC-PyCEFR/python-algorithms/patterns/src/15_dynamic_programming/4_palindromic_sequence/count_of_palindromic_substring/count_of_ps_top_down_approach.py,count_of_ps_top_down_approach.py,count_PS,,1,28,1,A,1,25,11,4.0,B2,1.24,"{""A1"": 21, ""A2"": 3, ""B2"": 1}","{""Simple If statements"": 5, ""Subscript"": 4, ""Simple Assignment"": 4, ""Return"": 3, ""Simple Tuple"": 2, ""Simplified incremental Assignment with increase amount"": 2, ""Simple Dictionary"": 1, ""Boolean Operation"": 1, ""Assigment with sum (total = total + 1)"": 1, ""Function with Simple argument"": 1}"
python-algorithms,/home/juan/Documents/Analisis-CC-PyCEFR/python-algorithms/patterns/src/15_dynamic_programming/4_palindromic_sequence/count_of_palindromic_substring/count_of_ps_top_down_approach.py,count_of_ps_top_down_approach.py,count_PS_recursive,count_PS,5,24,7,B,2,18,8,4.0,B2,1.2777777777777777,"{""A1"": 15, ""A2"": 2, ""B2"": 1}","{""Simple If statements"": 5, ""Subscript"": 4, ""Simple Assignment"": 2, ""Simplified incremental Assignment with increase amount"": 2, ""Return"": 2, ""Boolean Operation"": 1, ""Assigment with sum (total = total + 1)"": 1, ""Recursive Functions"": 1}"
python-algorithms,/home/juan/Documents/Analisis-CC-PyCEFR/python-algorithms/patterns/src/15_dynamic_programming/1_01_knapsack/01_knapsack/01_knapsack_top_down_approach.py,01_knapsack_top_down_approach.py,knapsack_recursive_dp,,23,45,5,A,1,24,8,4.0,B2,1.125,"{""A1"": 23, ""B2"": 1}","{""Subscript"": 11, ""Simple Assignment"": 3, ""Simple If statements"": 3, ""Return"": 3, ""Unary Operation"": 1, ""Boolean Operation"": 1, ""Assigment with sum (total = total + 1)"": 1, ""Recursive Functions"": 1}"
python-algorithms,/home/juan/Documents/Analisis-CC-PyCEFR/python-algorithms/patterns/src/15_dynamic_programming/1_01_knapsack/01_knapsack/01_knapsack_top_down_approach.py,01_knapsack_top_down_approach.py,knapsack_recursive,,5,15,4,A,1,12,7,4.0,B2,1.25,"{""A1"": 11, ""B2"": 1}","{""Subscript"": 3, ""Simple Assignment"": 2, ""Simple If statements"": 2, ""Return"": 2, ""Boolean Operation"": 1, ""Assigment with sum (total = total + 1)"": 1, ""Recursive Functions"": 1}"
python-algorithms,/home/juan/Documents/Analisis-CC-PyCEFR/python-algorithms/patterns/src/15_dynamic_programming/1_01_knapsack/01_knapsack/01_knapsack_top_down_approach.py,01_knapsack_top_down_approach.py,solve_knapsack_dp,,19,21,3,A,1,8,6,5.0,C1,2.25,"{""A1"": 4, ""A2"": 2, ""C1"": 2}","{""'range' call function"": 2, ""Simple List Comprehension"": 2, ""Unary Operation"": 1, ""Simple Assignment"": 1, ""Function with Simple argument"": 1, ""Return"": 1}"
python-algorithms,/home/juan/Documents/Analisis-CC-PyCEFR/python-algorithms/patterns/src/15_dynamic_programming/1_01_knapsack/01_knapsack/01_knapsack_top_down_approach.py,01_knapsack_top_down_approach.py,solve_knapsack,,2,3,1,A,1,2,2,1.0,A1,1.0,"{""A1"": 2}","{""Function with Simple argument"": 1, ""Return"": 1}"
python-algorithms,/home/juan/Documents/Analisis-CC-PyCEFR/python-algorithms/patterns/src/15_dynamic_programming/1_01_knapsack/01_knapsack/01_knapsack_top_down_approach.py,01_knapsack_top_down_approach.py,main,,47,54,1,A,1,7,3,1.0,A1,1.0,"{""A1"": 7}","{""Simple List"": 4, ""Print"": 2, ""Function"": 1}"
python-algorithms,/home/juan/Documents/Analisis-CC-PyCEFR/python-algorithms/patterns/src/2_two_pointers/square_sorted_array/square_sorted_array.py,square_sorted_array.py,square_and_sort_array,,5,24,4,A,1,25,12,5.0,C1,1.4,"{""A1"": 19, ""A2"": 4, ""C1"": 1, ""B1"": 1}","{""Subscript"": 6, ""Simple Assignment"": 5, ""Assigment with sum (total = total + 1)"": 3, ""Simple Tuple"": 2, ""Simplified incremental Assignment with decrease subtraction"": 2, ""'range' call function"": 1, ""Simple List Comprehension"": 1, ""Simplified incremental Assignment with increase amount"": 1, ""Simple If statements"": 1, ""While with Else Loop"": 1}"
python-algorithms,/home/juan/Documents/Analisis-CC-PyCEFR/python-algorithms/patterns/src/2_two_pointers/triplet_sum_to_zero/triplet_sum_to_zero.py,triplet_sum_to_zero.py,search_pair,,24,40,8,B,2,27,11,3.0,B1,1.4814814814814814,"{""A1"": 17, ""A2"": 7, ""B1"": 3}","{""Subscript"": 8, ""Simplified incremental Assignment with increase amount"": 3, ""Simplified incremental Assignment with decrease subtraction"": 3, ""While with Else Loop"": 3, ""Boolean Operation"": 2, ""Assigment with sum (total = total + 1)"": 2, ""Simple If statements"": 2, ""Simple List"": 1, ""Simple Atributte"": 1, ""Unary Operation"": 1}"
python-algorithms,/home/juan/Documents/Analisis-CC-PyCEFR/python-algorithms/patterns/src/2_two_pointers/triplet_sum_to_zero/triplet_sum_to_zero.py,triplet_sum_to_zero.py,search_triplets,,13,22,4,A,1,14,12,3.0,B1,1.2857142857142858,"{""A1"": 11, ""A2"": 2, ""B1"": 1}","{""Subscript"": 3, ""Simple List"": 1, ""'range' call function"": 1, ""Simple Atributte"": 1, ""Unary Operation"": 1, ""Boolean Operation"": 1, ""Simple Assignment"": 1, ""Simple If statements"": 1, ""Simple For Loop"": 1, ""'continue' statement"": 1}"
python-algorithms,/home/juan/Documents/Analisis-CC-PyCEFR/python-algorithms/patterns/src/2_two_pointers/minimum_window_sort/shortest_window_sort.py,shortest_window_sort.py,find_min_index,,7,15,5,A,1,22,13,3.0,B1,1.3181818181818181,"{""A1"": 17, ""A2"": 3, ""B1"": 2}","{""Simple Tuple"": 4, ""Simple Assignment"": 4, ""Subscript"": 3, ""Simple Atributte"": 2, ""Simple List"": 1, ""'range' call function"": 1, ""If statements expression (else)"": 1, ""Unary Operation"": 1, ""Boolean Operation"": 1, ""Simple For Loop"": 1}"
python-algorithms,/home/juan/Documents/Analisis-CC-PyCEFR/python-algorithms/patterns/src/2_two_pointers/minimum_window_sort/shortest_window_sort.py,shortest_window_sort.py,find_max_index,,17,25,4,A,1,23,12,3.0,B1,1.2173913043478262,"{""A1"": 19, ""A2"": 3, ""B1"": 1}","{""Simple Tuple"": 4, ""Simple Assignment"": 4, ""Unary Operation"": 3, ""Subscript"": 3, ""Simple Atributte"": 2, ""Simple List"": 1, ""'range' call function"": 1, ""Boolean Operation"": 1, ""Simple For Loop"": 1, ""While with Else Loop"": 1}"
python-algorithms,/home/juan/Documents/Analisis-CC-PyCEFR/python-algorithms/patterns/src/2_two_pointers/minimum_window_sort/shortest_window_sort.py,shortest_window_sort.py,findUnsortedSubarray,,1,5,2,A,1,6,5,3.0,B1,1.3333333333333333,"{""A1"": 5, ""B1"": 1}","{""Simple Assignment"": 2, ""If statements expression (else)"": 1, ""Assigment with sum (total = total + 1)"": 1, ""Function with Simple argument"": 1, ""Return"": 1}"
python-algorithms,/home/juan/Documents/Analisis-CC-PyCEFR/python-algorithms/patterns/src/2_two_pointers/minimum_window_sort/shortest_window_sort_2.py,shortest_window_sort_2.py,findUnsortedSubarray,,1,21,10,B,2,31,11,3.0,B1,1.3870967741935485,"{""A1"": 23, ""A2"": 4, ""B1"": 4}","{""Subscript"": 7, ""Simple Assignment"": 5, ""Boolean Operation"": 4, ""While with Else Loop"": 4, ""Simple Tuple"": 2, ""Simplified incremental Assignment with increase amount"": 2, ""Simplified incremental Assignment with decrease subtraction"": 2, ""Return"": 2, ""Slice"": 1, ""Simple If statements"": 1}"
python-algorithms,/home/juan/Documents/Analisis-CC-PyCEFR/python-algorithms/patterns/src/2_two_pointers/remove_duplicates/remove_duplicates.py,remove_duplicates.py,remove_duplicates,,3,12,3,A,1,29,10,3.0,B1,1.4482758620689655,"{""A1"": 18, ""A2"": 9, ""B1"": 2}","{""Simple Assignment"": 6, ""Simple Atributte"": 6, ""Simple Tuple"": 4, ""Subscript"": 4, ""Simplified incremental Assignment with increase amount"": 3, ""While with Else Loop"": 2, ""Simple If statements"": 1, ""Function with Simple argument"": 1, ""Return"": 1, ""Boolean Operation"": 1}"
python-algorithms,/home/juan/Documents/Analisis-CC-PyCEFR/python-algorithms/patterns/src/2_two_pointers/compare_strings_containing_backspaces/backspace_compare.py,backspace_compare.py,get_str,,4,12,3,A,1,9,8,2.0,A2,1.1111111111111112,"{""A1"": 8, ""A2"": 1}","{""Simple Assignment"": 2, ""Subscript"": 1, ""Slice"": 1, ""Simplified incremental Assignment with increase amount"": 1, ""Simple If statements"": 1, ""Simple For Loop"": 1, ""Function with Simple argument"": 1, ""Return"": 1}"
python-algorithms,/home/juan/Documents/Analisis-CC-PyCEFR/python-algorithms/patterns/src/2_two_pointers/compare_strings_containing_backspaces/backspace_compare.py,backspace_compare.py,backspace_compare,,1,2,1,A,1,2,2,1.0,A1,1.0,"{""A1"": 2}","{""Function with Simple argument"": 1, ""Return"": 1}"
python-algorithms,/home/juan/Documents/Analisis-CC-PyCEFR/python-algorithms/patterns/src/2_two_pointers/compare_strings_containing_backspaces/backspace_compare.py,backspace_compare.py,compare,,23,33,1,A,1,11,7,2.0,A2,1.1818181818181819,"{""A1"": 9, ""A2"": 2}","{""Simple Atributte"": 2, ""Simple If statements"": 2, ""Function with Simple argument"": 2, ""Return"": 2, ""Simple List"": 1, ""Simple Assignment"": 1, ""Simple For Loop"": 1}"
python-algorithms,/home/juan/Documents/Analisis-CC-PyCEFR/python-algorithms/patterns/src/2_two_pointers/compare_strings_containing_backspaces/backspace_compare.py,backspace_compare.py,parse_str,compare,24,31,4,A,1,9,7,2.0,A2,1.2222222222222223,"{""A1"": 7, ""A2"": 2}","{""Simple Atributte"": 2, ""Simple If statements"": 2, ""Simple List"": 1, ""Simple Assignment"": 1, ""Simple For Loop"": 1, ""Function with Simple argument"": 1, ""Return"": 1}"
python-algorithms,/home/juan/Documents/Analisis-CC-PyCEFR/python-algorithms/patterns/src/2_two_pointers/subarrays_with_product_less_than_target/find_subarrays.py,find_subarrays.py,find_subarrays,,1,21,7,B,2,57,16,3.0,B1,1.3157894736842106,"{""A1"": 42, ""A2"": 12, ""B1"": 3}","{""Subscript"": 9, ""Simple Tuple"": 6, ""Simple If statements"": 6, ""Simple Atributte"": 5, ""Simple Assignment"": 5, ""Simple List"": 4, ""Slice"": 3, ""Simplified incremental Assignment with increase amount"": 3, ""While with Else Loop"": 3, ""'range' call function"": 2}"
python-algorithms,/home/juan/Documents/Analisis-CC-PyCEFR/python-algorithms/patterns/src/2_two_pointers/subarrays_with_product_less_than_target/find_subarrays.py,find_subarrays.py,numSubarrayProductLessThanK,,30,43,5,A,1,17,13,3.0,B1,1.3529411764705883,"{""A1"": 12, ""A2"": 4, ""B1"": 1}","{""Simple Tuple"": 2, ""Subscript"": 2, ""Simple Assignment"": 2, ""Simplified incremental Assignment with increase amount"": 2, ""'range' call function"": 1, ""Boolean Operation"": 1, ""Assigment with sum (total = total + 1)"": 1, ""Simplified incremental Assignment with increase multiplication"": 1, ""Simple If statements"": 1, ""Simple For Loop"": 1}"
python-algorithms,/home/juan/Documents/Analisis-CC-PyCEFR/python-algorithms/patterns/src/2_two_pointers/triplets_with_smaller_sum/triplets_with_smaller_sum_2.py,triplets_with_smaller_sum_2.py,search_pairs,,28,39,4,A,1,16,12,3.0,B1,1.375,"{""A1"": 11, ""A2"": 4, ""B1"": 1}","{""Subscript"": 4, ""Assigment with sum (total = total + 1)"": 2, ""Simple List"": 1, ""'range' call function"": 1, ""Simple Atributte"": 1, ""Unary Operation"": 1, ""Simplified incremental Assignment with increase amount"": 1, ""Simplified incremental Assignment with decrease subtraction"": 1, ""Simple If statements"": 1, ""Simple For Loop"": 1}"
python-algorithms,/home/juan/Documents/Analisis-CC-PyCEFR/python-algorithms/patterns/src/2_two_pointers/triplets_with_smaller_sum/triplets_with_smaller_sum_2.py,triplets_with_smaller_sum_2.py,triplet_with_smaller_sum,,18,25,2,A,1,8,8,2.0,A2,1.25,"{""A1"": 6, ""A2"": 2}","{""Simple List"": 1, ""'range' call function"": 1, ""Simple Atributte"": 1, ""Subscript"": 1, ""Simple Assignment"": 1, ""Simple For Loop"": 1, ""Function with Simple argument"": 1, ""Return"": 1}"
python-algorithms,/home/juan/Documents/Analisis-CC-PyCEFR/python-algorithms/patterns/src/2_two_pointers/triplets_with_smaller_sum/triplets_with_smaller_sum.py,triplets_with_smaller_sum.py,search_pair,,24,37,3,A,1,12,9,3.0,B1,1.4166666666666667,"{""A1"": 8, ""A2"": 3, ""B1"": 1}","{""Subscript"": 2, ""Assigment with sum (total = total + 1)"": 2, ""Simplified incremental Assignment with increase amount"": 2, ""Simple Assignment"": 1, ""Simplified incremental Assignment with decrease subtraction"": 1, ""Simple If statements"": 1, ""While with Else Loop"": 1, ""Function with Simple argument"": 1, ""Return"": 1}"
python-algorithms,/home/juan/Documents/Analisis-CC-PyCEFR/python-algorithms/patterns/src/2_two_pointers/triplets_with_smaller_sum/triplets_with_smaller_sum.py,triplets_with_smaller_sum.py,triplet_with_smaller_sum,,14,22,2,A,1,9,8,2.0,A2,1.3333333333333333,"{""A1"": 6, ""A2"": 3}","{""Simple Assignment"": 2, ""'range' call function"": 1, ""Simple Atributte"": 1, ""Subscript"": 1, ""Simplified incremental Assignment with increase amount"": 1, ""Simple For Loop"": 1, ""Function with Simple argument"": 1, ""Return"": 1}"
python-algorithms,/home/juan/Documents/Analisis-CC-PyCEFR/python-algorithms/patterns/src/2_two_pointers/quadruple_sum_to_targets.py/search_quadruplets.py,search_quadruplets.py,search_pair,,26,43,8,B,2,0,0,,,,{},{}
python-algorithms,/home/juan/Documents/Analisis-CC-PyCEFR/python-algorithms/patterns/src/2_two_pointers/quadruple_sum_to_targets.py/search_quadruplets.py,search_quadruplets.py,search_quadruplets,,12,23,7,B,2,0,0,,,,{},{}
python-algorithms,/home/juan/Documents/Analisis-CC-PyCEFR/python-algorithms/patterns/src/2_two_pointers/dutch_national_flag/dutch_flag_sort.py,dutch_flag_sort.py,dutch_flag_sort,,8,23,4,A,1,29,9,3.0,B1,1.206896551724138,"{""A1"": 24, ""A2"": 4, ""B1"": 1}","{""Subscript"": 10, ""Simple Tuple"": 6, ""Simple Assignment"": 4, ""Simplified incremental Assignment with increase amount"": 3, ""Simple If statements"": 2, ""Simplified incremental Assignment with decrease subtraction"": 1, ""While with Else Loop"": 1, ""Function with Simple argument"": 1, ""Return"": 1}"
python-algorithms,/home/juan/Documents/Analisis-CC-PyCEFR/python-algorithms/patterns/src/2_two_pointers/remove_keys/remove_keys.py,remove_keys.py,remove_keys,,3,11,3,A,1,11,8,2.0,A2,1.1818181818181819,"{""A1"": 9, ""A2"": 2}","{""Subscript"": 3, ""Simple Assignment"": 2, ""'range' call function"": 1, ""Simplified incremental Assignment with increase amount"": 1, ""Simple If statements"": 1, ""Simple For Loop"": 1, ""Function with Simple argument"": 1, ""Return"": 1}"
python-algorithms,/home/juan/Documents/Analisis-CC-PyCEFR/python-algorithms/patterns/src/2_two_pointers/pair_with_target_sum/pair_with_target_sum.py,pair_with_target_sum.py,pair_with_target_sum,,3,15,4,A,1,19,13,2.0,A2,1.1578947368421053,"{""A1"": 16, ""A2"": 3}","{""Simple List"": 2, ""Simple Tuple"": 2, ""Unary Operation"": 2, ""Subscript"": 2, ""Simple If statements"": 2, ""Return"": 2, ""'range' call function"": 1, ""Simple Assignment"": 1, ""Assigment with sum (total = total + 1)"": 1, ""Simplified incremental Assignment with decrease subtraction"": 1}"
python-algorithms,/home/juan/Documents/Analisis-CC-PyCEFR/python-algorithms/patterns/src/2_two_pointers/pair_with_target_sum/pair_with_target_sum.py,pair_with_target_sum.py,pair_with_target_sum_2,,18,29,4,A,1,18,12,3.0,B1,1.2222222222222223,"{""A1"": 15, ""A2"": 2, ""B1"": 1}","{""Simple List"": 2, ""Simple Tuple"": 2, ""Unary Operation"": 2, ""Subscript"": 2, ""Simple If statements"": 2, ""Return"": 2, ""Simple Assignment"": 1, ""Assigment with sum (total = total + 1)"": 1, ""Simplified incremental Assignment with increase amount"": 1, ""Simplified incremental Assignment with decrease subtraction"": 1}"
python-algorithms,/home/juan/Documents/Analisis-CC-PyCEFR/python-algorithms/patterns/src/2_two_pointers/pair_with_target_sum/pair_with_target_sum.py,pair_with_target_sum.py,target_sum_pair,,36,45,3,A,1,17,11,6.0,C2,1.411764705882353,"{""A1"": 14, ""A2"": 2, ""C2"": 1}","{""Subscript"": 3, ""Simple List"": 2, ""Unary Operation"": 2, ""Simple Assignment"": 2, ""Return"": 2, ""Simple Tuple"": 1, ""Simple Dictionary"": 1, ""'enumerate' call function"": 1, ""Simple If statements"": 1, ""For Loop with Tuple as name"": 1}"
python-algorithms,/home/juan/Documents/Analisis-CC-PyCEFR/python-algorithms/patterns/src/5_cyclic_sort/find_corrupt_pair/find_corrupt_pair.py,find_corrupt_pair.py,find_corrupt_pair,,1,15,5,A,1,29,13,3.0,B1,1.1379310344827587,"{""A1"": 26, ""A2"": 2, ""B1"": 1}","{""Subscript"": 9, ""Simple Tuple"": 4, ""Simple List"": 2, ""Unary Operation"": 2, ""Simple Assignment"": 2, ""Simple If statements"": 2, ""Return"": 2, ""'range' call function"": 1, ""Assigment with sum (total = total + 1)"": 1, ""Simplified incremental Assignment with increase amount"": 1}"
python-algorithms,/home/juan/Documents/Analisis-CC-PyCEFR/python-algorithms/patterns/src/5_cyclic_sort/find_all_missing_numbers/find_all_missing_numbers.py,find_all_missing_numbers.py,find_missing_numbers,,8,22,6,B,2,28,14,3.0,B1,1.1785714285714286,"{""A1"": 24, ""A2"": 3, ""B1"": 1}","{""Subscript"": 9, ""Simple Tuple"": 4, ""Simple Assignment"": 3, ""Simple If statements"": 2, ""Simple List"": 1, ""'range' call function"": 1, ""Simple Atributte"": 1, ""Boolean Operation"": 1, ""Assigment with sum (total = total + 1)"": 1, ""Simplified incremental Assignment with increase amount"": 1}"
python-algorithms,/home/juan/Documents/Analisis-CC-PyCEFR/python-algorithms/patterns/src/5_cyclic_sort/find_all_duplicate_numbers/find_duplicates.py,find_duplicates.py,find_all_duplicates,,7,21,5,A,1,25,13,3.0,B1,1.2,"{""A1"": 21, ""A2"": 3, ""B1"": 1}","{""Subscript"": 9, ""Simple Assignment"": 3, ""Simple Tuple"": 2, ""Simple If statements"": 2, ""Simple List"": 1, ""'range' call function"": 1, ""Simple Atributte"": 1, ""Assigment with sum (total = total + 1)"": 1, ""Simplified incremental Assignment with increase amount"": 1, ""Simple For Loop"": 1}"
python-algorithms,/home/juan/Documents/Analisis-CC-PyCEFR/python-algorithms/patterns/src/5_cyclic_sort/find_duplicate_number/find_duplicate_number.py,find_duplicate_number.py,find_duplicate,,7,20,4,A,1,24,10,3.0,B1,1.125,"{""A1"": 22, ""A2"": 1, ""B1"": 1}","{""Subscript"": 9, ""Simple Tuple"": 4, ""Simple Assignment"": 2, ""Simple If statements"": 2, ""Return"": 2, ""Unary Operation"": 1, ""Assigment with sum (total = total + 1)"": 1, ""Simplified incremental Assignment with increase amount"": 1, ""While with Else Loop"": 1, ""Function with Simple argument"": 1}"
python-algorithms,/home/juan/Documents/Analisis-CC-PyCEFR/python-algorithms/patterns/src/5_cyclic_sort/find_first_K_missing_positive_numbers/find_first_k_missing_positive.py,find_first_k_missing_positive.py,find_first_k_missing_positive,,7,33,10,B,2,40,14,3.0,B1,1.25,"{""A1"": 32, ""A2"": 6, ""B1"": 2}","{""Subscript"": 11, ""Simple Assignment"": 5, ""Simple Tuple"": 4, ""Simple If statements"": 4, ""Simple Atributte"": 3, ""Simple List"": 2, ""Assigment with sum (total = total + 1)"": 2, ""Simplified incremental Assignment with increase amount"": 2, ""While with Else Loop"": 2, ""'range' call function"": 1}"
python-algorithms,/home/juan/Documents/Analisis-CC-PyCEFR/python-algorithms/patterns/src/5_cyclic_sort/find_smallest_missing_positive_number/find_first_smallest_missing_positive.py,find_first_smallest_missing_positive.py,find_first_smallest_missing_positive,,6,19,7,B,2,27,12,3.0,B1,1.1481481481481481,"{""A1"": 24, ""A2"": 2, ""B1"": 1}","{""Subscript"": 10, ""Simple Tuple"": 4, ""Simple Assignment"": 2, ""Simple If statements"": 2, ""Return"": 2, ""'range' call function"": 1, ""Boolean Operation"": 1, ""Assigment with sum (total = total + 1)"": 1, ""Simplified incremental Assignment with increase amount"": 1, ""Simple For Loop"": 1}"
python-algorithms,/home/juan/Documents/Analisis-CC-PyCEFR/python-algorithms/patterns/src/5_cyclic_sort/cyclic_sort/cyclic_sort.py,cyclic_sort.py,cyclic_sort,,13,23,3,A,1,17,9,3.0,B1,1.1764705882352942,"{""A1"": 15, ""A2"": 1, ""B1"": 1}","{""Subscript"": 7, ""Simple Tuple"": 2, ""Simple Assignment"": 2, ""Assigment with sum (total = total + 1)"": 1, ""Simplified incremental Assignment with increase amount"": 1, ""Simple If statements"": 1, ""While with Else Loop"": 1, ""Function with Simple argument"": 1, ""Return"": 1}"
python-algorithms,/home/juan/Documents/Analisis-CC-PyCEFR/python-algorithms/patterns/src/5_cyclic_sort/find_missing_number/find_missing_number.py,find_missing_number.py,find_missing_number,,1,15,6,B,2,26,11,3.0,B1,1.1538461538461537,"{""A1"": 23, ""A2"": 2, ""B1"": 1}","{""Subscript"": 9, ""Simple Tuple"": 4, ""Simple Assignment"": 3, ""Simple If statements"": 2, ""Return"": 2, ""'range' call function"": 1, ""Boolean Operation"": 1, ""Simplified incremental Assignment with increase amount"": 1, ""Simple For Loop"": 1, ""While with Else Loop"": 1}"
python-algorithms,/home/juan/Documents/Analisis-CC-PyCEFR/python-algorithms/patterns/src/11_modified_binary_search/1_order_agnostic_binary_search/binary_search.py,binary_search.py,binary_search,,9,29,6,B,2,23,9,3.0,B1,1.0869565217391304,"{""A1"": 22, ""B1"": 1}","{""Subscript"": 5, ""Assigment with sum (total = total + 1)"": 5, ""Simple If statements"": 4, ""Simple Tuple"": 2, ""Simple Assignment"": 2, ""Return"": 2, ""Unary Operation"": 1, ""While with Else Loop"": 1, ""Function with Simple argument"": 1}"
python-algorithms,/home/juan/Documents/Analisis-CC-PyCEFR/python-algorithms/patterns/src/11_modified_binary_search/10_rotation_count/rotation_count.py,rotation_count.py,count_rotations,,1,17,7,B,2,22,9,3.0,B1,1.0909090909090908,"{""A1"": 21, ""B1"": 1}","{""Subscript"": 6, ""Assigment with sum (total = total + 1)"": 3, ""Simple If statements"": 3, ""Return"": 3, ""Simple Tuple"": 2, ""Boolean Operation"": 2, ""Simple Assignment"": 1, ""While with Else Loop"": 1, ""Function with Simple argument"": 1}"
python-algorithms,/home/juan/Documents/Analisis-CC-PyCEFR/python-algorithms/patterns/src/11_modified_binary_search/6_minimum_difference_element/minimum_difference_element.py,minimum_difference_element.py,search_min_diff_element,,1,22,7,B,2,30,8,3.0,B1,1.0666666666666667,"{""A1"": 29, ""B1"": 1}","{""Subscript"": 11, ""Simple If statements"": 5, ""Return"": 5, ""Assigment with sum (total = total + 1)"": 3, ""Simple Tuple"": 2, ""Simple Assignment"": 2, ""While with Else Loop"": 1, ""Function with Simple argument"": 1}"
python-algorithms,/home/juan/Documents/Analisis-CC-PyCEFR/python-algorithms/patterns/src/11_modified_binary_search/4_number_range/number_range.py,number_range.py,find_range_2,,42,53,6,B,2,19,11,3.0,B1,1.3157894736842106,"{""A1"": 15, ""A2"": 2, ""B1"": 2}","{""Unary Operation"": 3, ""Simple List"": 2, ""Boolean Operation"": 2, ""Subscript"": 2, ""Simple Assignment"": 2, ""While with Else Loop"": 2, ""Return"": 2, ""Simplified incremental Assignment with increase amount"": 1, ""Simplified incremental Assignment with decrease subtraction"": 1, ""Simple If statements"": 1}"
python-algorithms,/home/juan/Documents/Analisis-CC-PyCEFR/python-algorithms/patterns/src/11_modified_binary_search/4_number_range/number_range.py,number_range.py,binary_search,,18,34,5,A,1,19,9,3.0,B1,1.105263157894737,"{""A1"": 18, ""B1"": 1}","{""Assigment with sum (total = total + 1)"": 5, ""Simple Assignment"": 3, ""Simple If statements"": 3, ""Simple Tuple"": 2, ""Subscript"": 2, ""Unary Operation"": 1, ""While with Else Loop"": 1, ""Function with Simple argument"": 1, ""Return"": 1}"
python-algorithms,/home/juan/Documents/Analisis-CC-PyCEFR/python-algorithms/patterns/src/11_modified_binary_search/4_number_range/number_range.py,number_range.py,bin_search,,55,67,4,A,1,15,9,3.0,B1,1.1333333333333333,"{""A1"": 14, ""B1"": 1}","{""Assigment with sum (total = total + 1)"": 3, ""Simple Tuple"": 2, ""Subscript"": 2, ""Simple If statements"": 2, ""Return"": 2, ""Unary Operation"": 1, ""Simple Assignment"": 1, ""While with Else Loop"": 1, ""Function with Simple argument"": 1}"
python-algorithms,/home/juan/Documents/Analisis-CC-PyCEFR/python-algorithms/patterns/src/11_modified_binary_search/4_number_range/number_range.py,number_range.py,find_range,,9,14,2,A,1,13,7,1.0,A1,1.0,"{""A1"": 13}","{""Unary Operation"": 3, ""Subscript"": 3, ""Simple Assignment"": 3, ""Simple List"": 1, ""Simple If statements"": 1, ""Function with Simple argument"": 1, ""Return"": 1}"
python-algorithms,/home/juan/Documents/Analisis-CC-PyCEFR/python-algorithms/patterns/src/11_modified_binary_search/2_ceiling_of_a_number/ceiling_of_number.py,ceiling_of_number.py,search_ceiling_of_a_number,,8,26,6,B,2,22,9,3.0,B1,1.0909090909090908,"{""A1"": 21, ""B1"": 1}","{""Subscript"": 4, ""Assigment with sum (total = total + 1)"": 4, ""Simple If statements"": 4, ""Return"": 4, ""Simple Tuple"": 2, ""Unary Operation"": 1, ""Simple Assignment"": 1, ""While with Else Loop"": 1, ""Function with Simple argument"": 1}"
python-algorithms,/home/juan/Documents/Analisis-CC-PyCEFR/python-algorithms/patterns/src/11_modified_binary_search/2_ceiling_of_a_number/ceiling_of_number.py,ceiling_of_number.py,getCeilingNaive,,36,44,4,A,1,11,8,6.0,C2,1.7272727272727273,"{""A1"": 8, ""C2"": 1, ""A2"": 1, ""B1"": 1}","{""Return"": 3, ""Simple If statements"": 2, ""Simple Tuple"": 1, ""'enumerate' call function"": 1, ""Unary Operation"": 1, ""For Loop with Tuple as name"": 1, ""'continue' statement"": 1, ""Function with Simple argument"": 1}"
python-algorithms,/home/juan/Documents/Analisis-CC-PyCEFR/python-algorithms/patterns/src/11_modified_binary_search/11_search_in_rotated_array_with_duplicates/search_in_rotated_array.py,search_in_rotated_array.py,search_rotated_array,,8,30,10,B,2,62,14,3.0,B1,1.096774193548387,"{""A1"": 58, ""A2"": 2, ""B1"": 2}","{""Subscript"": 18, ""Assigment with sum (total = total + 1)"": 10, ""Simple If statements"": 9, ""Boolean Operation"": 5, ""Simple Tuple"": 4, ""Return"": 4, ""Unary Operation"": 2, ""Simple Assignment"": 2, ""While with Else Loop"": 2, ""Function with Simple argument"": 2}"
python-algorithms,/home/juan/Documents/Analisis-CC-PyCEFR/python-algorithms/patterns/src/11_modified_binary_search/9_search_in_rotated_array/search_in_rotated_array.py,search_in_rotated_array.py,search_rotated_array,,8,28,8,B,2,57,12,3.0,B1,1.105263157894737,"{""A1"": 53, ""A2"": 2, ""B1"": 2}","{""Subscript"": 18, ""Assigment with sum (total = total + 1)"": 10, ""Simple If statements"": 9, ""Boolean Operation"": 5, ""Simple Tuple"": 4, ""Return"": 3, ""Simple Assignment"": 2, ""While with Else Loop"": 2, ""Simplified incremental Assignment with decrease subtraction"": 1, ""Simplified incremental Assignment with increase amount"": 1}"
python-algorithms,/home/juan/Documents/Analisis-CC-PyCEFR/python-algorithms/patterns/src/11_modified_binary_search/3_next_letter/next_letter.py,next_letter.py,simple_binary_search,,33,53,7,B,2,26,11,3.0,B1,1.2692307692307692,"{""A1"": 22, ""B1"": 3, ""A2"": 1}","{""Subscript"": 7, ""Simple Assignment"": 3, ""Assigment with sum (total = total + 1)"": 3, ""Simple If statements"": 3, ""Simple Tuple"": 2, ""While with Else Loop"": 2, ""Return"": 2, ""Boolean Operation"": 1, ""Simplified incremental Assignment with increase amount"": 1, ""'break' statement"": 1}"
python-algorithms,/home/juan/Documents/Analisis-CC-PyCEFR/python-algorithms/patterns/src/11_modified_binary_search/3_next_letter/next_letter.py,next_letter.py,search_next_letter,,8,23,4,A,1,16,9,3.0,B1,1.3125,"{""A1"": 13, ""B1"": 2, ""A2"": 1}","{""Subscript"": 3, ""Assigment with sum (total = total + 1)"": 3, ""Simple Tuple"": 2, ""Simple Assignment"": 2, ""While with Else Loop"": 2, ""Simplified incremental Assignment with increase amount"": 1, ""Simple If statements"": 1, ""Function with Simple argument"": 1, ""Return"": 1}"
python-algorithms,/home/juan/Documents/Analisis-CC-PyCEFR/python-algorithms/patterns/src/11_modified_binary_search/3_next_letter/next_letter.py,next_letter.py,next_letter,,65,70,3,A,1,6,5,1.0,A1,1.0,"{""A1"": 6}","{""Return"": 2, ""Subscript"": 1, ""Simple If statements"": 1, ""Simple For Loop"": 1, ""Function with Simple argument"": 1}"
python-algorithms,/home/juan/Documents/Analisis-CC-PyCEFR/python-algorithms/patterns/src/11_modified_binary_search/5_search_sorted_infinite_array/search_sorted_infinite_array.py,search_sorted_infinite_array.py,binary_search,,38,48,4,A,1,12,7,3.0,B1,1.3333333333333333,"{""A1"": 9, ""A2"": 2, ""B1"": 1}","{""Assigment with sum (total = total + 1)"": 3, ""Simple Atributte"": 2, ""Simple If statements"": 2, ""Return"": 2, ""Unary Operation"": 1, ""While with Else Loop"": 1, ""Function with Simple argument"": 1}"
python-algorithms,/home/juan/Documents/Analisis-CC-PyCEFR/python-algorithms/patterns/src/11_modified_binary_search/5_search_sorted_infinite_array/search_sorted_infinite_array.py,search_sorted_infinite_array.py,ArrayReader,,4,12,3,A,1,12,7,3.0,B1,1.5,"{""A1"": 7, ""A2"": 4, ""B1"": 1}","{""Simple Atributte"": 4, ""Function with Simple argument"": 2, ""Return"": 2, ""Subscript"": 1, ""Simple Assignment"": 1, ""Simple If statements"": 1, ""Simple Class  Using the constructor method --> __init__"": 1}"
python-algorithms,/home/juan/Documents/Analisis-CC-PyCEFR/python-algorithms/patterns/src/11_modified_binary_search/5_search_sorted_infinite_array/search_sorted_infinite_array.py,search_sorted_infinite_array.py,search_in_infinite_array,,26,35,2,A,1,10,8,3.0,B1,1.4,"{""A1"": 7, ""A2"": 2, ""B1"": 1}","{""Simple Tuple"": 2, ""Simple Assignment"": 2, ""Simple Atributte"": 1, ""Assigment with sum (total = total + 1)"": 1, ""Simplified incremental Assignment with increase amount"": 1, ""While with Else Loop"": 1, ""Function with Simple argument"": 1, ""Return"": 1}"
python-algorithms,/home/juan/Documents/Analisis-CC-PyCEFR/python-algorithms/patterns/src/11_modified_binary_search/5_search_sorted_infinite_array/search_sorted_infinite_array.py,search_sorted_infinite_array.py,get,,9,12,2,A,1,8,5,2.0,A2,1.375,"{""A1"": 5, ""A2"": 3}","{""Simple Atributte"": 3, ""Return"": 2, ""Subscript"": 1, ""Simple If statements"": 1, ""Function with Simple argument"": 1}"
python-algorithms,/home/juan/Documents/Analisis-CC-PyCEFR/python-algorithms/patterns/src/11_modified_binary_search/5_search_sorted_infinite_array/search_sorted_infinite_array.py,search_sorted_infinite_array.py,__init__,,6,7,1,A,1,3,3,2.0,A2,1.3333333333333333,"{""A1"": 2, ""A2"": 1}","{""Simple Atributte"": 1, ""Simple Assignment"": 1, ""Function with Simple argument"": 1}"
python-algorithms,/home/juan/Documents/Analisis-CC-PyCEFR/python-algorithms/patterns/src/11_modified_binary_search/7_bitonic_array_maximum/bitonic_array_maximum.py,bitonic_array_maximum.py,find_max,,28,42,7,B,2,27,9,3.0,B1,1.0740740740740742,"{""A1"": 26, ""B1"": 1}","{""Subscript"": 7, ""Simple Assignment"": 5, ""Simple Tuple"": 4, ""Simple If statements"": 4, ""Assigment with sum (total = total + 1)"": 3, ""Boolean Operation"": 1, ""While with Else Loop"": 1, ""Function with Simple argument"": 1, ""Return"": 1}"
python-algorithms,/home/juan/Documents/Analisis-CC-PyCEFR/python-algorithms/patterns/src/11_modified_binary_search/7_bitonic_array_maximum/bitonic_array_maximum.py,bitonic_array_maximum.py,find_max_in_bitonic_array,,8,19,3,A,1,13,8,3.0,B1,1.1538461538461537,"{""A1"": 12, ""B1"": 1}","{""Subscript"": 3, ""Simple Tuple"": 2, ""Simple Assignment"": 2, ""Assigment with sum (total = total + 1)"": 2, ""Simple If statements"": 1, ""While with Else Loop"": 1, ""Function with Simple argument"": 1, ""Return"": 1}"
python-algorithms,/home/juan/Documents/Analisis-CC-PyCEFR/python-algorithms/patterns/src/11_modified_binary_search/2_floor_of_a_number/floor_of_number.py,floor_of_number.py,search_floor_of_a_number,,9,28,6,B,2,22,9,3.0,B1,1.0909090909090908,"{""A1"": 21, ""B1"": 1}","{""Subscript"": 4, ""Assigment with sum (total = total + 1)"": 4, ""Simple If statements"": 4, ""Return"": 4, ""Simple Tuple"": 2, ""Unary Operation"": 1, ""Simple Assignment"": 1, ""While with Else Loop"": 1, ""Function with Simple argument"": 1}"
python-algorithms,/home/juan/Documents/Analisis-CC-PyCEFR/python-algorithms/patterns/src/11_modified_binary_search/8_search_bitonic_array/search_bitonic_array.py,search_bitonic_array.py,binary_search,,30,48,6,B,2,17,7,3.0,B1,1.1176470588235294,"{""A1"": 16, ""B1"": 1}","{""Assigment with sum (total = total + 1)"": 5, ""Simple If statements"": 4, ""Subscript"": 3, ""Return"": 2, ""Unary Operation"": 1, ""While with Else Loop"": 1, ""Function with Simple argument"": 1}"
python-algorithms,/home/juan/Documents/Analisis-CC-PyCEFR/python-algorithms/patterns/src/11_modified_binary_search/8_search_bitonic_array/search_bitonic_array.py,search_bitonic_array.py,search_bitonic_array,,8,16,3,A,1,10,6,1.0,A1,1.0,"{""A1"": 10}","{""Simple Assignment"": 3, ""Simple If statements"": 2, ""Return"": 2, ""Unary Operation"": 1, ""Subscript"": 1, ""Function with Simple argument"": 1}"
python-algorithms,/home/juan/Documents/Analisis-CC-PyCEFR/python-algorithms/patterns/src/11_modified_binary_search/8_search_bitonic_array/search_bitonic_array.py,search_bitonic_array.py,find_max,,19,28,3,A,1,12,8,3.0,B1,1.1666666666666667,"{""A1"": 11, ""B1"": 1}","{""Simple Tuple"": 2, ""Subscript"": 2, ""Simple Assignment"": 2, ""Assigment with sum (total = total + 1)"": 2, ""Simple If statements"": 1, ""While with Else Loop"": 1, ""Function with Simple argument"": 1, ""Return"": 1}"
python-algorithms,/home/juan/Documents/Analisis-CC-PyCEFR/python-algorithms/patterns/src/3_fast_and_slow_pointers/start_of_linkedlist_cycle/start_of_linkedlist_cycle.py,start_of_linkedlist_cycle.py,find_cycle_start,,46,57,4,A,1,17,9,3.0,B1,1.4705882352941178,"{""A1"": 11, ""A2"": 4, ""B1"": 2}","{""Simple Assignment"": 5, ""Simple Atributte"": 4, ""Simple Tuple"": 2, ""Boolean Operation"": 1, ""Simple If statements"": 1, ""While with Else Loop"": 1, ""'break' statement"": 1, ""Function with Simple argument"": 1, ""Return"": 1}"
python-algorithms,/home/juan/Documents/Analisis-CC-PyCEFR/python-algorithms/patterns/src/3_fast_and_slow_pointers/start_of_linkedlist_cycle/start_of_linkedlist_cycle.py,start_of_linkedlist_cycle.py,calculate_cycle_count,,59,70,3,A,1,10,8,3.0,B1,1.6,"{""A1"": 6, ""A2"": 2, ""B1"": 2}","{""Simple Assignment"": 3, ""Simple Atributte"": 1, ""Simplified incremental Assignment with increase amount"": 1, ""Simple If statements"": 1, ""While with Else Loop"": 1, ""'break' statement"": 1, ""Function with Simple argument"": 1, ""Return"": 1}"
python-algorithms,/home/juan/Documents/Analisis-CC-PyCEFR/python-algorithms/patterns/src/3_fast_and_slow_pointers/start_of_linkedlist_cycle/start_of_linkedlist_cycle.py,start_of_linkedlist_cycle.py,find_start,,72,84,3,A,1,13,6,3.0,B1,1.6153846153846154,"{""A1"": 7, ""A2"": 4, ""B1"": 2}","{""Simple Assignment"": 5, ""Simple Atributte"": 3, ""While with Else Loop"": 2, ""Simplified incremental Assignment with decrease subtraction"": 1, ""Function with Simple argument"": 1, ""Return"": 1}"
python-algorithms,/home/juan/Documents/Analisis-CC-PyCEFR/python-algorithms/patterns/src/3_fast_and_slow_pointers/start_of_linkedlist_cycle/start_of_linkedlist_cycle.py,start_of_linkedlist_cycle.py,Node,,9,12,2,A,1,6,4,3.0,B1,1.8333333333333333,"{""A2"": 3, ""A1"": 2, ""B1"": 1}","{""Simple Atributte"": 2, ""Simple Assignment"": 2, ""Function with Simple argument with Default argument"": 1, ""Simple Class  Using the constructor method --> __init__"": 1}"
python-algorithms,/home/juan/Documents/Analisis-CC-PyCEFR/python-algorithms/patterns/src/3_fast_and_slow_pointers/start_of_linkedlist_cycle/start_of_linkedlist_cycle.py,start_of_linkedlist_cycle.py,__init__,,10,12,1,A,1,5,3,2.0,A2,1.6,"{""A2"": 3, ""A1"": 2}","{""Simple Atributte"": 2, ""Simple Assignment"": 2, ""Function with Simple argument with Default argument"": 1}"
python-algorithms,/home/juan/Documents/Analisis-CC-PyCEFR/python-algorithms/patterns/src/3_fast_and_slow_pointers/happy_number/happy_number.py,happy_number.py,find_happy_number,,24,34,3,A,1,10,7,3.0,B1,1.4,"{""A1"": 8, ""B1"": 2}","{""Simple Assignment"": 3, ""Simple Tuple"": 2, ""Simple If statements"": 1, ""While with Else Loop"": 1, ""'break' statement"": 1, ""Function with Simple argument"": 1, ""Return"": 1}"
python-algorithms,/home/juan/Documents/Analisis-CC-PyCEFR/python-algorithms/patterns/src/3_fast_and_slow_pointers/happy_number/happy_number.py,happy_number.py,find_square_sum,,36,44,2,A,1,7,7,3.0,B1,1.5714285714285714,"{""A1"": 4, ""A2"": 2, ""B1"": 1}","{""Simple Assignment"": 1, ""Assigment with sum (total = total + 1)"": 1, ""Simplified incremental Assignment with increase amount"": 1, ""Simplified incremental Assignment with "": 1, ""While with Else Loop"": 1, ""Function with Simple argument"": 1, ""Return"": 1}"
python-algorithms,/home/juan/Documents/Analisis-CC-PyCEFR/python-algorithms/patterns/src/3_fast_and_slow_pointers/rearrange_linkedlist/reorder_linkedlist.py,reorder_linkedlist.py,reorder,,22,48,8,B,2,33,8,3.0,B1,1.4242424242424243,"{""A1"": 21, ""A2"": 10, ""B1"": 2}","{""Simple Assignment"": 12, ""Simple Atributte"": 10, ""Boolean Operation"": 3, ""Simple Tuple"": 2, ""Simple If statements"": 2, ""While with Else Loop"": 2, ""Function with Simple argument"": 1, ""Return"": 1}"
python-algorithms,/home/juan/Documents/Analisis-CC-PyCEFR/python-algorithms/patterns/src/3_fast_and_slow_pointers/rearrange_linkedlist/reorder_linkedlist.py,reorder_linkedlist.py,Node,,9,19,3,A,1,14,7,3.0,B1,1.6428571428571428,"{""A1"": 7, ""A2"": 5, ""B1"": 2}","{""Simple Atributte"": 4, ""Simple Assignment"": 4, ""Print"": 2, ""While with Else Loop"": 1, ""Function with Simple argument with Default argument"": 1, ""Function with Simple argument"": 1, ""Simple Class  Using the constructor method --> __init__"": 1}"
python-algorithms,/home/juan/Documents/Analisis-CC-PyCEFR/python-algorithms/patterns/src/3_fast_and_slow_pointers/rearrange_linkedlist/reorder_linkedlist.py,reorder_linkedlist.py,reverse,,51,58,2,A,1,10,5,3.0,B1,1.4,"{""A1"": 7, ""A2"": 2, ""B1"": 1}","{""Simple Assignment"": 5, ""Simple Atributte"": 2, ""While with Else Loop"": 1, ""Function with Simple argument"": 1, ""Return"": 1}"
python-algorithms,/home/juan/Documents/Analisis-CC-PyCEFR/python-algorithms/patterns/src/3_fast_and_slow_pointers/rearrange_linkedlist/reorder_linkedlist.py,reorder_linkedlist.py,print_list,,14,19,2,A,1,8,5,3.0,B1,1.5,"{""A1"": 5, ""A2"": 2, ""B1"": 1}","{""Print"": 2, ""Simple Atributte"": 2, ""Simple Assignment"": 2, ""While with Else Loop"": 1, ""Function with Simple argument"": 1}"
python-algorithms,/home/juan/Documents/Analisis-CC-PyCEFR/python-algorithms/patterns/src/3_fast_and_slow_pointers/rearrange_linkedlist/reorder_linkedlist.py,reorder_linkedlist.py,__init__,,10,12,1,A,1,5,3,2.0,A2,1.6,"{""A2"": 3, ""A1"": 2}","{""Simple Atributte"": 2, ""Simple Assignment"": 2, ""Function with Simple argument with Default argument"": 1}"
python-algorithms,/home/juan/Documents/Analisis-CC-PyCEFR/python-algorithms/patterns/src/3_fast_and_slow_pointers/length_of_cycle/length_of_cycle.py,length_of_cycle.py,find_cycle_length,,13,23,4,A,1,15,8,3.0,B1,1.4,"{""A1"": 10, ""A2"": 4, ""B1"": 1}","{""Simple Atributte"": 4, ""Simple Assignment"": 3, ""Simple Tuple"": 2, ""Return"": 2, ""Boolean Operation"": 1, ""Simple If statements"": 1, ""While with Else Loop"": 1, ""Function with Simple argument"": 1}"
python-algorithms,/home/juan/Documents/Analisis-CC-PyCEFR/python-algorithms/patterns/src/3_fast_and_slow_pointers/length_of_cycle/length_of_cycle.py,length_of_cycle.py,calculate_cycle_length,,26,35,3,A,1,10,8,3.0,B1,1.6,"{""A1"": 6, ""A2"": 2, ""B1"": 2}","{""Simple Assignment"": 3, ""Simple Atributte"": 1, ""Simplified incremental Assignment with increase amount"": 1, ""Simple If statements"": 1, ""While with Else Loop"": 1, ""'break' statement"": 1, ""Function with Simple argument"": 1, ""Return"": 1}"
python-algorithms,/home/juan/Documents/Analisis-CC-PyCEFR/python-algorithms/patterns/src/3_fast_and_slow_pointers/length_of_cycle/length_of_cycle.py,length_of_cycle.py,Node,,1,4,2,A,1,6,4,3.0,B1,1.8333333333333333,"{""A2"": 3, ""A1"": 2, ""B1"": 1}","{""Simple Atributte"": 2, ""Simple Assignment"": 2, ""Function with Simple argument with Default argument"": 1, ""Simple Class  Using the constructor method --> __init__"": 1}"
python-algorithms,/home/juan/Documents/Analisis-CC-PyCEFR/python-algorithms/patterns/src/3_fast_and_slow_pointers/length_of_cycle/length_of_cycle.py,length_of_cycle.py,__init__,,2,4,1,A,1,5,3,2.0,A2,1.6,"{""A2"": 3, ""A1"": 2}","{""Simple Atributte"": 2, ""Simple Assignment"": 2, ""Function with Simple argument with Default argument"": 1}"
python-algorithms,/home/juan/Documents/Analisis-CC-PyCEFR/python-algorithms/patterns/src/3_fast_and_slow_pointers/find_duplicate_number/find_duplicate.py,find_duplicate.py,find_duplicate,,4,17,3,A,1,23,7,3.0,B1,1.2173913043478262,"{""A1"": 20, ""B1"": 2, ""A2"": 1}","{""Subscript"": 10, ""Simple Assignment"": 6, ""Simple Tuple"": 2, ""While with Else Loop"": 2, ""Simplified incremental Assignment with increase amount"": 1, ""Function with Simple argument"": 1, ""Return"": 1}"
python-algorithms,/home/juan/Documents/Analisis-CC-PyCEFR/python-algorithms/patterns/src/3_fast_and_slow_pointers/find_duplicate_number/find_duplicate.py,find_duplicate.py,find_start,,20,32,3,A,1,16,7,3.0,B1,1.3125,"{""A1"": 13, ""B1"": 2, ""A2"": 1}","{""Subscript"": 5, ""Simple Assignment"": 4, ""Simple Tuple"": 2, ""While with Else Loop"": 2, ""Simplified incremental Assignment with decrease subtraction"": 1, ""Function with Simple argument"": 1, ""Return"": 1}"
python-algorithms,/home/juan/Documents/Analisis-CC-PyCEFR/python-algorithms/patterns/src/3_fast_and_slow_pointers/middle_of_linkedlist/middle_of_linkedlist.py,middle_of_linkedlist.py,find_middle_of_linked_list,,6,12,3,A,1,13,7,3.0,B1,1.4615384615384615,"{""A1"": 8, ""A2"": 4, ""B1"": 1}","{""Simple Atributte"": 4, ""Simple Assignment"": 3, ""Simple Tuple"": 2, ""Boolean Operation"": 1, ""While with Else Loop"": 1, ""Function with Simple argument"": 1, ""Return"": 1}"
python-algorithms,/home/juan/Documents/Analisis-CC-PyCEFR/python-algorithms/patterns/src/3_fast_and_slow_pointers/middle_of_linkedlist/middle_of_linkedlist.py,middle_of_linkedlist.py,Node,,1,4,2,A,1,6,4,3.0,B1,1.8333333333333333,"{""A2"": 3, ""A1"": 2, ""B1"": 1}","{""Simple Atributte"": 2, ""Simple Assignment"": 2, ""Function with Simple argument with Default argument"": 1, ""Simple Class  Using the constructor method --> __init__"": 1}"
python-algorithms,/home/juan/Documents/Analisis-CC-PyCEFR/python-algorithms/patterns/src/3_fast_and_slow_pointers/middle_of_linkedlist/middle_of_linkedlist.py,middle_of_linkedlist.py,__init__,,2,4,1,A,1,5,3,2.0,A2,1.6,"{""A2"": 3, ""A1"": 2}","{""Simple Atributte"": 2, ""Simple Assignment"": 2, ""Function with Simple argument with Default argument"": 1}"
python-algorithms,/home/juan/Documents/Analisis-CC-PyCEFR/python-algorithms/patterns/src/3_fast_and_slow_pointers/palindrome_linkedlist/palindrome_linkedlist.py,palindrome_linkedlist.py,is_palindromic_linked_list,,12,37,10,B,2,60,9,3.0,B1,1.4166666666666667,"{""A1"": 40, ""A2"": 15, ""B1"": 5}","{""Simple Atributte"": 15, ""Simple Assignment"": 13, ""Simple Tuple"": 10, ""Return"": 6, ""Boolean Operation"": 5, ""Simple If statements"": 4, ""While with Else Loop"": 4, ""Function with Simple argument"": 2, ""'break' statement"": 1}"
python-algorithms,/home/juan/Documents/Analisis-CC-PyCEFR/python-algorithms/patterns/src/3_fast_and_slow_pointers/palindrome_linkedlist/palindrome_linkedlist.py,palindrome_linkedlist.py,reverse_list,,39,47,2,A,1,10,5,3.0,B1,1.4,"{""A1"": 7, ""A2"": 2, ""B1"": 1}","{""Simple Assignment"": 5, ""Simple Atributte"": 2, ""While with Else Loop"": 1, ""Function with Simple argument"": 1, ""Return"": 1}"
python-algorithms,/home/juan/Documents/Analisis-CC-PyCEFR/python-algorithms/patterns/src/3_fast_and_slow_pointers/palindrome_linkedlist/palindrome_linkedlist.py,palindrome_linkedlist.py,Node,,7,10,2,A,1,15,8,3.0,B1,1.4666666666666666,"{""A1"": 9, ""A2"": 5, ""B1"": 1}","{""Simple Atributte"": 4, ""Simple Assignment"": 3, ""Unary Operation"": 2, ""Boolean Operation"": 2, ""Simple If statements"": 1, ""Return"": 1, ""Function with Simple argument with Default argument"": 1, ""Simple Class  Using the constructor method --> __init__"": 1}"
python-algorithms,/home/juan/Documents/Analisis-CC-PyCEFR/python-algorithms/patterns/src/3_fast_and_slow_pointers/palindrome_linkedlist/palindrome_linkedlist.py,palindrome_linkedlist.py,__init__,,8,10,1,A,1,14,7,2.0,A2,1.3571428571428572,"{""A1"": 9, ""A2"": 5}","{""Simple Atributte"": 4, ""Simple Assignment"": 3, ""Unary Operation"": 2, ""Boolean Operation"": 2, ""Simple If statements"": 1, ""Return"": 1, ""Function with Simple argument with Default argument"": 1}"
python-algorithms,/home/juan/Documents/Analisis-CC-PyCEFR/python-algorithms/patterns/src/3_fast_and_slow_pointers/linkedlist_cycle/find_cycle_length.py,find_cycle_length.py,has_cycle,,30,39,4,A,1,15,8,3.0,B1,1.4,"{""A1"": 10, ""A2"": 4, ""B1"": 1}","{""Simple Atributte"": 4, ""Simple Assignment"": 3, ""Simple Tuple"": 2, ""Return"": 2, ""Boolean Operation"": 1, ""Simple If statements"": 1, ""While with Else Loop"": 1, ""Function with Simple argument"": 1}"
python-algorithms,/home/juan/Documents/Analisis-CC-PyCEFR/python-algorithms/patterns/src/3_fast_and_slow_pointers/linkedlist_cycle/find_cycle_length.py,find_cycle_length.py,Node,,1,4,2,A,1,6,4,3.0,B1,1.8333333333333333,"{""A2"": 3, ""A1"": 2, ""B1"": 1}","{""Simple Atributte"": 2, ""Simple Assignment"": 2, ""Function with Simple argument with Default argument"": 1, ""Simple Class  Using the constructor method --> __init__"": 1}"
python-algorithms,/home/juan/Documents/Analisis-CC-PyCEFR/python-algorithms/patterns/src/3_fast_and_slow_pointers/linkedlist_cycle/find_cycle_length.py,find_cycle_length.py,__init__,,2,4,1,A,1,5,3,2.0,A2,1.6,"{""A2"": 3, ""A1"": 2}","{""Simple Atributte"": 2, ""Simple Assignment"": 2, ""Function with Simple argument with Default argument"": 1}"
python-algorithms,/home/juan/Documents/Analisis-CC-PyCEFR/python-algorithms/patterns/src/12_top_k_elements/frequency_sort/frequency_sort.py,frequency_sort.py,sort_character_by_frequency,,14,33,5,A,1,25,14,3.0,B1,1.36,"{""A1"": 17, ""A2"": 7, ""B1"": 1}","{""Simple Atributte"": 4, ""Simple Assignment"": 4, ""Simple Tuple"": 3, ""Simple List"": 2, ""Unary Operation"": 2, ""Simple For Loop"": 2, ""Simple Dictionary"": 1, ""'range' call function"": 1, ""Subscript"": 1, ""Assigment with sum (total = total + 1)"": 1}"
python-algorithms,/home/juan/Documents/Analisis-CC-PyCEFR/python-algorithms/patterns/src/12_top_k_elements/top_k_numbers/top_k_numbers.py,top_k_numbers.py,find_k_largest_numbers,,9,24,4,A,1,13,8,2.0,A2,1.1538461538461537,"{""A1"": 11, ""A2"": 2}","{""Subscript"": 4, ""'range' call function"": 2, ""Simple For Loop"": 2, ""Simple List"": 1, ""Simple Assignment"": 1, ""Simple If statements"": 1, ""Function with Simple argument"": 1, ""Return"": 1}"
python-algorithms,/home/juan/Documents/Analisis-CC-PyCEFR/python-algorithms/patterns/src/12_top_k_elements/kth_smallest_number/kth_smallest_number.py,kth_smallest_number.py,find_Kth_smallest_number,,10,24,4,A,1,18,9,2.0,A2,1.1111111111111112,"{""A1"": 16, ""A2"": 2}","{""Subscript"": 5, ""Unary Operation"": 4, ""'range' call function"": 2, ""Simple For Loop"": 2, ""Simple List"": 1, ""Simple Assignment"": 1, ""Simple If statements"": 1, ""Function with Simple argument"": 1, ""Return"": 1}"
python-algorithms,/home/juan/Documents/Analisis-CC-PyCEFR/python-algorithms/patterns/src/12_top_k_elements/kth_smallest_number/kth_smallest_number.py,kth_smallest_number.py,find_Kth_smallest_number_2,,34,43,3,A,1,9,6,2.0,A2,1.1111111111111112,"{""A1"": 8, ""A2"": 1}","{""Simple Assignment"": 3, ""Simple For Loop"": 2, ""Simple List"": 1, ""'range' call function"": 1, ""Function with Simple argument"": 1, ""Return"": 1}"
python-algorithms,/home/juan/Documents/Analisis-CC-PyCEFR/python-algorithms/patterns/src/12_top_k_elements/k_closest_point_to_origin/k_closest_point_to_origin.py,k_closest_point_to_origin.py,find_closest_points,,29,40,4,A,1,15,9,2.0,A2,1.2666666666666666,"{""A1"": 11, ""A2"": 4}","{""Subscript"": 4, ""'range' call function"": 2, ""Simple Atributte"": 2, ""Simple For Loop"": 2, ""Simple List"": 1, ""Simple Assignment"": 1, ""Simple If statements"": 1, ""Function with Simple argument"": 1, ""Return"": 1}"
python-algorithms,/home/juan/Documents/Analisis-CC-PyCEFR/python-algorithms/patterns/src/12_top_k_elements/k_closest_point_to_origin/k_closest_point_to_origin.py,k_closest_point_to_origin.py,Point,,3,19,2,A,1,23,6,3.0,B1,1.608695652173913,"{""A2"": 12, ""A1"": 10, ""B1"": 1}","{""Simple Atributte"": 12, ""Function with Simple argument"": 4, ""Simple Assignment"": 3, ""Return"": 2, ""Print"": 1, ""Simple Class  Using the constructor method --> __init__"": 1}"
python-algorithms,/home/juan/Documents/Analisis-CC-PyCEFR/python-algorithms/patterns/src/12_top_k_elements/k_closest_point_to_origin/k_closest_point_to_origin.py,k_closest_point_to_origin.py,__init__,,5,8,1,A,1,8,3,2.0,A2,1.5,"{""A2"": 4, ""A1"": 4}","{""Simple Atributte"": 4, ""Simple Assignment"": 3, ""Function with Simple argument"": 1}"
python-algorithms,/home/juan/Documents/Analisis-CC-PyCEFR/python-algorithms/patterns/src/12_top_k_elements/k_closest_point_to_origin/k_closest_point_to_origin.py,k_closest_point_to_origin.py,__lt__,,11,12,1,A,1,4,3,2.0,A2,1.5,"{""A2"": 2, ""A1"": 2}","{""Simple Atributte"": 2, ""Function with Simple argument"": 1, ""Return"": 1}"
python-algorithms,/home/juan/Documents/Analisis-CC-PyCEFR/python-algorithms/patterns/src/12_top_k_elements/k_closest_point_to_origin/k_closest_point_to_origin.py,k_closest_point_to_origin.py,distance_from_origin,,14,16,1,A,1,6,3,2.0,A2,1.6666666666666667,"{""A2"": 4, ""A1"": 2}","{""Simple Atributte"": 4, ""Function with Simple argument"": 1, ""Return"": 1}"
python-algorithms,/home/juan/Documents/Analisis-CC-PyCEFR/python-algorithms/patterns/src/12_top_k_elements/k_closest_point_to_origin/k_closest_point_to_origin.py,k_closest_point_to_origin.py,print_point,,18,19,1,A,1,4,3,2.0,A2,1.5,"{""A1"": 2, ""A2"": 2}","{""Simple Atributte"": 2, ""Print"": 1, ""Function with Simple argument"": 1}"
python-algorithms,/home/juan/Documents/Analisis-CC-PyCEFR/python-algorithms/patterns/src/12_top_k_elements/top_k_frequent_numbers/top_k_frequent_numbers.py,top_k_frequent_numbers.py,find_k_frequent_numbers,,11,27,5,A,1,20,13,3.0,B1,1.35,"{""A1"": 14, ""A2"": 5, ""B1"": 1}","{""Simple Atributte"": 3, ""Simple Assignment"": 3, ""Simple List"": 2, ""Simple Tuple"": 2, ""Subscript"": 2, ""Simple Dictionary"": 1, ""Assigment with sum (total = total + 1)"": 1, ""Simple If statements"": 1, ""Simple For Loop"": 1, ""For Loop with Tuple as name"": 1}"
python-algorithms,/home/juan/Documents/Analisis-CC-PyCEFR/python-algorithms/patterns/src/12_top_k_elements/connect_ropes/connect_ropes.py,connect_ropes.py,minimum_cost_to_connect_ropes,,12,23,3,A,1,11,10,3.0,B1,1.3636363636363635,"{""A1"": 8, ""A2"": 2, ""B1"": 1}","{""Simple Assignment"": 2, ""Simple List"": 1, ""'range' call function"": 1, ""Subscript"": 1, ""Assigment with sum (total = total + 1)"": 1, ""Simplified incremental Assignment with increase amount"": 1, ""Simple For Loop"": 1, ""While with Else Loop"": 1, ""Function with Simple argument"": 1, ""Return"": 1}"
python-algorithms,/home/juan/Documents/Analisis-CC-PyCEFR/python-algorithms/patterns/src/12_top_k_elements/kth_largest_number_in_stream/kth_largest_number_in_stream.py,kth_largest_number_in_stream.py,KthLargestNumberInStream,,10,25,3,A,1,17,9,3.0,B1,1.5294117647058822,"{""A1"": 9, ""A2"": 7, ""B1"": 1}","{""Simple Atributte"": 7, ""Simple Assignment"": 2, ""Function with Simple argument"": 2, ""Simple List"": 1, ""Subscript"": 1, ""Simple If statements"": 1, ""Simple For Loop"": 1, ""Return"": 1, ""Simple Class "": 1}"
python-algorithms,/home/juan/Documents/Analisis-CC-PyCEFR/python-algorithms/patterns/src/12_top_k_elements/kth_largest_number_in_stream/kth_largest_number_in_stream.py,kth_largest_number_in_stream.py,__init__,,14,17,2,A,1,5,4,2.0,A2,1.4,"{""A1"": 3, ""A2"": 2}","{""Simple Atributte"": 2, ""Simple Assignment"": 1, ""Simple For Loop"": 1, ""Function with Simple argument"": 1}"
python-algorithms,/home/juan/Documents/Analisis-CC-PyCEFR/python-algorithms/patterns/src/12_top_k_elements/kth_largest_number_in_stream/kth_largest_number_in_stream.py,kth_largest_number_in_stream.py,add,,19,25,2,A,1,9,5,2.0,A2,1.5555555555555556,"{""A2"": 5, ""A1"": 4}","{""Simple Atributte"": 5, ""Subscript"": 1, ""Simple If statements"": 1, ""Function with Simple argument"": 1, ""Return"": 1}"
python-algorithms,/home/juan/Documents/Analisis-CC-PyCEFR/python-algorithms/patterns/src/12_top_k_elements/k_closest_numbers/k_closest_numbers.py,k_closest_numbers.py,binary_search,,31,47,5,A,1,16,8,3.0,B1,1.125,"{""A1"": 15, ""B1"": 1}","{""Assigment with sum (total = total + 1)"": 3, ""Simple If statements"": 3, ""Return"": 3, ""Simple Tuple"": 2, ""Subscript"": 2, ""Simple Assignment"": 1, ""While with Else Loop"": 1, ""Function with Simple argument"": 1}"
python-algorithms,/home/juan/Documents/Analisis-CC-PyCEFR/python-algorithms/patterns/src/12_top_k_elements/k_closest_numbers/k_closest_numbers.py,k_closest_numbers.py,find_closest_elements,,12,28,3,A,1,22,9,2.0,A2,1.1818181818181819,"{""A1"": 18, ""A2"": 4}","{""Simple Assignment"": 6, ""Simple Tuple"": 3, ""Subscript"": 3, ""Simple List"": 2, ""'range' call function"": 2, ""Simple Atributte"": 2, ""Simple For Loop"": 2, ""Function with Simple argument"": 1, ""Return"": 1}"
python-algorithms,/home/juan/Documents/Analisis-CC-PyCEFR/python-algorithms/patterns/src/9_two_heaps/4_next_interval/next_interval.py,next_interval.py,find_next_interval,,8,27,7,B,2,45,14,5.0,C1,1.2444444444444445,"{""A1"": 38, ""A2"": 5, ""C1"": 1, ""B1"": 1}","{""Simple Tuple"": 8, ""Simple Assignment"": 8, ""Unary Operation"": 7, ""Subscript"": 7, ""'range' call function"": 3, ""Simple List"": 2, ""Simple Atributte"": 2, ""Simple For Loop"": 2, ""Boolean Operation"": 1, ""Simple List Comprehension"": 1}"
python-algorithms,/home/juan/Documents/Analisis-CC-PyCEFR/python-algorithms/patterns/src/9_two_heaps/4_next_interval/next_interval.py,next_interval.py,Interval,,2,5,2,A,1,6,4,3.0,B1,1.6666666666666667,"{""A1"": 3, ""A2"": 2, ""B1"": 1}","{""Simple Atributte"": 2, ""Simple Assignment"": 2, ""Function with Simple argument"": 1, ""Simple Class  Using the constructor method --> __init__"": 1}"
python-algorithms,/home/juan/Documents/Analisis-CC-PyCEFR/python-algorithms/patterns/src/9_two_heaps/4_next_interval/next_interval.py,next_interval.py,__init__,,3,5,1,A,1,5,3,2.0,A2,1.4,"{""A1"": 3, ""A2"": 2}","{""Simple Atributte"": 2, ""Simple Assignment"": 2, ""Function with Simple argument"": 1}"
python-algorithms,/home/juan/Documents/Analisis-CC-PyCEFR/python-algorithms/patterns/src/9_two_heaps/3_maximize_capital/maximize_capital.py,maximize_capital.py,find_maximum_capital,,12,30,6,B,2,28,14,3.0,B1,1.25,"{""A1"": 23, ""A2"": 3, ""B1"": 2}","{""Subscript"": 5, ""Simple Assignment"": 4, ""Simple Tuple"": 3, ""Unary Operation"": 3, ""Simple List"": 2, ""'range' call function"": 2, ""Simple For Loop"": 2, ""Boolean Operation"": 1, ""Simplified incremental Assignment with increase amount"": 1, ""Simple If statements"": 1}"
python-algorithms,/home/juan/Documents/Analisis-CC-PyCEFR/python-algorithms/patterns/src/9_two_heaps/2_sliding_window_median/sliding_window_median.py,sliding_window_median.py,find_sliding_window_median,,22,49,8,B,2,49,12,5.0,C1,1.4489795918367347,"{""A1"": 30, ""A2"": 18, ""C1"": 1}","{""Simple Atributte"": 16, ""Subscript"": 11, ""Unary Operation"": 7, ""Simple If statements"": 4, ""'range' call function"": 2, ""Simple Assignment"": 2, ""Assigment with sum (total = total + 1)"": 2, ""Boolean Operation"": 1, ""Simple List Comprehension"": 1, ""Simple For Loop"": 1}"
python-algorithms,/home/juan/Documents/Analisis-CC-PyCEFR/python-algorithms/patterns/src/9_two_heaps/2_sliding_window_median/sliding_window_median.py,sliding_window_median.py,SlidingWindowMedian,,18,66,4,A,1,84,16,5.0,C1,1.4404761904761905,"{""A1"": 51, ""A2"": 31, ""C1"": 1, ""B1"": 1}","{""Simple Atributte"": 29, ""Subscript"": 14, ""Unary Operation"": 11, ""Simple If statements"": 7, ""Simple Assignment"": 5, ""Function with Simple argument"": 4, ""Simple List"": 2, ""Simple Tuple"": 2, ""'range' call function"": 2, ""Assigment with sum (total = total + 1)"": 2}"
python-algorithms,/home/juan/Documents/Analisis-CC-PyCEFR/python-algorithms/patterns/src/9_two_heaps/2_sliding_window_median/sliding_window_median.py,sliding_window_median.py,rebalance_heaps,,51,55,3,A,1,13,4,2.0,A2,1.6153846153846154,"{""A2"": 8, ""A1"": 5}","{""Simple Atributte"": 8, ""Unary Operation"": 2, ""Simple If statements"": 2, ""Function with Simple argument"": 1}"
python-algorithms,/home/juan/Documents/Analisis-CC-PyCEFR/python-algorithms/patterns/src/9_two_heaps/2_sliding_window_median/sliding_window_median.py,sliding_window_median.py,remove,,57,66,2,A,1,13,7,2.0,A2,1.2307692307692308,"{""A1"": 10, ""A2"": 3}","{""Simple Atributte"": 3, ""Subscript"": 3, ""Unary Operation"": 2, ""Simple Assignment"": 2, ""Delete"": 1, ""Simple If statements"": 1, ""Function with Simple argument"": 1}"
python-algorithms,/home/juan/Documents/Analisis-CC-PyCEFR/python-algorithms/patterns/src/9_two_heaps/2_sliding_window_median/sliding_window_median.py,sliding_window_median.py,__init__,,19,20,1,A,1,8,5,2.0,A2,1.25,"{""A1"": 6, ""A2"": 2}","{""Simple List"": 2, ""Simple Tuple"": 2, ""Simple Atributte"": 2, ""Simple Assignment"": 1, ""Function with Simple argument"": 1}"
python-algorithms,/home/juan/Documents/Analisis-CC-PyCEFR/python-algorithms/patterns/src/9_two_heaps/1_median_of_number_stream/median_of_number_stream.py,median_of_number_stream.py,MedianOfAStream,,12,30,5,A,1,42,10,3.0,B1,1.4523809523809523,"{""A1"": 24, ""A2"": 17, ""B1"": 1}","{""Simple Atributte"": 17, ""Unary Operation"": 7, ""Subscript"": 4, ""Simple If statements"": 4, ""Simple List"": 2, ""Simple Assignment"": 2, ""Function with Simple argument"": 2, ""Return"": 2, ""Boolean Operation"": 1, ""Simple Class "": 1}"
python-algorithms,/home/juan/Documents/Analisis-CC-PyCEFR/python-algorithms/patterns/src/9_two_heaps/1_median_of_number_stream/median_of_number_stream.py,median_of_number_stream.py,insert_num,,15,24,5,A,1,23,6,2.0,A2,1.5217391304347827,"{""A2"": 12, ""A1"": 11}","{""Simple Atributte"": 12, ""Unary Operation"": 5, ""Simple If statements"": 3, ""Boolean Operation"": 1, ""Subscript"": 1, ""Function with Simple argument"": 1}"
python-algorithms,/home/juan/Documents/Analisis-CC-PyCEFR/python-algorithms/patterns/src/9_two_heaps/1_median_of_number_stream/median_of_number_stream.py,median_of_number_stream.py,find_median,,26,30,2,A,1,14,6,2.0,A2,1.3571428571428572,"{""A1"": 9, ""A2"": 5}","{""Simple Atributte"": 5, ""Subscript"": 3, ""Unary Operation"": 2, ""Return"": 2, ""Simple If statements"": 1, ""Function with Simple argument"": 1}"
python-algorithms,/home/juan/Documents/Analisis-CC-PyCEFR/python-algorithms/patterns/src/7_tree_breath_first_search/min_depth_of_binary_tree/find_minimum_depth.py,find_minimum_depth.py,find_minimum_depth,,21,45,8,B,2,29,11,3.0,B1,1.4827586206896552,"{""A1"": 16, ""A2"": 12, ""B1"": 1}","{""Simple Atributte"": 10, ""Simple Assignment"": 4, ""Simple If statements"": 4, ""Return"": 3, ""Unary Operation"": 2, ""'range' call function"": 1, ""Boolean Operation"": 1, ""Simplified incremental Assignment with increase amount"": 1, ""Simple For Loop"": 1, ""While with Else Loop"": 1}"
python-algorithms,/home/juan/Documents/Analisis-CC-PyCEFR/python-algorithms/patterns/src/7_tree_breath_first_search/min_depth_of_binary_tree/find_minimum_depth.py,find_minimum_depth.py,TreeNode,,2,5,2,A,1,9,5,3.0,B1,1.5555555555555556,"{""A1"": 5, ""A2"": 3, ""B1"": 1}","{""Simple Atributte"": 3, ""Simple Tuple"": 2, ""Simple Assignment"": 2, ""Function with Simple argument"": 1, ""Simple Class  Using the constructor method --> __init__"": 1}"
python-algorithms,/home/juan/Documents/Analisis-CC-PyCEFR/python-algorithms/patterns/src/7_tree_breath_first_search/min_depth_of_binary_tree/find_minimum_depth.py,find_minimum_depth.py,__init__,,3,5,1,A,1,8,4,2.0,A2,1.375,"{""A1"": 5, ""A2"": 3}","{""Simple Atributte"": 3, ""Simple Tuple"": 2, ""Simple Assignment"": 2, ""Function with Simple argument"": 1}"
python-algorithms,/home/juan/Documents/Analisis-CC-PyCEFR/python-algorithms/patterns/src/7_tree_breath_first_search/connect_all_level_order_siblings/connect_level_order_siblings.py,connect_level_order_siblings.py,connect_all_siblings,,32,50,6,B,2,39,9,3.0,B1,1.435897435897436,"{""A1"": 23, ""A2"": 15, ""B1"": 1}","{""Simple Atributte"": 14, ""Simple Assignment"": 12, ""Simple If statements"": 6, ""Return"": 2, ""Simple List"": 1, ""While with Else Loop"": 1, ""Function with Simple argument"": 1, ""'range' call function"": 1, ""Print"": 1}"
python-algorithms,/home/juan/Documents/Analisis-CC-PyCEFR/python-algorithms/patterns/src/7_tree_breath_first_search/connect_all_level_order_siblings/connect_level_order_siblings.py,connect_level_order_siblings.py,TreeNode,,18,29,3,A,1,32,7,3.0,B1,1.46875,"{""A1"": 19, ""A2"": 11, ""B1"": 2}","{""Simple Atributte"": 11, ""Simple Assignment"": 9, ""Simple Tuple"": 4, ""Print"": 3, ""Function with Simple argument"": 3, ""While with Else Loop"": 1, ""Simple Class  Using the constructor method --> __init__"": 1}"
python-algorithms,/home/juan/Documents/Analisis-CC-PyCEFR/python-algorithms/patterns/src/7_tree_breath_first_search/connect_all_level_order_siblings/connect_level_order_siblings.py,connect_level_order_siblings.py,print_tree,,24,29,2,A,1,13,5,3.0,B1,1.3846153846153846,"{""A1"": 9, ""A2"": 3, ""B1"": 1}","{""Simple Assignment"": 5, ""Print"": 3, ""Simple Atributte"": 3, ""While with Else Loop"": 1, ""Function with Simple argument"": 1}"
python-algorithms,/home/juan/Documents/Analisis-CC-PyCEFR/python-algorithms/patterns/src/7_tree_breath_first_search/connect_all_level_order_siblings/connect_level_order_siblings.py,connect_level_order_siblings.py,__init__,,19,21,1,A,1,17,4,2.0,A2,1.4705882352941178,"{""A1"": 9, ""A2"": 8}","{""Simple Atributte"": 8, ""Simple Tuple"": 4, ""Simple Assignment"": 4, ""Function with Simple argument"": 1}"
python-algorithms,/home/juan/Documents/Analisis-CC-PyCEFR/python-algorithms/patterns/src/7_tree_breath_first_search/level_order_successor/level_order_successor.py,level_order_successor.py,find_successor,,23,42,7,B,2,22,9,3.0,B1,1.6818181818181819,"{""A1"": 10, ""A2"": 9, ""B1"": 3}","{""Simple Atributte"": 9, ""Simple If statements"": 4, ""Simple Assignment"": 2, ""Return"": 2, ""If statements expression (else)"": 1, ""Subscript"": 1, ""While with Else Loop"": 1, ""'break' statement"": 1, ""Function with Simple argument"": 1}"
python-algorithms,/home/juan/Documents/Analisis-CC-PyCEFR/python-algorithms/patterns/src/7_tree_breath_first_search/level_order_successor/level_order_successor.py,level_order_successor.py,TreeNode,,4,7,2,A,1,9,5,3.0,B1,1.5555555555555556,"{""A1"": 5, ""A2"": 3, ""B1"": 1}","{""Simple Atributte"": 3, ""Simple Tuple"": 2, ""Simple Assignment"": 2, ""Function with Simple argument"": 1, ""Simple Class  Using the constructor method --> __init__"": 1}"
python-algorithms,/home/juan/Documents/Analisis-CC-PyCEFR/python-algorithms/patterns/src/7_tree_breath_first_search/level_order_successor/level_order_successor.py,level_order_successor.py,__init__,,5,7,1,A,1,8,4,2.0,A2,1.375,"{""A1"": 5, ""A2"": 3}","{""Simple Atributte"": 3, ""Simple Tuple"": 2, ""Simple Assignment"": 2, ""Function with Simple argument"": 1}"
python-algorithms,/home/juan/Documents/Analisis-CC-PyCEFR/python-algorithms/patterns/src/7_tree_breath_first_search/zigzag_traversal/zigzag_traversal.py,zigzag_traversal.py,traverse,,22,51,7,B,2,32,10,3.0,B1,1.5,"{""A1"": 17, ""A2"": 14, ""B1"": 1}","{""Simple Atributte"": 13, ""Simple Assignment"": 7, ""Simple If statements"": 4, ""Return"": 2, ""Simple List"": 1, ""'range' call function"": 1, ""Unary Operation"": 1, ""Simple For Loop"": 1, ""While with Else Loop"": 1, ""Function with Simple argument"": 1}"
python-algorithms,/home/juan/Documents/Analisis-CC-PyCEFR/python-algorithms/patterns/src/7_tree_breath_first_search/zigzag_traversal/zigzag_traversal.py,zigzag_traversal.py,TreeNode,,4,7,2,A,1,9,5,3.0,B1,1.5555555555555556,"{""A1"": 5, ""A2"": 3, ""B1"": 1}","{""Simple Atributte"": 3, ""Simple Tuple"": 2, ""Simple Assignment"": 2, ""Function with Simple argument"": 1, ""Simple Class  Using the constructor method --> __init__"": 1}"
python-algorithms,/home/juan/Documents/Analisis-CC-PyCEFR/python-algorithms/patterns/src/7_tree_breath_first_search/zigzag_traversal/zigzag_traversal.py,zigzag_traversal.py,__init__,,5,7,1,A,1,8,4,2.0,A2,1.375,"{""A1"": 5, ""A2"": 3}","{""Simple Atributte"": 3, ""Simple Tuple"": 2, ""Simple Assignment"": 2, ""Function with Simple argument"": 1}"
python-algorithms,/home/juan/Documents/Analisis-CC-PyCEFR/python-algorithms/patterns/src/7_tree_breath_first_search/level_order_traversal/level_order_traversal.py,level_order_traversal.py,traverse,,22,44,6,B,2,28,9,3.0,B1,1.5,"{""A1"": 15, ""A2"": 12, ""B1"": 1}","{""Simple Atributte"": 11, ""Simple Assignment"": 5, ""Simple List"": 3, ""Simple If statements"": 3, ""Return"": 2, ""'range' call function"": 1, ""Simple For Loop"": 1, ""While with Else Loop"": 1, ""Function with Simple argument"": 1}"
python-algorithms,/home/juan/Documents/Analisis-CC-PyCEFR/python-algorithms/patterns/src/7_tree_breath_first_search/level_order_traversal/level_order_traversal.py,level_order_traversal.py,TreeNode,,4,7,2,A,1,9,5,3.0,B1,1.5555555555555556,"{""A1"": 5, ""A2"": 3, ""B1"": 1}","{""Simple Atributte"": 3, ""Simple Tuple"": 2, ""Simple Assignment"": 2, ""Function with Simple argument"": 1, ""Simple Class  Using the constructor method --> __init__"": 1}"
python-algorithms,/home/juan/Documents/Analisis-CC-PyCEFR/python-algorithms/patterns/src/7_tree_breath_first_search/level_order_traversal/level_order_traversal.py,level_order_traversal.py,__init__,,5,7,1,A,1,8,4,2.0,A2,1.375,"{""A1"": 5, ""A2"": 3}","{""Simple Atributte"": 3, ""Simple Tuple"": 2, ""Simple Assignment"": 2, ""Function with Simple argument"": 1}"
python-algorithms,/home/juan/Documents/Analisis-CC-PyCEFR/python-algorithms/patterns/src/7_tree_breath_first_search/reverse_level_order_traversal/reverse_level_order_traversal.py,reverse_level_order_traversal.py,traverse,,22,43,6,B,2,26,9,3.0,B1,1.5384615384615385,"{""A1"": 13, ""A2"": 12, ""B1"": 1}","{""Simple Atributte"": 11, ""Simple Assignment"": 5, ""Simple If statements"": 3, ""Return"": 2, ""Simple List"": 1, ""'range' call function"": 1, ""Simple For Loop"": 1, ""While with Else Loop"": 1, ""Function with Simple argument"": 1}"
python-algorithms,/home/juan/Documents/Analisis-CC-PyCEFR/python-algorithms/patterns/src/7_tree_breath_first_search/reverse_level_order_traversal/reverse_level_order_traversal.py,reverse_level_order_traversal.py,TreeNode,,4,7,2,A,1,9,5,3.0,B1,1.5555555555555556,"{""A1"": 5, ""A2"": 3, ""B1"": 1}","{""Simple Atributte"": 3, ""Simple Tuple"": 2, ""Simple Assignment"": 2, ""Function with Simple argument"": 1, ""Simple Class  Using the constructor method --> __init__"": 1}"
python-algorithms,/home/juan/Documents/Analisis-CC-PyCEFR/python-algorithms/patterns/src/7_tree_breath_first_search/reverse_level_order_traversal/reverse_level_order_traversal.py,reverse_level_order_traversal.py,__init__,,5,7,1,A,1,8,4,2.0,A2,1.375,"{""A1"": 5, ""A2"": 3}","{""Simple Atributte"": 3, ""Simple Tuple"": 2, ""Simple Assignment"": 2, ""Function with Simple argument"": 1}"
python-algorithms,/home/juan/Documents/Analisis-CC-PyCEFR/python-algorithms/patterns/src/7_tree_breath_first_search/connect_level_order_siblings/connect_level_order_siblings.py,connect_level_order_siblings.py,connect_level_order_siblings,,39,59,7,B,2,53,8,3.0,B1,1.5660377358490567,"{""A2"": 26, ""A1"": 25, ""B1"": 2}","{""Simple Atributte"": 25, ""Simple Assignment"": 15, ""Simple If statements"": 7, ""While with Else Loop"": 2, ""'range' call function"": 1, ""Simple For Loop"": 1, ""Function with Simple argument"": 1, ""Return"": 1}"
python-algorithms,/home/juan/Documents/Analisis-CC-PyCEFR/python-algorithms/patterns/src/7_tree_breath_first_search/connect_level_order_siblings/connect_level_order_siblings.py,connect_level_order_siblings.py,print_level_order,,23,36,6,B,2,33,9,3.0,B1,1.4242424242424243,"{""A1"": 22, ""A2"": 8, ""B1"": 3}","{""Simple Assignment"": 9, ""Simple Atributte"": 8, ""Print"": 4, ""Simple If statements"": 4, ""While with Else Loop"": 3, ""Function with Simple argument"": 2, ""Simple List"": 1, ""Return"": 1, ""Unary Operation"": 1}"
python-algorithms,/home/juan/Documents/Analisis-CC-PyCEFR/python-algorithms/patterns/src/7_tree_breath_first_search/connect_level_order_siblings/connect_level_order_siblings.py,connect_level_order_siblings.py,TreeNode,,17,36,5,A,1,53,11,3.0,B1,1.490566037735849,"{""A1"": 32, ""A2"": 16, ""B1"": 5}","{""Simple Atributte"": 16, ""Simple Assignment"": 13, ""Simple Tuple"": 4, ""Print"": 4, ""Simple If statements"": 4, ""Function with Simple argument"": 4, ""While with Else Loop"": 3, ""Simple Class  Using the constructor method --> __init__"": 2, ""Simple List"": 1, ""Return"": 1}"
python-algorithms,/home/juan/Documents/Analisis-CC-PyCEFR/python-algorithms/patterns/src/7_tree_breath_first_search/connect_level_order_siblings/connect_level_order_siblings.py,connect_level_order_siblings.py,__init__,,18,20,1,A,1,11,4,2.0,A2,1.4545454545454546,"{""A1"": 6, ""A2"": 5}","{""Simple Atributte"": 5, ""Simple Assignment"": 3, ""Simple Tuple"": 2, ""Function with Simple argument"": 1}"
python-algorithms,/home/juan/Documents/Analisis-CC-PyCEFR/python-algorithms/patterns/src/7_tree_breath_first_search/level_averages_in_binary_tree/level_averages_in_binary_tree.py,level_averages_in_binary_tree.py,find_level_averages,,22,45,6,B,2,26,10,3.0,B1,1.5384615384615385,"{""A1"": 13, ""A2"": 12, ""B1"": 1}","{""Simple Atributte"": 10, ""Simple Assignment"": 5, ""Simple If statements"": 3, ""Return"": 2, ""Simple List"": 1, ""'range' call function"": 1, ""Simplified incremental Assignment with increase amount"": 1, ""Simple For Loop"": 1, ""While with Else Loop"": 1, ""Function with Simple argument"": 1}"
python-algorithms,/home/juan/Documents/Analisis-CC-PyCEFR/python-algorithms/patterns/src/7_tree_breath_first_search/level_averages_in_binary_tree/level_averages_in_binary_tree.py,level_averages_in_binary_tree.py,TreeNode,,4,7,2,A,1,9,5,3.0,B1,1.5555555555555556,"{""A1"": 5, ""A2"": 3, ""B1"": 1}","{""Simple Atributte"": 3, ""Simple Tuple"": 2, ""Simple Assignment"": 2, ""Function with Simple argument"": 1, ""Simple Class  Using the constructor method --> __init__"": 1}"
python-algorithms,/home/juan/Documents/Analisis-CC-PyCEFR/python-algorithms/patterns/src/7_tree_breath_first_search/level_averages_in_binary_tree/level_averages_in_binary_tree.py,level_averages_in_binary_tree.py,__init__,,5,7,1,A,1,8,4,2.0,A2,1.375,"{""A1"": 5, ""A2"": 3}","{""Simple Atributte"": 3, ""Simple Tuple"": 2, ""Simple Assignment"": 2, ""Function with Simple argument"": 1}"
python-algorithms,/home/juan/Documents/Analisis-CC-PyCEFR/python-algorithms/patterns/src/7_tree_breath_first_search/max_depth_of_tree/max_depth_of_tree.py,max_depth_of_tree.py,find_maxiimum_depth,,21,42,6,B,2,22,9,3.0,B1,1.5454545454545454,"{""A1"": 11, ""A2"": 10, ""B1"": 1}","{""Simple Atributte"": 8, ""Simple Assignment"": 4, ""Simple If statements"": 3, ""Return"": 2, ""'range' call function"": 1, ""Simplified incremental Assignment with increase amount"": 1, ""Simple For Loop"": 1, ""While with Else Loop"": 1, ""Function with Simple argument"": 1}"
python-algorithms,/home/juan/Documents/Analisis-CC-PyCEFR/python-algorithms/patterns/src/7_tree_breath_first_search/max_depth_of_tree/max_depth_of_tree.py,max_depth_of_tree.py,TreeNode,,2,5,2,A,1,9,5,3.0,B1,1.5555555555555556,"{""A1"": 5, ""A2"": 3, ""B1"": 1}","{""Simple Atributte"": 3, ""Simple Tuple"": 2, ""Simple Assignment"": 2, ""Function with Simple argument"": 1, ""Simple Class  Using the constructor method --> __init__"": 1}"
python-algorithms,/home/juan/Documents/Analisis-CC-PyCEFR/python-algorithms/patterns/src/7_tree_breath_first_search/max_depth_of_tree/max_depth_of_tree.py,max_depth_of_tree.py,__init__,,3,5,1,A,1,8,4,2.0,A2,1.375,"{""A1"": 5, ""A2"": 3}","{""Simple Atributte"": 3, ""Simple Tuple"": 2, ""Simple Assignment"": 2, ""Function with Simple argument"": 1}"
python-algorithms,/home/juan/Documents/Analisis-CC-PyCEFR/python-algorithms/patterns/src/7_tree_breath_first_search/largest_value_on_each_level/largest_value_on_each_level.py,largest_value_on_each_level.py,find_level_averages,,22,45,6,B,2,28,10,3.0,B1,1.5,"{""A1"": 15, ""A2"": 12, ""B1"": 1}","{""Simple Atributte"": 11, ""Simple Assignment"": 6, ""Simple If statements"": 3, ""Return"": 2, ""Simple List"": 1, ""'range' call function"": 1, ""Unary Operation"": 1, ""Simple For Loop"": 1, ""While with Else Loop"": 1, ""Function with Simple argument"": 1}"
python-algorithms,/home/juan/Documents/Analisis-CC-PyCEFR/python-algorithms/patterns/src/7_tree_breath_first_search/largest_value_on_each_level/largest_value_on_each_level.py,largest_value_on_each_level.py,TreeNode,,4,7,2,A,1,9,5,3.0,B1,1.5555555555555556,"{""A1"": 5, ""A2"": 3, ""B1"": 1}","{""Simple Atributte"": 3, ""Simple Tuple"": 2, ""Simple Assignment"": 2, ""Function with Simple argument"": 1, ""Simple Class  Using the constructor method --> __init__"": 1}"
python-algorithms,/home/juan/Documents/Analisis-CC-PyCEFR/python-algorithms/patterns/src/7_tree_breath_first_search/largest_value_on_each_level/largest_value_on_each_level.py,largest_value_on_each_level.py,__init__,,5,7,1,A,1,8,4,2.0,A2,1.375,"{""A1"": 5, ""A2"": 3}","{""Simple Atributte"": 3, ""Simple Tuple"": 2, ""Simple Assignment"": 2, ""Function with Simple argument"": 1}"
python-algorithms,/home/juan/Documents/Analisis-CC-PyCEFR/python-algorithms/patterns/src/7_tree_breath_first_search/left_view_of_tree/left_view_of_binary_tree.py,left_view_of_binary_tree.py,tree_left_view,,23,46,7,B,2,24,9,3.0,B1,1.5,"{""A1"": 13, ""A2"": 10, ""B1"": 1}","{""Simple Atributte"": 9, ""Simple Assignment"": 4, ""Simple If statements"": 4, ""Return"": 2, ""Simple List"": 1, ""'range' call function"": 1, ""Simple For Loop"": 1, ""While with Else Loop"": 1, ""Function with Simple argument"": 1}"
python-algorithms,/home/juan/Documents/Analisis-CC-PyCEFR/python-algorithms/patterns/src/7_tree_breath_first_search/left_view_of_tree/left_view_of_binary_tree.py,left_view_of_binary_tree.py,TreeNode,,5,8,2,A,1,9,5,3.0,B1,1.5555555555555556,"{""A1"": 5, ""A2"": 3, ""B1"": 1}","{""Simple Atributte"": 3, ""Simple Tuple"": 2, ""Simple Assignment"": 2, ""Function with Simple argument"": 1, ""Simple Class  Using the constructor method --> __init__"": 1}"
python-algorithms,/home/juan/Documents/Analisis-CC-PyCEFR/python-algorithms/patterns/src/7_tree_breath_first_search/left_view_of_tree/left_view_of_binary_tree.py,left_view_of_binary_tree.py,__init__,,6,8,1,A,1,8,4,2.0,A2,1.375,"{""A1"": 5, ""A2"": 3}","{""Simple Atributte"": 3, ""Simple Tuple"": 2, ""Simple Assignment"": 2, ""Function with Simple argument"": 1}"
python-algorithms,/home/juan/Documents/Analisis-CC-PyCEFR/python-algorithms/patterns/src/7_tree_breath_first_search/right_view_of_binary_tree/right_view_of_binary_tree.py,right_view_of_binary_tree.py,tree_right_view,,23,46,7,B,2,24,9,3.0,B1,1.5,"{""A1"": 13, ""A2"": 10, ""B1"": 1}","{""Simple Atributte"": 9, ""Simple Assignment"": 4, ""Simple If statements"": 4, ""Return"": 2, ""Simple List"": 1, ""'range' call function"": 1, ""Simple For Loop"": 1, ""While with Else Loop"": 1, ""Function with Simple argument"": 1}"
python-algorithms,/home/juan/Documents/Analisis-CC-PyCEFR/python-algorithms/patterns/src/7_tree_breath_first_search/right_view_of_binary_tree/right_view_of_binary_tree.py,right_view_of_binary_tree.py,TreeNode,,5,8,2,A,1,9,5,3.0,B1,1.5555555555555556,"{""A1"": 5, ""A2"": 3, ""B1"": 1}","{""Simple Atributte"": 3, ""Simple Tuple"": 2, ""Simple Assignment"": 2, ""Function with Simple argument"": 1, ""Simple Class  Using the constructor method --> __init__"": 1}"
python-algorithms,/home/juan/Documents/Analisis-CC-PyCEFR/python-algorithms/patterns/src/7_tree_breath_first_search/right_view_of_binary_tree/right_view_of_binary_tree.py,right_view_of_binary_tree.py,__init__,,6,8,1,A,1,8,4,2.0,A2,1.375,"{""A1"": 5, ""A2"": 3}","{""Simple Atributte"": 3, ""Simple Tuple"": 2, ""Simple Assignment"": 2, ""Function with Simple argument"": 1}"
python-algorithms,/home/juan/Documents/Analisis-CC-PyCEFR/python-algorithms/patterns/src/1_sliding_window/permutation_in_a_string/find_permutation.py,find_permutation.py,find_permutation,,1,32,10,B,2,37,11,2.0,A2,1.2162162162162162,"{""A1"": 29, ""A2"": 8}","{""Subscript"": 8, ""Simple Assignment"": 7, ""Simple If statements"": 7, ""Simplified incremental Assignment with increase amount"": 4, ""Simple Tuple"": 2, ""Simplified incremental Assignment with decrease subtraction"": 2, ""Simple For Loop"": 2, ""Return"": 2, ""Simple Dictionary"": 1, ""'range' call function"": 1}"
python-algorithms,/home/juan/Documents/Analisis-CC-PyCEFR/python-algorithms/patterns/src/1_sliding_window/fruits_into_baskets/fruits_into_baskets.py,fruits_into_baskets.py,fruits_into_baskets,,5,32,6,B,2,30,13,3.0,B1,1.2333333333333334,"{""A1"": 24, ""A2"": 5, ""B1"": 1}","{""Simple Assignment"": 8, ""Subscript"": 7, ""Simple If statements"": 3, ""Simplified incremental Assignment with increase amount"": 2, ""Return"": 2, ""Simple Dictionary"": 1, ""'range' call function"": 1, ""Unary Operation"": 1, ""Simplified incremental Assignment with decrease subtraction"": 1, ""Delete"": 1}"
python-algorithms,/home/juan/Documents/Analisis-CC-PyCEFR/python-algorithms/patterns/src/1_sliding_window/average_of_subarrays/averages_of_subarrays.py,averages_of_subarrays.py,find_averages_of_subarrays,,1,13,3,A,1,16,12,2.0,A2,1.3125,"{""A1"": 11, ""A2"": 5}","{""Simple Tuple"": 2, ""Subscript"": 2, ""Simple Assignment"": 2, ""Simplified incremental Assignment with increase amount"": 2, ""Simple List"": 1, ""'range' call function"": 1, ""Simple Atributte"": 1, ""Simplified incremental Assignment with decrease subtraction"": 1, ""Simple If statements"": 1, ""Simple For Loop"": 1}"
python-algorithms,/home/juan/Documents/Analisis-CC-PyCEFR/python-algorithms/patterns/src/1_sliding_window/smallest_subarray_with_greater_sum/smallest_subarray_with_greater_sum.py,smallest_subarray_with_greater_sum.py,smallest_subarray_with_given_sum,,36,50,4,A,1,19,12,3.0,B1,1.4210526315789473,"{""A1"": 12, ""A2"": 6, ""B1"": 1}","{""Simple Assignment"": 3, ""Simple Tuple"": 2, ""Simple Atributte"": 2, ""Subscript"": 2, ""Simplified incremental Assignment with increase amount"": 2, ""Return"": 2, ""'range' call function"": 1, ""Simplified incremental Assignment with decrease subtraction"": 1, ""Simple If statements"": 1, ""Simple For Loop"": 1}"
python-algorithms,/home/juan/Documents/Analisis-CC-PyCEFR/python-algorithms/patterns/src/1_sliding_window/smallest_subarray_with_greater_sum/smallest_subarray_with_greater_sum.py,smallest_subarray_with_greater_sum.py,smallest_subarray_with_greater_sum,,6,24,1,A,1,20,11,4.0,B2,1.35,"{""A1"": 15, ""A2"": 4, ""B2"": 1}","{""Return"": 4, ""Simple If statements"": 3, ""Simple Tuple"": 2, ""Subscript"": 2, ""Simple Assignment"": 2, ""Simplified incremental Assignment with increase amount"": 2, ""'range' call function"": 1, ""Simplified incremental Assignment with decrease subtraction"": 1, ""Simple For Loop"": 1, ""Function with Simple argument"": 1}"
python-algorithms,/home/juan/Documents/Analisis-CC-PyCEFR/python-algorithms/patterns/src/1_sliding_window/smallest_subarray_with_greater_sum/smallest_subarray_with_greater_sum.py,smallest_subarray_with_greater_sum.py,_find_smallest_subarray,smallest_subarray_with_greater_sum,8,22,5,A,1,17,10,4.0,B2,1.411764705882353,"{""A1"": 12, ""A2"": 4, ""B2"": 1}","{""Simple If statements"": 3, ""Return"": 3, ""Simple Tuple"": 2, ""Subscript"": 2, ""Simplified incremental Assignment with increase amount"": 2, ""'range' call function"": 1, ""Simple Assignment"": 1, ""Simplified incremental Assignment with decrease subtraction"": 1, ""Simple For Loop"": 1, ""Recursive Functions"": 1}"
python-algorithms,/home/juan/Documents/Analisis-CC-PyCEFR/python-algorithms/patterns/src/1_sliding_window/longest_sub_array_with_ones_after_replacement/length_of_longest_substring.py,length_of_longest_substring.py,length_of_longest_substring,,1,17,5,A,1,18,10,2.0,A2,1.2222222222222223,"{""A1"": 14, ""A2"": 4}","{""Simple Assignment"": 4, ""Simple If statements"": 3, ""Simple Tuple"": 2, ""Subscript"": 2, ""Simplified incremental Assignment with increase amount"": 2, ""'range' call function"": 1, ""Simplified incremental Assignment with decrease subtraction"": 1, ""Simple For Loop"": 1, ""Function with Simple argument"": 1, ""Return"": 1}"
python-algorithms,/home/juan/Documents/Analisis-CC-PyCEFR/python-algorithms/patterns/src/1_sliding_window/subarrays_with_product_less_than_target/find_subarrays.py,find_subarrays.py,find_subarrays,,1,21,7,B,2,57,16,3.0,B1,1.3157894736842106,"{""A1"": 42, ""A2"": 12, ""B1"": 3}","{""Subscript"": 9, ""Simple Tuple"": 6, ""Simple If statements"": 6, ""Simple Atributte"": 5, ""Simple Assignment"": 5, ""Simple List"": 4, ""Slice"": 3, ""Simplified incremental Assignment with increase amount"": 3, ""While with Else Loop"": 3, ""'range' call function"": 2}"
python-algorithms,/home/juan/Documents/Analisis-CC-PyCEFR/python-algorithms/patterns/src/1_sliding_window/longest_substr_with_same_letters_after_replacement/longest_substr_with_same_letters.py,longest_substr_with_same_letters.py,length_of_longest_substring,,9,32,4,A,1,26,11,2.0,A2,1.1923076923076923,"{""A1"": 21, ""A2"": 5}","{""Simple Assignment"": 8, ""Subscript"": 6, ""Simple Tuple"": 2, ""Simplified incremental Assignment with increase amount"": 2, ""Simple If statements"": 2, ""Simple Dictionary"": 1, ""'range' call function"": 1, ""Simplified incremental Assignment with decrease subtraction"": 1, ""Simple For Loop"": 1, ""Function with Simple argument"": 1}"
python-algorithms,/home/juan/Documents/Analisis-CC-PyCEFR/python-algorithms/patterns/src/1_sliding_window/longest_substr_with_max_k_distinct_chars/longest_subtr.py,longest_subtr.py,longest_substring_with_k_distinct,,6,28,5,A,1,26,12,3.0,B1,1.2692307692307692,"{""A1"": 20, ""A2"": 5, ""B1"": 1}","{""Subscript"": 7, ""Simple Assignment"": 7, ""Simplified incremental Assignment with increase amount"": 2, ""Simple If statements"": 2, ""Simple Dictionary"": 1, ""'range' call function"": 1, ""Simplified incremental Assignment with decrease subtraction"": 1, ""Delete"": 1, ""Simple For Loop"": 1, ""While with Else Loop"": 1}"
python-algorithms,/home/juan/Documents/Analisis-CC-PyCEFR/python-algorithms/patterns/src/1_sliding_window/maximum_sum_subarray_of_size_K/maximum_sum_subarray_of_size_K.py,maximum_sum_subarray_of_size_K.py,max_sum_subarray,,3,19,5,A,1,19,11,3.0,B1,1.3157894736842106,"{""A1"": 14, ""A2"": 4, ""B1"": 1}","{""Simple Assignment"": 4, ""Simple Tuple"": 2, ""Subscript"": 2, ""Simplified incremental Assignment with increase amount"": 2, ""Simple If statements"": 2, ""Return"": 2, ""'range' call function"": 1, ""If statements expression (else)"": 1, ""Simplified incremental Assignment with decrease subtraction"": 1, ""Simple For Loop"": 1}"
python-algorithms,/home/juan/Documents/Analisis-CC-PyCEFR/python-algorithms/patterns/src/1_sliding_window/smallest_window_containing_substr/find_substring.py,find_substring.py,find_substring,,1,33,10,B,2,40,12,2.0,A2,1.175,"{""A1"": 33, ""A2"": 7}","{""Subscript"": 9, ""Simple Assignment"": 9, ""Simple If statements"": 6, ""Simplified incremental Assignment with increase amount"": 4, ""Simple For Loop"": 3, ""Simple Tuple"": 2, ""Return"": 2, ""Simple Dictionary"": 1, ""'range' call function"": 1, ""Slice"": 1}"
python-algorithms,/home/juan/Documents/Analisis-CC-PyCEFR/python-algorithms/patterns/src/1_sliding_window/string_anagram/string_anagram.py,string_anagram.py,find_string_anagrams,,1,35,10,B,2,39,13,2.0,A2,1.2307692307692308,"{""A1"": 30, ""A2"": 9}","{""Subscript"": 8, ""Simple Assignment"": 8, ""Simple If statements"": 7, ""Simplified incremental Assignment with increase amount"": 4, ""Simple Tuple"": 2, ""Simplified incremental Assignment with decrease subtraction"": 2, ""Simple For Loop"": 2, ""Simple List"": 1, ""Simple Dictionary"": 1, ""'range' call function"": 1}"
python-algorithms,/home/juan/Documents/Analisis-CC-PyCEFR/python-algorithms/patterns/src/1_sliding_window/words_concatenation/find_word_concatenation.py,find_word_concatenation.py,find_word_concatenation,,1,4,1,A,1,4,4,1.0,A1,1.0,"{""A1"": 4}","{""Simple List"": 1, ""Simple Assignment"": 1, ""Function with Simple argument"": 1, ""Return"": 1}"
python-algorithms,/home/juan/Documents/Analisis-CC-PyCEFR/python-algorithms/patterns/src/1_sliding_window/longest_substr_with_distinct_chars/longest_substr_with_distinct_chars.py,longest_substr_with_distinct_chars.py,non_repeat_substring,,9,34,5,A,1,27,12,3.0,B1,1.2592592592592593,"{""A1"": 21, ""A2"": 5, ""B1"": 1}","{""Subscript"": 8, ""Simple Assignment"": 7, ""Simplified incremental Assignment with increase amount"": 2, ""Simple If statements"": 2, ""Simple Dictionary"": 1, ""'range' call function"": 1, ""Simplified incremental Assignment with decrease subtraction"": 1, ""Delete"": 1, ""Simple For Loop"": 1, ""While with Else Loop"": 1}"
python-algorithms,/home/juan/Documents/Analisis-CC-PyCEFR/python-algorithms/patterns/src/1_sliding_window/longest_substr_with_distinct_chars/longest_substr_with_distinct_chars.py,longest_substr_with_distinct_chars.py,non_repeat_substring_2,,44,63,3,A,1,16,8,2.0,A2,1.125,"{""A1"": 14, ""A2"": 2}","{""Simple Assignment"": 7, ""Subscript"": 3, ""Simple Dictionary"": 1, ""'range' call function"": 1, ""Simple If statements"": 1, ""Simple For Loop"": 1, ""Function with Simple argument"": 1, ""Return"": 1}"
python-algorithms,/home/juan/Documents/Analisis-CC-PyCEFR/python-algorithms/patterns/src/6_in_place_reversal_of_linkedlist/reverse_sublist/reverse_sublist.py,reverse_sublist.py,reverse_sub_list,,25,55,7,B,2,33,9,3.0,B1,1.3333333333333333,"{""A1"": 24, ""A2"": 7, ""B1"": 2}","{""Simple Assignment"": 15, ""Simple Atributte"": 5, ""Simple Tuple"": 2, ""Boolean Operation"": 2, ""Simplified incremental Assignment with increase amount"": 2, ""Simple If statements"": 2, ""While with Else Loop"": 2, ""Return"": 2, ""Function with Simple argument"": 1}"
python-algorithms,/home/juan/Documents/Analisis-CC-PyCEFR/python-algorithms/patterns/src/6_in_place_reversal_of_linkedlist/reverse_sublist/reverse_sublist.py,reverse_sublist.py,Node,,10,22,3,A,1,17,9,3.0,B1,1.588235294117647,"{""A1"": 9, ""A2"": 6, ""B1"": 2}","{""Simple Assignment"": 5, ""Simple Atributte"": 4, ""Print"": 2, ""Boolean Operation"": 1, ""Simplified incremental Assignment with increase amount"": 1, ""While with Else Loop"": 1, ""Function with Simple argument with Default argument"": 1, ""Function with Simple argument"": 1, ""Simple Class  Using the constructor method --> __init__"": 1}"
python-algorithms,/home/juan/Documents/Analisis-CC-PyCEFR/python-algorithms/patterns/src/6_in_place_reversal_of_linkedlist/reverse_sublist/reverse_sublist.py,reverse_sublist.py,print_list,,15,22,3,A,1,11,7,3.0,B1,1.4545454545454546,"{""A1"": 7, ""A2"": 3, ""B1"": 1}","{""Simple Assignment"": 3, ""Print"": 2, ""Simple Atributte"": 2, ""Boolean Operation"": 1, ""Simplified incremental Assignment with increase amount"": 1, ""While with Else Loop"": 1, ""Function with Simple argument"": 1}"
python-algorithms,/home/juan/Documents/Analisis-CC-PyCEFR/python-algorithms/patterns/src/6_in_place_reversal_of_linkedlist/reverse_sublist/reverse_sublist.py,reverse_sublist.py,__init__,,11,13,1,A,1,5,3,2.0,A2,1.6,"{""A2"": 3, ""A1"": 2}","{""Simple Atributte"": 2, ""Simple Assignment"": 2, ""Function with Simple argument with Default argument"": 1}"
python-algorithms,/home/juan/Documents/Analisis-CC-PyCEFR/python-algorithms/patterns/src/6_in_place_reversal_of_linkedlist/reverse_alternating_K-element_sub-list/reverse_alternate_k_elements.py,reverse_alternate_k_elements.py,alternate,,58,83,10,B,2,43,10,3.0,B1,1.3255813953488371,"{""A1"": 32, ""A2"": 8, ""B1"": 3}","{""Simple Assignment"": 12, ""Simple Tuple"": 8, ""Simple Atributte"": 6, ""Unary Operation"": 3, ""Boolean Operation"": 3, ""Simple If statements"": 3, ""While with Else Loop"": 3, ""Simplified incremental Assignment with increase amount"": 2, ""Return"": 2, ""Function with Simple argument"": 1}"
python-algorithms,/home/juan/Documents/Analisis-CC-PyCEFR/python-algorithms/patterns/src/6_in_place_reversal_of_linkedlist/reverse_alternating_K-element_sub-list/reverse_alternate_k_elements.py,reverse_alternate_k_elements.py,reverse_alternate_k_elements,,22,53,9,B,2,36,9,3.0,B1,1.3611111111111112,"{""A1"": 26, ""A2"": 7, ""B1"": 3}","{""Simple Assignment"": 14, ""Simple Atributte"": 5, ""Simple Tuple"": 4, ""Boolean Operation"": 3, ""While with Else Loop"": 3, ""Simplified incremental Assignment with increase amount"": 2, ""Simple If statements"": 2, ""Return"": 2, ""Function with Simple argument"": 1}"
python-algorithms,/home/juan/Documents/Analisis-CC-PyCEFR/python-algorithms/patterns/src/6_in_place_reversal_of_linkedlist/reverse_alternating_K-element_sub-list/reverse_alternate_k_elements.py,reverse_alternate_k_elements.py,Node,,3,13,3,A,1,14,7,3.0,B1,1.6428571428571428,"{""A1"": 7, ""A2"": 5, ""B1"": 2}","{""Simple Atributte"": 4, ""Simple Assignment"": 4, ""Print"": 2, ""While with Else Loop"": 1, ""Function with Simple argument with Default argument"": 1, ""Function with Simple argument"": 1, ""Simple Class  Using the constructor method --> __init__"": 1}"
python-algorithms,/home/juan/Documents/Analisis-CC-PyCEFR/python-algorithms/patterns/src/6_in_place_reversal_of_linkedlist/reverse_alternating_K-element_sub-list/reverse_alternate_k_elements.py,reverse_alternate_k_elements.py,print_list,,8,13,2,A,1,8,5,3.0,B1,1.5,"{""A1"": 5, ""A2"": 2, ""B1"": 1}","{""Print"": 2, ""Simple Atributte"": 2, ""Simple Assignment"": 2, ""While with Else Loop"": 1, ""Function with Simple argument"": 1}"
python-algorithms,/home/juan/Documents/Analisis-CC-PyCEFR/python-algorithms/patterns/src/6_in_place_reversal_of_linkedlist/reverse_alternating_K-element_sub-list/reverse_alternate_k_elements.py,reverse_alternate_k_elements.py,__init__,,4,6,1,A,1,5,3,2.0,A2,1.6,"{""A2"": 3, ""A1"": 2}","{""Simple Atributte"": 2, ""Simple Assignment"": 2, ""Function with Simple argument with Default argument"": 1}"
python-algorithms,/home/juan/Documents/Analisis-CC-PyCEFR/python-algorithms/patterns/src/6_in_place_reversal_of_linkedlist/reverse_linkedlist/reverse_linkedlist.py,reverse_linkedlist.py,reverse,,23,35,3,A,1,13,6,3.0,B1,1.3076923076923077,"{""A1"": 10, ""A2"": 2, ""B1"": 1}","{""Simple Assignment"": 7, ""Simple Atributte"": 2, ""Simple If statements"": 1, ""While with Else Loop"": 1, ""Function with Simple argument"": 1, ""Return"": 1}"
python-algorithms,/home/juan/Documents/Analisis-CC-PyCEFR/python-algorithms/patterns/src/6_in_place_reversal_of_linkedlist/reverse_linkedlist/reverse_linkedlist.py,reverse_linkedlist.py,Node,,11,21,3,A,1,14,7,3.0,B1,1.6428571428571428,"{""A1"": 7, ""A2"": 5, ""B1"": 2}","{""Simple Atributte"": 4, ""Simple Assignment"": 4, ""Print"": 2, ""While with Else Loop"": 1, ""Function with Simple argument with Default argument"": 1, ""Function with Simple argument"": 1, ""Simple Class  Using the constructor method --> __init__"": 1}"
python-algorithms,/home/juan/Documents/Analisis-CC-PyCEFR/python-algorithms/patterns/src/6_in_place_reversal_of_linkedlist/reverse_linkedlist/reverse_linkedlist.py,reverse_linkedlist.py,print_list,,16,21,2,A,1,8,5,3.0,B1,1.5,"{""A1"": 5, ""A2"": 2, ""B1"": 1}","{""Print"": 2, ""Simple Atributte"": 2, ""Simple Assignment"": 2, ""While with Else Loop"": 1, ""Function with Simple argument"": 1}"
python-algorithms,/home/juan/Documents/Analisis-CC-PyCEFR/python-algorithms/patterns/src/6_in_place_reversal_of_linkedlist/reverse_linkedlist/reverse_linkedlist.py,reverse_linkedlist.py,__init__,,12,14,1,A,1,5,3,2.0,A2,1.6,"{""A2"": 3, ""A1"": 2}","{""Simple Atributte"": 2, ""Simple Assignment"": 2, ""Function with Simple argument with Default argument"": 1}"
python-algorithms,/home/juan/Documents/Analisis-CC-PyCEFR/python-algorithms/patterns/src/6_in_place_reversal_of_linkedlist/rotate_linkedlist/rotate_linkedlist.py,rotate_linkedlist.py,solution2,,54,72,8,B,2,36,11,3.0,B1,1.3611111111111112,"{""A1"": 25, ""A2"": 9, ""B1"": 2}","{""Simple Tuple"": 8, ""Simple Atributte"": 7, ""Simple Assignment"": 6, ""Return"": 3, ""Unary Operation"": 2, ""Boolean Operation"": 2, ""Simplified incremental Assignment with increase amount"": 2, ""Simple If statements"": 2, ""While with Else Loop"": 2, ""Assigment with sum (total = total + 1)"": 1}"
python-algorithms,/home/juan/Documents/Analisis-CC-PyCEFR/python-algorithms/patterns/src/6_in_place_reversal_of_linkedlist/rotate_linkedlist/rotate_linkedlist.py,rotate_linkedlist.py,rotate,,25,51,7,B,2,28,11,3.0,B1,1.3928571428571428,"{""A1"": 18, ""A2"": 9, ""B1"": 1}","{""Simple Assignment"": 8, ""Simple Atributte"": 7, ""Return"": 3, ""Assigment with sum (total = total + 1)"": 2, ""Simple If statements"": 2, ""'range' call function"": 1, ""Boolean Operation"": 1, ""Simplified incremental Assignment with increase amount"": 1, ""Simple For Loop"": 1, ""While with Else Loop"": 1}"
python-algorithms,/home/juan/Documents/Analisis-CC-PyCEFR/python-algorithms/patterns/src/6_in_place_reversal_of_linkedlist/rotate_linkedlist/rotate_linkedlist.py,rotate_linkedlist.py,Node,,4,14,3,A,1,14,7,3.0,B1,1.6428571428571428,"{""A1"": 7, ""A2"": 5, ""B1"": 2}","{""Simple Atributte"": 4, ""Simple Assignment"": 4, ""Print"": 2, ""While with Else Loop"": 1, ""Function with Simple argument with Default argument"": 1, ""Function with Simple argument"": 1, ""Simple Class  Using the constructor method --> __init__"": 1}"
python-algorithms,/home/juan/Documents/Analisis-CC-PyCEFR/python-algorithms/patterns/src/6_in_place_reversal_of_linkedlist/rotate_linkedlist/rotate_linkedlist.py,rotate_linkedlist.py,print_list,,9,14,2,A,1,8,5,3.0,B1,1.5,"{""A1"": 5, ""A2"": 2, ""B1"": 1}","{""Print"": 2, ""Simple Atributte"": 2, ""Simple Assignment"": 2, ""While with Else Loop"": 1, ""Function with Simple argument"": 1}"
python-algorithms,/home/juan/Documents/Analisis-CC-PyCEFR/python-algorithms/patterns/src/6_in_place_reversal_of_linkedlist/rotate_linkedlist/rotate_linkedlist.py,rotate_linkedlist.py,__init__,,5,7,1,A,1,5,3,2.0,A2,1.6,"{""A2"": 3, ""A1"": 2}","{""Simple Atributte"": 2, ""Simple Assignment"": 2, ""Function with Simple argument with Default argument"": 1}"
python-algorithms,/home/juan/Documents/Analisis-CC-PyCEFR/python-algorithms/patterns/src/6_in_place_reversal_of_linkedlist/reverse_every_k_sublist/reverse_every_k_sublist_iterative.py,reverse_every_k_sublist_iterative.py,reverse_every_k_elements,,24,52,8,B,2,32,10,3.0,B1,1.34375,"{""A1"": 24, ""A2"": 5, ""B1"": 3}","{""Simple Assignment"": 12, ""Simple Tuple"": 4, ""Simple Atributte"": 4, ""Simple If statements"": 3, ""Boolean Operation"": 2, ""While with Else Loop"": 2, ""Return"": 2, ""Simplified incremental Assignment with increase amount"": 1, ""'break' statement"": 1, ""Function with Simple argument"": 1}"
python-algorithms,/home/juan/Documents/Analisis-CC-PyCEFR/python-algorithms/patterns/src/6_in_place_reversal_of_linkedlist/reverse_every_k_sublist/reverse_every_k_sublist_iterative.py,reverse_every_k_sublist_iterative.py,Node,,3,13,3,A,1,14,7,3.0,B1,1.6428571428571428,"{""A1"": 7, ""A2"": 5, ""B1"": 2}","{""Simple Atributte"": 4, ""Simple Assignment"": 4, ""Print"": 2, ""While with Else Loop"": 1, ""Function with Simple argument with Default argument"": 1, ""Function with Simple argument"": 1, ""Simple Class  Using the constructor method --> __init__"": 1}"
python-algorithms,/home/juan/Documents/Analisis-CC-PyCEFR/python-algorithms/patterns/src/6_in_place_reversal_of_linkedlist/reverse_every_k_sublist/reverse_every_k_sublist_iterative.py,reverse_every_k_sublist_iterative.py,print_list,,8,13,2,A,1,8,5,3.0,B1,1.5,"{""A1"": 5, ""A2"": 2, ""B1"": 1}","{""Print"": 2, ""Simple Atributte"": 2, ""Simple Assignment"": 2, ""While with Else Loop"": 1, ""Function with Simple argument"": 1}"
python-algorithms,/home/juan/Documents/Analisis-CC-PyCEFR/python-algorithms/patterns/src/6_in_place_reversal_of_linkedlist/reverse_every_k_sublist/reverse_every_k_sublist_iterative.py,reverse_every_k_sublist_iterative.py,__init__,,4,6,1,A,1,5,3,2.0,A2,1.6,"{""A2"": 3, ""A1"": 2}","{""Simple Atributte"": 2, ""Simple Assignment"": 2, ""Function with Simple argument with Default argument"": 1}"
python-algorithms,/home/juan/Documents/Analisis-CC-PyCEFR/python-algorithms/patterns/src/6_in_place_reversal_of_linkedlist/reverse_every_k_sublist/reverse_every_k_sublist_recursive.py,reverse_every_k_sublist_recursive.py,reverse_sub_list,,32,57,5,A,1,24,8,4.0,B2,1.4166666666666667,"{""A1"": 17, ""A2"": 5, ""B1"": 1, ""B2"": 1}","{""Simple Assignment"": 12, ""Simple Atributte"": 4, ""Simple If statements"": 2, ""Return"": 2, ""Boolean Operation"": 1, ""Simplified incremental Assignment with increase amount"": 1, ""While with Else Loop"": 1, ""Recursive Functions"": 1}"
python-algorithms,/home/juan/Documents/Analisis-CC-PyCEFR/python-algorithms/patterns/src/6_in_place_reversal_of_linkedlist/reverse_every_k_sublist/reverse_every_k_sublist_recursive.py,reverse_every_k_sublist_recursive.py,reverse_every_k_elements,,25,30,3,A,1,8,6,1.0,A1,1.0,"{""A1"": 8}","{""Simple Tuple"": 2, ""Return"": 2, ""Boolean Operation"": 1, ""Simple Assignment"": 1, ""Simple If statements"": 1, ""Function with Simple argument"": 1}"
python-algorithms,/home/juan/Documents/Analisis-CC-PyCEFR/python-algorithms/patterns/src/6_in_place_reversal_of_linkedlist/reverse_every_k_sublist/reverse_every_k_sublist_recursive.py,reverse_every_k_sublist_recursive.py,Node,,3,13,3,A,1,14,7,3.0,B1,1.6428571428571428,"{""A1"": 7, ""A2"": 5, ""B1"": 2}","{""Simple Atributte"": 4, ""Simple Assignment"": 4, ""Print"": 2, ""While with Else Loop"": 1, ""Function with Simple argument with Default argument"": 1, ""Function with Simple argument"": 1, ""Simple Class  Using the constructor method --> __init__"": 1}"
python-algorithms,/home/juan/Documents/Analisis-CC-PyCEFR/python-algorithms/patterns/src/6_in_place_reversal_of_linkedlist/reverse_every_k_sublist/reverse_every_k_sublist_recursive.py,reverse_every_k_sublist_recursive.py,print_list,,8,13,2,A,1,8,5,3.0,B1,1.5,"{""A1"": 5, ""A2"": 2, ""B1"": 1}","{""Print"": 2, ""Simple Atributte"": 2, ""Simple Assignment"": 2, ""While with Else Loop"": 1, ""Function with Simple argument"": 1}"
python-algorithms,/home/juan/Documents/Analisis-CC-PyCEFR/python-algorithms/patterns/src/6_in_place_reversal_of_linkedlist/reverse_every_k_sublist/reverse_every_k_sublist_recursive.py,reverse_every_k_sublist_recursive.py,__init__,,4,6,1,A,1,5,3,2.0,A2,1.6,"{""A2"": 3, ""A1"": 2}","{""Simple Atributte"": 2, ""Simple Assignment"": 2, ""Function with Simple argument with Default argument"": 1}"
python-algorithms,/home/juan/Documents/Analisis-CC-PyCEFR/python-algorithms/data-structures/src/queue/queue_with_linkedlist/queue.py,queue.py,LinkedList,,12,25,3,A,1,106,14,6.0,C2,1.9433962264150944,"{""A1"": 46, ""A2"": 40, ""B1"": 12, ""C2"": 4, ""C1"": 4}","{""Simple Atributte"": 39, ""Simple Assignment"": 18, ""Function with Simple argument"": 12, ""Simple If statements"": 7, ""Super Function"": 4, ""While with Else Loop"": 4, ""'break' statement"": 4, ""Generator Function (yield)"": 4, ""Simple Class  Using the constructor method --> __init__"": 4, ""Unary Operation"": 4}"
python-algorithms,/home/juan/Documents/Analisis-CC-PyCEFR/python-algorithms/data-structures/src/queue/queue_with_linkedlist/queue.py,queue.py,__iter__,,18,25,3,A,1,60,12,5.0,C1,1.8666666666666667,"{""A1"": 28, ""A2"": 20, ""B1"": 8, ""C1"": 4}","{""Simple Atributte"": 19, ""Simple Assignment"": 10, ""Simple If statements"": 6, ""Function with Simple argument"": 6, ""While with Else Loop"": 4, ""'break' statement"": 4, ""Generator Function (yield)"": 4, ""Unary Operation"": 2, ""Return"": 2, ""Simplified incremental Assignment with increase amount"": 1}"
python-algorithms,/home/juan/Documents/Analisis-CC-PyCEFR/python-algorithms/data-structures/src/queue/queue_with_linkedlist/queue.py,queue.py,Queue,,27,72,3,A,1,373,14,6.0,C2,1.6219839142091153,"{""A2"": 188, ""A1"": 173, ""C2"": 4, ""C1"": 4, ""B1"": 4}","{""Simple Atributte"": 187, ""Simple Assignment"": 57, ""Return"": 35, ""Function with Simple argument"": 32, ""Simple If statements"": 27, ""Print"": 10, ""Unary Operation"": 5, ""Subscript"": 5, ""Super Function"": 4, ""Simple List Comprehension"": 4}"
python-algorithms,/home/juan/Documents/Analisis-CC-PyCEFR/python-algorithms/data-structures/src/queue/queue_with_linkedlist/queue.py,queue.py,dequeue,,45,55,3,A,1,115,8,2.0,A2,1.617391304347826,"{""A2"": 71, ""A1"": 44}","{""Simple Atributte"": 70, ""Simple Assignment"": 17, ""Return"": 9, ""Simple If statements"": 8, ""Print"": 5, ""Function with Simple argument"": 4, ""Subscript"": 1, ""Simplified incremental Assignment with increase amount"": 1}"
python-algorithms,/home/juan/Documents/Analisis-CC-PyCEFR/python-algorithms/data-structures/src/queue/queue_with_linkedlist/queue.py,queue.py,Node,,3,10,2,A,1,74,11,6.0,C2,2.108108108108108,"{""A2"": 31, ""A1"": 30, ""C2"": 7, ""B1"": 4, ""C1"": 2}","{""Simple Atributte"": 27, ""Simple Assignment"": 14, ""Super Function"": 7, ""Function with Simple argument"": 6, ""Return"": 5, ""Function with Simple argument with Default argument"": 4, ""Simple Class  Using the constructor method --> __init__"": 4, ""Simple List"": 2, ""Unary Operation"": 2, ""Simple List Comprehension"": 2}"
python-algorithms,/home/juan/Documents/Analisis-CC-PyCEFR/python-algorithms/data-structures/src/queue/queue_with_linkedlist/queue.py,queue.py,__str__,,32,34,2,A,1,33,7,5.0,C1,1.878787878787879,"{""A1"": 16, ""A2"": 13, ""C1"": 4}","{""Simple Atributte"": 13, ""Simple Assignment"": 6, ""Simple List Comprehension"": 4, ""Function with Simple argument"": 4, ""Return"": 4, ""Subscript"": 1, ""Print"": 1}"
python-algorithms,/home/juan/Documents/Analisis-CC-PyCEFR/python-algorithms/data-structures/src/queue/queue_with_linkedlist/queue.py,queue.py,enqueue,,36,43,2,A,1,86,6,2.0,A2,1.5813953488372092,"{""A2"": 50, ""A1"": 36}","{""Simple Atributte"": 50, ""Simple Assignment"": 22, ""Simple If statements"": 4, ""Function with Simple argument"": 4, ""Print"": 4, ""Unary Operation"": 2}"
python-algorithms,/home/juan/Documents/Analisis-CC-PyCEFR/python-algorithms/data-structures/src/queue/queue_with_linkedlist/queue.py,queue.py,peek,,58,62,2,A,1,36,6,2.0,A2,1.4166666666666667,"{""A1"": 21, ""A2"": 15}","{""Simple Atributte"": 15, ""Return"": 9, ""Simple If statements"": 5, ""Function with Simple argument"": 5, ""Unary Operation"": 1, ""Subscript"": 1}"
python-algorithms,/home/juan/Documents/Analisis-CC-PyCEFR/python-algorithms/data-structures/src/queue/queue_with_linkedlist/queue.py,queue.py,isEmpty,,65,69,2,A,1,32,5,2.0,A2,1.34375,"{""A1"": 21, ""A2"": 11}","{""Simple Atributte"": 11, ""Return"": 11, ""Simple If statements"": 5, ""Function with Simple argument"": 4, ""Boolean Operation"": 1}"
python-algorithms,/home/juan/Documents/Analisis-CC-PyCEFR/python-algorithms/data-structures/src/queue/queue_with_linkedlist/queue.py,queue.py,__init__,,4,7,1,A,1,44,7,6.0,C2,2.0681818181818183,"{""A2"": 22, ""A1"": 17, ""C2"": 5}","{""Simple Atributte"": 18, ""Simple Assignment"": 12, ""Super Function"": 5, ""Function with Simple argument with Default argument"": 4, ""Simple List"": 2, ""Unary Operation"": 2, ""Assigment with sum (total = total + 1)"": 1}"
python-algorithms,/home/juan/Documents/Analisis-CC-PyCEFR/python-algorithms/data-structures/src/queue/queue_with_linkedlist/queue.py,queue.py,__str__,,9,10,1,A,1,20,5,5.0,C1,1.75,"{""A1"": 11, ""A2"": 7, ""C1"": 2}","{""Simple Atributte"": 7, ""Return"": 5, ""Function with Simple argument"": 4, ""Simple List Comprehension"": 2, ""Simple Assignment"": 2}"
python-algorithms,/home/juan/Documents/Analisis-CC-PyCEFR/python-algorithms/data-structures/src/queue/queue_with_linkedlist/queue.py,queue.py,__init__,,13,16,1,A,1,34,5,6.0,C2,2.0588235294117645,"{""A2"": 16, ""A1"": 14, ""C2"": 4}","{""Simple Atributte"": 16, ""Simple Assignment"": 8, ""Super Function"": 4, ""Function with Simple argument"": 4, ""Unary Operation"": 2}"
python-algorithms,/home/juan/Documents/Analisis-CC-PyCEFR/python-algorithms/data-structures/src/queue/queue_with_linkedlist/queue.py,queue.py,__init__,,28,30,1,A,1,22,4,6.0,C2,2.3181818181818183,"{""A2"": 9, ""A1"": 9, ""C2"": 4}","{""Simple Atributte"": 9, ""Simple Assignment"": 5, ""Super Function"": 4, ""Function with Simple argument"": 4}"
python-algorithms,/home/juan/Documents/Analisis-CC-PyCEFR/python-algorithms/data-structures/src/queue/queue_with_linkedlist/queue.py,queue.py,delete,,71,72,1,A,1,18,4,2.0,A2,1.5,"{""A2"": 9, ""A1"": 9}","{""Simple Atributte"": 9, ""Simple Assignment"": 4, ""Function with Simple argument"": 4, ""Unary Operation"": 1}"
python-algorithms,/home/juan/Documents/Analisis-CC-PyCEFR/python-algorithms/data-structures/src/queue/circular_queue/queue.py,queue.py,enqueue,,13,27,4,A,1,112,13,6.0,C2,1.8482142857142858,"{""A1"": 53, ""A2"": 43, ""B1"": 8, ""C2"": 4, ""C1"": 4}","{""Simple Atributte"": 42, ""Simple Assignment"": 20, ""Function with Simple argument"": 13, ""Simple If statements"": 9, ""Super Function"": 4, ""While with Else Loop"": 4, ""'break' statement"": 4, ""Generator Function (yield)"": 4, ""Unary Operation"": 4, ""Return"": 3}"
python-algorithms,/home/juan/Documents/Analisis-CC-PyCEFR/python-algorithms/data-structures/src/queue/circular_queue/queue.py,queue.py,dequeue,,29,53,4,A,1,220,11,6.0,C2,1.731818181818182,"{""A2"": 125, ""A1"": 87, ""C2"": 4, ""C1"": 4}","{""Simple Atributte"": 124, ""Simple Assignment"": 47, ""Return"": 10, ""Print"": 10, ""Function with Simple argument"": 9, ""Simple If statements"": 7, ""Super Function"": 4, ""Simple List Comprehension"": 4, ""Unary Operation"": 2, ""Subscript"": 2}"
python-algorithms,/home/juan/Documents/Analisis-CC-PyCEFR/python-algorithms/data-structures/src/queue/circular_queue/queue.py,queue.py,isFull,,63,69,4,A,1,36,5,2.0,A2,1.3611111111111112,"{""A1"": 23, ""A2"": 13}","{""Simple Atributte"": 13, ""Return"": 11, ""Simple If statements"": 6, ""Function with Simple argument"": 5, ""Boolean Operation"": 1}"
python-algorithms,/home/juan/Documents/Analisis-CC-PyCEFR/python-algorithms/data-structures/src/queue/circular_queue/queue.py,queue.py,Queue,,1,80,3,A,1,583,19,6.0,C2,1.7307032590051459,"{""A1"": 269, ""A2"": 267, ""B1"": 22, ""C2"": 15, ""C1"": 10}","{""Simple Atributte"": 261, ""Simple Assignment"": 92, ""Function with Simple argument"": 56, ""Return"": 46, ""Simple If statements"": 37, ""Super Function"": 15, ""Simple Class  Using the constructor method --> __init__"": 14, ""Unary Operation"": 13, ""Print"": 11, ""Simple List Comprehension"": 6}"
python-algorithms,/home/juan/Documents/Analisis-CC-PyCEFR/python-algorithms/data-structures/src/queue/circular_queue/queue.py,queue.py,__str__,,9,11,2,A,1,23,5,5.0,C1,1.6956521739130435,"{""A1"": 13, ""A2"": 8, ""C1"": 2}","{""Simple Atributte"": 8, ""Return"": 6, ""Function with Simple argument"": 5, ""Simple List Comprehension"": 2, ""Simple Assignment"": 2}"
python-algorithms,/home/juan/Documents/Analisis-CC-PyCEFR/python-algorithms/data-structures/src/queue/circular_queue/queue.py,queue.py,front,,55,57,2,A,1,12,6,2.0,A2,1.25,"{""A1"": 9, ""A2"": 3}","{""Return"": 5, ""Simple Atributte"": 3, ""Unary Operation"": 1, ""Subscript"": 1, ""Simple If statements"": 1, ""Function with Simple argument"": 1}"
python-algorithms,/home/juan/Documents/Analisis-CC-PyCEFR/python-algorithms/data-structures/src/queue/circular_queue/queue.py,queue.py,rear,,59,61,2,A,1,16,6,2.0,A2,1.4375,"{""A1"": 9, ""A2"": 7}","{""Simple Atributte"": 7, ""Return"": 5, ""Unary Operation"": 1, ""Subscript"": 1, ""Simple If statements"": 1, ""Function with Simple argument"": 1}"
python-algorithms,/home/juan/Documents/Analisis-CC-PyCEFR/python-algorithms/data-structures/src/queue/circular_queue/queue.py,queue.py,isEmpty,,71,75,2,A,1,23,6,2.0,A2,1.391304347826087,"{""A1"": 14, ""A2"": 9}","{""Simple Atributte"": 9, ""Simple Assignment"": 5, ""Function with Simple argument"": 5, ""Return"": 2, ""Unary Operation"": 1, ""Simple If statements"": 1}"
python-algorithms,/home/juan/Documents/Analisis-CC-PyCEFR/python-algorithms/data-structures/src/queue/circular_queue/queue.py,queue.py,__init__,,2,7,1,A,1,48,8,6.0,C2,2.1041666666666665,"{""A2"": 23, ""A1"": 19, ""C2"": 6}","{""Simple Atributte"": 19, ""Simple Assignment"": 12, ""Super Function"": 6, ""Function with Simple argument with Default argument"": 4, ""Simple List"": 2, ""Unary Operation"": 2, ""Function with Simple argument"": 2, ""Assigment with sum (total = total + 1)"": 1}"
python-algorithms,/home/juan/Documents/Analisis-CC-PyCEFR/python-algorithms/data-structures/src/queue/circular_queue/queue.py,queue.py,delete,,77,80,1,A,1,15,7,2.0,A2,1.4666666666666666,"{""A1"": 8, ""A2"": 7}","{""Simple Atributte"": 7, ""Unary Operation"": 2, ""Simple Assignment"": 2, ""Print"": 1, ""Simple List"": 1, ""Assigment with sum (total = total + 1)"": 1, ""Function with Simple argument"": 1}"
python-algorithms,/home/juan/Documents/Analisis-CC-PyCEFR/python-algorithms/data-structures/src/queue/queue_with_list/queue.py,queue.py,Queue,,2,27,2,A,1,196,17,6.0,C2,1.9591836734693877,"{""A1"": 87, ""A2"": 75, ""B1"": 17, ""C2"": 11, ""C1"": 6}","{""Simple Atributte"": 70, ""Simple Assignment"": 34, ""Function with Simple argument"": 22, ""Super Function"": 11, ""Simple If statements"": 9, ""Return"": 9, ""Simple Class  Using the constructor method --> __init__"": 9, ""Unary Operation"": 6, ""While with Else Loop"": 4, ""'break' statement"": 4}"
python-algorithms,/home/juan/Documents/Analisis-CC-PyCEFR/python-algorithms/data-structures/src/queue/queue_with_list/queue.py,queue.py,__str__,,7,10,2,A,1,34,7,6.0,C2,1.7647058823529411,"{""A1"": 18, ""A2"": 13, ""C1"": 2, ""C2"": 1}","{""Simple Atributte"": 13, ""Simple Assignment"": 7, ""Function with Simple argument"": 5, ""Return"": 5, ""Simple List Comprehension"": 2, ""Unary Operation"": 1, ""Super Function"": 1}"
python-algorithms,/home/juan/Documents/Analisis-CC-PyCEFR/python-algorithms/data-structures/src/queue/queue_with_list/queue.py,queue.py,dequeue,,15,17,2,A,1,25,6,2.0,A2,1.52,"{""A2"": 13, ""A1"": 12}","{""Simple Atributte"": 13, ""Simple Assignment"": 8, ""Unary Operation"": 1, ""Simple If statements"": 1, ""Function with Simple argument"": 1, ""Return"": 1}"
python-algorithms,/home/juan/Documents/Analisis-CC-PyCEFR/python-algorithms/data-structures/src/queue/queue_with_list/queue.py,queue.py,peek,,19,21,2,A,1,21,9,5.0,C1,2.142857142857143,"{""A1"": 9, ""A2"": 8, ""C1"": 4}","{""Simple Atributte"": 7, ""Simple Assignment"": 4, ""Generator Function (yield)"": 4, ""Simplified incremental Assignment with increase amount"": 1, ""Unary Operation"": 1, ""Subscript"": 1, ""Simple If statements"": 1, ""Function with Simple argument"": 1, ""Return"": 1}"
python-algorithms,/home/juan/Documents/Analisis-CC-PyCEFR/python-algorithms/data-structures/src/queue/queue_with_list/queue.py,queue.py,__init__,,3,5,1,A,1,21,6,6.0,C2,2.857142857142857,"{""A2"": 9, ""C2"": 6, ""A1"": 6}","{""Simple Atributte"": 9, ""Super Function"": 6, ""Simple List"": 2, ""Simple Assignment"": 2, ""Assigment with sum (total = total + 1)"": 1, ""Function with Simple argument"": 1}"
python-algorithms,/home/juan/Documents/Analisis-CC-PyCEFR/python-algorithms/data-structures/src/queue/queue_with_list/queue.py,queue.py,enqueue,,12,13,1,A,1,3,2,2.0,A2,1.6666666666666667,"{""A2"": 2, ""A1"": 1}","{""Simple Atributte"": 2, ""Function with Simple argument"": 1}"
python-algorithms,/home/juan/Documents/Analisis-CC-PyCEFR/python-algorithms/data-structures/src/queue/queue_with_list/queue.py,queue.py,isEmpty,,23,24,1,A,1,18,7,3.0,B1,1.7777777777777777,"{""A1"": 8, ""A2"": 6, ""B1"": 4}","{""Simple Atributte"": 6, ""Simple If statements"": 4, ""'break' statement"": 4, ""Unary Operation"": 1, ""Simple List"": 1, ""Function with Simple argument"": 1, ""Return"": 1}"
python-algorithms,/home/juan/Documents/Analisis-CC-PyCEFR/python-algorithms/data-structures/src/queue/queue_with_list/queue.py,queue.py,delete,,26,27,1,A,1,8,5,2.0,A2,1.375,"{""A1"": 5, ""A2"": 3}","{""Simple Atributte"": 3, ""Simple Assignment"": 2, ""Subscript"": 1, ""Simple List"": 1, ""Function with Simple argument"": 1}"
python-algorithms,/home/juan/Documents/Analisis-CC-PyCEFR/python-algorithms/data-structures/src/tree/avl-tree/avl_tree.py,avl_tree.py,deleteNode,,190,222,14,C,3,61,7,4.0,B2,1.4426229508196722,"{""A1"": 36, ""A2"": 24, ""B2"": 1}","{""Simple Atributte"": 24, ""Simple Assignment"": 12, ""Simple If statements"": 9, ""Return"": 8, ""Boolean Operation"": 4, ""Unary Operation"": 3, ""Recursive Functions"": 1}"
python-algorithms,/home/juan/Documents/Analisis-CC-PyCEFR/python-algorithms/data-structures/src/tree/avl-tree/avl_tree.py,avl_tree.py,insertNode,,158,183,11,C,3,46,8,4.0,B2,1.5,"{""A1"": 25, ""A2"": 20, ""B2"": 1}","{""Simple Atributte"": 20, ""Simple If statements"": 6, ""Return"": 6, ""Simple Assignment"": 5, ""Boolean Operation"": 4, ""Unary Operation"": 3, ""Assigment with sum (total = total + 1)"": 1, ""Recursive Functions"": 1}"
python-algorithms,/home/juan/Documents/Analisis-CC-PyCEFR/python-algorithms/data-structures/src/tree/avl-tree/avl_tree.py,avl_tree.py,levelOrderTraversal,,32,46,5,A,1,26,8,3.0,B1,1.6538461538461537,"{""A2"": 15, ""A1"": 10, ""B1"": 1}","{""Simple Atributte"": 15, ""Simple If statements"": 3, ""Unary Operation"": 2, ""Simple Assignment"": 2, ""Print"": 1, ""While with Else Loop"": 1, ""Function with Simple argument"": 1, ""Return"": 1}"
python-algorithms,/home/juan/Documents/Analisis-CC-PyCEFR/python-algorithms/data-structures/src/tree/avl-tree/avl_tree.py,avl_tree.py,searchNode,,48,62,5,A,1,19,5,4.0,B2,1.631578947368421,"{""A1"": 9, ""A2"": 9, ""B2"": 1}","{""Simple Atributte"": 9, ""Simple If statements"": 4, ""Return"": 3, ""Print"": 2, ""Recursive Functions"": 1}"
python-algorithms,/home/juan/Documents/Analisis-CC-PyCEFR/python-algorithms/data-structures/src/tree/avl-tree/avl_tree.py,avl_tree.py,getMinValueNode,,185,188,3,A,1,7,5,4.0,B2,1.7142857142857142,"{""A1"": 4, ""A2"": 2, ""B2"": 1}","{""Simple Atributte"": 2, ""Return"": 2, ""Boolean Operation"": 1, ""Simple If statements"": 1, ""Recursive Functions"": 1}"
python-algorithms,/home/juan/Documents/Analisis-CC-PyCEFR/python-algorithms/data-structures/src/tree/avl-tree/avl_tree.py,avl_tree.py,preOrderTraversal,,11,16,2,A,1,8,6,4.0,B2,1.75,"{""A1"": 4, ""A2"": 3, ""B2"": 1}","{""Simple Atributte"": 3, ""Print"": 1, ""Unary Operation"": 1, ""Simple If statements"": 1, ""Recursive Functions"": 1, ""Return"": 1}"
python-algorithms,/home/juan/Documents/Analisis-CC-PyCEFR/python-algorithms/data-structures/src/tree/avl-tree/avl_tree.py,avl_tree.py,inOrderTraversal,,18,23,2,A,1,8,6,4.0,B2,1.75,"{""A1"": 4, ""A2"": 3, ""B2"": 1}","{""Simple Atributte"": 3, ""Print"": 1, ""Unary Operation"": 1, ""Simple If statements"": 1, ""Recursive Functions"": 1, ""Return"": 1}"
python-algorithms,/home/juan/Documents/Analisis-CC-PyCEFR/python-algorithms/data-structures/src/tree/avl-tree/avl_tree.py,avl_tree.py,postOrderTraversal,,25,30,2,A,1,8,6,4.0,B2,1.75,"{""A1"": 4, ""A2"": 3, ""B2"": 1}","{""Simple Atributte"": 3, ""Print"": 1, ""Unary Operation"": 1, ""Simple If statements"": 1, ""Recursive Functions"": 1, ""Return"": 1}"
python-algorithms,/home/juan/Documents/Analisis-CC-PyCEFR/python-algorithms/data-structures/src/tree/avl-tree/avl_tree.py,avl_tree.py,getHeight,,65,68,2,A,1,6,5,2.0,A2,1.1666666666666667,"{""A1"": 5, ""A2"": 1}","{""Return"": 2, ""Simple Atributte"": 1, ""Unary Operation"": 1, ""Simple If statements"": 1, ""Function with Simple argument"": 1}"
python-algorithms,/home/juan/Documents/Analisis-CC-PyCEFR/python-algorithms/data-structures/src/tree/avl-tree/avl_tree.py,avl_tree.py,getBalance,,153,156,2,A,1,7,5,2.0,A2,1.2857142857142858,"{""A1"": 5, ""A2"": 2}","{""Simple Atributte"": 2, ""Return"": 2, ""Unary Operation"": 1, ""Simple If statements"": 1, ""Function with Simple argument"": 1}"
python-algorithms,/home/juan/Documents/Analisis-CC-PyCEFR/python-algorithms/data-structures/src/tree/avl-tree/avl_tree.py,avl_tree.py,AVLNode,,3,9,2,A,1,12,5,6.0,C2,2.0,"{""A2"": 5, ""A1"": 5, ""C2"": 1, ""B1"": 1}","{""Simple Atributte"": 5, ""Simple Assignment"": 4, ""Super Function"": 1, ""Function with Simple argument"": 1, ""Simple Class  Using the constructor method --> __init__"": 1}"
python-algorithms,/home/juan/Documents/Analisis-CC-PyCEFR/python-algorithms/data-structures/src/tree/avl-tree/avl_tree.py,avl_tree.py,rightRotate,,102,109,1,A,1,18,5,2.0,A2,1.6111111111111112,"{""A2"": 11, ""A1"": 7}","{""Simple Atributte"": 11, ""Simple Assignment"": 3, ""Assigment with sum (total = total + 1)"": 2, ""Function with Simple argument"": 1, ""Return"": 1}"
python-algorithms,/home/juan/Documents/Analisis-CC-PyCEFR/python-algorithms/data-structures/src/tree/avl-tree/avl_tree.py,avl_tree.py,leftRotate,,145,151,1,A,1,18,5,2.0,A2,1.6111111111111112,"{""A2"": 11, ""A1"": 7}","{""Simple Atributte"": 11, ""Simple Assignment"": 3, ""Assigment with sum (total = total + 1)"": 2, ""Function with Simple argument"": 1, ""Return"": 1}"
python-algorithms,/home/juan/Documents/Analisis-CC-PyCEFR/python-algorithms/data-structures/src/tree/avl-tree/avl_tree.py,avl_tree.py,deleteAVL,,225,229,1,A,1,8,4,2.0,A2,1.375,"{""A1"": 5, ""A2"": 3}","{""Simple Atributte"": 3, ""Simple Assignment"": 3, ""Function with Simple argument"": 1, ""Return"": 1}"
python-algorithms,/home/juan/Documents/Analisis-CC-PyCEFR/python-algorithms/data-structures/src/tree/avl-tree/avl_tree.py,avl_tree.py,__init__,,4,9,1,A,1,11,4,6.0,C2,1.9090909090909092,"{""A2"": 5, ""A1"": 5, ""C2"": 1}","{""Simple Atributte"": 5, ""Simple Assignment"": 4, ""Super Function"": 1, ""Function with Simple argument"": 1}"
python-algorithms,/home/juan/Documents/Analisis-CC-PyCEFR/python-algorithms/data-structures/src/tree/avl-tree/queue.py,queue.py,LinkedList,,12,25,3,A,1,106,14,6.0,C2,1.9433962264150944,"{""A1"": 46, ""A2"": 40, ""B1"": 12, ""C2"": 4, ""C1"": 4}","{""Simple Atributte"": 39, ""Simple Assignment"": 18, ""Function with Simple argument"": 12, ""Simple If statements"": 7, ""Super Function"": 4, ""While with Else Loop"": 4, ""'break' statement"": 4, ""Generator Function (yield)"": 4, ""Simple Class  Using the constructor method --> __init__"": 4, ""Unary Operation"": 4}"
python-algorithms,/home/juan/Documents/Analisis-CC-PyCEFR/python-algorithms/data-structures/src/tree/avl-tree/queue.py,queue.py,__iter__,,18,25,3,A,1,60,12,5.0,C1,1.8666666666666667,"{""A1"": 28, ""A2"": 20, ""B1"": 8, ""C1"": 4}","{""Simple Atributte"": 19, ""Simple Assignment"": 10, ""Simple If statements"": 6, ""Function with Simple argument"": 6, ""While with Else Loop"": 4, ""'break' statement"": 4, ""Generator Function (yield)"": 4, ""Unary Operation"": 2, ""Return"": 2, ""Simplified incremental Assignment with increase amount"": 1}"
python-algorithms,/home/juan/Documents/Analisis-CC-PyCEFR/python-algorithms/data-structures/src/tree/avl-tree/queue.py,queue.py,Queue,,27,72,3,A,1,373,14,6.0,C2,1.6219839142091153,"{""A2"": 188, ""A1"": 173, ""C2"": 4, ""C1"": 4, ""B1"": 4}","{""Simple Atributte"": 187, ""Simple Assignment"": 57, ""Return"": 35, ""Function with Simple argument"": 32, ""Simple If statements"": 27, ""Print"": 10, ""Unary Operation"": 5, ""Subscript"": 5, ""Super Function"": 4, ""Simple List Comprehension"": 4}"
python-algorithms,/home/juan/Documents/Analisis-CC-PyCEFR/python-algorithms/data-structures/src/tree/avl-tree/queue.py,queue.py,dequeue,,45,55,3,A,1,115,8,2.0,A2,1.617391304347826,"{""A2"": 71, ""A1"": 44}","{""Simple Atributte"": 70, ""Simple Assignment"": 17, ""Return"": 9, ""Simple If statements"": 8, ""Print"": 5, ""Function with Simple argument"": 4, ""Subscript"": 1, ""Simplified incremental Assignment with increase amount"": 1}"
python-algorithms,/home/juan/Documents/Analisis-CC-PyCEFR/python-algorithms/data-structures/src/tree/avl-tree/queue.py,queue.py,Node,,3,10,2,A,1,74,11,6.0,C2,2.108108108108108,"{""A2"": 31, ""A1"": 30, ""C2"": 7, ""B1"": 4, ""C1"": 2}","{""Simple Atributte"": 27, ""Simple Assignment"": 14, ""Super Function"": 7, ""Function with Simple argument"": 6, ""Return"": 5, ""Function with Simple argument with Default argument"": 4, ""Simple Class  Using the constructor method --> __init__"": 4, ""Simple List"": 2, ""Unary Operation"": 2, ""Simple List Comprehension"": 2}"
python-algorithms,/home/juan/Documents/Analisis-CC-PyCEFR/python-algorithms/data-structures/src/tree/avl-tree/queue.py,queue.py,__str__,,32,34,2,A,1,33,7,5.0,C1,1.878787878787879,"{""A1"": 16, ""A2"": 13, ""C1"": 4}","{""Simple Atributte"": 13, ""Simple Assignment"": 6, ""Simple List Comprehension"": 4, ""Function with Simple argument"": 4, ""Return"": 4, ""Subscript"": 1, ""Print"": 1}"
python-algorithms,/home/juan/Documents/Analisis-CC-PyCEFR/python-algorithms/data-structures/src/tree/avl-tree/queue.py,queue.py,enqueue,,36,43,2,A,1,86,6,2.0,A2,1.5813953488372092,"{""A2"": 50, ""A1"": 36}","{""Simple Atributte"": 50, ""Simple Assignment"": 22, ""Simple If statements"": 4, ""Function with Simple argument"": 4, ""Print"": 4, ""Unary Operation"": 2}"
python-algorithms,/home/juan/Documents/Analisis-CC-PyCEFR/python-algorithms/data-structures/src/tree/avl-tree/queue.py,queue.py,peek,,58,62,2,A,1,36,6,2.0,A2,1.4166666666666667,"{""A1"": 21, ""A2"": 15}","{""Simple Atributte"": 15, ""Return"": 9, ""Simple If statements"": 5, ""Function with Simple argument"": 5, ""Unary Operation"": 1, ""Subscript"": 1}"
python-algorithms,/home/juan/Documents/Analisis-CC-PyCEFR/python-algorithms/data-structures/src/tree/avl-tree/queue.py,queue.py,isEmpty,,65,69,2,A,1,32,5,2.0,A2,1.34375,"{""A1"": 21, ""A2"": 11}","{""Simple Atributte"": 11, ""Return"": 11, ""Simple If statements"": 5, ""Function with Simple argument"": 4, ""Boolean Operation"": 1}"
python-algorithms,/home/juan/Documents/Analisis-CC-PyCEFR/python-algorithms/data-structures/src/tree/avl-tree/queue.py,queue.py,__init__,,4,7,1,A,1,44,7,6.0,C2,2.0681818181818183,"{""A2"": 22, ""A1"": 17, ""C2"": 5}","{""Simple Atributte"": 18, ""Simple Assignment"": 12, ""Super Function"": 5, ""Function with Simple argument with Default argument"": 4, ""Simple List"": 2, ""Unary Operation"": 2, ""Assigment with sum (total = total + 1)"": 1}"
python-algorithms,/home/juan/Documents/Analisis-CC-PyCEFR/python-algorithms/data-structures/src/tree/avl-tree/queue.py,queue.py,__str__,,9,10,1,A,1,20,5,5.0,C1,1.75,"{""A1"": 11, ""A2"": 7, ""C1"": 2}","{""Simple Atributte"": 7, ""Return"": 5, ""Function with Simple argument"": 4, ""Simple List Comprehension"": 2, ""Simple Assignment"": 2}"
python-algorithms,/home/juan/Documents/Analisis-CC-PyCEFR/python-algorithms/data-structures/src/tree/avl-tree/queue.py,queue.py,__init__,,13,16,1,A,1,34,5,6.0,C2,2.0588235294117645,"{""A2"": 16, ""A1"": 14, ""C2"": 4}","{""Simple Atributte"": 16, ""Simple Assignment"": 8, ""Super Function"": 4, ""Function with Simple argument"": 4, ""Unary Operation"": 2}"
python-algorithms,/home/juan/Documents/Analisis-CC-PyCEFR/python-algorithms/data-structures/src/tree/avl-tree/queue.py,queue.py,__init__,,28,30,1,A,1,22,4,6.0,C2,2.3181818181818183,"{""A2"": 9, ""A1"": 9, ""C2"": 4}","{""Simple Atributte"": 9, ""Simple Assignment"": 5, ""Super Function"": 4, ""Function with Simple argument"": 4}"
python-algorithms,/home/juan/Documents/Analisis-CC-PyCEFR/python-algorithms/data-structures/src/tree/avl-tree/queue.py,queue.py,delete,,71,72,1,A,1,18,4,2.0,A2,1.5,"{""A2"": 9, ""A1"": 9}","{""Simple Atributte"": 9, ""Simple Assignment"": 4, ""Function with Simple argument"": 4, ""Unary Operation"": 1}"
python-algorithms,/home/juan/Documents/Analisis-CC-PyCEFR/python-algorithms/data-structures/src/tree/binary-search-tree/binary_search_tree.py,binary_search_tree.py,searchNode,,77,95,6,B,2,24,6,4.0,B2,1.5416666666666667,"{""A1"": 13, ""A2"": 10, ""B2"": 1}","{""Simple Atributte"": 10, ""Simple If statements"": 5, ""Return"": 4, ""Print"": 3, ""Unary Operation"": 1, ""Recursive Functions"": 1}"
python-algorithms,/home/juan/Documents/Analisis-CC-PyCEFR/python-algorithms/data-structures/src/tree/binary-search-tree/binary_search_tree.py,binary_search_tree.py,deleteNode,,104,125,6,B,2,35,5,4.0,B2,1.542857142857143,"{""A1"": 18, ""A2"": 16, ""B2"": 1}","{""Simple Atributte"": 16, ""Simple Assignment"": 9, ""Simple If statements"": 5, ""Return"": 4, ""Recursive Functions"": 1}"
python-algorithms,/home/juan/Documents/Analisis-CC-PyCEFR/python-algorithms/data-structures/src/tree/binary-search-tree/binary_search_tree.py,binary_search_tree.py,insertNode,,10,24,5,A,1,19,6,4.0,B2,1.631578947368421,"{""A1"": 9, ""A2"": 9, ""B2"": 1}","{""Simple Atributte"": 9, ""Simple If statements"": 4, ""Simple Assignment"": 3, ""Print"": 1, ""Recursive Functions"": 1, ""Return"": 1}"
python-algorithms,/home/juan/Documents/Analisis-CC-PyCEFR/python-algorithms/data-structures/src/tree/binary-search-tree/binary_search_tree.py,binary_search_tree.py,levelOrderTraversal,,58,73,5,A,1,26,8,3.0,B1,1.6538461538461537,"{""A2"": 15, ""A1"": 10, ""B1"": 1}","{""Simple Atributte"": 15, ""Simple If statements"": 3, ""Unary Operation"": 2, ""Simple Assignment"": 2, ""Print"": 1, ""While with Else Loop"": 1, ""Function with Simple argument"": 1, ""Return"": 1}"
python-algorithms,/home/juan/Documents/Analisis-CC-PyCEFR/python-algorithms/data-structures/src/tree/binary-search-tree/binary_search_tree.py,binary_search_tree.py,preOrderTraversal,,28,34,2,A,1,8,6,4.0,B2,1.75,"{""A1"": 4, ""A2"": 3, ""B2"": 1}","{""Simple Atributte"": 3, ""Print"": 1, ""Unary Operation"": 1, ""Simple If statements"": 1, ""Recursive Functions"": 1, ""Return"": 1}"
python-algorithms,/home/juan/Documents/Analisis-CC-PyCEFR/python-algorithms/data-structures/src/tree/binary-search-tree/binary_search_tree.py,binary_search_tree.py,inOrderTraversal,,38,44,2,A,1,8,6,4.0,B2,1.75,"{""A1"": 4, ""A2"": 3, ""B2"": 1}","{""Simple Atributte"": 3, ""Print"": 1, ""Unary Operation"": 1, ""Simple If statements"": 1, ""Recursive Functions"": 1, ""Return"": 1}"
python-algorithms,/home/juan/Documents/Analisis-CC-PyCEFR/python-algorithms/data-structures/src/tree/binary-search-tree/binary_search_tree.py,binary_search_tree.py,postOrderTraversal,,48,54,2,A,1,8,6,4.0,B2,1.75,"{""A1"": 4, ""A2"": 3, ""B2"": 1}","{""Simple Atributte"": 3, ""Print"": 1, ""Unary Operation"": 1, ""Simple If statements"": 1, ""Recursive Functions"": 1, ""Return"": 1}"
python-algorithms,/home/juan/Documents/Analisis-CC-PyCEFR/python-algorithms/data-structures/src/tree/binary-search-tree/binary_search_tree.py,binary_search_tree.py,getMinValueNode,,98,102,2,A,1,7,5,3.0,B1,1.5714285714285714,"{""A1"": 4, ""A2"": 2, ""B1"": 1}","{""Simple Atributte"": 2, ""Simple Assignment"": 2, ""While with Else Loop"": 1, ""Function with Simple argument"": 1, ""Return"": 1}"
python-algorithms,/home/juan/Documents/Analisis-CC-PyCEFR/python-algorithms/data-structures/src/tree/binary-search-tree/binary_search_tree.py,binary_search_tree.py,BinarySearchTree,,3,8,2,A,1,10,5,6.0,C2,2.1,"{""A2"": 4, ""A1"": 4, ""C2"": 1, ""B1"": 1}","{""Simple Atributte"": 4, ""Simple Assignment"": 3, ""Super Function"": 1, ""Function with Simple argument"": 1, ""Simple Class  Using the constructor method --> __init__"": 1}"
python-algorithms,/home/juan/Documents/Analisis-CC-PyCEFR/python-algorithms/data-structures/src/tree/binary-search-tree/binary_search_tree.py,binary_search_tree.py,deleteBinaryTree,,129,133,1,A,1,8,4,2.0,A2,1.375,"{""A1"": 5, ""A2"": 3}","{""Simple Atributte"": 3, ""Simple Assignment"": 3, ""Function with Simple argument"": 1, ""Return"": 1}"
python-algorithms,/home/juan/Documents/Analisis-CC-PyCEFR/python-algorithms/data-structures/src/tree/binary-search-tree/binary_search_tree.py,binary_search_tree.py,__init__,,4,8,1,A,1,9,4,6.0,C2,2.0,"{""A2"": 4, ""A1"": 4, ""C2"": 1}","{""Simple Atributte"": 4, ""Simple Assignment"": 3, ""Super Function"": 1, ""Function with Simple argument"": 1}"
python-algorithms,/home/juan/Documents/Analisis-CC-PyCEFR/python-algorithms/data-structures/src/tree/binary-search-tree/queue.py,queue.py,LinkedList,,12,25,3,A,1,106,14,6.0,C2,1.9433962264150944,"{""A1"": 46, ""A2"": 40, ""B1"": 12, ""C2"": 4, ""C1"": 4}","{""Simple Atributte"": 39, ""Simple Assignment"": 18, ""Function with Simple argument"": 12, ""Simple If statements"": 7, ""Super Function"": 4, ""While with Else Loop"": 4, ""'break' statement"": 4, ""Generator Function (yield)"": 4, ""Simple Class  Using the constructor method --> __init__"": 4, ""Unary Operation"": 4}"
python-algorithms,/home/juan/Documents/Analisis-CC-PyCEFR/python-algorithms/data-structures/src/tree/binary-search-tree/queue.py,queue.py,__iter__,,18,25,3,A,1,60,12,5.0,C1,1.8666666666666667,"{""A1"": 28, ""A2"": 20, ""B1"": 8, ""C1"": 4}","{""Simple Atributte"": 19, ""Simple Assignment"": 10, ""Simple If statements"": 6, ""Function with Simple argument"": 6, ""While with Else Loop"": 4, ""'break' statement"": 4, ""Generator Function (yield)"": 4, ""Unary Operation"": 2, ""Return"": 2, ""Simplified incremental Assignment with increase amount"": 1}"
python-algorithms,/home/juan/Documents/Analisis-CC-PyCEFR/python-algorithms/data-structures/src/tree/binary-search-tree/queue.py,queue.py,Queue,,27,72,3,A,1,373,14,6.0,C2,1.6219839142091153,"{""A2"": 188, ""A1"": 173, ""C2"": 4, ""C1"": 4, ""B1"": 4}","{""Simple Atributte"": 187, ""Simple Assignment"": 57, ""Return"": 35, ""Function with Simple argument"": 32, ""Simple If statements"": 27, ""Print"": 10, ""Unary Operation"": 5, ""Subscript"": 5, ""Super Function"": 4, ""Simple List Comprehension"": 4}"
python-algorithms,/home/juan/Documents/Analisis-CC-PyCEFR/python-algorithms/data-structures/src/tree/binary-search-tree/queue.py,queue.py,dequeue,,45,55,3,A,1,115,8,2.0,A2,1.617391304347826,"{""A2"": 71, ""A1"": 44}","{""Simple Atributte"": 70, ""Simple Assignment"": 17, ""Return"": 9, ""Simple If statements"": 8, ""Print"": 5, ""Function with Simple argument"": 4, ""Subscript"": 1, ""Simplified incremental Assignment with increase amount"": 1}"
python-algorithms,/home/juan/Documents/Analisis-CC-PyCEFR/python-algorithms/data-structures/src/tree/binary-search-tree/queue.py,queue.py,Node,,3,10,2,A,1,74,11,6.0,C2,2.108108108108108,"{""A2"": 31, ""A1"": 30, ""C2"": 7, ""B1"": 4, ""C1"": 2}","{""Simple Atributte"": 27, ""Simple Assignment"": 14, ""Super Function"": 7, ""Function with Simple argument"": 6, ""Return"": 5, ""Function with Simple argument with Default argument"": 4, ""Simple Class  Using the constructor method --> __init__"": 4, ""Simple List"": 2, ""Unary Operation"": 2, ""Simple List Comprehension"": 2}"
python-algorithms,/home/juan/Documents/Analisis-CC-PyCEFR/python-algorithms/data-structures/src/tree/binary-search-tree/queue.py,queue.py,__str__,,32,34,2,A,1,33,7,5.0,C1,1.878787878787879,"{""A1"": 16, ""A2"": 13, ""C1"": 4}","{""Simple Atributte"": 13, ""Simple Assignment"": 6, ""Simple List Comprehension"": 4, ""Function with Simple argument"": 4, ""Return"": 4, ""Subscript"": 1, ""Print"": 1}"
python-algorithms,/home/juan/Documents/Analisis-CC-PyCEFR/python-algorithms/data-structures/src/tree/binary-search-tree/queue.py,queue.py,enqueue,,36,43,2,A,1,86,6,2.0,A2,1.5813953488372092,"{""A2"": 50, ""A1"": 36}","{""Simple Atributte"": 50, ""Simple Assignment"": 22, ""Simple If statements"": 4, ""Function with Simple argument"": 4, ""Print"": 4, ""Unary Operation"": 2}"
python-algorithms,/home/juan/Documents/Analisis-CC-PyCEFR/python-algorithms/data-structures/src/tree/binary-search-tree/queue.py,queue.py,peek,,58,62,2,A,1,36,6,2.0,A2,1.4166666666666667,"{""A1"": 21, ""A2"": 15}","{""Simple Atributte"": 15, ""Return"": 9, ""Simple If statements"": 5, ""Function with Simple argument"": 5, ""Unary Operation"": 1, ""Subscript"": 1}"
python-algorithms,/home/juan/Documents/Analisis-CC-PyCEFR/python-algorithms/data-structures/src/tree/binary-search-tree/queue.py,queue.py,isEmpty,,65,69,2,A,1,32,5,2.0,A2,1.34375,"{""A1"": 21, ""A2"": 11}","{""Simple Atributte"": 11, ""Return"": 11, ""Simple If statements"": 5, ""Function with Simple argument"": 4, ""Boolean Operation"": 1}"
python-algorithms,/home/juan/Documents/Analisis-CC-PyCEFR/python-algorithms/data-structures/src/tree/binary-search-tree/queue.py,queue.py,__init__,,4,7,1,A,1,44,7,6.0,C2,2.0681818181818183,"{""A2"": 22, ""A1"": 17, ""C2"": 5}","{""Simple Atributte"": 18, ""Simple Assignment"": 12, ""Super Function"": 5, ""Function with Simple argument with Default argument"": 4, ""Simple List"": 2, ""Unary Operation"": 2, ""Assigment with sum (total = total + 1)"": 1}"
python-algorithms,/home/juan/Documents/Analisis-CC-PyCEFR/python-algorithms/data-structures/src/tree/binary-search-tree/queue.py,queue.py,__str__,,9,10,1,A,1,20,5,5.0,C1,1.75,"{""A1"": 11, ""A2"": 7, ""C1"": 2}","{""Simple Atributte"": 7, ""Return"": 5, ""Function with Simple argument"": 4, ""Simple List Comprehension"": 2, ""Simple Assignment"": 2}"
python-algorithms,/home/juan/Documents/Analisis-CC-PyCEFR/python-algorithms/data-structures/src/tree/binary-search-tree/queue.py,queue.py,__init__,,13,16,1,A,1,34,5,6.0,C2,2.0588235294117645,"{""A2"": 16, ""A1"": 14, ""C2"": 4}","{""Simple Atributte"": 16, ""Simple Assignment"": 8, ""Super Function"": 4, ""Function with Simple argument"": 4, ""Unary Operation"": 2}"
python-algorithms,/home/juan/Documents/Analisis-CC-PyCEFR/python-algorithms/data-structures/src/tree/binary-search-tree/queue.py,queue.py,__init__,,28,30,1,A,1,22,4,6.0,C2,2.3181818181818183,"{""A2"": 9, ""A1"": 9, ""C2"": 4}","{""Simple Atributte"": 9, ""Simple Assignment"": 5, ""Super Function"": 4, ""Function with Simple argument"": 4}"
python-algorithms,/home/juan/Documents/Analisis-CC-PyCEFR/python-algorithms/data-structures/src/tree/binary-search-tree/queue.py,queue.py,delete,,71,72,1,A,1,18,4,2.0,A2,1.5,"{""A2"": 9, ""A1"": 9}","{""Simple Atributte"": 9, ""Simple Assignment"": 4, ""Function with Simple argument"": 4, ""Unary Operation"": 1}"
python-algorithms,/home/juan/Documents/Analisis-CC-PyCEFR/python-algorithms/data-structures/src/tree/binary-tree/binary-tree-with-list/binary_tree.py,binary_tree.py,search,,21,28,5,A,1,27,9,2.0,A2,1.3703703703703705,"{""A1"": 17, ""A2"": 10}","{""Simple Atributte"": 9, ""Simple If statements"": 4, ""Return"": 4, ""Subscript"": 3, ""Function with Simple argument"": 2, ""Unary Operation"": 2, ""'range' call function"": 1, ""Boolean Operation"": 1, ""Simple For Loop"": 1}"
python-algorithms,/home/juan/Documents/Analisis-CC-PyCEFR/python-algorithms/data-structures/src/tree/binary-tree/binary-tree-with-list/binary_tree.py,binary_tree.py,deleteNode,,73,86,4,A,1,44,11,2.0,A2,1.4772727272727273,"{""A1"": 23, ""A2"": 21}","{""Simple Atributte"": 19, ""Return"": 5, ""Subscript"": 4, ""Simple Assignment"": 4, ""Simple If statements"": 4, ""Print"": 3, ""'range' call function"": 1, ""Simplified incremental Assignment with decrease subtraction"": 1, ""Simple For Loop"": 1, ""Function with Simple argument"": 1}"
python-algorithms,/home/juan/Documents/Analisis-CC-PyCEFR/python-algorithms/data-structures/src/tree/binary-tree/binary-tree-with-list/binary_tree.py,binary_tree.py,BinaryTree,,1,95,3,A,1,236,18,6.0,C2,1.4745762711864407,"{""A1"": 133, ""A2"": 97, ""B1"": 5, ""C2"": 1}","{""Simple Atributte"": 92, ""Function with Simple argument"": 25, ""Return"": 23, ""Simple Assignment"": 22, ""Simple If statements"": 21, ""Subscript"": 14, ""Unary Operation"": 9, ""Print"": 8, ""Simple List"": 5, ""Simple Class  Using the constructor method --> __init__"": 4}"
python-algorithms,/home/juan/Documents/Analisis-CC-PyCEFR/python-algorithms/data-structures/src/tree/binary-tree/binary-tree-with-list/binary_tree.py,binary_tree.py,insertNode,,12,17,3,A,1,23,9,2.0,A2,1.4782608695652173,"{""A1"": 12, ""A2"": 11}","{""Simple Atributte"": 10, ""Return"": 3, ""Simple If statements"": 2, ""Function with Simple argument"": 2, ""Unary Operation"": 2, ""Boolean Operation"": 1, ""Subscript"": 1, ""Simple Assignment"": 1, ""Simplified incremental Assignment with increase amount"": 1}"
python-algorithms,/home/juan/Documents/Analisis-CC-PyCEFR/python-algorithms/data-structures/src/tree/binary-tree/binary-tree-with-list/binary_tree.py,binary_tree.py,preOrderTraversal,,33,39,2,A,1,17,7,2.0,A2,1.4705882352941178,"{""A1"": 9, ""A2"": 8}","{""Simple Atributte"": 8, ""Simple If statements"": 2, ""Function with Simple argument"": 2, ""Return"": 2, ""Print"": 1, ""Subscript"": 1, ""Simple List"": 1}"
python-algorithms,/home/juan/Documents/Analisis-CC-PyCEFR/python-algorithms/data-structures/src/tree/binary-tree/binary-tree-with-list/binary_tree.py,binary_tree.py,inOrderTraversal,,44,50,2,A,1,20,7,2.0,A2,1.45,"{""A1"": 11, ""A2"": 9}","{""Simple Atributte"": 9, ""Simple If statements"": 3, ""Return"": 3, ""Function with Simple argument"": 2, ""Print"": 1, ""Subscript"": 1, ""Unary Operation"": 1}"
python-algorithms,/home/juan/Documents/Analisis-CC-PyCEFR/python-algorithms/data-structures/src/tree/binary-tree/binary-tree-with-list/binary_tree.py,binary_tree.py,postOrderTraversal,,56,62,2,A,1,12,7,2.0,A2,1.4166666666666667,"{""A1"": 7, ""A2"": 5}","{""Simple Atributte"": 5, ""Function with Simple argument"": 2, ""Print"": 1, ""Subscript"": 1, ""Simple If statements"": 1, ""Return"": 1, ""Simple Assignment"": 1}"
python-algorithms,/home/juan/Documents/Analisis-CC-PyCEFR/python-algorithms/data-structures/src/tree/binary-tree/binary-tree-with-list/binary_tree.py,binary_tree.py,levelOrderTraversal,,66,68,2,A,1,10,7,2.0,A2,1.5,"{""A2"": 5, ""A1"": 5}","{""Simple Atributte"": 4, ""'range' call function"": 1, ""Print"": 1, ""Subscript"": 1, ""Simple For Loop"": 1, ""Function with Simple argument"": 1, ""Simple Assignment"": 1}"
python-algorithms,/home/juan/Documents/Analisis-CC-PyCEFR/python-algorithms/data-structures/src/tree/binary-tree/binary-tree-with-list/binary_tree.py,binary_tree.py,__init__,,4,8,1,A,1,14,7,6.0,C2,1.7142857142857142,"{""A1"": 8, ""A2"": 5, ""C2"": 1}","{""Simple Atributte"": 5, ""Simple List"": 2, ""Simple Assignment"": 2, ""Function with Simple argument"": 2, ""Super Function"": 1, ""Assigment with sum (total = total + 1)"": 1, ""Return"": 1}"
python-algorithms,/home/juan/Documents/Analisis-CC-PyCEFR/python-algorithms/data-structures/src/tree/binary-tree/binary-tree-with-list/binary_tree.py,binary_tree.py,deleteBinaryTree,,90,95,1,A,1,15,5,2.0,A2,1.5333333333333334,"{""A2"": 8, ""A1"": 7}","{""Simple Atributte"": 8, ""Simple Assignment"": 4, ""Print"": 1, ""Function with Simple argument"": 1, ""Return"": 1}"
python-algorithms,/home/juan/Documents/Analisis-CC-PyCEFR/python-algorithms/data-structures/src/tree/binary-tree/binary-tree-with-linkedlist/binary_tree.py,binary_tree.py,delete_deepest_node,,127,157,8,B,2,40,8,3.0,B1,1.475,"{""A1"": 22, ""A2"": 17, ""B1"": 1}","{""Simple Atributte"": 17, ""Simple If statements"": 6, ""Simple Assignment"": 5, ""Return"": 5, ""Print"": 4, ""Unary Operation"": 1, ""While with Else Loop"": 1, ""Function with Simple argument"": 1}"
python-algorithms,/home/juan/Documents/Analisis-CC-PyCEFR/python-algorithms/data-structures/src/tree/binary-tree/binary-tree-with-linkedlist/binary_tree.py,binary_tree.py,delete_node,,85,108,7,B,2,52,8,3.0,B1,1.5576923076923077,"{""A2"": 27, ""A1"": 24, ""B1"": 1}","{""Simple Atributte"": 27, ""Simple Assignment"": 9, ""Simple If statements"": 5, ""Return"": 4, ""Print"": 3, ""Function with Simple argument"": 2, ""Unary Operation"": 1, ""While with Else Loop"": 1}"
python-algorithms,/home/juan/Documents/Analisis-CC-PyCEFR/python-algorithms/data-structures/src/tree/binary-tree/binary-tree-with-linkedlist/binary_tree.py,binary_tree.py,reverse_level_order_traversal,,199,218,6,B,2,25,8,3.0,B1,1.68,"{""A2"": 13, ""A1"": 10, ""B1"": 2}","{""Simple Atributte"": 13, ""Simple Assignment"": 3, ""Simple If statements"": 3, ""While with Else Loop"": 2, ""Print"": 1, ""Unary Operation"": 1, ""Function with Simple argument"": 1, ""Return"": 1}"
python-algorithms,/home/juan/Documents/Analisis-CC-PyCEFR/python-algorithms/data-structures/src/tree/binary-tree/binary-tree-with-linkedlist/binary_tree.py,binary_tree.py,BinaryTree,,58,259,5,A,1,322,14,3.0,B1,1.5372670807453417,"{""A1"": 158, ""A2"": 155, ""B1"": 9}","{""Simple Atributte"": 149, ""Simple Assignment"": 37, ""Simple If statements"": 33, ""Return"": 27, ""Print"": 25, ""Function with Simple argument"": 16, ""Unary Operation"": 12, ""While with Else Loop"": 8, ""Subscript"": 6, ""Simplified incremental Assignment with increase amount"": 3}"
python-algorithms,/home/juan/Documents/Analisis-CC-PyCEFR/python-algorithms/data-structures/src/tree/binary-tree/binary-tree-with-linkedlist/binary_tree.py,binary_tree.py,insert,,62,83,5,A,1,59,12,3.0,B1,1.5423728813559323,"{""A2"": 30, ""A1"": 28, ""B1"": 1}","{""Simple Atributte"": 27, ""Simple Assignment"": 8, ""Subscript"": 6, ""Print"": 4, ""Return"": 3, ""Simple If statements"": 3, ""'range' call function"": 2, ""Function with Simple argument"": 2, ""Simplified incremental Assignment with decrease subtraction"": 1, ""Simple For Loop"": 1}"
python-algorithms,/home/juan/Documents/Analisis-CC-PyCEFR/python-algorithms/data-structures/src/tree/binary-tree/binary-tree-with-linkedlist/binary_tree.py,binary_tree.py,get_deepest_node,,110,125,5,A,1,35,8,3.0,B1,1.5142857142857142,"{""A1"": 18, ""A2"": 16, ""B1"": 1}","{""Simple Atributte"": 16, ""Print"": 9, ""Simple If statements"": 3, ""Simple Assignment"": 2, ""Return"": 2, ""Unary Operation"": 1, ""While with Else Loop"": 1, ""Function with Simple argument"": 1}"
python-algorithms,/home/juan/Documents/Analisis-CC-PyCEFR/python-algorithms/data-structures/src/tree/binary-tree/binary-tree-with-linkedlist/binary_tree.py,binary_tree.py,level_order_traversal,,183,197,5,A,1,21,8,3.0,B1,1.619047619047619,"{""A2"": 11, ""A1"": 9, ""B1"": 1}","{""Simple Atributte"": 11, ""Simple If statements"": 3, ""Simple Assignment"": 2, ""Print"": 1, ""Unary Operation"": 1, ""While with Else Loop"": 1, ""Function with Simple argument"": 1, ""Return"": 1}"
python-algorithms,/home/juan/Documents/Analisis-CC-PyCEFR/python-algorithms/data-structures/src/tree/binary-tree/binary-tree-with-linkedlist/binary_tree.py,binary_tree.py,size_iter,,238,259,5,A,1,24,7,3.0,B1,1.6666666666666667,"{""A2"": 14, ""A1"": 9, ""B1"": 1}","{""Simple Atributte"": 11, ""Simple Assignment"": 3, ""Simplified incremental Assignment with increase amount"": 3, ""Simple If statements"": 3, ""Return"": 2, ""While with Else Loop"": 1, ""Function with Simple argument"": 1}"
python-algorithms,/home/juan/Documents/Analisis-CC-PyCEFR/python-algorithms/data-structures/src/tree/binary-tree/binary-tree-with-linkedlist/binary_tree.py,binary_tree.py,Queue,,1,26,2,A,1,72,14,6.0,C2,1.5138888888888888,"{""A1"": 40, ""A2"": 30, ""C2"": 1, ""B1"": 1}","{""Simple Atributte"": 28, ""Function with Simple argument"": 9, ""Return"": 7, ""Simple If statements"": 6, ""Subscript"": 4, ""Simple Assignment"": 4, ""Unary Operation"": 4, ""Simple List"": 3, ""Boolean Operation"": 2, ""'range' call function"": 1}"
python-algorithms,/home/juan/Documents/Analisis-CC-PyCEFR/python-algorithms/data-structures/src/tree/binary-tree/binary-tree-with-linkedlist/binary_tree.py,binary_tree.py,enqueue,,8,10,2,A,1,7,4,2.0,A2,1.5714285714285714,"{""A2"": 4, ""A1"": 3}","{""Simple Atributte"": 4, ""Simple Assignment"": 1, ""Simple If statements"": 1, ""Function with Simple argument"": 1}"
python-algorithms,/home/juan/Documents/Analisis-CC-PyCEFR/python-algorithms/data-structures/src/tree/binary-tree/binary-tree-with-linkedlist/binary_tree.py,binary_tree.py,dequeue,,12,14,2,A,1,13,6,2.0,A2,1.4615384615384615,"{""A1"": 7, ""A2"": 6}","{""Simple Atributte"": 6, ""Simple If statements"": 2, ""Return"": 2, ""Boolean Operation"": 1, ""Unary Operation"": 1, ""Function with Simple argument"": 1}"
python-algorithms,/home/juan/Documents/Analisis-CC-PyCEFR/python-algorithms/data-structures/src/tree/binary-tree/binary-tree-with-linkedlist/binary_tree.py,binary_tree.py,front,,16,18,2,A,1,10,7,2.0,A2,1.4,"{""A1"": 6, ""A2"": 4}","{""Simple Atributte"": 3, ""Return"": 2, ""Simplified incremental Assignment with increase amount"": 1, ""Unary Operation"": 1, ""Subscript"": 1, ""Simple If statements"": 1, ""Function with Simple argument"": 1}"
python-algorithms,/home/juan/Documents/Analisis-CC-PyCEFR/python-algorithms/data-structures/src/tree/binary-tree/binary-tree-with-linkedlist/binary_tree.py,binary_tree.py,rear,,20,22,2,A,1,8,6,2.0,A2,1.25,"{""A1"": 6, ""A2"": 2}","{""Simple Atributte"": 2, ""Unary Operation"": 2, ""Subscript"": 1, ""Simple If statements"": 1, ""Function with Simple argument"": 1, ""Return"": 1}"
python-algorithms,/home/juan/Documents/Analisis-CC-PyCEFR/python-algorithms/data-structures/src/tree/binary-tree/binary-tree-with-linkedlist/binary_tree.py,binary_tree.py,size,,24,26,2,A,1,12,7,2.0,A2,1.5833333333333333,"{""A2"": 7, ""A1"": 5}","{""Simple Atributte"": 6, ""'range' call function"": 1, ""Boolean Operation"": 1, ""Subscript"": 1, ""Simple If statements"": 1, ""Function with Simple argument"": 1, ""Return"": 1}"
python-algorithms,/home/juan/Documents/Analisis-CC-PyCEFR/python-algorithms/data-structures/src/tree/binary-tree/binary-tree-with-linkedlist/binary_tree.py,binary_tree.py,Stack,,28,49,2,A,1,51,10,3.0,B1,1.411764705882353,"{""A1"": 31, ""A2"": 19, ""B1"": 1}","{""Simple Atributte"": 19, ""Function with Simple argument"": 7, ""Return"": 7, ""Simple If statements"": 6, ""Subscript"": 3, ""Unary Operation"": 3, ""Print"": 2, ""Simple List"": 2, ""Simple Assignment"": 1, ""Simple Class  Using the constructor method --> __init__"": 1}"
python-algorithms,/home/juan/Documents/Analisis-CC-PyCEFR/python-algorithms/data-structures/src/tree/binary-tree/binary-tree-with-linkedlist/binary_tree.py,binary_tree.py,push,,35,37,2,A,1,9,6,2.0,A2,1.4444444444444444,"{""A1"": 5, ""A2"": 4}","{""Simple Atributte"": 4, ""Print"": 1, ""Subscript"": 1, ""Return"": 1, ""Simple If statements"": 1, ""Function with Simple argument"": 1}"
python-algorithms,/home/juan/Documents/Analisis-CC-PyCEFR/python-algorithms/data-structures/src/tree/binary-tree/binary-tree-with-linkedlist/binary_tree.py,binary_tree.py,peek,,39,41,2,A,1,9,6,2.0,A2,1.3333333333333333,"{""A1"": 6, ""A2"": 3}","{""Simple Atributte"": 3, ""Unary Operation"": 2, ""Subscript"": 1, ""Simple If statements"": 1, ""Function with Simple argument"": 1, ""Return"": 1}"
python-algorithms,/home/juan/Documents/Analisis-CC-PyCEFR/python-algorithms/data-structures/src/tree/binary-tree/binary-tree-with-linkedlist/binary_tree.py,binary_tree.py,pop,,43,45,2,A,1,8,5,2.0,A2,1.5,"{""A2"": 4, ""A1"": 4}","{""Simple Atributte"": 4, ""Unary Operation"": 1, ""Simple If statements"": 1, ""Function with Simple argument"": 1, ""Return"": 1}"
python-algorithms,/home/juan/Documents/Analisis-CC-PyCEFR/python-algorithms/data-structures/src/tree/binary-tree/binary-tree-with-linkedlist/binary_tree.py,binary_tree.py,size,,47,49,2,A,1,9,6,2.0,A2,1.4444444444444444,"{""A1"": 5, ""A2"": 4}","{""Simple Atributte"": 4, ""Print"": 1, ""Subscript"": 1, ""Simple If statements"": 1, ""Function with Simple argument"": 1, ""Return"": 1}"
python-algorithms,/home/juan/Documents/Analisis-CC-PyCEFR/python-algorithms/data-structures/src/tree/binary-tree/binary-tree-with-linkedlist/binary_tree.py,binary_tree.py,Node,,51,55,2,A,1,8,4,3.0,B1,1.625,"{""A1"": 4, ""A2"": 3, ""B1"": 1}","{""Simple Atributte"": 3, ""Simple Assignment"": 3, ""Function with Simple argument"": 1, ""Simple Class  Using the constructor method --> __init__"": 1}"
python-algorithms,/home/juan/Documents/Analisis-CC-PyCEFR/python-algorithms/data-structures/src/tree/binary-tree/binary-tree-with-linkedlist/binary_tree.py,binary_tree.py,pre_order_traversal,,159,165,2,A,1,10,6,2.0,A2,1.5,"{""A1"": 5, ""A2"": 5}","{""Simple Atributte"": 5, ""Print"": 1, ""Unary Operation"": 1, ""Simple If statements"": 1, ""Function with Simple argument"": 1, ""Return"": 1}"
python-algorithms,/home/juan/Documents/Analisis-CC-PyCEFR/python-algorithms/data-structures/src/tree/binary-tree/binary-tree-with-linkedlist/binary_tree.py,binary_tree.py,inorder_traversal,,167,173,2,A,1,10,6,2.0,A2,1.5,"{""A1"": 5, ""A2"": 5}","{""Simple Atributte"": 5, ""Print"": 1, ""Unary Operation"": 1, ""Simple If statements"": 1, ""Function with Simple argument"": 1, ""Return"": 1}"
python-algorithms,/home/juan/Documents/Analisis-CC-PyCEFR/python-algorithms/data-structures/src/tree/binary-tree/binary-tree-with-linkedlist/binary_tree.py,binary_tree.py,post_order_traversal,,175,181,2,A,1,10,6,2.0,A2,1.5,"{""A1"": 5, ""A2"": 5}","{""Simple Atributte"": 5, ""Print"": 1, ""Unary Operation"": 1, ""Simple If statements"": 1, ""Function with Simple argument"": 1, ""Return"": 1}"
python-algorithms,/home/juan/Documents/Analisis-CC-PyCEFR/python-algorithms/data-structures/src/tree/binary-tree/binary-tree-with-linkedlist/binary_tree.py,binary_tree.py,height,,220,227,2,A,1,12,6,2.0,A2,1.3333333333333333,"{""A1"": 8, ""A2"": 4}","{""Simple Atributte"": 4, ""Unary Operation"": 2, ""Simple Assignment"": 2, ""Return"": 2, ""Simple If statements"": 1, ""Function with Simple argument"": 1}"
python-algorithms,/home/juan/Documents/Analisis-CC-PyCEFR/python-algorithms/data-structures/src/tree/binary-tree/binary-tree-with-linkedlist/binary_tree.py,binary_tree.py,size_recursive,,229,236,2,A,1,11,6,2.0,A2,1.3636363636363635,"{""A1"": 7, ""A2"": 4}","{""Simple Atributte"": 4, ""Simple Assignment"": 2, ""Return"": 2, ""Unary Operation"": 1, ""Simple If statements"": 1, ""Function with Simple argument"": 1}"
python-algorithms,/home/juan/Documents/Analisis-CC-PyCEFR/python-algorithms/data-structures/src/tree/binary-tree/binary-tree-with-linkedlist/binary_tree.py,binary_tree.py,__init__,,2,3,1,A,1,4,4,2.0,A2,1.25,"{""A1"": 3, ""A2"": 1}","{""Simple List"": 1, ""Simple Atributte"": 1, ""Simple Assignment"": 1, ""Function with Simple argument"": 1}"
python-algorithms,/home/juan/Documents/Analisis-CC-PyCEFR/python-algorithms/data-structures/src/tree/binary-tree/binary-tree-with-linkedlist/binary_tree.py,binary_tree.py,is_empty,,5,6,1,A,1,9,6,6.0,C2,1.8888888888888888,"{""A1"": 5, ""A2"": 3, ""C2"": 1}","{""Simple Atributte"": 3, ""Simple List"": 2, ""Super Function"": 1, ""Assigment with sum (total = total + 1)"": 1, ""Function with Simple argument"": 1, ""Return"": 1}"
python-algorithms,/home/juan/Documents/Analisis-CC-PyCEFR/python-algorithms/data-structures/src/tree/binary-tree/binary-tree-with-linkedlist/binary_tree.py,binary_tree.py,__init__,,29,30,1,A,1,4,4,2.0,A2,1.25,"{""A1"": 3, ""A2"": 1}","{""Simple List"": 1, ""Simple Atributte"": 1, ""Simple Assignment"": 1, ""Function with Simple argument"": 1}"
python-algorithms,/home/juan/Documents/Analisis-CC-PyCEFR/python-algorithms/data-structures/src/tree/binary-tree/binary-tree-with-linkedlist/binary_tree.py,binary_tree.py,is_empty,,32,33,1,A,1,4,4,2.0,A2,1.25,"{""A1"": 3, ""A2"": 1}","{""Simple List"": 1, ""Simple Atributte"": 1, ""Function with Simple argument"": 1, ""Return"": 1}"
python-algorithms,/home/juan/Documents/Analisis-CC-PyCEFR/python-algorithms/data-structures/src/tree/binary-tree/binary-tree-with-linkedlist/binary_tree.py,binary_tree.py,__init__,,52,55,1,A,1,7,3,2.0,A2,1.4285714285714286,"{""A1"": 4, ""A2"": 3}","{""Simple Atributte"": 3, ""Simple Assignment"": 3, ""Function with Simple argument"": 1}"
python-algorithms,/home/juan/Documents/Analisis-CC-PyCEFR/python-algorithms/data-structures/src/tree/binary-tree/binary-tree-with-linkedlist/binary_tree.py,binary_tree.py,__init__,,59,60,1,A,1,4,3,2.0,A2,1.5,"{""A2"": 2, ""A1"": 2}","{""Simple Atributte"": 2, ""Simple Assignment"": 1, ""Function with Simple argument"": 1}"
python-algorithms,/home/juan/Documents/Analisis-CC-PyCEFR/python-algorithms/data-structures/src/tree/binary-tree/binary-tree-with-linkedlist/queue.py,queue.py,LinkedList,,12,25,3,A,1,106,14,6.0,C2,1.9433962264150944,"{""A1"": 46, ""A2"": 40, ""B1"": 12, ""C2"": 4, ""C1"": 4}","{""Simple Atributte"": 39, ""Simple Assignment"": 18, ""Function with Simple argument"": 12, ""Simple If statements"": 7, ""Super Function"": 4, ""While with Else Loop"": 4, ""'break' statement"": 4, ""Generator Function (yield)"": 4, ""Simple Class  Using the constructor method --> __init__"": 4, ""Unary Operation"": 4}"
python-algorithms,/home/juan/Documents/Analisis-CC-PyCEFR/python-algorithms/data-structures/src/tree/binary-tree/binary-tree-with-linkedlist/queue.py,queue.py,__iter__,,18,25,3,A,1,60,12,5.0,C1,1.8666666666666667,"{""A1"": 28, ""A2"": 20, ""B1"": 8, ""C1"": 4}","{""Simple Atributte"": 19, ""Simple Assignment"": 10, ""Simple If statements"": 6, ""Function with Simple argument"": 6, ""While with Else Loop"": 4, ""'break' statement"": 4, ""Generator Function (yield)"": 4, ""Unary Operation"": 2, ""Return"": 2, ""Simplified incremental Assignment with increase amount"": 1}"
python-algorithms,/home/juan/Documents/Analisis-CC-PyCEFR/python-algorithms/data-structures/src/tree/binary-tree/binary-tree-with-linkedlist/queue.py,queue.py,Queue,,27,72,3,A,1,373,14,6.0,C2,1.6219839142091153,"{""A2"": 188, ""A1"": 173, ""C2"": 4, ""C1"": 4, ""B1"": 4}","{""Simple Atributte"": 187, ""Simple Assignment"": 57, ""Return"": 35, ""Function with Simple argument"": 32, ""Simple If statements"": 27, ""Print"": 10, ""Unary Operation"": 5, ""Subscript"": 5, ""Super Function"": 4, ""Simple List Comprehension"": 4}"
python-algorithms,/home/juan/Documents/Analisis-CC-PyCEFR/python-algorithms/data-structures/src/tree/binary-tree/binary-tree-with-linkedlist/queue.py,queue.py,dequeue,,45,55,3,A,1,115,8,2.0,A2,1.617391304347826,"{""A2"": 71, ""A1"": 44}","{""Simple Atributte"": 70, ""Simple Assignment"": 17, ""Return"": 9, ""Simple If statements"": 8, ""Print"": 5, ""Function with Simple argument"": 4, ""Subscript"": 1, ""Simplified incremental Assignment with increase amount"": 1}"
python-algorithms,/home/juan/Documents/Analisis-CC-PyCEFR/python-algorithms/data-structures/src/tree/binary-tree/binary-tree-with-linkedlist/queue.py,queue.py,Node,,3,10,2,A,1,74,11,6.0,C2,2.108108108108108,"{""A2"": 31, ""A1"": 30, ""C2"": 7, ""B1"": 4, ""C1"": 2}","{""Simple Atributte"": 27, ""Simple Assignment"": 14, ""Super Function"": 7, ""Function with Simple argument"": 6, ""Return"": 5, ""Function with Simple argument with Default argument"": 4, ""Simple Class  Using the constructor method --> __init__"": 4, ""Simple List"": 2, ""Unary Operation"": 2, ""Simple List Comprehension"": 2}"
python-algorithms,/home/juan/Documents/Analisis-CC-PyCEFR/python-algorithms/data-structures/src/tree/binary-tree/binary-tree-with-linkedlist/queue.py,queue.py,__str__,,32,34,2,A,1,33,7,5.0,C1,1.878787878787879,"{""A1"": 16, ""A2"": 13, ""C1"": 4}","{""Simple Atributte"": 13, ""Simple Assignment"": 6, ""Simple List Comprehension"": 4, ""Function with Simple argument"": 4, ""Return"": 4, ""Subscript"": 1, ""Print"": 1}"
python-algorithms,/home/juan/Documents/Analisis-CC-PyCEFR/python-algorithms/data-structures/src/tree/binary-tree/binary-tree-with-linkedlist/queue.py,queue.py,enqueue,,36,43,2,A,1,86,6,2.0,A2,1.5813953488372092,"{""A2"": 50, ""A1"": 36}","{""Simple Atributte"": 50, ""Simple Assignment"": 22, ""Simple If statements"": 4, ""Function with Simple argument"": 4, ""Print"": 4, ""Unary Operation"": 2}"
python-algorithms,/home/juan/Documents/Analisis-CC-PyCEFR/python-algorithms/data-structures/src/tree/binary-tree/binary-tree-with-linkedlist/queue.py,queue.py,peek,,58,62,2,A,1,36,6,2.0,A2,1.4166666666666667,"{""A1"": 21, ""A2"": 15}","{""Simple Atributte"": 15, ""Return"": 9, ""Simple If statements"": 5, ""Function with Simple argument"": 5, ""Unary Operation"": 1, ""Subscript"": 1}"
python-algorithms,/home/juan/Documents/Analisis-CC-PyCEFR/python-algorithms/data-structures/src/tree/binary-tree/binary-tree-with-linkedlist/queue.py,queue.py,isEmpty,,65,69,2,A,1,32,5,2.0,A2,1.34375,"{""A1"": 21, ""A2"": 11}","{""Simple Atributte"": 11, ""Return"": 11, ""Simple If statements"": 5, ""Function with Simple argument"": 4, ""Boolean Operation"": 1}"
python-algorithms,/home/juan/Documents/Analisis-CC-PyCEFR/python-algorithms/data-structures/src/tree/binary-tree/binary-tree-with-linkedlist/queue.py,queue.py,__init__,,4,7,1,A,1,44,7,6.0,C2,2.0681818181818183,"{""A2"": 22, ""A1"": 17, ""C2"": 5}","{""Simple Atributte"": 18, ""Simple Assignment"": 12, ""Super Function"": 5, ""Function with Simple argument with Default argument"": 4, ""Simple List"": 2, ""Unary Operation"": 2, ""Assigment with sum (total = total + 1)"": 1}"
python-algorithms,/home/juan/Documents/Analisis-CC-PyCEFR/python-algorithms/data-structures/src/tree/binary-tree/binary-tree-with-linkedlist/queue.py,queue.py,__str__,,9,10,1,A,1,20,5,5.0,C1,1.75,"{""A1"": 11, ""A2"": 7, ""C1"": 2}","{""Simple Atributte"": 7, ""Return"": 5, ""Function with Simple argument"": 4, ""Simple List Comprehension"": 2, ""Simple Assignment"": 2}"
python-algorithms,/home/juan/Documents/Analisis-CC-PyCEFR/python-algorithms/data-structures/src/tree/binary-tree/binary-tree-with-linkedlist/queue.py,queue.py,__init__,,13,16,1,A,1,34,5,6.0,C2,2.0588235294117645,"{""A2"": 16, ""A1"": 14, ""C2"": 4}","{""Simple Atributte"": 16, ""Simple Assignment"": 8, ""Super Function"": 4, ""Function with Simple argument"": 4, ""Unary Operation"": 2}"
python-algorithms,/home/juan/Documents/Analisis-CC-PyCEFR/python-algorithms/data-structures/src/tree/binary-tree/binary-tree-with-linkedlist/queue.py,queue.py,__init__,,28,30,1,A,1,22,4,6.0,C2,2.3181818181818183,"{""A2"": 9, ""A1"": 9, ""C2"": 4}","{""Simple Atributte"": 9, ""Simple Assignment"": 5, ""Super Function"": 4, ""Function with Simple argument"": 4}"
python-algorithms,/home/juan/Documents/Analisis-CC-PyCEFR/python-algorithms/data-structures/src/tree/binary-tree/binary-tree-with-linkedlist/queue.py,queue.py,delete,,71,72,1,A,1,18,4,2.0,A2,1.5,"{""A2"": 9, ""A1"": 9}","{""Simple Atributte"": 9, ""Simple Assignment"": 4, ""Function with Simple argument"": 4, ""Unary Operation"": 1}"
python-algorithms,/home/juan/Documents/Analisis-CC-PyCEFR/python-algorithms/data-structures/src/heap/binary_heap.py,binary_heap.py,heapifyExtract,,70,101,11,C,3,56,7,2.0,A2,1.4107142857142858,"{""A1"": 33, ""A2"": 23}","{""Simple Atributte"": 23, ""Subscript"": 12, ""Simple If statements"": 10, ""Simple Assignment"": 5, ""Return"": 3, ""Assigment with sum (total = total + 1)"": 2, ""Function with Simple argument"": 1}"
python-algorithms,/home/juan/Documents/Analisis-CC-PyCEFR/python-algorithms/data-structures/src/heap/binary_heap.py,binary_heap.py,heapifyInsert,,47,59,5,A,1,20,6,2.0,A2,1.45,"{""A1"": 11, ""A2"": 9}","{""Simple Atributte"": 9, ""Subscript"": 4, ""Simple If statements"": 4, ""Simple Assignment"": 1, ""Function with Simple argument"": 1, ""Return"": 1}"
python-algorithms,/home/juan/Documents/Analisis-CC-PyCEFR/python-algorithms/data-structures/src/heap/binary_heap.py,binary_heap.py,Heap,,4,122,4,A,1,165,16,6.0,C2,1.4606060606060607,"{""A1"": 94, ""A2"": 69, ""C2"": 1, ""B1"": 1}","{""Simple Atributte"": 65, ""Subscript"": 27, ""Simple If statements"": 19, ""Simple Assignment"": 18, ""Return"": 11, ""Function with Simple argument"": 9, ""Print"": 4, ""Assigment with sum (total = total + 1)"": 4, ""Simple List"": 1, ""'range' call function"": 1}"
python-algorithms,/home/juan/Documents/Analisis-CC-PyCEFR/python-algorithms/data-structures/src/heap/binary_heap.py,binary_heap.py,levelOrderTraversal,,35,40,3,A,1,10,7,2.0,A2,1.4,"{""A1"": 6, ""A2"": 4}","{""Simple Atributte"": 3, ""Print"": 2, ""'range' call function"": 1, ""Subscript"": 1, ""Simple If statements"": 1, ""Simple For Loop"": 1, ""Function with Simple argument"": 1}"
python-algorithms,/home/juan/Documents/Analisis-CC-PyCEFR/python-algorithms/data-structures/src/heap/binary_heap.py,binary_heap.py,peek,,18,22,2,A,1,7,5,2.0,A2,1.2857142857142858,"{""A1"": 5, ""A2"": 2}","{""Simple Atributte"": 2, ""Return"": 2, ""Subscript"": 1, ""Simple If statements"": 1, ""Function with Simple argument"": 1}"
python-algorithms,/home/juan/Documents/Analisis-CC-PyCEFR/python-algorithms/data-structures/src/heap/binary_heap.py,binary_heap.py,size,,26,31,2,A,1,7,5,2.0,A2,1.2857142857142858,"{""A1"": 5, ""A2"": 2}","{""Simple Atributte"": 2, ""Return"": 2, ""Print"": 1, ""Simple If statements"": 1, ""Function with Simple argument"": 1}"
python-algorithms,/home/juan/Documents/Analisis-CC-PyCEFR/python-algorithms/data-structures/src/heap/binary_heap.py,binary_heap.py,insertNode,,62,68,2,A,1,14,8,2.0,A2,1.5714285714285714,"{""A2"": 8, ""A1"": 6}","{""Simple Atributte"": 7, ""Print"": 1, ""Subscript"": 1, ""Simple Assignment"": 1, ""Simplified incremental Assignment with increase amount"": 1, ""Simple If statements"": 1, ""Function with Simple argument"": 1, ""Return"": 1}"
python-algorithms,/home/juan/Documents/Analisis-CC-PyCEFR/python-algorithms/data-structures/src/heap/binary_heap.py,binary_heap.py,extractNode,,104,119,2,A,1,21,7,2.0,A2,1.4761904761904763,"{""A1"": 11, ""A2"": 10}","{""Simple Atributte"": 9, ""Subscript"": 4, ""Simple Assignment"": 3, ""Return"": 2, ""Simplified incremental Assignment with decrease subtraction"": 1, ""Simple If statements"": 1, ""Function with Simple argument"": 1}"
python-algorithms,/home/juan/Documents/Analisis-CC-PyCEFR/python-algorithms/data-structures/src/heap/binary_heap.py,binary_heap.py,__init__,,9,14,1,A,1,12,6,6.0,C2,1.9166666666666667,"{""A2"": 6, ""A1"": 5, ""C2"": 1}","{""Simple Atributte"": 5, ""Assigment with sum (total = total + 1)"": 2, ""Simple Assignment"": 2, ""Simple List"": 1, ""Super Function"": 1, ""Function with Simple argument with Default argument"": 1}"
python-algorithms,/home/juan/Documents/Analisis-CC-PyCEFR/python-algorithms/data-structures/src/heap/binary_heap.py,binary_heap.py,swap,,42,45,1,A,1,12,4,2.0,A2,1.3333333333333333,"{""A1"": 8, ""A2"": 4}","{""Simple Atributte"": 4, ""Subscript"": 4, ""Simple Assignment"": 3, ""Function with Simple argument"": 1}"
python-algorithms,/home/juan/Documents/Analisis-CC-PyCEFR/python-algorithms/data-structures/src/heap/binary_heap.py,binary_heap.py,deleteEntireBP,,121,122,1,A,1,3,3,2.0,A2,1.3333333333333333,"{""A1"": 2, ""A2"": 1}","{""Simple Atributte"": 1, ""Simple Assignment"": 1, ""Function with Simple argument"": 1}"
python-algorithms,/home/juan/Documents/Analisis-CC-PyCEFR/python-algorithms/data-structures/src/circular-doubly-linked-list/circular_doubly_linked_list.py,circular_doubly_linked_list.py,delete,,149,177,7,B,2,36,8,3.0,B1,1.5277777777777777,"{""A1"": 20, ""A2"": 13, ""B1"": 3}","{""Simple Atributte"": 13, ""Simple Assignment"": 9, ""Simple If statements"": 5, ""Return"": 4, ""'break' statement"": 2, ""Print"": 1, ""While with Else Loop"": 1, ""Function with Simple argument"": 1}"
python-algorithms,/home/juan/Documents/Analisis-CC-PyCEFR/python-algorithms/data-structures/src/circular-doubly-linked-list/circular_doubly_linked_list.py,circular_doubly_linked_list.py,search,,110,130,6,B,2,21,7,3.0,B1,1.5714285714285714,"{""A1"": 12, ""A2"": 6, ""B1"": 3}","{""Simple Atributte"": 6, ""Simple Assignment"": 4, ""Simple If statements"": 4, ""Return"": 3, ""'break' statement"": 2, ""While with Else Loop"": 1, ""Function with Simple argument"": 1}"
python-algorithms,/home/juan/Documents/Analisis-CC-PyCEFR/python-algorithms/data-structures/src/circular-doubly-linked-list/circular_doubly_linked_list.py,circular_doubly_linked_list.py,CircularDoublyLinkedList,,26,182,4,A,1,164,12,6.0,C2,1.6097560975609757,"{""A1"": 83, ""A2"": 67, ""B1"": 12, ""C2"": 1, ""C1"": 1}","{""Simple Atributte"": 65, ""Simple Assignment"": 47, ""Simple If statements"": 15, ""Return"": 11, ""Function with Simple argument"": 9, ""'break' statement"": 6, ""While with Else Loop"": 5, ""Simplified incremental Assignment with increase amount"": 2, ""Print"": 1, ""Super Function"": 1}"
python-algorithms,/home/juan/Documents/Analisis-CC-PyCEFR/python-algorithms/data-structures/src/circular-doubly-linked-list/circular_doubly_linked_list.py,circular_doubly_linked_list.py,size,,133,147,4,A,1,17,8,3.0,B1,1.6470588235294117,"{""A1"": 8, ""A2"": 7, ""B1"": 2}","{""Simple Atributte"": 5, ""Simple Assignment"": 3, ""Simplified incremental Assignment with increase amount"": 2, ""Simple If statements"": 2, ""Return"": 2, ""While with Else Loop"": 1, ""'break' statement"": 1, ""Function with Simple argument"": 1}"
python-algorithms,/home/juan/Documents/Analisis-CC-PyCEFR/python-algorithms/data-structures/src/circular-doubly-linked-list/circular_doubly_linked_list.py,circular_doubly_linked_list.py,__iter__,,32,39,3,A,1,11,7,5.0,C1,2.090909090909091,"{""A2"": 4, ""A1"": 4, ""B1"": 2, ""C1"": 1}","{""Simple Atributte"": 4, ""Simple Assignment"": 2, ""Simple If statements"": 1, ""While with Else Loop"": 1, ""'break' statement"": 1, ""Function with Simple argument"": 1, ""Generator Function (yield)"": 1}"
python-algorithms,/home/juan/Documents/Analisis-CC-PyCEFR/python-algorithms/data-structures/src/circular-doubly-linked-list/circular_doubly_linked_list.py,circular_doubly_linked_list.py,Node,,1,21,2,A,1,25,7,6.0,C2,1.68,"{""A1"": 13, ""A2"": 10, ""C2"": 1, ""B1"": 1}","{""Simple Atributte"": 9, ""Simple Assignment"": 5, ""Function with Simple argument"": 5, ""Return"": 3, ""Super Function"": 1, ""Function with Simple argument with Default argument"": 1, ""Simple Class  Using the constructor method --> __init__"": 1}"
python-algorithms,/home/juan/Documents/Analisis-CC-PyCEFR/python-algorithms/data-structures/src/circular-doubly-linked-list/circular_doubly_linked_list.py,circular_doubly_linked_list.py,insertAfter,,42,56,2,A,1,18,4,3.0,B1,1.5555555555555556,"{""A1"": 9, ""A2"": 8, ""B1"": 1}","{""Simple Atributte"": 8, ""Simple Assignment"": 8, ""While with Else Loop"": 1, ""Function with Simple argument"": 1}"
python-algorithms,/home/juan/Documents/Analisis-CC-PyCEFR/python-algorithms/data-structures/src/circular-doubly-linked-list/circular_doubly_linked_list.py,circular_doubly_linked_list.py,push,,59,80,2,A,1,25,5,2.0,A2,1.52,"{""A2"": 13, ""A1"": 12}","{""Simple Atributte"": 13, ""Simple Assignment"": 9, ""Simple If statements"": 1, ""Function with Simple argument"": 1, ""Return"": 1}"
python-algorithms,/home/juan/Documents/Analisis-CC-PyCEFR/python-algorithms/data-structures/src/circular-doubly-linked-list/circular_doubly_linked_list.py,circular_doubly_linked_list.py,append,,83,107,2,A,1,25,5,2.0,A2,1.48,"{""A1"": 13, ""A2"": 12}","{""Simple Atributte"": 12, ""Simple Assignment"": 10, ""Simple If statements"": 1, ""Function with Simple argument"": 1, ""Return"": 1}"
python-algorithms,/home/juan/Documents/Analisis-CC-PyCEFR/python-algorithms/data-structures/src/circular-doubly-linked-list/circular_doubly_linked_list.py,circular_doubly_linked_list.py,deleteLinkedList,,180,182,2,A,1,5,4,2.0,A2,1.4,"{""A1"": 3, ""A2"": 2}","{""Simple Atributte"": 2, ""Simple Assignment"": 1, ""Simple If statements"": 1, ""Function with Simple argument"": 1}"
python-algorithms,/home/juan/Documents/Analisis-CC-PyCEFR/python-algorithms/data-structures/src/circular-doubly-linked-list/circular_doubly_linked_list.py,circular_doubly_linked_list.py,__init__,,2,6,1,A,1,9,4,6.0,C2,2.111111111111111,"{""A2"": 5, ""A1"": 3, ""C2"": 1}","{""Simple Atributte"": 4, ""Simple Assignment"": 3, ""Super Function"": 1, ""Function with Simple argument with Default argument"": 1}"
python-algorithms,/home/juan/Documents/Analisis-CC-PyCEFR/python-algorithms/data-structures/src/circular-doubly-linked-list/circular_doubly_linked_list.py,circular_doubly_linked_list.py,getNext,,8,9,1,A,1,3,3,2.0,A2,1.3333333333333333,"{""A1"": 2, ""A2"": 1}","{""Simple Atributte"": 1, ""Function with Simple argument"": 1, ""Return"": 1}"
python-algorithms,/home/juan/Documents/Analisis-CC-PyCEFR/python-algorithms/data-structures/src/circular-doubly-linked-list/circular_doubly_linked_list.py,circular_doubly_linked_list.py,getPrev,,11,12,1,A,1,3,3,2.0,A2,1.3333333333333333,"{""A1"": 2, ""A2"": 1}","{""Simple Atributte"": 1, ""Function with Simple argument"": 1, ""Return"": 1}"
python-algorithms,/home/juan/Documents/Analisis-CC-PyCEFR/python-algorithms/data-structures/src/circular-doubly-linked-list/circular_doubly_linked_list.py,circular_doubly_linked_list.py,getData,,14,15,1,A,1,3,3,2.0,A2,1.3333333333333333,"{""A1"": 2, ""A2"": 1}","{""Simple Atributte"": 1, ""Function with Simple argument"": 1, ""Return"": 1}"
python-algorithms,/home/juan/Documents/Analisis-CC-PyCEFR/python-algorithms/data-structures/src/circular-doubly-linked-list/circular_doubly_linked_list.py,circular_doubly_linked_list.py,setNext,,17,18,1,A,1,3,3,2.0,A2,1.3333333333333333,"{""A1"": 2, ""A2"": 1}","{""Simple Atributte"": 1, ""Simple Assignment"": 1, ""Function with Simple argument"": 1}"
python-algorithms,/home/juan/Documents/Analisis-CC-PyCEFR/python-algorithms/data-structures/src/circular-doubly-linked-list/circular_doubly_linked_list.py,circular_doubly_linked_list.py,setPrev,,20,21,1,A,1,3,3,2.0,A2,1.3333333333333333,"{""A1"": 2, ""A2"": 1}","{""Simple Atributte"": 1, ""Simple Assignment"": 1, ""Function with Simple argument"": 1}"
python-algorithms,/home/juan/Documents/Analisis-CC-PyCEFR/python-algorithms/data-structures/src/circular-doubly-linked-list/circular_doubly_linked_list.py,circular_doubly_linked_list.py,__init__,,28,30,1,A,1,5,4,6.0,C2,2.4,"{""A2"": 2, ""A1"": 2, ""C2"": 1}","{""Simple Atributte"": 2, ""Super Function"": 1, ""Simple Assignment"": 1, ""Function with Simple argument"": 1}"
python-algorithms,/home/juan/Documents/Analisis-CC-PyCEFR/python-algorithms/data-structures/src/circular-linked-list/circular_linked_list.py,circular_linked_list.py,delete,,117,149,7,B,2,41,6,3.0,B1,1.7073170731707317,"{""A2"": 23, ""A1"": 15, ""B1"": 3}","{""Simple Atributte"": 23, ""Simple Assignment"": 10, ""Simple If statements"": 4, ""While with Else Loop"": 2, ""'break' statement"": 1, ""Function with Simple argument"": 1}"
python-algorithms,/home/juan/Documents/Analisis-CC-PyCEFR/python-algorithms/data-structures/src/circular-linked-list/circular_linked_list.py,circular_linked_list.py,search,,102,115,5,A,1,16,7,3.0,B1,1.5625,"{""A1"": 9, ""A2"": 5, ""B1"": 2}","{""Simple Atributte"": 5, ""Simple If statements"": 3, ""Return"": 3, ""Simple Assignment"": 2, ""While with Else Loop"": 1, ""'break' statement"": 1, ""Function with Simple argument"": 1}"
python-algorithms,/home/juan/Documents/Analisis-CC-PyCEFR/python-algorithms/data-structures/src/circular-linked-list/circular_linked_list.py,circular_linked_list.py,CircularLinkedList,,16,155,4,A,1,159,12,6.0,C2,1.6918238993710693,"{""A1"": 71, ""A2"": 71, ""B1"": 15, ""C2"": 1, ""C1"": 1}","{""Simple Atributte"": 69, ""Simple Assignment"": 39, ""Simple If statements"": 15, ""Function with Simple argument"": 10, ""While with Else Loop"": 8, ""'break' statement"": 6, ""Return"": 4, ""Print"": 3, ""Simplified incremental Assignment with increase amount"": 2, ""Super Function"": 1}"
python-algorithms,/home/juan/Documents/Analisis-CC-PyCEFR/python-algorithms/data-structures/src/circular-linked-list/circular_linked_list.py,circular_linked_list.py,append,,63,77,4,A,1,22,6,3.0,B1,1.6363636363636365,"{""A2"": 10, ""A1"": 10, ""B1"": 2}","{""Simple Atributte"": 10, ""Simple Assignment"": 7, ""Simple If statements"": 2, ""While with Else Loop"": 1, ""'break' statement"": 1, ""Function with Simple argument"": 1}"
python-algorithms,/home/juan/Documents/Analisis-CC-PyCEFR/python-algorithms/data-structures/src/circular-linked-list/circular_linked_list.py,circular_linked_list.py,__iter__,,21,27,3,A,1,11,7,5.0,C1,2.090909090909091,"{""A2"": 4, ""A1"": 4, ""B1"": 2, ""C1"": 1}","{""Simple Atributte"": 4, ""Simple Assignment"": 2, ""Simple If statements"": 1, ""While with Else Loop"": 1, ""'break' statement"": 1, ""Function with Simple argument"": 1, ""Generator Function (yield)"": 1}"
python-algorithms,/home/juan/Documents/Analisis-CC-PyCEFR/python-algorithms/data-structures/src/circular-linked-list/circular_linked_list.py,circular_linked_list.py,printCLList,,30,36,3,A,1,12,7,3.0,B1,1.75,"{""A1"": 5, ""A2"": 5, ""B1"": 2}","{""Simple Atributte"": 5, ""Simple Assignment"": 2, ""Print"": 1, ""Simple If statements"": 1, ""While with Else Loop"": 1, ""'break' statement"": 1, ""Function with Simple argument"": 1}"
python-algorithms,/home/juan/Documents/Analisis-CC-PyCEFR/python-algorithms/data-structures/src/circular-linked-list/circular_linked_list.py,circular_linked_list.py,push,,41,61,3,A,1,20,5,3.0,B1,1.6,"{""A2"": 10, ""A1"": 9, ""B1"": 1}","{""Simple Atributte"": 10, ""Simple Assignment"": 7, ""Simple If statements"": 1, ""While with Else Loop"": 1, ""Function with Simple argument"": 1}"
python-algorithms,/home/juan/Documents/Analisis-CC-PyCEFR/python-algorithms/data-structures/src/circular-linked-list/circular_linked_list.py,circular_linked_list.py,size,,89,100,3,A,1,14,8,3.0,B1,1.7142857142857142,"{""A2"": 6, ""A1"": 6, ""B1"": 2}","{""Simple Atributte"": 4, ""Simple Assignment"": 3, ""Simplified incremental Assignment with increase amount"": 2, ""Simple If statements"": 1, ""While with Else Loop"": 1, ""'break' statement"": 1, ""Function with Simple argument"": 1, ""Return"": 1}"
python-algorithms,/home/juan/Documents/Analisis-CC-PyCEFR/python-algorithms/data-structures/src/circular-linked-list/circular_linked_list.py,circular_linked_list.py,Node,,1,14,2,A,1,17,7,6.0,C2,1.8235294117647058,"{""A1"": 8, ""A2"": 7, ""C2"": 1, ""B1"": 1}","{""Simple Atributte"": 6, ""Simple Assignment"": 3, ""Function with Simple argument"": 3, ""Return"": 2, ""Super Function"": 1, ""Function with Simple argument with Default argument"": 1, ""Simple Class  Using the constructor method --> __init__"": 1}"
python-algorithms,/home/juan/Documents/Analisis-CC-PyCEFR/python-algorithms/data-structures/src/circular-linked-list/circular_linked_list.py,circular_linked_list.py,insertAfter,,80,87,2,A,1,11,5,2.0,A2,1.3636363636363635,"{""A1"": 7, ""A2"": 4}","{""Simple Atributte"": 4, ""Simple Assignment"": 4, ""Print"": 1, ""Simple If statements"": 1, ""Function with Simple argument"": 1}"
python-algorithms,/home/juan/Documents/Analisis-CC-PyCEFR/python-algorithms/data-structures/src/circular-linked-list/circular_linked_list.py,circular_linked_list.py,deleteLinkedList,,151,155,2,A,1,6,5,2.0,A2,1.3333333333333333,"{""A1"": 4, ""A2"": 2}","{""Simple Atributte"": 2, ""Print"": 1, ""Simple Assignment"": 1, ""Simple If statements"": 1, ""Function with Simple argument"": 1}"
python-algorithms,/home/juan/Documents/Analisis-CC-PyCEFR/python-algorithms/data-structures/src/circular-linked-list/circular_linked_list.py,circular_linked_list.py,__init__,,2,5,1,A,1,7,4,6.0,C2,2.2857142857142856,"{""A2"": 4, ""A1"": 2, ""C2"": 1}","{""Simple Atributte"": 3, ""Simple Assignment"": 2, ""Super Function"": 1, ""Function with Simple argument with Default argument"": 1}"
python-algorithms,/home/juan/Documents/Analisis-CC-PyCEFR/python-algorithms/data-structures/src/circular-linked-list/circular_linked_list.py,circular_linked_list.py,getData,,7,8,1,A,1,3,3,2.0,A2,1.3333333333333333,"{""A1"": 2, ""A2"": 1}","{""Simple Atributte"": 1, ""Function with Simple argument"": 1, ""Return"": 1}"
python-algorithms,/home/juan/Documents/Analisis-CC-PyCEFR/python-algorithms/data-structures/src/circular-linked-list/circular_linked_list.py,circular_linked_list.py,getNext,,10,11,1,A,1,3,3,2.0,A2,1.3333333333333333,"{""A1"": 2, ""A2"": 1}","{""Simple Atributte"": 1, ""Function with Simple argument"": 1, ""Return"": 1}"
python-algorithms,/home/juan/Documents/Analisis-CC-PyCEFR/python-algorithms/data-structures/src/circular-linked-list/circular_linked_list.py,circular_linked_list.py,setNext,,13,14,1,A,1,3,3,2.0,A2,1.3333333333333333,"{""A1"": 2, ""A2"": 1}","{""Simple Atributte"": 1, ""Simple Assignment"": 1, ""Function with Simple argument"": 1}"
python-algorithms,/home/juan/Documents/Analisis-CC-PyCEFR/python-algorithms/data-structures/src/circular-linked-list/circular_linked_list.py,circular_linked_list.py,__init__,,17,19,1,A,1,5,4,6.0,C2,2.4,"{""A2"": 2, ""A1"": 2, ""C2"": 1}","{""Simple Atributte"": 2, ""Super Function"": 1, ""Simple Assignment"": 1, ""Function with Simple argument"": 1}"
python-algorithms,/home/juan/Documents/Analisis-CC-PyCEFR/python-algorithms/data-structures/src/graph/graph.py,graph.py,bfs,,10,23,5,A,1,22,11,3.0,B1,1.3181818181818181,"{""A1"": 16, ""A2"": 5, ""B1"": 1}","{""Simple Atributte"": 5, ""Simple List"": 3, ""Simple Assignment"": 3, ""Simple Tuple"": 2, ""Simple If statements"": 2, ""Return"": 2, ""Unary Operation"": 1, ""Subscript"": 1, ""Simple For Loop"": 1, ""While with Else Loop"": 1}"
python-algorithms,/home/juan/Documents/Analisis-CC-PyCEFR/python-algorithms/data-structures/src/graph/graph.py,graph.py,Graph,,2,38,3,A,1,49,16,4.0,B2,1.4489795918367347,"{""A1"": 32, ""A2"": 13, ""B1"": 3, ""B2"": 1}","{""Simple Atributte"": 11, ""Simple List"": 5, ""Simple Assignment"": 5, ""Simple Tuple"": 4, ""Simple If statements"": 4, ""Return"": 4, ""Subscript"": 3, ""Function with Simple argument"": 3, ""Unary Operation"": 2, ""Simple For Loop"": 2}"
python-algorithms,/home/juan/Documents/Analisis-CC-PyCEFR/python-algorithms/data-structures/src/graph/graph.py,graph.py,__init__,,3,4,2,A,1,5,5,3.0,B1,2.0,"{""A2"": 3, ""B1"": 1, ""A1"": 1}","{""Simple Dictionary"": 1, ""If statements expression (else)"": 1, ""Simple Atributte"": 1, ""Simple Assignment"": 1, ""Function with Simple argument with Default argument"": 1}"
python-algorithms,/home/juan/Documents/Analisis-CC-PyCEFR/python-algorithms/data-structures/src/graph/graph.py,graph.py,dfs,,26,38,2,A,1,17,11,4.0,B2,1.3529411764705883,"{""A1"": 13, ""A2"": 3, ""B2"": 1}","{""Simple Atributte"": 3, ""Simple List"": 2, ""Simple Tuple"": 2, ""Simple If statements"": 2, ""Return"": 2, ""Unary Operation"": 1, ""Subscript"": 1, ""Simple Assignment"": 1, ""Simple For Loop"": 1, ""Function with Simple argument"": 1}"
python-algorithms,/home/juan/Documents/Analisis-CC-PyCEFR/python-algorithms/data-structures/src/graph/graph.py,graph.py,dfs_helper,dfs,28,34,3,A,1,6,5,4.0,B2,1.8333333333333333,"{""A1"": 3, ""A2"": 2, ""B2"": 1}","{""Simple Atributte"": 2, ""Subscript"": 1, ""Simple If statements"": 1, ""Simple For Loop"": 1, ""Recursive Functions"": 1}"
python-algorithms,/home/juan/Documents/Analisis-CC-PyCEFR/python-algorithms/data-structures/src/graph/graph.py,graph.py,add,,7,8,1,A,1,4,3,2.0,A2,1.5,"{""A2"": 2, ""A1"": 2}","{""Simple Atributte"": 2, ""Subscript"": 1, ""Function with Simple argument"": 1}"
python-algorithms,/home/juan/Documents/Analisis-CC-PyCEFR/python-algorithms/data-structures/src/disjoint-sets/disjoint_set.py,disjoint_set.py,DisjointSet,,6,44,4,A,1,89,12,3.0,B1,1.4382022471910112,"{""A1"": 51, ""A2"": 37, ""B1"": 1}","{""Simple Atributte"": 33, ""Subscript"": 19, ""Simple Assignment"": 12, ""Simple If statements"": 6, ""Function with Simple argument"": 4, ""Return"": 4, ""Simple List"": 3, ""Simplified incremental Assignment with increase amount"": 3, ""Simple Tuple"": 2, ""'range' call function"": 1}"
python-algorithms,/home/juan/Documents/Analisis-CC-PyCEFR/python-algorithms/data-structures/src/disjoint-sets/disjoint_set.py,disjoint_set.py,union_by_rank,,23,33,4,A,1,29,7,2.0,A2,1.3793103448275863,"{""A1"": 18, ""A2"": 11}","{""Simple Atributte"": 10, ""Subscript"": 8, ""Simple Assignment"": 5, ""Simple If statements"": 3, ""Simplified incremental Assignment with increase amount"": 1, ""Function with Simple argument"": 1, ""Return"": 1}"
python-algorithms,/home/juan/Documents/Analisis-CC-PyCEFR/python-algorithms/data-structures/src/disjoint-sets/disjoint_set.py,disjoint_set.py,union_by_size,,35,44,3,A,1,28,7,2.0,A2,1.4285714285714286,"{""A1"": 16, ""A2"": 12}","{""Simple Atributte"": 10, ""Subscript"": 8, ""Simple Assignment"": 4, ""Simplified incremental Assignment with increase amount"": 2, ""Simple If statements"": 2, ""Function with Simple argument"": 1, ""Return"": 1}"
python-algorithms,/home/juan/Documents/Analisis-CC-PyCEFR/python-algorithms/data-structures/src/disjoint-sets/disjoint_set.py,disjoint_set.py,__init__,,7,12,2,A,1,18,7,2.0,A2,1.5555555555555556,"{""A2"": 10, ""A1"": 8}","{""Simple Atributte"": 9, ""Simple List"": 3, ""Simple Tuple"": 2, ""'range' call function"": 1, ""Simple Assignment"": 1, ""Simple For Loop"": 1, ""Function with Simple argument"": 1}"
python-algorithms,/home/juan/Documents/Analisis-CC-PyCEFR/python-algorithms/data-structures/src/disjoint-sets/disjoint_set.py,disjoint_set.py,find_parent,,14,19,2,A,1,13,6,2.0,A2,1.3076923076923077,"{""A1"": 9, ""A2"": 4}","{""Simple Atributte"": 4, ""Subscript"": 3, ""Simple Assignment"": 2, ""Return"": 2, ""Simple If statements"": 1, ""Function with Simple argument"": 1}"
python-algorithms,/home/juan/Documents/Analisis-CC-PyCEFR/python-algorithms/data-structures/src/stack/stack_with_list.py,stack_with_list.py,Stack,,3,29,2,A,1,41,11,6.0,C2,1.6341463414634145,"{""A1"": 23, ""A2"": 15, ""C2"": 1, ""C1"": 1, ""B1"": 1}","{""Simple Atributte"": 15, ""Function with Simple argument"": 7, ""Simple Assignment"": 4, ""Return"": 4, ""Unary Operation"": 3, ""Simple List"": 2, ""Simple If statements"": 2, ""Super Function"": 1, ""Subscript"": 1, ""Simple List Comprehension"": 1}"
python-algorithms,/home/juan/Documents/Analisis-CC-PyCEFR/python-algorithms/data-structures/src/stack/stack_with_list.py,stack_with_list.py,__str__,,8,11,2,A,1,9,5,5.0,C1,1.8888888888888888,"{""A2"": 4, ""A1"": 4, ""C1"": 1}","{""Simple Atributte"": 4, ""Simple Assignment"": 2, ""Simple List Comprehension"": 1, ""Function with Simple argument"": 1, ""Return"": 1}"
python-algorithms,/home/juan/Documents/Analisis-CC-PyCEFR/python-algorithms/data-structures/src/stack/stack_with_list.py,stack_with_list.py,pop,,16,18,2,A,1,7,5,2.0,A2,1.4285714285714286,"{""A1"": 4, ""A2"": 3}","{""Simple Atributte"": 3, ""Unary Operation"": 1, ""Simple If statements"": 1, ""Function with Simple argument"": 1, ""Return"": 1}"
python-algorithms,/home/juan/Documents/Analisis-CC-PyCEFR/python-algorithms/data-structures/src/stack/stack_with_list.py,stack_with_list.py,peek,,20,22,2,A,1,8,6,2.0,A2,1.25,"{""A1"": 6, ""A2"": 2}","{""Simple Atributte"": 2, ""Unary Operation"": 2, ""Subscript"": 1, ""Simple If statements"": 1, ""Function with Simple argument"": 1, ""Return"": 1}"
python-algorithms,/home/juan/Documents/Analisis-CC-PyCEFR/python-algorithms/data-structures/src/stack/stack_with_list.py,stack_with_list.py,__init__,,4,6,1,A,1,6,5,6.0,C2,2.1666666666666665,"{""A1"": 3, ""A2"": 2, ""C2"": 1}","{""Simple Atributte"": 2, ""Simple List"": 1, ""Super Function"": 1, ""Simple Assignment"": 1, ""Function with Simple argument"": 1}"
python-algorithms,/home/juan/Documents/Analisis-CC-PyCEFR/python-algorithms/data-structures/src/stack/stack_with_list.py,stack_with_list.py,push,,13,14,1,A,1,3,2,2.0,A2,1.6666666666666667,"{""A2"": 2, ""A1"": 1}","{""Simple Atributte"": 2, ""Function with Simple argument"": 1}"
python-algorithms,/home/juan/Documents/Analisis-CC-PyCEFR/python-algorithms/data-structures/src/stack/stack_with_list.py,stack_with_list.py,isEmpty,,25,26,1,A,1,4,4,2.0,A2,1.25,"{""A1"": 3, ""A2"": 1}","{""Simple List"": 1, ""Simple Atributte"": 1, ""Function with Simple argument"": 1, ""Return"": 1}"
python-algorithms,/home/juan/Documents/Analisis-CC-PyCEFR/python-algorithms/data-structures/src/stack/stack_with_list.py,stack_with_list.py,delete,,28,29,1,A,1,3,3,2.0,A2,1.3333333333333333,"{""A1"": 2, ""A2"": 1}","{""Simple Atributte"": 1, ""Simple Assignment"": 1, ""Function with Simple argument"": 1}"
python-algorithms,/home/juan/Documents/Analisis-CC-PyCEFR/python-algorithms/data-structures/src/stack/stack_with_linkedlist.py,stack_with_linkedlist.py,LinkedList,,17,30,3,A,1,16,9,6.0,C2,2.25,"{""A1"": 6, ""A2"": 5, ""B1"": 3, ""C2"": 1, ""C1"": 1}","{""Simple Atributte"": 5, ""Simple Assignment"": 3, ""Function with Simple argument"": 2, ""Super Function"": 1, ""Simple If statements"": 1, ""While with Else Loop"": 1, ""'break' statement"": 1, ""Generator Function (yield)"": 1, ""Simple Class  Using the constructor method --> __init__"": 1}"
python-algorithms,/home/juan/Documents/Analisis-CC-PyCEFR/python-algorithms/data-structures/src/stack/stack_with_linkedlist.py,stack_with_linkedlist.py,__iter__,,23,30,3,A,1,10,7,5.0,C1,2.1,"{""A1"": 4, ""A2"": 3, ""B1"": 2, ""C1"": 1}","{""Simple Atributte"": 3, ""Simple Assignment"": 2, ""Simple If statements"": 1, ""While with Else Loop"": 1, ""'break' statement"": 1, ""Function with Simple argument"": 1, ""Generator Function (yield)"": 1}"
python-algorithms,/home/juan/Documents/Analisis-CC-PyCEFR/python-algorithms/data-structures/src/stack/stack_with_linkedlist.py,stack_with_linkedlist.py,Node,,2,13,2,A,1,14,7,6.0,C2,1.9285714285714286,"{""A2"": 6, ""A1"": 6, ""C2"": 1, ""B1"": 1}","{""Simple Atributte"": 5, ""Simple Assignment"": 2, ""Function with Simple argument"": 2, ""Return"": 2, ""Super Function"": 1, ""Function with Simple argument with Default argument"": 1, ""Simple Class  Using the constructor method --> __init__"": 1}"
python-algorithms,/home/juan/Documents/Analisis-CC-PyCEFR/python-algorithms/data-structures/src/stack/stack_with_linkedlist.py,stack_with_linkedlist.py,Stack,,33,69,2,A,1,54,8,6.0,C2,1.6851851851851851,"{""A2"": 26, ""A1"": 25, ""C2"": 1, ""C1"": 1, ""B1"": 1}","{""Simple Atributte"": 26, ""Simple Assignment"": 8, ""Function with Simple argument"": 7, ""Return"": 7, ""Simple If statements"": 3, ""Super Function"": 1, ""Simple List Comprehension"": 1, ""Simple Class  Using the constructor method --> __init__"": 1}"
python-algorithms,/home/juan/Documents/Analisis-CC-PyCEFR/python-algorithms/data-structures/src/stack/stack_with_linkedlist.py,stack_with_linkedlist.py,__str__,,38,40,2,A,1,7,5,5.0,C1,2.0,"{""A2"": 3, ""A1"": 3, ""C1"": 1}","{""Simple Atributte"": 3, ""Simple List Comprehension"": 1, ""Simple Assignment"": 1, ""Function with Simple argument"": 1, ""Return"": 1}"
python-algorithms,/home/juan/Documents/Analisis-CC-PyCEFR/python-algorithms/data-structures/src/stack/stack_with_linkedlist.py,stack_with_linkedlist.py,peek,,47,51,2,A,1,8,4,2.0,A2,1.5,"{""A2"": 4, ""A1"": 4}","{""Simple Atributte"": 4, ""Return"": 2, ""Simple If statements"": 1, ""Function with Simple argument"": 1}"
python-algorithms,/home/juan/Documents/Analisis-CC-PyCEFR/python-algorithms/data-structures/src/stack/stack_with_linkedlist.py,stack_with_linkedlist.py,pop,,53,59,2,A,1,15,5,2.0,A2,1.6,"{""A2"": 9, ""A1"": 6}","{""Simple Atributte"": 9, ""Simple Assignment"": 2, ""Return"": 2, ""Simple If statements"": 1, ""Function with Simple argument"": 1}"
python-algorithms,/home/juan/Documents/Analisis-CC-PyCEFR/python-algorithms/data-structures/src/stack/stack_with_linkedlist.py,stack_with_linkedlist.py,isEmpty,,62,66,2,A,1,6,4,2.0,A2,1.3333333333333333,"{""A1"": 4, ""A2"": 2}","{""Simple Atributte"": 2, ""Return"": 2, ""Simple If statements"": 1, ""Function with Simple argument"": 1}"
python-algorithms,/home/juan/Documents/Analisis-CC-PyCEFR/python-algorithms/data-structures/src/stack/stack_with_linkedlist.py,stack_with_linkedlist.py,__init__,,3,6,1,A,1,7,4,6.0,C2,2.2857142857142856,"{""A2"": 4, ""A1"": 2, ""C2"": 1}","{""Simple Atributte"": 3, ""Simple Assignment"": 2, ""Super Function"": 1, ""Function with Simple argument with Default argument"": 1}"
python-algorithms,/home/juan/Documents/Analisis-CC-PyCEFR/python-algorithms/data-structures/src/stack/stack_with_linkedlist.py,stack_with_linkedlist.py,getNext,,8,9,1,A,1,3,3,2.0,A2,1.3333333333333333,"{""A1"": 2, ""A2"": 1}","{""Simple Atributte"": 1, ""Function with Simple argument"": 1, ""Return"": 1}"
python-algorithms,/home/juan/Documents/Analisis-CC-PyCEFR/python-algorithms/data-structures/src/stack/stack_with_linkedlist.py,stack_with_linkedlist.py,getValue,,12,13,1,A,1,3,3,2.0,A2,1.3333333333333333,"{""A1"": 2, ""A2"": 1}","{""Simple Atributte"": 1, ""Function with Simple argument"": 1, ""Return"": 1}"
python-algorithms,/home/juan/Documents/Analisis-CC-PyCEFR/python-algorithms/data-structures/src/stack/stack_with_linkedlist.py,stack_with_linkedlist.py,__init__,,19,21,1,A,1,5,4,6.0,C2,2.4,"{""A2"": 2, ""A1"": 2, ""C2"": 1}","{""Simple Atributte"": 2, ""Super Function"": 1, ""Simple Assignment"": 1, ""Function with Simple argument"": 1}"
python-algorithms,/home/juan/Documents/Analisis-CC-PyCEFR/python-algorithms/data-structures/src/stack/stack_with_linkedlist.py,stack_with_linkedlist.py,__init__,,34,36,1,A,1,5,4,6.0,C2,2.4,"{""A2"": 2, ""A1"": 2, ""C2"": 1}","{""Simple Atributte"": 2, ""Super Function"": 1, ""Simple Assignment"": 1, ""Function with Simple argument"": 1}"
python-algorithms,/home/juan/Documents/Analisis-CC-PyCEFR/python-algorithms/data-structures/src/stack/stack_with_linkedlist.py,stack_with_linkedlist.py,push,,42,45,1,A,1,9,3,2.0,A2,1.5555555555555556,"{""A2"": 5, ""A1"": 4}","{""Simple Atributte"": 5, ""Simple Assignment"": 3, ""Function with Simple argument"": 1}"
python-algorithms,/home/juan/Documents/Analisis-CC-PyCEFR/python-algorithms/data-structures/src/stack/stack_with_linkedlist.py,stack_with_linkedlist.py,delete,,68,69,1,A,1,3,3,2.0,A2,1.3333333333333333,"{""A1"": 2, ""A2"": 1}","{""Simple Atributte"": 1, ""Simple Assignment"": 1, ""Function with Simple argument"": 1}"
python-algorithms,/home/juan/Documents/Analisis-CC-PyCEFR/python-algorithms/data-structures/src/stack/stack_with_limited_list.py,stack_with_limited_list.py,Stack,,3,47,3,A,1,58,13,6.0,C2,1.5517241379310345,"{""A1"": 34, ""A2"": 21, ""C2"": 1, ""C1"": 1, ""B1"": 1}","{""Simple Atributte"": 21, ""Return"": 9, ""Function with Simple argument"": 8, ""Simple Assignment"": 5, ""Simple If statements"": 5, ""Simple List"": 3, ""Print"": 1, ""Super Function"": 1, ""Boolean Operation"": 1, ""Subscript"": 1}"
python-algorithms,/home/juan/Documents/Analisis-CC-PyCEFR/python-algorithms/data-structures/src/stack/stack_with_limited_list.py,stack_with_limited_list.py,pop,,20,24,3,A,1,10,6,2.0,A2,1.4,"{""A1"": 6, ""A2"": 4}","{""Simple Atributte"": 4, ""Return"": 2, ""Simple List"": 1, ""Boolean Operation"": 1, ""Simple If statements"": 1, ""Function with Simple argument"": 1}"
python-algorithms,/home/juan/Documents/Analisis-CC-PyCEFR/python-algorithms/data-structures/src/stack/stack_with_limited_list.py,stack_with_limited_list.py,__str__,,9,12,2,A,1,9,5,5.0,C1,1.8888888888888888,"{""A2"": 4, ""A1"": 4, ""C1"": 1}","{""Simple Atributte"": 4, ""Simple Assignment"": 2, ""Simple List Comprehension"": 1, ""Function with Simple argument"": 1, ""Return"": 1}"
python-algorithms,/home/juan/Documents/Analisis-CC-PyCEFR/python-algorithms/data-structures/src/stack/stack_with_limited_list.py,stack_with_limited_list.py,push,,14,18,2,A,1,6,4,2.0,A2,1.5,"{""A1"": 3, ""A2"": 3}","{""Simple Atributte"": 3, ""Print"": 1, ""Simple If statements"": 1, ""Function with Simple argument"": 1}"
python-algorithms,/home/juan/Documents/Analisis-CC-PyCEFR/python-algorithms/data-structures/src/stack/stack_with_limited_list.py,stack_with_limited_list.py,peek,,26,31,2,A,1,9,6,2.0,A2,1.3333333333333333,"{""A1"": 6, ""A2"": 3}","{""Simple Atributte"": 3, ""Return"": 2, ""Subscript"": 1, ""Assigment with sum (total = total + 1)"": 1, ""Simple If statements"": 1, ""Function with Simple argument"": 1}"
python-algorithms,/home/juan/Documents/Analisis-CC-PyCEFR/python-algorithms/data-structures/src/stack/stack_with_limited_list.py,stack_with_limited_list.py,isEmpty,,34,38,2,A,1,6,5,2.0,A2,1.1666666666666667,"{""A1"": 5, ""A2"": 1}","{""Return"": 2, ""Simple List"": 1, ""Simple Atributte"": 1, ""Simple If statements"": 1, ""Function with Simple argument"": 1}"
python-algorithms,/home/juan/Documents/Analisis-CC-PyCEFR/python-algorithms/data-structures/src/stack/stack_with_limited_list.py,stack_with_limited_list.py,isFull,,40,44,2,A,1,6,4,2.0,A2,1.3333333333333333,"{""A1"": 4, ""A2"": 2}","{""Simple Atributte"": 2, ""Return"": 2, ""Simple If statements"": 1, ""Function with Simple argument"": 1}"
python-algorithms,/home/juan/Documents/Analisis-CC-PyCEFR/python-algorithms/data-structures/src/stack/stack_with_limited_list.py,stack_with_limited_list.py,__init__,,4,7,1,A,1,8,5,6.0,C2,2.0,"{""A1"": 4, ""A2"": 3, ""C2"": 1}","{""Simple Atributte"": 3, ""Simple Assignment"": 2, ""Simple List"": 1, ""Super Function"": 1, ""Function with Simple argument"": 1}"
python-algorithms,/home/juan/Documents/Analisis-CC-PyCEFR/python-algorithms/data-structures/src/stack/stack_with_limited_list.py,stack_with_limited_list.py,delete,,46,47,1,A,1,3,3,2.0,A2,1.3333333333333333,"{""A1"": 2, ""A2"": 1}","{""Simple Atributte"": 1, ""Simple Assignment"": 1, ""Function with Simple argument"": 1}"
python-algorithms,/home/juan/Documents/Analisis-CC-PyCEFR/python-algorithms/data-structures/src/doubly-linked-list/doubly_linked_list.py,doubly_linked_list.py,search,,100,119,6,B,2,22,8,3.0,B1,1.5,"{""A1"": 14, ""A2"": 5, ""B1"": 3}","{""Simple Atributte"": 5, ""Simple Assignment"": 4, ""Simple If statements"": 4, ""Return"": 3, ""Print"": 2, ""'break' statement"": 2, ""While with Else Loop"": 1, ""Function with Simple argument"": 1}"
python-algorithms,/home/juan/Documents/Analisis-CC-PyCEFR/python-algorithms/data-structures/src/doubly-linked-list/doubly_linked_list.py,doubly_linked_list.py,delete,,121,145,6,B,2,28,8,3.0,B1,1.5,"{""A1"": 17, ""A2"": 8, ""B1"": 3}","{""Simple Atributte"": 8, ""Simple Assignment"": 7, ""Simple If statements"": 4, ""Return"": 3, ""Print"": 2, ""'break' statement"": 2, ""While with Else Loop"": 1, ""Function with Simple argument"": 1}"
python-algorithms,/home/juan/Documents/Analisis-CC-PyCEFR/python-algorithms/data-structures/src/doubly-linked-list/doubly_linked_list.py,doubly_linked_list.py,DoublyLinkedList,,25,153,4,A,1,141,12,6.0,C2,1.6028368794326242,"{""A1"": 76, ""A2"": 50, ""B1"": 13, ""C2"": 1, ""C1"": 1}","{""Simple Atributte"": 49, ""Simple Assignment"": 37, ""Simple If statements"": 16, ""Function with Simple argument"": 10, ""Return"": 8, ""'break' statement"": 7, ""Print"": 5, ""While with Else Loop"": 5, ""Super Function"": 1, ""Simplified incremental Assignment with increase amount"": 1}"
python-algorithms,/home/juan/Documents/Analisis-CC-PyCEFR/python-algorithms/data-structures/src/doubly-linked-list/doubly_linked_list.py,doubly_linked_list.py,size,,63,76,4,A,1,15,8,3.0,B1,1.6,"{""A1"": 8, ""A2"": 5, ""B1"": 2}","{""Simple Atributte"": 4, ""Simple Assignment"": 3, ""Simple If statements"": 2, ""Return"": 2, ""Simplified incremental Assignment with increase amount"": 1, ""While with Else Loop"": 1, ""'break' statement"": 1, ""Function with Simple argument"": 1}"
python-algorithms,/home/juan/Documents/Analisis-CC-PyCEFR/python-algorithms/data-structures/src/doubly-linked-list/doubly_linked_list.py,doubly_linked_list.py,append,,78,92,4,A,1,18,6,3.0,B1,1.6111111111111112,"{""A1"": 9, ""A2"": 7, ""B1"": 2}","{""Simple Atributte"": 7, ""Simple Assignment"": 6, ""Simple If statements"": 2, ""While with Else Loop"": 1, ""'break' statement"": 1, ""Function with Simple argument"": 1}"
python-algorithms,/home/juan/Documents/Analisis-CC-PyCEFR/python-algorithms/data-structures/src/doubly-linked-list/doubly_linked_list.py,doubly_linked_list.py,__iter__,,31,37,3,A,1,10,7,5.0,C1,2.1,"{""A1"": 4, ""A2"": 3, ""B1"": 2, ""C1"": 1}","{""Simple Atributte"": 3, ""Simple Assignment"": 2, ""Simple If statements"": 1, ""While with Else Loop"": 1, ""'break' statement"": 1, ""Function with Simple argument"": 1, ""Generator Function (yield)"": 1}"
python-algorithms,/home/juan/Documents/Analisis-CC-PyCEFR/python-algorithms/data-structures/src/doubly-linked-list/doubly_linked_list.py,doubly_linked_list.py,Node,,1,22,2,A,1,25,7,6.0,C2,1.68,"{""A1"": 13, ""A2"": 10, ""C2"": 1, ""B1"": 1}","{""Simple Atributte"": 9, ""Simple Assignment"": 5, ""Function with Simple argument"": 5, ""Return"": 3, ""Super Function"": 1, ""Function with Simple argument with Default argument"": 1, ""Simple Class  Using the constructor method --> __init__"": 1}"
python-algorithms,/home/juan/Documents/Analisis-CC-PyCEFR/python-algorithms/data-structures/src/doubly-linked-list/doubly_linked_list.py,doubly_linked_list.py,pushNode,,39,46,2,A,1,13,4,2.0,A2,1.5384615384615385,"{""A2"": 7, ""A1"": 6}","{""Simple Atributte"": 7, ""Simple Assignment"": 4, ""Simple If statements"": 1, ""Function with Simple argument"": 1}"
python-algorithms,/home/juan/Documents/Analisis-CC-PyCEFR/python-algorithms/data-structures/src/doubly-linked-list/doubly_linked_list.py,doubly_linked_list.py,pushValue,,48,61,2,A,1,14,4,2.0,A2,1.5,"{""A2"": 7, ""A1"": 7}","{""Simple Atributte"": 7, ""Simple Assignment"": 5, ""Simple If statements"": 1, ""Function with Simple argument"": 1}"
python-algorithms,/home/juan/Documents/Analisis-CC-PyCEFR/python-algorithms/data-structures/src/doubly-linked-list/doubly_linked_list.py,doubly_linked_list.py,deleteDLL,,149,153,2,A,1,6,5,2.0,A2,1.3333333333333333,"{""A1"": 4, ""A2"": 2}","{""Simple Atributte"": 2, ""Print"": 1, ""Simple Assignment"": 1, ""Simple If statements"": 1, ""Function with Simple argument"": 1}"
python-algorithms,/home/juan/Documents/Analisis-CC-PyCEFR/python-algorithms/data-structures/src/doubly-linked-list/doubly_linked_list.py,doubly_linked_list.py,__init__,,3,7,1,A,1,9,4,6.0,C2,2.111111111111111,"{""A2"": 5, ""A1"": 3, ""C2"": 1}","{""Simple Atributte"": 4, ""Simple Assignment"": 3, ""Super Function"": 1, ""Function with Simple argument with Default argument"": 1}"
python-algorithms,/home/juan/Documents/Analisis-CC-PyCEFR/python-algorithms/data-structures/src/doubly-linked-list/doubly_linked_list.py,doubly_linked_list.py,getNext,,9,10,1,A,1,3,3,2.0,A2,1.3333333333333333,"{""A1"": 2, ""A2"": 1}","{""Simple Atributte"": 1, ""Function with Simple argument"": 1, ""Return"": 1}"
python-algorithms,/home/juan/Documents/Analisis-CC-PyCEFR/python-algorithms/data-structures/src/doubly-linked-list/doubly_linked_list.py,doubly_linked_list.py,getPrev,,12,13,1,A,1,3,3,2.0,A2,1.3333333333333333,"{""A1"": 2, ""A2"": 1}","{""Simple Atributte"": 1, ""Function with Simple argument"": 1, ""Return"": 1}"
python-algorithms,/home/juan/Documents/Analisis-CC-PyCEFR/python-algorithms/data-structures/src/doubly-linked-list/doubly_linked_list.py,doubly_linked_list.py,getData,,15,16,1,A,1,3,3,2.0,A2,1.3333333333333333,"{""A1"": 2, ""A2"": 1}","{""Simple Atributte"": 1, ""Function with Simple argument"": 1, ""Return"": 1}"
python-algorithms,/home/juan/Documents/Analisis-CC-PyCEFR/python-algorithms/data-structures/src/doubly-linked-list/doubly_linked_list.py,doubly_linked_list.py,setNext,,18,19,1,A,1,3,3,2.0,A2,1.3333333333333333,"{""A1"": 2, ""A2"": 1}","{""Simple Atributte"": 1, ""Simple Assignment"": 1, ""Function with Simple argument"": 1}"
python-algorithms,/home/juan/Documents/Analisis-CC-PyCEFR/python-algorithms/data-structures/src/doubly-linked-list/doubly_linked_list.py,doubly_linked_list.py,setPrev,,21,22,1,A,1,3,3,2.0,A2,1.3333333333333333,"{""A1"": 2, ""A2"": 1}","{""Simple Atributte"": 1, ""Simple Assignment"": 1, ""Function with Simple argument"": 1}"
python-algorithms,/home/juan/Documents/Analisis-CC-PyCEFR/python-algorithms/data-structures/src/doubly-linked-list/doubly_linked_list.py,doubly_linked_list.py,__init__,,27,29,1,A,1,5,4,6.0,C2,2.4,"{""A2"": 2, ""A1"": 2, ""C2"": 1}","{""Simple Atributte"": 2, ""Super Function"": 1, ""Simple Assignment"": 1, ""Function with Simple argument"": 1}"
python-algorithms,/home/juan/Documents/Analisis-CC-PyCEFR/python-algorithms/data-structures/src/doubly-linked-list/doubly_linked_list.py,doubly_linked_list.py,insertAfter,,94,98,1,A,1,9,3,2.0,A2,1.4444444444444444,"{""A1"": 5, ""A2"": 4}","{""Simple Atributte"": 4, ""Simple Assignment"": 4, ""Function with Simple argument"": 1}"
python-algorithms,/home/juan/Documents/Analisis-CC-PyCEFR/python-algorithms/recursion_crash_course/src/2_recursion_with_numbers/2_sum_of_natural_numbers.py,2_sum_of_natural_numbers.py,sum_natural_numbers,,1,5,2,A,1,4,3,4.0,B2,1.75,"{""A1"": 3, ""B2"": 1}","{""Return"": 2, ""Simple If statements"": 1, ""Recursive Functions"": 1}"
python-algorithms,/home/juan/Documents/Analisis-CC-PyCEFR/python-algorithms/recursion_crash_course/src/2_recursion_with_numbers/1_decimal_to_binary.py,1_decimal_to_binary.py,solve_dec_to_binary,,23,28,2,A,1,5,4,4.0,B2,1.6,"{""A1"": 4, ""B2"": 1}","{""Return"": 2, ""Assigment with sum (total = total + 1)"": 1, ""Simple If statements"": 1, ""Recursive Functions"": 1}"
python-algorithms,/home/juan/Documents/Analisis-CC-PyCEFR/python-algorithms/recursion_crash_course/src/2_recursion_with_numbers/1_decimal_to_binary.py,1_decimal_to_binary.py,dec_to_binary,,20,21,1,A,1,2,2,1.0,A1,1.0,"{""A1"": 2}","{""Function with Simple argument"": 1, ""Return"": 1}"
python-algorithms,/home/juan/Documents/Analisis-CC-PyCEFR/python-algorithms/recursion_crash_course/src/1_recursion_with_strings/2_palindrome.py,2_palindrome.py,is_palindrome,,24,32,4,A,1,12,7,4.0,B2,1.25,"{""A1"": 11, ""B2"": 1}","{""Subscript"": 3, ""Return"": 3, ""Simple If statements"": 2, ""Boolean Operation"": 1, ""Slice"": 1, ""Assigment with sum (total = total + 1)"": 1, ""Recursive Functions"": 1}"
python-algorithms,/home/juan/Documents/Analisis-CC-PyCEFR/python-algorithms/recursion_crash_course/src/1_recursion_with_strings/1_reverse_string.py,1_reverse_string.py,revserse_string,,19,23,2,A,1,7,5,4.0,B2,1.4285714285714286,"{""A1"": 6, ""B2"": 1}","{""Subscript"": 2, ""Return"": 2, ""Slice"": 1, ""Simple If statements"": 1, ""Recursive Functions"": 1}"
python-algorithms,/home/juan/Documents/Analisis-CC-PyCEFR/python-algorithms/recursion_crash_course/src/3_divide_and_conquer/2_binary_search.py,2_binary_search.py,binary_search,,1,13,4,A,1,12,6,4.0,B2,1.25,"{""A1"": 11, ""B2"": 1}","{""Return"": 4, ""Simple If statements"": 3, ""Subscript"": 2, ""Unary Operation"": 1, ""Assigment with sum (total = total + 1)"": 1, ""Recursive Functions"": 1}"
python-algorithms,/home/juan/Documents/Analisis-CC-PyCEFR/python-algorithms/recursion_crash_course/src/3_divide_and_conquer/3_merge_sort_2.py,3_merge_sort_2.py,merge,,13,36,6,B,2,31,10,3.0,B1,1.4193548387096775,"{""A1"": 21, ""A2"": 7, ""B1"": 3}","{""Subscript"": 10, ""Simplified incremental Assignment with increase amount"": 7, ""Simple Assignment"": 5, ""While with Else Loop"": 3, ""Simple List"": 1, ""Boolean Operation"": 1, ""Assigment with sum (total = total + 1)"": 1, ""Simple If statements"": 1, ""Function with Simple argument"": 1, ""Return"": 1}"
python-algorithms,/home/juan/Documents/Analisis-CC-PyCEFR/python-algorithms/recursion_crash_course/src/3_divide_and_conquer/3_merge_sort_2.py,3_merge_sort_2.py,merge_sort,,1,10,2,A,1,12,7,4.0,B2,1.25,"{""A1"": 11, ""B2"": 1}","{""Simple Assignment"": 3, ""Subscript"": 2, ""Slice"": 2, ""Return"": 2, ""Assigment with sum (total = total + 1)"": 1, ""Simple If statements"": 1, ""Recursive Functions"": 1}"
python-algorithms,/home/juan/Documents/Analisis-CC-PyCEFR/python-algorithms/recursion_crash_course/src/3_divide_and_conquer/1_fibonacci.py,1_fibonacci.py,fib,,3,7,3,A,1,5,4,4.0,B2,1.6,"{""A1"": 4, ""B2"": 1}","{""Return"": 2, ""Boolean Operation"": 1, ""Simple If statements"": 1, ""Recursive Functions"": 1}"
python-algorithms,/home/juan/Documents/Analisis-CC-PyCEFR/python-algorithms/recursion_crash_course/src/3_divide_and_conquer/1_fibonacci.py,1_fibonacci.py,fib_optimized,,11,22,1,A,1,13,8,4.0,B2,1.3076923076923077,"{""A1"": 11, ""A2"": 1, ""B2"": 1}","{""Subscript"": 3, ""Return"": 3, ""Simple Assignment"": 2, ""Simple Dictionary"": 1, ""Assigment with sum (total = total + 1)"": 1, ""Simple If statements"": 1, ""Function with Simple argument"": 1, ""Recursive Functions"": 1}"
python-algorithms,/home/juan/Documents/Analisis-CC-PyCEFR/python-algorithms/recursion_crash_course/src/3_divide_and_conquer/1_fibonacci.py,1_fibonacci.py,fib,fib_optimized,14,20,2,A,1,9,6,4.0,B2,1.3333333333333333,"{""A1"": 8, ""B2"": 1}","{""Subscript"": 3, ""Return"": 2, ""Assigment with sum (total = total + 1)"": 1, ""Simple Assignment"": 1, ""Simple If statements"": 1, ""Recursive Functions"": 1}"
python-algorithms,/home/juan/Documents/Analisis-CC-PyCEFR/python-algorithms/recursion_crash_course/src/3_divide_and_conquer/4_reverse_linkedlist.py,4_reverse_linkedlist.py,print_list,,5,9,3,A,1,7,6,3.0,B1,1.5714285714285714,"{""A1"": 4, ""A2"": 2, ""B1"": 1}","{""Simple Atributte"": 2, ""Print"": 1, ""Simple Assignment"": 1, ""Simple If statements"": 1, ""While with Else Loop"": 1, ""Function with Simple argument"": 1}"
python-algorithms,/home/juan/Documents/Analisis-CC-PyCEFR/python-algorithms/recursion_crash_course/src/3_divide_and_conquer/4_reverse_linkedlist.py,4_reverse_linkedlist.py,reverse_list,,11,19,3,A,1,13,6,4.0,B2,1.6153846153846154,"{""A1"": 7, ""A2"": 5, ""B2"": 1}","{""Simple Atributte"": 5, ""Simple Assignment"": 3, ""Return"": 2, ""Boolean Operation"": 1, ""Simple If statements"": 1, ""Recursive Functions"": 1}"
python-algorithms,/home/juan/Documents/Analisis-CC-PyCEFR/python-algorithms/recursion_crash_course/src/3_divide_and_conquer/4_reverse_linkedlist.py,4_reverse_linkedlist.py,Node,,1,3,2,A,1,7,5,3.0,B1,1.5714285714285714,"{""A1"": 4, ""A2"": 2, ""B1"": 1}","{""Simple Tuple"": 2, ""Simple Atributte"": 2, ""Simple Assignment"": 1, ""Function with Simple argument"": 1, ""Simple Class  Using the constructor method --> __init__"": 1}"
python-algorithms,/home/juan/Documents/Analisis-CC-PyCEFR/python-algorithms/recursion_crash_course/src/3_divide_and_conquer/4_reverse_linkedlist.py,4_reverse_linkedlist.py,__init__,,2,3,1,A,1,6,4,2.0,A2,1.3333333333333333,"{""A1"": 4, ""A2"": 2}","{""Simple Tuple"": 2, ""Simple Atributte"": 2, ""Simple Assignment"": 1, ""Function with Simple argument"": 1}"
python-algorithms,/home/juan/Documents/Analisis-CC-PyCEFR/python-algorithms/recursion_crash_course/src/3_divide_and_conquer/7_get_leaf_nodes.py,7_get_leaf_nodes.py,Node,,1,4,2,A,1,7,4,3.0,B1,1.7142857142857142,"{""A2"": 3, ""A1"": 3, ""B1"": 1}","{""Simple Atributte"": 3, ""Simple Assignment"": 2, ""Function with Simple argument"": 1, ""Simple Class  Using the constructor method --> __init__"": 1}"
python-algorithms,/home/juan/Documents/Analisis-CC-PyCEFR/python-algorithms/recursion_crash_course/src/3_divide_and_conquer/7_get_leaf_nodes.py,7_get_leaf_nodes.py,get_leaf_nodes,,6,20,1,A,1,15,8,4.0,B2,1.6,"{""A1"": 8, ""A2"": 6, ""B2"": 1}","{""Simple Atributte"": 6, ""Simple If statements"": 2, ""Return"": 2, ""Simple List"": 1, ""Boolean Operation"": 1, ""Simple Assignment"": 1, ""Function with Simple argument"": 1, ""Recursive Functions"": 1}"
python-algorithms,/home/juan/Documents/Analisis-CC-PyCEFR/python-algorithms/recursion_crash_course/src/3_divide_and_conquer/7_get_leaf_nodes.py,7_get_leaf_nodes.py,gather_leaves,get_leaf_nodes,9,17,4,A,1,11,5,4.0,B2,1.8181818181818181,"{""A2"": 6, ""A1"": 4, ""B2"": 1}","{""Simple Atributte"": 6, ""Simple If statements"": 2, ""Boolean Operation"": 1, ""Recursive Functions"": 1, ""Return"": 1}"
python-algorithms,/home/juan/Documents/Analisis-CC-PyCEFR/python-algorithms/recursion_crash_course/src/3_divide_and_conquer/7_get_leaf_nodes.py,7_get_leaf_nodes.py,__init__,,2,4,1,A,1,6,3,2.0,A2,1.5,"{""A2"": 3, ""A1"": 3}","{""Simple Atributte"": 3, ""Simple Assignment"": 2, ""Function with Simple argument"": 1}"
python-algorithms,/home/juan/Documents/Analisis-CC-PyCEFR/python-algorithms/recursion_crash_course/src/3_divide_and_conquer/6_insert_into_binary_search_tree.py,6_insert_into_binary_search_tree.py,insert,,20,30,3,A,1,13,5,4.0,B2,1.6153846153846154,"{""A1"": 7, ""A2"": 5, ""B2"": 1}","{""Simple Atributte"": 5, ""Simple Assignment"": 3, ""Simple If statements"": 2, ""Return"": 2, ""Recursive Functions"": 1}"
python-algorithms,/home/juan/Documents/Analisis-CC-PyCEFR/python-algorithms/recursion_crash_course/src/3_divide_and_conquer/6_insert_into_binary_search_tree.py,6_insert_into_binary_search_tree.py,pre_order,,7,13,2,A,1,7,5,4.0,B2,1.8571428571428572,"{""A1"": 3, ""A2"": 3, ""B2"": 1}","{""Simple Atributte"": 3, ""Print"": 1, ""Simple If statements"": 1, ""Recursive Functions"": 1, ""Return"": 1}"
python-algorithms,/home/juan/Documents/Analisis-CC-PyCEFR/python-algorithms/recursion_crash_course/src/3_divide_and_conquer/6_insert_into_binary_search_tree.py,6_insert_into_binary_search_tree.py,Node,,1,4,2,A,1,7,4,3.0,B1,1.7142857142857142,"{""A2"": 3, ""A1"": 3, ""B1"": 1}","{""Simple Atributte"": 3, ""Simple Assignment"": 2, ""Function with Simple argument"": 1, ""Simple Class  Using the constructor method --> __init__"": 1}"
python-algorithms,/home/juan/Documents/Analisis-CC-PyCEFR/python-algorithms/recursion_crash_course/src/3_divide_and_conquer/6_insert_into_binary_search_tree.py,6_insert_into_binary_search_tree.py,__init__,,2,4,1,A,1,6,3,2.0,A2,1.5,"{""A2"": 3, ""A1"": 3}","{""Simple Atributte"": 3, ""Simple Assignment"": 2, ""Function with Simple argument"": 1}"
python-algorithms,/home/juan/Documents/Analisis-CC-PyCEFR/python-algorithms/recursion_crash_course/src/3_divide_and_conquer/8_depth_first_search.py,8_depth_first_search.py,Node,,1,3,2,A,1,8,6,3.0,B1,1.5,"{""A1"": 5, ""A2"": 2, ""B1"": 1}","{""Simple Tuple"": 2, ""Simple Atributte"": 2, ""Simple List"": 1, ""Simple Assignment"": 1, ""Function with Simple argument"": 1, ""Simple Class  Using the constructor method --> __init__"": 1}"
python-algorithms,/home/juan/Documents/Analisis-CC-PyCEFR/python-algorithms/recursion_crash_course/src/3_divide_and_conquer/8_depth_first_search.py,8_depth_first_search.py,dfs,,5,20,1,A,1,18,8,4.0,B2,1.4444444444444444,"{""A1"": 13, ""A2"": 3, ""B1"": 1, ""B2"": 1}","{""Return"": 5, ""Simple If statements"": 4, ""Simple Atributte"": 3, ""Simple Assignment"": 2, ""Simple For Loop"": 1, ""'continue' statement"": 1, ""Recursive Functions"": 1, ""Function with Simple argument"": 1}"
python-algorithms,/home/juan/Documents/Analisis-CC-PyCEFR/python-algorithms/recursion_crash_course/src/3_divide_and_conquer/8_depth_first_search.py,8_depth_first_search.py,find_node,dfs,7,18,6,B,2,15,7,3.0,B1,1.3333333333333333,"{""A1"": 11, ""A2"": 3, ""B1"": 1}","{""Simple If statements"": 4, ""Return"": 4, ""Simple Atributte"": 3, ""Simple Assignment"": 1, ""Simple For Loop"": 1, ""'continue' statement"": 1, ""Function with Simple argument"": 1}"
python-algorithms,/home/juan/Documents/Analisis-CC-PyCEFR/python-algorithms/recursion_crash_course/src/3_divide_and_conquer/8_depth_first_search.py,8_depth_first_search.py,__init__,,2,3,1,A,1,7,5,2.0,A2,1.2857142857142858,"{""A1"": 5, ""A2"": 2}","{""Simple Tuple"": 2, ""Simple Atributte"": 2, ""Simple List"": 1, ""Simple Assignment"": 1, ""Function with Simple argument"": 1}"
python-algorithms,/home/juan/Documents/Analisis-CC-PyCEFR/python-algorithms/recursion_crash_course/src/3_divide_and_conquer/5_merge_two_sorted_list.py,5_merge_two_sorted_list.py,merge,,13,22,4,A,1,16,5,4.0,B2,1.5625,"{""A1"": 9, ""A2"": 6, ""B2"": 1}","{""Simple Atributte"": 6, ""Return"": 4, ""Simple If statements"": 3, ""Simple Assignment"": 2, ""Recursive Functions"": 1}"
python-algorithms,/home/juan/Documents/Analisis-CC-PyCEFR/python-algorithms/recursion_crash_course/src/3_divide_and_conquer/5_merge_two_sorted_list.py,5_merge_two_sorted_list.py,printList,,6,11,3,A,1,8,6,3.0,B1,1.5,"{""A1"": 5, ""A2"": 2, ""B1"": 1}","{""Simple Atributte"": 2, ""Simple Assignment"": 2, ""Print"": 1, ""Simple If statements"": 1, ""While with Else Loop"": 1, ""Function with Simple argument"": 1}"
python-algorithms,/home/juan/Documents/Analisis-CC-PyCEFR/python-algorithms/recursion_crash_course/src/3_divide_and_conquer/5_merge_two_sorted_list.py,5_merge_two_sorted_list.py,Node,,1,3,2,A,1,7,5,3.0,B1,1.5714285714285714,"{""A1"": 4, ""A2"": 2, ""B1"": 1}","{""Simple Tuple"": 2, ""Simple Atributte"": 2, ""Simple Assignment"": 1, ""Function with Simple argument"": 1, ""Simple Class  Using the constructor method --> __init__"": 1}"
python-algorithms,/home/juan/Documents/Analisis-CC-PyCEFR/python-algorithms/recursion_crash_course/src/3_divide_and_conquer/5_merge_two_sorted_list.py,5_merge_two_sorted_list.py,__init__,,2,3,1,A,1,6,4,2.0,A2,1.3333333333333333,"{""A1"": 4, ""A2"": 2}","{""Simple Tuple"": 2, ""Simple Atributte"": 2, ""Simple Assignment"": 1, ""Function with Simple argument"": 1}"
python-algorithms,/home/juan/Documents/Analisis-CC-PyCEFR/python-algorithms/recursion_crash_course/src/3_divide_and_conquer/3_merge_sort.py,3_merge_sort.py,merge,,9,36,7,B,2,41,10,3.0,B1,1.4146341463414633,"{""A1"": 28, ""A2"": 9, ""B1"": 4}","{""Subscript"": 12, ""Simplified incremental Assignment with increase amount"": 9, ""Simple Assignment"": 7, ""Simple Tuple"": 4, ""While with Else Loop"": 4, ""Simple List"": 1, ""Boolean Operation"": 1, ""Assigment with sum (total = total + 1)"": 1, ""Simple If statements"": 1, ""Function with Simple argument"": 1}"
python-algorithms,/home/juan/Documents/Analisis-CC-PyCEFR/python-algorithms/recursion_crash_course/src/3_divide_and_conquer/3_merge_sort.py,3_merge_sort.py,merge_sort,,1,6,2,A,1,3,3,4.0,B2,2.0,"{""A1"": 2, ""B2"": 1}","{""Assigment with sum (total = total + 1)"": 1, ""Simple If statements"": 1, ""Recursive Functions"": 1}"
python-algorithms,/home/juan/Documents/Analisis-CC-PyCEFR/python-algorithms/EPI_prep/src/heaps/5_compute_median_from_a_stream/compute_median.py,compute_median.py,compute_median,,3,20,6,B,2,21,11,2.0,A2,1.0476190476190477,"{""A1"": 20, ""A2"": 1}","{""Unary Operation"": 5, ""Simple List"": 3, ""Simple If statements"": 3, ""Simple Tuple"": 2, ""Simple Assignment"": 2, ""Simple Atributte"": 1, ""Boolean Operation"": 1, ""Subscript"": 1, ""Simple For Loop"": 1, ""Function with Simple argument"": 1}"
python-algorithms,/home/juan/Documents/Analisis-CC-PyCEFR/python-algorithms/EPI_prep/src/heaps/5_compute_median_from_a_stream/compute_median.py,compute_median.py,calculate_median,,23,27,2,A,1,9,5,1.0,A1,1.0,"{""A1"": 9}","{""Subscript"": 3, ""Unary Operation"": 2, ""Return"": 2, ""Simple If statements"": 1, ""Function with Simple argument"": 1}"
python-algorithms,/home/juan/Documents/Analisis-CC-PyCEFR/python-algorithms/EPI_prep/src/heaps/6_k_largest_elements_in_a_heap/k_largest_elements_1.py,k_largest_elements_1.py,k_largest_elements_1,,18,33,4,A,1,14,10,3.0,B1,1.2142857142857142,"{""A1"": 12, ""A2"": 1, ""B1"": 1}","{""Simple Assignment"": 3, ""Simple List"": 2, ""Simple Tuple"": 2, ""Subscript"": 1, ""Simplified incremental Assignment with decrease subtraction"": 1, ""Simple If statements"": 1, ""Simple For Loop"": 1, ""While with Else Loop"": 1, ""Function with Simple argument"": 1, ""Return"": 1}"
python-algorithms,/home/juan/Documents/Analisis-CC-PyCEFR/python-algorithms/EPI_prep/src/heaps/6_k_largest_elements_in_a_heap/k_largest_elements_1.py,k_largest_elements_1.py,k_largest_elements,,4,13,3,A,1,6,6,1.0,A1,1.0,"{""A1"": 6}","{""Simple List"": 1, ""Simple Assignment"": 1, ""Simple If statements"": 1, ""Simple For Loop"": 1, ""Function with Simple argument"": 1, ""Return"": 1}"
python-algorithms,/home/juan/Documents/Analisis-CC-PyCEFR/python-algorithms/EPI_prep/src/heaps/6_k_largest_elements_in_a_heap/k_largest_elements.py,k_largest_elements.py,k_largest_elements,,4,20,4,A,1,25,12,2.0,A2,1.08,"{""A1"": 23, ""A2"": 2}","{""Simple Tuple"": 4, ""Unary Operation"": 4, ""Subscript"": 3, ""Simple Assignment"": 3, ""Simple List"": 2, ""Assigment with sum (total = total + 1)"": 2, ""Simple If statements"": 2, ""'range' call function"": 1, ""Simple Atributte"": 1, ""Simple For Loop"": 1}"
python-algorithms,/home/juan/Documents/Analisis-CC-PyCEFR/python-algorithms/EPI_prep/src/heaps/4_compute_k_closest_stars/k_closest_stars.py,k_closest_stars.py,compute_k_closest_stars,,17,28,4,A,1,17,11,5.0,C1,1.5294117647058822,"{""A1"": 11, ""A2"": 5, ""C1"": 1}","{""Simple Atributte"": 5, ""Simple Tuple"": 2, ""Unary Operation"": 2, ""Simple List"": 1, ""Subscript"": 1, ""Simple List Comprehension"": 1, ""Simple Assignment"": 1, ""Simple If statements"": 1, ""Simple For Loop"": 1, ""Function with Simple argument"": 1}"
python-algorithms,/home/juan/Documents/Analisis-CC-PyCEFR/python-algorithms/EPI_prep/src/heaps/4_compute_k_closest_stars/k_closest_stars.py,k_closest_stars.py,Star,,4,13,2,A,1,18,6,3.0,B1,1.6111111111111112,"{""A2"": 9, ""A1"": 8, ""B1"": 1}","{""Simple Atributte"": 9, ""Function with Simple argument"": 3, ""Simple Tuple"": 2, ""Return"": 2, ""Simple Assignment"": 1, ""Simple Class  Using the constructor method --> __init__"": 1}"
python-algorithms,/home/juan/Documents/Analisis-CC-PyCEFR/python-algorithms/EPI_prep/src/heaps/4_compute_k_closest_stars/k_closest_stars.py,k_closest_stars.py,__init__,,5,6,1,A,1,7,4,2.0,A2,1.4285714285714286,"{""A1"": 4, ""A2"": 3}","{""Simple Atributte"": 3, ""Simple Tuple"": 2, ""Simple Assignment"": 1, ""Function with Simple argument"": 1}"
python-algorithms,/home/juan/Documents/Analisis-CC-PyCEFR/python-algorithms/EPI_prep/src/heaps/4_compute_k_closest_stars/k_closest_stars.py,k_closest_stars.py,distance,,9,10,1,A,1,6,3,2.0,A2,1.6666666666666667,"{""A2"": 4, ""A1"": 2}","{""Simple Atributte"": 4, ""Function with Simple argument"": 1, ""Return"": 1}"
python-algorithms,/home/juan/Documents/Analisis-CC-PyCEFR/python-algorithms/EPI_prep/src/heaps/4_compute_k_closest_stars/k_closest_stars.py,k_closest_stars.py,__lt__,,12,13,1,A,1,4,3,2.0,A2,1.5,"{""A2"": 2, ""A1"": 2}","{""Simple Atributte"": 2, ""Function with Simple argument"": 1, ""Return"": 1}"
python-algorithms,/home/juan/Documents/Analisis-CC-PyCEFR/python-algorithms/EPI_prep/src/heaps/1_merge_sorted_arrays/merge_sorted_arrays.py,merge_sorted_arrays.py,merge_sorted_arrays,,40,59,6,B,2,23,12,6.0,C2,1.565217391304348,"{""A1"": 18, ""A2"": 2, ""C2"": 1, ""C1"": 1, ""B1"": 1}","{""Simple Assignment"": 7, ""Simple Tuple"": 4, ""Simple List"": 2, ""Simple If statements"": 2, ""'enumerate' call function"": 1, ""Simple Atributte"": 1, ""Subscript"": 1, ""Simple List Comprehension"": 1, ""For Loop with Tuple as name"": 1, ""While with Else Loop"": 1}"
python-algorithms,/home/juan/Documents/Analisis-CC-PyCEFR/python-algorithms/EPI_prep/src/heaps/2_sort_increasing_decreasing_array/sort_k_inc_dec_array.py,sort_k_inc_dec_array.py,sort_increasing_decreasing_array,,17,37,9,B,2,31,14,3.0,B1,1.1935483870967742,"{""A1"": 26, ""A2"": 4, ""B1"": 1}","{""Subscript"": 6, ""Simple Assignment"": 5, ""Simple Tuple"": 3, ""Boolean Operation"": 3, ""'range' call function"": 2, ""Simple Atributte"": 2, ""Slice"": 2, ""Simple If statements"": 2, ""Simple List"": 1, ""If statements expression (else)"": 1}"
python-algorithms,/home/juan/Documents/Analisis-CC-PyCEFR/python-algorithms/EPI_prep/src/heaps/2_sort_increasing_decreasing_array/sort_k_inc_dec_array.py,sort_k_inc_dec_array.py,merge_sorted_arrays,,40,59,6,B,2,23,12,6.0,C2,1.565217391304348,"{""A1"": 18, ""A2"": 2, ""C2"": 1, ""C1"": 1, ""B1"": 1}","{""Simple Assignment"": 7, ""Simple Tuple"": 4, ""Simple List"": 2, ""Simple If statements"": 2, ""'enumerate' call function"": 1, ""Simple Atributte"": 1, ""Subscript"": 1, ""Simple List Comprehension"": 1, ""For Loop with Tuple as name"": 1, ""While with Else Loop"": 1}"
python-algorithms,/home/juan/Documents/Analisis-CC-PyCEFR/python-algorithms/EPI_prep/src/heaps/3_sort_almost_sorted_array/sort_approximately_sorted_array.py,sort_approximately_sorted_array.py,sort_approximately_sorted_array,,27,43,4,A,1,15,7,3.0,B1,1.3333333333333333,"{""A1"": 11, ""A2"": 3, ""B1"": 1}","{""Simple Assignment"": 5, ""Simple Atributte"": 3, ""Simple List"": 2, ""Simple For Loop"": 2, ""While with Else Loop"": 1, ""Function with Simple argument"": 1, ""Return"": 1}"
python-algorithms,/home/juan/Documents/Analisis-CC-PyCEFR/python-algorithms/EPI_prep/src/recursion/9_solve_sodoku/solve_sudoku.py,solve_sudoku.py,solveSudoku,,3,49,4,A,1,66,15,4.0,B2,1.3181818181818181,"{""A1"": 48, ""A2"": 16, ""B1"": 1, ""B2"": 1}","{""Subscript"": 19, ""Simple Atributte"": 12, ""Simple Assignment"": 11, ""Simple Tuple"": 5, ""Simple If statements"": 4, ""'range' call function"": 3, ""Return"": 3, ""Simple For Loop"": 2, ""Simple List"": 1, ""Unary Operation"": 1}"
python-algorithms,/home/juan/Documents/Analisis-CC-PyCEFR/python-algorithms/EPI_prep/src/recursion/9_solve_sodoku/solve_sudoku.py,solve_sudoku.py,dfs,solveSudoku,20,47,7,B,2,42,12,4.0,B2,1.3333333333333333,"{""A1"": 31, ""A2"": 9, ""B1"": 1, ""B2"": 1}","{""Subscript"": 14, ""Simple Atributte"": 8, ""Simple Assignment"": 5, ""Simple Tuple"": 3, ""Simple If statements"": 3, ""Return"": 3, ""'range' call function"": 1, ""Unary Operation"": 1, ""Boolean Operation"": 1, ""Simple For Loop"": 1}"
python-algorithms,/home/juan/Documents/Analisis-CC-PyCEFR/python-algorithms/EPI_prep/src/recursion/3_permutations/permutations.py,permutations.py,permutations,,15,30,1,A,1,35,11,4.0,B2,1.2571428571428571,"{""A1"": 28, ""A2"": 6, ""B2"": 1}","{""Simple Assignment"": 8, ""Subscript"": 8, ""Simple Atributte"": 4, ""Simple Tuple"": 4, ""Simple List"": 3, ""'range' call function"": 2, ""Return"": 2, ""Simple If statements"": 1, ""Simple For Loop"": 1, ""Function with Simple argument"": 1}"
python-algorithms,/home/juan/Documents/Analisis-CC-PyCEFR/python-algorithms/EPI_prep/src/recursion/3_permutations/permutations.py,permutations.py,directed_permutation,permutations,16,25,3,A,1,27,10,4.0,B2,1.2592592592592593,"{""A1"": 22, ""A2"": 4, ""B2"": 1}","{""Subscript"": 8, ""Simple Assignment"": 5, ""Simple Tuple"": 4, ""Simple Atributte"": 3, ""Simple List"": 2, ""'range' call function"": 1, ""Simple If statements"": 1, ""Simple For Loop"": 1, ""Recursive Functions"": 1, ""Return"": 1}"
python-algorithms,/home/juan/Documents/Analisis-CC-PyCEFR/python-algorithms/EPI_prep/src/recursion/5_subset_of_size_k/combinations.py,combinations.py,combinations,,1,16,1,A,1,15,11,4.0,B2,1.4666666666666666,"{""A1"": 11, ""A2"": 2, ""B1"": 1, ""B2"": 1}","{""Simple List"": 3, ""Simple Assignment"": 2, ""Return"": 2, ""Simple Atributte"": 1, ""Boolean Operation"": 1, ""Assigment with sum (total = total + 1)"": 1, ""Simplified incremental Assignment with increase amount"": 1, ""Simple If statements"": 1, ""While with Else Loop"": 1, ""Function with Simple argument"": 1}"
python-algorithms,/home/juan/Documents/Analisis-CC-PyCEFR/python-algorithms/EPI_prep/src/recursion/5_subset_of_size_k/combinations.py,combinations.py,directed_combinations,combinations,2,12,4,A,1,10,10,4.0,B2,1.7,"{""A1"": 6, ""A2"": 2, ""B1"": 1, ""B2"": 1}","{""Simple List"": 1, ""Simple Atributte"": 1, ""Boolean Operation"": 1, ""Assigment with sum (total = total + 1)"": 1, ""Simple Assignment"": 1, ""Simplified incremental Assignment with increase amount"": 1, ""Simple If statements"": 1, ""While with Else Loop"": 1, ""Recursive Functions"": 1, ""Return"": 1}"
python-algorithms,/home/juan/Documents/Analisis-CC-PyCEFR/python-algorithms/EPI_prep/src/recursion/1_towers_of_hanoi/towers_of_hanoi.py,towers_of_hanoi.py,compute_towers_of_hanoi,,6,20,2,A,1,18,11,5.0,C1,1.6666666666666667,"{""A1"": 11, ""A2"": 5, ""C1"": 1, ""B2"": 1}","{""Simple List"": 4, ""Simple Atributte"": 3, ""'range' call function"": 2, ""Subscript"": 2, ""Simple List Comprehension"": 1, ""Simple Assignment"": 1, ""Assigment with sum (total = total + 1)"": 1, ""Simple If statements"": 1, ""Function with Simple argument"": 1, ""Recursive Functions"": 1}"
python-algorithms,/home/juan/Documents/Analisis-CC-PyCEFR/python-algorithms/EPI_prep/src/recursion/1_towers_of_hanoi/towers_of_hanoi.py,towers_of_hanoi.py,compute_towers,compute_towers_of_hanoi,7,13,2,A,1,8,5,4.0,B2,1.75,"{""A1"": 4, ""A2"": 3, ""B2"": 1}","{""Simple Atributte"": 3, ""Subscript"": 2, ""Simple List"": 1, ""Simple If statements"": 1, ""Recursive Functions"": 1}"
python-algorithms,/home/juan/Documents/Analisis-CC-PyCEFR/python-algorithms/EPI_prep/src/recursion/0_greatest_common_divisor/gcd.py,gcd.py,gcd,,1,2,2,A,1,3,3,4.0,B2,2.6666666666666665,"{""B1"": 1, ""B2"": 1, ""A1"": 1}","{""If statements expression (else)"": 1, ""Recursive Functions"": 1, ""Return"": 1}"
python-algorithms,/home/juan/Documents/Analisis-CC-PyCEFR/python-algorithms/EPI_prep/src/recursion/8_generate_binary_trees/generate_binary_trees.py,generate_binary_trees.py,generate_binary_trees,,7,22,5,A,1,15,10,4.0,B2,1.4666666666666666,"{""A1"": 10, ""A2"": 4, ""B2"": 1}","{""Simple Assignment"": 3, ""Simple List"": 2, ""1 Nested For Loop"": 2, ""Return"": 2, ""'range' call function"": 1, ""Simple Atributte"": 1, ""Assigment with sum (total = total + 1)"": 1, ""Simple If statements"": 1, ""Simple For Loop"": 1, ""Recursive Functions"": 1}"
python-algorithms,/home/juan/Documents/Analisis-CC-PyCEFR/python-algorithms/EPI_prep/src/recursion/8_generate_binary_trees/generate_binary_trees.py,generate_binary_trees.py,Node,,2,5,2,A,1,9,5,3.0,B1,1.6666666666666667,"{""A1"": 4, ""A2"": 4, ""B1"": 1}","{""Simple Atributte"": 3, ""Simple Tuple"": 2, ""Simple Assignment"": 2, ""Function with Simple argument with Default argument"": 1, ""Simple Class  Using the constructor method --> __init__"": 1}"
python-algorithms,/home/juan/Documents/Analisis-CC-PyCEFR/python-algorithms/EPI_prep/src/recursion/8_generate_binary_trees/generate_binary_trees.py,generate_binary_trees.py,__init__,,3,5,1,A,1,8,4,2.0,A2,1.5,"{""A1"": 4, ""A2"": 4}","{""Simple Atributte"": 3, ""Simple Tuple"": 2, ""Simple Assignment"": 2, ""Function with Simple argument with Default argument"": 1}"
python-algorithms,/home/juan/Documents/Analisis-CC-PyCEFR/python-algorithms/EPI_prep/src/recursion/4_power_set/power_set.py,power_set.py,generate_power_set_iter,,25,36,3,A,1,17,9,2.0,A2,1.411764705882353,"{""A1"": 10, ""A2"": 7}","{""Simple Atributte"": 4, ""Simple Assignment"": 3, ""Simple List"": 2, ""'range' call function"": 2, ""Subscript"": 2, ""1 Nested For Loop"": 1, ""Simple For Loop"": 1, ""Function with Simple argument"": 1, ""Return"": 1}"
python-algorithms,/home/juan/Documents/Analisis-CC-PyCEFR/python-algorithms/EPI_prep/src/recursion/4_power_set/power_set.py,power_set.py,generate_power_set,,4,17,1,A,1,11,8,4.0,B2,1.3636363636363635,"{""A1"": 9, ""A2"": 1, ""B2"": 1}","{""Simple List"": 3, ""Return"": 2, ""Simple Atributte"": 1, ""Subscript"": 1, ""Simple Assignment"": 1, ""Simple If statements"": 1, ""Function with Simple argument"": 1, ""Recursive Functions"": 1}"
python-algorithms,/home/juan/Documents/Analisis-CC-PyCEFR/python-algorithms/EPI_prep/src/recursion/4_power_set/power_set.py,power_set.py,directed_power_set,generate_power_set,6,12,2,A,1,6,6,4.0,B2,1.6666666666666667,"{""A1"": 4, ""A2"": 1, ""B2"": 1}","{""Simple List"": 1, ""Simple Atributte"": 1, ""Subscript"": 1, ""Simple If statements"": 1, ""Recursive Functions"": 1, ""Return"": 1}"
python-algorithms,/home/juan/Documents/Analisis-CC-PyCEFR/python-algorithms/EPI_prep/src/recursion/7_generate_palindromic_decompositions/palindromic_decompositions.py,palindromic_decompositions.py,is_palindrome,,19,25,3,A,1,10,7,3.0,B1,1.2,"{""A1"": 9, ""B1"": 1}","{""Simple Tuple"": 2, ""Subscript"": 2, ""Return"": 2, ""Simple Assignment"": 1, ""Simple If statements"": 1, ""While with Else Loop"": 1, ""Function with Simple argument"": 1}"
python-algorithms,/home/juan/Documents/Analisis-CC-PyCEFR/python-algorithms/EPI_prep/src/recursion/7_generate_palindromic_decompositions/palindromic_decompositions.py,palindromic_decompositions.py,palindromic_decompostions,,3,17,1,A,1,17,12,4.0,B2,1.411764705882353,"{""A1"": 12, ""A2"": 4, ""B2"": 1}","{""Simple Atributte"": 3, ""Simple List"": 2, ""Simple Tuple"": 2, ""Simple If statements"": 2, ""'range' call function"": 1, ""Subscript"": 1, ""Slice"": 1, ""Simple Assignment"": 1, ""Simple For Loop"": 1, ""Function with Simple argument"": 1}"
python-algorithms,/home/juan/Documents/Analisis-CC-PyCEFR/python-algorithms/EPI_prep/src/recursion/7_generate_palindromic_decompositions/palindromic_decompositions.py,palindromic_decompositions.py,directed_palindromic_decompostions,palindromic_decompostions,4,12,4,A,1,10,7,4.0,B2,1.7,"{""A1"": 5, ""A2"": 4, ""B2"": 1}","{""Simple Atributte"": 3, ""Simple If statements"": 2, ""'range' call function"": 1, ""Subscript"": 1, ""Slice"": 1, ""Simple For Loop"": 1, ""Recursive Functions"": 1}"
python-algorithms,/home/juan/Documents/Analisis-CC-PyCEFR/python-algorithms/EPI_prep/src/recursion/6_generate_balanced_parentheses/generate_balanced_parentheses.py,generate_balanced_parentheses.py,generate_balanced_parentheses_bfs,,31,48,8,B,2,31,8,3.0,B1,1.6129032258064515,"{""A2"": 17, ""A1"": 13, ""B1"": 1}","{""Simple Atributte"": 17, ""Simple If statements"": 4, ""Simple Assignment"": 3, ""Simple List"": 2, ""Boolean Operation"": 2, ""While with Else Loop"": 1, ""Function with Simple argument"": 1, ""Return"": 1}"
python-algorithms,/home/juan/Documents/Analisis-CC-PyCEFR/python-algorithms/EPI_prep/src/recursion/6_generate_balanced_parentheses/generate_balanced_parentheses.py,generate_balanced_parentheses.py,generate_balanced_parentheses,,6,22,2,A,1,26,8,4.0,B2,1.6538461538461537,"{""A2"": 14, ""A1"": 11, ""B2"": 1}","{""Simple Atributte"": 14, ""Simple If statements"": 4, ""Boolean Operation"": 2, ""Return"": 2, ""Simple List"": 1, ""Simple Assignment"": 1, ""Function with Simple argument"": 1, ""Recursive Functions"": 1}"
python-algorithms,/home/juan/Documents/Analisis-CC-PyCEFR/python-algorithms/EPI_prep/src/recursion/6_generate_balanced_parentheses/generate_balanced_parentheses.py,generate_balanced_parentheses.py,gen_recursive,generate_balanced_parentheses,11,19,6,B,2,20,4,4.0,B2,1.85,"{""A2"": 14, ""A1"": 5, ""B2"": 1}","{""Simple Atributte"": 14, ""Simple If statements"": 3, ""Boolean Operation"": 2, ""Recursive Functions"": 1}"
python-algorithms,/home/juan/Documents/Analisis-CC-PyCEFR/python-algorithms/EPI_prep/src/recursion/6_generate_balanced_parentheses/generate_balanced_parentheses.py,generate_balanced_parentheses.py,Paren,,2,4,2,A,1,8,5,3.0,B1,1.75,"{""A2"": 4, ""A1"": 3, ""B1"": 1}","{""Simple Atributte"": 3, ""Simple Tuple"": 2, ""Simple Assignment"": 1, ""Function with Simple argument with Default argument"": 1, ""Simple Class  Using the constructor method --> __init__"": 1}"
python-algorithms,/home/juan/Documents/Analisis-CC-PyCEFR/python-algorithms/EPI_prep/src/recursion/6_generate_balanced_parentheses/generate_balanced_parentheses.py,generate_balanced_parentheses.py,__init__,,3,4,1,A,1,7,4,2.0,A2,1.5714285714285714,"{""A2"": 4, ""A1"": 3}","{""Simple Atributte"": 3, ""Simple Tuple"": 2, ""Simple Assignment"": 1, ""Function with Simple argument with Default argument"": 1}"
python-algorithms,/home/juan/Documents/Analisis-CC-PyCEFR/python-algorithms/EPI_prep/src/binary_search_trees/5.1_reconstruct_bst_from_post_order_traversal_data/reconstruct_bst.py,reconstruct_bst.py,postorder_traversal,,30,36,2,A,1,7,4,2.0,A2,1.4285714285714286,"{""A1"": 4, ""A2"": 3}","{""Simple Atributte"": 3, ""Print"": 2, ""Simple List"": 1, ""Simple Assignment"": 1}"
python-algorithms,/home/juan/Documents/Analisis-CC-PyCEFR/python-algorithms/EPI_prep/src/binary_search_trees/5.1_reconstruct_bst_from_post_order_traversal_data/reconstruct_bst.py,reconstruct_bst.py,TreeNode,,1,5,2,A,1,8,4,3.0,B1,1.75,"{""A2"": 4, ""A1"": 3, ""B1"": 1}","{""Simple Atributte"": 3, ""Simple Assignment"": 3, ""Function with Simple argument with Default argument"": 1, ""Simple Class  Using the constructor method --> __init__"": 1}"
python-algorithms,/home/juan/Documents/Analisis-CC-PyCEFR/python-algorithms/EPI_prep/src/binary_search_trees/5.1_reconstruct_bst_from_post_order_traversal_data/reconstruct_bst.py,reconstruct_bst.py,reconstruct_bst,,7,27,1,A,1,19,9,4.0,B2,1.2105263157894737,"{""A1"": 17, ""A2"": 1, ""B2"": 1}","{""Subscript"": 4, ""Simple Assignment"": 4, ""Return"": 4, ""Simple If statements"": 2, ""Simple List"": 1, ""Unary Operation"": 1, ""Simplified incremental Assignment with increase amount"": 1, ""Function with Simple argument"": 1, ""Recursive Functions"": 1}"
python-algorithms,/home/juan/Documents/Analisis-CC-PyCEFR/python-algorithms/EPI_prep/src/binary_search_trees/5.1_reconstruct_bst_from_post_order_traversal_data/reconstruct_bst.py,reconstruct_bst.py,reconstruct_bst_helper,reconstruct_bst,11,25,3,A,1,13,6,2.0,A2,1.0769230769230769,"{""A1"": 12, ""A2"": 1}","{""Return"": 4, ""Subscript"": 3, ""Simple Assignment"": 3, ""Unary Operation"": 1, ""Simplified incremental Assignment with increase amount"": 1, ""Simple If statements"": 1}"
python-algorithms,/home/juan/Documents/Analisis-CC-PyCEFR/python-algorithms/EPI_prep/src/binary_search_trees/5.1_reconstruct_bst_from_post_order_traversal_data/reconstruct_bst.py,reconstruct_bst.py,__init__,,2,5,1,A,1,7,3,2.0,A2,1.5714285714285714,"{""A2"": 4, ""A1"": 3}","{""Simple Atributte"": 3, ""Simple Assignment"": 3, ""Function with Simple argument with Default argument"": 1}"
python-algorithms,/home/juan/Documents/Analisis-CC-PyCEFR/python-algorithms/EPI_prep/src/binary_search_trees/5_reconstruct_bst_from_preorder_traversal_data/reconstruct_bst.py,reconstruct_bst.py,preorder_traversal,,27,33,2,A,1,7,5,4.0,B2,1.8571428571428572,"{""A1"": 3, ""A2"": 3, ""B2"": 1}","{""Simple Atributte"": 3, ""Print"": 1, ""Simple If statements"": 1, ""Recursive Functions"": 1, ""Return"": 1}"
python-algorithms,/home/juan/Documents/Analisis-CC-PyCEFR/python-algorithms/EPI_prep/src/binary_search_trees/5_reconstruct_bst_from_preorder_traversal_data/reconstruct_bst.py,reconstruct_bst.py,TreeNode,,1,5,2,A,1,8,4,3.0,B1,1.75,"{""A2"": 4, ""A1"": 3, ""B1"": 1}","{""Simple Atributte"": 3, ""Simple Assignment"": 3, ""Function with Simple argument with Default argument"": 1, ""Simple Class  Using the constructor method --> __init__"": 1}"
python-algorithms,/home/juan/Documents/Analisis-CC-PyCEFR/python-algorithms/EPI_prep/src/binary_search_trees/5_reconstruct_bst_from_preorder_traversal_data/reconstruct_bst.py,reconstruct_bst.py,reconstruct_bst,,7,24,1,A,1,19,9,4.0,B2,1.2105263157894737,"{""A1"": 17, ""A2"": 1, ""B2"": 1}","{""Subscript"": 4, ""Simple Assignment"": 4, ""Return"": 4, ""Simple If statements"": 2, ""Simple List"": 1, ""Unary Operation"": 1, ""Simplified incremental Assignment with increase amount"": 1, ""Function with Simple argument"": 1, ""Recursive Functions"": 1}"
python-algorithms,/home/juan/Documents/Analisis-CC-PyCEFR/python-algorithms/EPI_prep/src/binary_search_trees/5_reconstruct_bst_from_preorder_traversal_data/reconstruct_bst.py,reconstruct_bst.py,reconstruct_bst_helper,reconstruct_bst,9,22,3,A,1,15,7,4.0,B2,1.2666666666666666,"{""A1"": 13, ""A2"": 1, ""B2"": 1}","{""Subscript"": 4, ""Simple Assignment"": 3, ""Return"": 3, ""Simple If statements"": 2, ""Unary Operation"": 1, ""Simplified incremental Assignment with increase amount"": 1, ""Recursive Functions"": 1}"
python-algorithms,/home/juan/Documents/Analisis-CC-PyCEFR/python-algorithms/EPI_prep/src/binary_search_trees/5_reconstruct_bst_from_preorder_traversal_data/reconstruct_bst.py,reconstruct_bst.py,__init__,,2,5,1,A,1,7,3,2.0,A2,1.5714285714285714,"{""A2"": 4, ""A1"": 3}","{""Simple Atributte"": 3, ""Simple Assignment"": 3, ""Function with Simple argument with Default argument"": 1}"
python-algorithms,/home/juan/Documents/Analisis-CC-PyCEFR/python-algorithms/EPI_prep/src/binary_search_trees/6_closest_entries_in_3_sorted_arrays/close_entries.py,close_entries.py,close_entries,,3,33,6,B,2,39,12,6.0,C2,1.358974358974359,"{""A1"": 30, ""A2"": 7, ""C2"": 1, ""B1"": 1}","{""Simple Assignment"": 13, ""Simple Atributte"": 6, ""Simple Tuple"": 4, ""Subscript"": 4, ""Simple If statements"": 3, ""Simple List"": 2, ""Assigment with sum (total = total + 1)"": 2, ""'enumerate' call function"": 1, ""For Loop with Tuple as name"": 1, ""While with Else Loop"": 1}"
python-algorithms,/home/juan/Documents/Analisis-CC-PyCEFR/python-algorithms/EPI_prep/src/binary_search_trees/9_ordered_bst_nodes/is_bst_ordered.py,is_bst_ordered.py,is_bst_ordered,,25,51,16,C,3,28,9,3.0,B1,1.5714285714285714,"{""A1"": 16, ""A2"": 8, ""B1"": 4}","{""Simple Atributte"": 8, ""Boolean Operation"": 5, ""If statements expression (else)"": 3, ""Simple Assignment"": 3, ""Simple If statements"": 3, ""Simple Tuple"": 2, ""Return"": 2, ""While with Else Loop"": 1, ""Function with Simple argument"": 1}"
python-algorithms,/home/juan/Documents/Analisis-CC-PyCEFR/python-algorithms/EPI_prep/src/binary_search_trees/9_ordered_bst_nodes/is_bst_ordered.py,is_bst_ordered.py,search,,53,56,4,A,1,10,7,3.0,B1,1.8,"{""A2"": 4, ""A1"": 4, ""B1"": 2}","{""Simple Atributte"": 4, ""If statements expression (else)"": 1, ""Boolean Operation"": 1, ""Simple Assignment"": 1, ""While with Else Loop"": 1, ""Function with Simple argument"": 1, ""Return"": 1}"
python-algorithms,/home/juan/Documents/Analisis-CC-PyCEFR/python-algorithms/EPI_prep/src/binary_search_trees/9_ordered_bst_nodes/is_bst_ordered.py,is_bst_ordered.py,TreeNode,,1,5,2,A,1,8,4,3.0,B1,1.75,"{""A2"": 4, ""A1"": 3, ""B1"": 1}","{""Simple Atributte"": 3, ""Simple Assignment"": 3, ""Function with Simple argument with Default argument"": 1, ""Simple Class  Using the constructor method --> __init__"": 1}"
python-algorithms,/home/juan/Documents/Analisis-CC-PyCEFR/python-algorithms/EPI_prep/src/binary_search_trees/9_ordered_bst_nodes/is_bst_ordered.py,is_bst_ordered.py,__init__,,2,5,1,A,1,7,3,2.0,A2,1.5714285714285714,"{""A2"": 4, ""A1"": 3}","{""Simple Atributte"": 3, ""Simple Assignment"": 3, ""Function with Simple argument with Default argument"": 1}"
python-algorithms,/home/juan/Documents/Analisis-CC-PyCEFR/python-algorithms/EPI_prep/src/binary_search_trees/11_add_credits/add_credits.py,add_credits.py,ClientsCreditInfo,,33,79,3,A,1,66,14,3.0,B1,1.5,"{""A1"": 36, ""A2"": 27, ""B1"": 3}","{""Simple Atributte"": 25, ""Subscript"": 7, ""Simple Assignment"": 7, ""Function with Simple argument"": 6, ""Return"": 5, ""Unary Operation"": 4, ""Simple If statements"": 3, ""If statements expression (else)"": 2, ""Delete"": 2, ""Simple Dictionary"": 1}"
python-algorithms,/home/juan/Documents/Analisis-CC-PyCEFR/python-algorithms/EPI_prep/src/binary_search_trees/11_add_credits/add_credits.py,add_credits.py,remove,,51,62,3,A,1,20,8,2.0,A2,1.35,"{""A1"": 13, ""A2"": 7}","{""Simple Atributte"": 7, ""Subscript"": 4, ""Delete"": 2, ""Simple If statements"": 2, ""Return"": 2, ""Unary Operation"": 1, ""Simple Assignment"": 1, ""Function with Simple argument"": 1}"
python-algorithms,/home/juan/Documents/Analisis-CC-PyCEFR/python-algorithms/EPI_prep/src/binary_search_trees/11_add_credits/add_credits.py,add_credits.py,max,,74,79,3,A,1,12,8,3.0,B1,1.4166666666666667,"{""A1"": 8, ""A2"": 3, ""B1"": 1}","{""Simple Atributte"": 3, ""Unary Operation"": 2, ""Return"": 2, ""If statements expression (else)"": 1, ""Subscript"": 1, ""Simple Assignment"": 1, ""Simple If statements"": 1, ""Function with Simple argument"": 1}"
python-algorithms,/home/juan/Documents/Analisis-CC-PyCEFR/python-algorithms/EPI_prep/src/binary_search_trees/11_add_credits/add_credits.py,add_credits.py,lookup,,65,67,2,A,1,8,6,3.0,B1,1.625,"{""A1"": 4, ""A2"": 3, ""B1"": 1}","{""Simple Atributte"": 3, ""If statements expression (else)"": 1, ""Unary Operation"": 1, ""Simple Assignment"": 1, ""Function with Simple argument"": 1, ""Return"": 1}"
python-algorithms,/home/juan/Documents/Analisis-CC-PyCEFR/python-algorithms/EPI_prep/src/binary_search_trees/11_add_credits/add_credits.py,add_credits.py,__init__,,34,37,1,A,1,9,4,2.0,A2,1.5555555555555556,"{""A2"": 5, ""A1"": 4}","{""Simple Atributte"": 4, ""Simple Assignment"": 3, ""Simple Dictionary"": 1, ""Function with Simple argument"": 1}"
python-algorithms,/home/juan/Documents/Analisis-CC-PyCEFR/python-algorithms/EPI_prep/src/binary_search_trees/11_add_credits/add_credits.py,add_credits.py,insert,,42,47,1,A,1,13,6,2.0,A2,1.5384615384615385,"{""A2"": 7, ""A1"": 6}","{""Simple Atributte"": 7, ""Subscript"": 2, ""Print"": 1, ""Assigment with sum (total = total + 1)"": 1, ""Simple Assignment"": 1, ""Function with Simple argument"": 1}"
python-algorithms,/home/juan/Documents/Analisis-CC-PyCEFR/python-algorithms/EPI_prep/src/binary_search_trees/11_add_credits/add_credits.py,add_credits.py,add_to_all,,70,71,1,A,1,3,3,2.0,A2,1.6666666666666667,"{""A2"": 2, ""A1"": 1}","{""Simple Atributte"": 1, ""Simplified incremental Assignment with increase amount"": 1, ""Function with Simple argument"": 1}"
python-algorithms,/home/juan/Documents/Analisis-CC-PyCEFR/python-algorithms/EPI_prep/src/binary_search_trees/7_enumerate_numbers_of_the_form_a+b_sqrt2/enumerate_numbers.py,enumerate_numbers.py,generate_first_k_a_b_sqrt2,,16,28,2,A,1,21,8,3.0,B1,1.4285714285714286,"{""A1"": 13, ""A2"": 7, ""B1"": 1}","{""Simple Atributte"": 7, ""Simple Assignment"": 5, ""Subscript"": 3, ""Simple List"": 2, ""Simple Tuple"": 1, ""While with Else Loop"": 1, ""Function with Simple argument"": 1, ""Return"": 1}"
python-algorithms,/home/juan/Documents/Analisis-CC-PyCEFR/python-algorithms/EPI_prep/src/binary_search_trees/7_enumerate_numbers_of_the_form_a+b_sqrt2/enumerate_numbers.py,enumerate_numbers.py,ABSqrt2,,4,13,2,A,1,17,7,3.0,B1,1.5294117647058822,"{""A1"": 9, ""A2"": 7, ""B1"": 1}","{""Simple Atributte"": 7, ""Function with Simple argument"": 3, ""Simple Tuple"": 2, ""Return"": 2, ""Simple Assignment"": 1, ""Assigment with sum (total = total + 1)"": 1, ""Simple Class  Using the constructor method --> __init__"": 1}"
python-algorithms,/home/juan/Documents/Analisis-CC-PyCEFR/python-algorithms/EPI_prep/src/binary_search_trees/7_enumerate_numbers_of_the_form_a+b_sqrt2/enumerate_numbers.py,enumerate_numbers.py,__init__,,5,7,1,A,1,8,5,2.0,A2,1.375,"{""A1"": 5, ""A2"": 3}","{""Simple Atributte"": 3, ""Simple Tuple"": 2, ""Simple Assignment"": 1, ""Assigment with sum (total = total + 1)"": 1, ""Function with Simple argument"": 1}"
python-algorithms,/home/juan/Documents/Analisis-CC-PyCEFR/python-algorithms/EPI_prep/src/binary_search_trees/7_enumerate_numbers_of_the_form_a+b_sqrt2/enumerate_numbers.py,enumerate_numbers.py,__lt__,,9,10,1,A,1,4,3,2.0,A2,1.5,"{""A2"": 2, ""A1"": 2}","{""Simple Atributte"": 2, ""Function with Simple argument"": 1, ""Return"": 1}"
python-algorithms,/home/juan/Documents/Analisis-CC-PyCEFR/python-algorithms/EPI_prep/src/binary_search_trees/7_enumerate_numbers_of_the_form_a+b_sqrt2/enumerate_numbers.py,enumerate_numbers.py,__eq__,,12,13,1,A,1,4,3,2.0,A2,1.5,"{""A2"": 2, ""A1"": 2}","{""Simple Atributte"": 2, ""Function with Simple argument"": 1, ""Return"": 1}"
python-algorithms,/home/juan/Documents/Analisis-CC-PyCEFR/python-algorithms/EPI_prep/src/binary_search_trees/7_enumerate_numbers_of_the_form_a+b_sqrt2/enumerate_numbers_1.py,enumerate_numbers_1.py,generate_first_k_a_b_sqrt2,,16,30,5,A,1,32,12,5.0,C1,1.53125,"{""A1"": 18, ""A2"": 13, ""C1"": 1}","{""Simple Atributte"": 10, ""Subscript"": 6, ""Simple Assignment"": 4, ""Unary Operation"": 2, ""Simplified incremental Assignment with increase amount"": 2, ""Simple If statements"": 2, ""Simple List"": 1, ""'range' call function"": 1, ""Simple List Comprehension"": 1, ""Simple For Loop"": 1}"
python-algorithms,/home/juan/Documents/Analisis-CC-PyCEFR/python-algorithms/EPI_prep/src/binary_search_trees/7_enumerate_numbers_of_the_form_a+b_sqrt2/enumerate_numbers_1.py,enumerate_numbers_1.py,ABSqrt2,,3,12,2,A,1,17,7,3.0,B1,1.5294117647058822,"{""A1"": 9, ""A2"": 7, ""B1"": 1}","{""Simple Atributte"": 7, ""Function with Simple argument"": 3, ""Simple Tuple"": 2, ""Return"": 2, ""Simple Assignment"": 1, ""Assigment with sum (total = total + 1)"": 1, ""Simple Class  Using the constructor method --> __init__"": 1}"
python-algorithms,/home/juan/Documents/Analisis-CC-PyCEFR/python-algorithms/EPI_prep/src/binary_search_trees/7_enumerate_numbers_of_the_form_a+b_sqrt2/enumerate_numbers_1.py,enumerate_numbers_1.py,__init__,,4,6,1,A,1,8,5,2.0,A2,1.375,"{""A1"": 5, ""A2"": 3}","{""Simple Atributte"": 3, ""Simple Tuple"": 2, ""Simple Assignment"": 1, ""Assigment with sum (total = total + 1)"": 1, ""Function with Simple argument"": 1}"
python-algorithms,/home/juan/Documents/Analisis-CC-PyCEFR/python-algorithms/EPI_prep/src/binary_search_trees/7_enumerate_numbers_of_the_form_a+b_sqrt2/enumerate_numbers_1.py,enumerate_numbers_1.py,__lt__,,8,9,1,A,1,4,3,2.0,A2,1.5,"{""A2"": 2, ""A1"": 2}","{""Simple Atributte"": 2, ""Function with Simple argument"": 1, ""Return"": 1}"
python-algorithms,/home/juan/Documents/Analisis-CC-PyCEFR/python-algorithms/EPI_prep/src/binary_search_trees/7_enumerate_numbers_of_the_form_a+b_sqrt2/enumerate_numbers_1.py,enumerate_numbers_1.py,__eq__,,11,12,1,A,1,4,3,2.0,A2,1.5,"{""A2"": 2, ""A1"": 2}","{""Simple Atributte"": 2, ""Function with Simple argument"": 1, ""Return"": 1}"
python-algorithms,/home/juan/Documents/Analisis-CC-PyCEFR/python-algorithms/EPI_prep/src/binary_search_trees/10_range_look_up_problem/range_lookup.py,range_lookup.py,TreeNode,,1,5,2,A,1,8,4,3.0,B1,1.75,"{""A2"": 4, ""A1"": 3, ""B1"": 1}","{""Simple Atributte"": 3, ""Simple Assignment"": 3, ""Function with Simple argument with Default argument"": 1, ""Simple Class  Using the constructor method --> __init__"": 1}"
python-algorithms,/home/juan/Documents/Analisis-CC-PyCEFR/python-algorithms/EPI_prep/src/binary_search_trees/10_range_look_up_problem/range_lookup.py,range_lookup.py,range_lookup,,9,26,1,A,1,22,9,4.0,B2,1.5,"{""A1"": 13, ""A2"": 8, ""B2"": 1}","{""Simple Atributte"": 8, ""Simple If statements"": 3, ""Simple Tuple"": 2, ""Subscript"": 2, ""Simple Assignment"": 2, ""Return"": 2, ""Simple List"": 1, ""Function with Simple argument"": 1, ""Recursive Functions"": 1}"
python-algorithms,/home/juan/Documents/Analisis-CC-PyCEFR/python-algorithms/EPI_prep/src/binary_search_trees/10_range_look_up_problem/range_lookup.py,range_lookup.py,range_lookup_helper,range_lookup,12,23,4,A,1,13,4,4.0,B2,1.8461538461538463,"{""A2"": 8, ""A1"": 4, ""B2"": 1}","{""Simple Atributte"": 8, ""Simple If statements"": 3, ""Recursive Functions"": 1, ""Return"": 1}"
python-algorithms,/home/juan/Documents/Analisis-CC-PyCEFR/python-algorithms/EPI_prep/src/binary_search_trees/10_range_look_up_problem/range_lookup.py,range_lookup.py,__init__,,2,5,1,A,1,7,3,2.0,A2,1.5714285714285714,"{""A2"": 4, ""A1"": 3}","{""Simple Atributte"": 3, ""Simple Assignment"": 3, ""Function with Simple argument with Default argument"": 1}"
python-algorithms,/home/juan/Documents/Analisis-CC-PyCEFR/python-algorithms/EPI_prep/src/binary_search_trees/1_check_if_bst_satisfies_bst_property/is_bst_2.py,is_bst_2.py,is_bst_valid,,20,37,6,B,2,35,9,3.0,B1,1.6571428571428573,"{""A2"": 21, ""A1"": 13, ""B1"": 1}","{""Simple Atributte"": 21, ""Simple If statements"": 4, ""Simple Assignment"": 3, ""Return"": 2, ""Simple List"": 1, ""Simple Tuple"": 1, ""Unary Operation"": 1, ""While with Else Loop"": 1, ""Function with Simple argument"": 1}"
python-algorithms,/home/juan/Documents/Analisis-CC-PyCEFR/python-algorithms/EPI_prep/src/binary_search_trees/1_check_if_bst_satisfies_bst_property/is_bst_2.py,is_bst_2.py,TreeNode,,3,7,2,A,1,8,4,3.0,B1,1.75,"{""A2"": 4, ""A1"": 3, ""B1"": 1}","{""Simple Atributte"": 3, ""Simple Assignment"": 3, ""Function with Simple argument with Default argument"": 1, ""Simple Class  Using the constructor method --> __init__"": 1}"
python-algorithms,/home/juan/Documents/Analisis-CC-PyCEFR/python-algorithms/EPI_prep/src/binary_search_trees/1_check_if_bst_satisfies_bst_property/is_bst_2.py,is_bst_2.py,__init__,,4,7,1,A,1,7,3,2.0,A2,1.5714285714285714,"{""A2"": 4, ""A1"": 3}","{""Simple Atributte"": 3, ""Simple Assignment"": 3, ""Function with Simple argument with Default argument"": 1}"
python-algorithms,/home/juan/Documents/Analisis-CC-PyCEFR/python-algorithms/EPI_prep/src/binary_search_trees/1_check_if_bst_satisfies_bst_property/is_bst.py,is_bst.py,is_valid,,15,22,4,A,1,14,6,4.0,B2,1.5714285714285714,"{""A1"": 8, ""A2"": 5, ""B2"": 1}","{""Simple Atributte"": 5, ""Return"": 3, ""Unary Operation"": 2, ""Simple If statements"": 2, ""Boolean Operation"": 1, ""Recursive Functions"": 1}"
python-algorithms,/home/juan/Documents/Analisis-CC-PyCEFR/python-algorithms/EPI_prep/src/binary_search_trees/1_check_if_bst_satisfies_bst_property/is_bst.py,is_bst.py,TreeNode,,6,10,2,A,1,8,4,3.0,B1,1.75,"{""A2"": 4, ""A1"": 3, ""B1"": 1}","{""Simple Atributte"": 3, ""Simple Assignment"": 3, ""Function with Simple argument with Default argument"": 1, ""Simple Class  Using the constructor method --> __init__"": 1}"
python-algorithms,/home/juan/Documents/Analisis-CC-PyCEFR/python-algorithms/EPI_prep/src/binary_search_trees/1_check_if_bst_satisfies_bst_property/is_bst.py,is_bst.py,is_bst,,12,13,1,A,1,2,2,1.0,A1,1.0,"{""A1"": 2}","{""Function with Simple argument"": 1, ""Return"": 1}"
python-algorithms,/home/juan/Documents/Analisis-CC-PyCEFR/python-algorithms/EPI_prep/src/binary_search_trees/1_check_if_bst_satisfies_bst_property/is_bst.py,is_bst.py,__init__,,7,10,1,A,1,7,3,2.0,A2,1.5714285714285714,"{""A2"": 4, ""A1"": 3}","{""Simple Atributte"": 3, ""Simple Assignment"": 3, ""Function with Simple argument with Default argument"": 1}"
python-algorithms,/home/juan/Documents/Analisis-CC-PyCEFR/python-algorithms/EPI_prep/src/binary_search_trees/8_build_minimum_height_bst/min_height_bst_2.py,min_height_bst_2.py,build_min_height_bst,,8,22,2,A,1,13,8,4.0,B2,1.2307692307692308,"{""A1"": 12, ""B2"": 1}","{""Return"": 4, ""Simple Tuple"": 2, ""Simple If statements"": 2, ""Subscript"": 1, ""Simple Assignment"": 1, ""Assigment with sum (total = total + 1)"": 1, ""Function with Simple argument"": 1, ""Recursive Functions"": 1}"
python-algorithms,/home/juan/Documents/Analisis-CC-PyCEFR/python-algorithms/EPI_prep/src/binary_search_trees/8_build_minimum_height_bst/min_height_bst_2.py,min_height_bst_2.py,build_bst,build_min_height_bst,14,20,2,A,1,6,5,4.0,B2,1.5,"{""A1"": 5, ""B2"": 1}","{""Return"": 2, ""Subscript"": 1, ""Assigment with sum (total = total + 1)"": 1, ""Simple If statements"": 1, ""Recursive Functions"": 1}"
python-algorithms,/home/juan/Documents/Analisis-CC-PyCEFR/python-algorithms/EPI_prep/src/binary_search_trees/8_build_minimum_height_bst/min_height_bst_2.py,min_height_bst_2.py,inorder,,25,31,2,A,1,7,5,4.0,B2,1.8571428571428572,"{""A1"": 3, ""A2"": 3, ""B2"": 1}","{""Simple Atributte"": 3, ""Print"": 1, ""Simple If statements"": 1, ""Recursive Functions"": 1, ""Return"": 1}"
python-algorithms,/home/juan/Documents/Analisis-CC-PyCEFR/python-algorithms/EPI_prep/src/binary_search_trees/8_build_minimum_height_bst/min_height_bst_2.py,min_height_bst_2.py,TreeNode,,1,4,2,A,1,9,5,3.0,B1,1.6666666666666667,"{""A1"": 4, ""A2"": 4, ""B1"": 1}","{""Simple Atributte"": 3, ""Simple Tuple"": 2, ""Simple Assignment"": 2, ""Function with Simple argument with Default argument"": 1, ""Simple Class  Using the constructor method --> __init__"": 1}"
python-algorithms,/home/juan/Documents/Analisis-CC-PyCEFR/python-algorithms/EPI_prep/src/binary_search_trees/8_build_minimum_height_bst/min_height_bst_2.py,min_height_bst_2.py,__init__,,2,4,1,A,1,8,4,2.0,A2,1.5,"{""A1"": 4, ""A2"": 4}","{""Simple Atributte"": 3, ""Simple Tuple"": 2, ""Simple Assignment"": 2, ""Function with Simple argument with Default argument"": 1}"
python-algorithms,/home/juan/Documents/Analisis-CC-PyCEFR/python-algorithms/EPI_prep/src/binary_search_trees/8_build_minimum_height_bst/min_height_bst.py,min_height_bst.py,build_min_height_bst,,8,26,2,A,1,16,8,4.0,B2,1.1875,"{""A1"": 15, ""B2"": 1}","{""Return"": 4, ""Simple Assignment"": 3, ""Simple If statements"": 3, ""Simple Tuple"": 2, ""Subscript"": 1, ""Assigment with sum (total = total + 1)"": 1, ""Function with Simple argument"": 1, ""Recursive Functions"": 1}"
python-algorithms,/home/juan/Documents/Analisis-CC-PyCEFR/python-algorithms/EPI_prep/src/binary_search_trees/8_build_minimum_height_bst/min_height_bst.py,min_height_bst.py,build_bst,build_min_height_bst,14,24,3,A,1,9,6,4.0,B2,1.3333333333333333,"{""A1"": 8, ""B2"": 1}","{""Simple Assignment"": 2, ""Simple If statements"": 2, ""Return"": 2, ""Subscript"": 1, ""Assigment with sum (total = total + 1)"": 1, ""Recursive Functions"": 1}"
python-algorithms,/home/juan/Documents/Analisis-CC-PyCEFR/python-algorithms/EPI_prep/src/binary_search_trees/8_build_minimum_height_bst/min_height_bst.py,min_height_bst.py,inorder,,29,35,2,A,1,7,5,4.0,B2,1.8571428571428572,"{""A1"": 3, ""A2"": 3, ""B2"": 1}","{""Simple Atributte"": 3, ""Print"": 1, ""Simple If statements"": 1, ""Recursive Functions"": 1, ""Return"": 1}"
python-algorithms,/home/juan/Documents/Analisis-CC-PyCEFR/python-algorithms/EPI_prep/src/binary_search_trees/8_build_minimum_height_bst/min_height_bst.py,min_height_bst.py,TreeNode,,1,4,2,A,1,9,5,3.0,B1,1.6666666666666667,"{""A1"": 4, ""A2"": 4, ""B1"": 1}","{""Simple Atributte"": 3, ""Simple Tuple"": 2, ""Simple Assignment"": 2, ""Function with Simple argument with Default argument"": 1, ""Simple Class  Using the constructor method --> __init__"": 1}"
python-algorithms,/home/juan/Documents/Analisis-CC-PyCEFR/python-algorithms/EPI_prep/src/binary_search_trees/8_build_minimum_height_bst/min_height_bst.py,min_height_bst.py,__init__,,2,4,1,A,1,8,4,2.0,A2,1.5,"{""A1"": 4, ""A2"": 4}","{""Simple Atributte"": 3, ""Simple Tuple"": 2, ""Simple Assignment"": 2, ""Function with Simple argument with Default argument"": 1}"
python-algorithms,/home/juan/Documents/Analisis-CC-PyCEFR/python-algorithms/EPI_prep/src/binary_search_trees/0_search_bst/search_bst.py,search_bst.py,search_bst,,7,14,4,A,1,11,4,4.0,B2,1.6363636363636365,"{""A1"": 6, ""A2"": 4, ""B2"": 1}","{""Simple Atributte"": 4, ""Simple If statements"": 3, ""Return"": 3, ""Recursive Functions"": 1}"
python-algorithms,/home/juan/Documents/Analisis-CC-PyCEFR/python-algorithms/EPI_prep/src/binary_search_trees/0_search_bst/search_bst.py,search_bst.py,TreeNode,,1,5,2,A,1,8,4,3.0,B1,1.75,"{""A2"": 4, ""A1"": 3, ""B1"": 1}","{""Simple Atributte"": 3, ""Simple Assignment"": 3, ""Function with Simple argument with Default argument"": 1, ""Simple Class  Using the constructor method --> __init__"": 1}"
python-algorithms,/home/juan/Documents/Analisis-CC-PyCEFR/python-algorithms/EPI_prep/src/binary_search_trees/0_search_bst/search_bst.py,search_bst.py,__init__,,2,5,1,A,1,7,3,2.0,A2,1.5714285714285714,"{""A2"": 4, ""A1"": 3}","{""Simple Atributte"": 3, ""Simple Assignment"": 3, ""Function with Simple argument with Default argument"": 1}"
python-algorithms,/home/juan/Documents/Analisis-CC-PyCEFR/python-algorithms/EPI_prep/src/binary_search_trees/3_k_largest_in_bst/k_largest_3.py,k_largest_3.py,find_k_largest,,10,27,2,A,1,17,10,4.0,B2,1.4705882352941178,"{""A1"": 11, ""A2"": 5, ""B2"": 1}","{""Simple Atributte"": 4, ""Simple List"": 2, ""Unary Operation"": 2, ""Simple Assignment"": 2, ""Return"": 2, ""'range' call function"": 1, ""Simple If statements"": 1, ""Simple For Loop"": 1, ""Function with Simple argument"": 1, ""Recursive Functions"": 1}"
python-algorithms,/home/juan/Documents/Analisis-CC-PyCEFR/python-algorithms/EPI_prep/src/binary_search_trees/3_k_largest_in_bst/k_largest_3.py,k_largest_3.py,inorder,find_k_largest,13,19,2,A,1,7,5,4.0,B2,1.8571428571428572,"{""A2"": 3, ""A1"": 3, ""B2"": 1}","{""Simple Atributte"": 3, ""Unary Operation"": 1, ""Simple If statements"": 1, ""Recursive Functions"": 1, ""Return"": 1}"
python-algorithms,/home/juan/Documents/Analisis-CC-PyCEFR/python-algorithms/EPI_prep/src/binary_search_trees/3_k_largest_in_bst/k_largest_3.py,k_largest_3.py,TreeNode,,4,8,2,A,1,8,4,3.0,B1,1.75,"{""A2"": 4, ""A1"": 3, ""B1"": 1}","{""Simple Atributte"": 3, ""Simple Assignment"": 3, ""Function with Simple argument with Default argument"": 1, ""Simple Class  Using the constructor method --> __init__"": 1}"
python-algorithms,/home/juan/Documents/Analisis-CC-PyCEFR/python-algorithms/EPI_prep/src/binary_search_trees/3_k_largest_in_bst/k_largest_3.py,k_largest_3.py,__init__,,5,8,1,A,1,7,3,2.0,A2,1.5714285714285714,"{""A2"": 4, ""A1"": 3}","{""Simple Atributte"": 3, ""Simple Assignment"": 3, ""Function with Simple argument with Default argument"": 1}"
python-algorithms,/home/juan/Documents/Analisis-CC-PyCEFR/python-algorithms/EPI_prep/src/binary_search_trees/3_k_largest_in_bst/k_largest_2.py,k_largest_2.py,find_k_largest,,19,36,2,A,1,16,9,4.0,B2,1.625,"{""A1"": 8, ""A2"": 7, ""B2"": 1}","{""Simple Atributte"": 6, ""Simple Assignment"": 2, ""Return"": 2, ""Simple List"": 1, ""'range' call function"": 1, ""Simple If statements"": 1, ""Simple For Loop"": 1, ""Function with Simple argument"": 1, ""Recursive Functions"": 1}"
python-algorithms,/home/juan/Documents/Analisis-CC-PyCEFR/python-algorithms/EPI_prep/src/binary_search_trees/3_k_largest_in_bst/k_largest_2.py,k_largest_2.py,inorder,find_k_largest,22,28,2,A,1,7,4,4.0,B2,2.0,"{""A2"": 4, ""A1"": 2, ""B2"": 1}","{""Simple Atributte"": 4, ""Simple If statements"": 1, ""Recursive Functions"": 1, ""Return"": 1}"
python-algorithms,/home/juan/Documents/Analisis-CC-PyCEFR/python-algorithms/EPI_prep/src/binary_search_trees/3_k_largest_in_bst/k_largest_2.py,k_largest_2.py,TreeNode,,5,9,2,A,1,8,4,3.0,B1,1.75,"{""A2"": 4, ""A1"": 3, ""B1"": 1}","{""Simple Atributte"": 3, ""Simple Assignment"": 3, ""Function with Simple argument with Default argument"": 1, ""Simple Class  Using the constructor method --> __init__"": 1}"
python-algorithms,/home/juan/Documents/Analisis-CC-PyCEFR/python-algorithms/EPI_prep/src/binary_search_trees/3_k_largest_in_bst/k_largest_2.py,k_largest_2.py,__init__,,6,9,1,A,1,7,3,2.0,A2,1.5714285714285714,"{""A2"": 4, ""A1"": 3}","{""Simple Atributte"": 3, ""Simple Assignment"": 3, ""Function with Simple argument with Default argument"": 1}"
python-algorithms,/home/juan/Documents/Analisis-CC-PyCEFR/python-algorithms/EPI_prep/src/binary_search_trees/3_k_largest_in_bst/k_largest_1.py,k_largest_1.py,TreeNode,,5,9,2,A,1,8,4,3.0,B1,1.75,"{""A2"": 4, ""A1"": 3, ""B1"": 1}","{""Simple Atributte"": 3, ""Simple Assignment"": 3, ""Function with Simple argument with Default argument"": 1, ""Simple Class  Using the constructor method --> __init__"": 1}"
python-algorithms,/home/juan/Documents/Analisis-CC-PyCEFR/python-algorithms/EPI_prep/src/binary_search_trees/3_k_largest_in_bst/k_largest_1.py,k_largest_1.py,find_k_largest,,15,27,1,A,1,12,8,4.0,B2,1.5833333333333333,"{""A1"": 7, ""A2"": 4, ""B2"": 1}","{""Simple Atributte"": 4, ""Simple If statements"": 2, ""Simple List"": 1, ""Boolean Operation"": 1, ""Simple Assignment"": 1, ""Function with Simple argument"": 1, ""Recursive Functions"": 1, ""Return"": 1}"
python-algorithms,/home/juan/Documents/Analisis-CC-PyCEFR/python-algorithms/EPI_prep/src/binary_search_trees/3_k_largest_in_bst/k_largest_1.py,k_largest_1.py,find_k_largest_helper,find_k_largest,17,23,4,A,1,8,4,4.0,B2,1.875,"{""A2"": 4, ""A1"": 3, ""B2"": 1}","{""Simple Atributte"": 4, ""Simple If statements"": 2, ""Boolean Operation"": 1, ""Recursive Functions"": 1}"
python-algorithms,/home/juan/Documents/Analisis-CC-PyCEFR/python-algorithms/EPI_prep/src/binary_search_trees/3_k_largest_in_bst/k_largest_1.py,k_largest_1.py,__init__,,6,9,1,A,1,7,3,2.0,A2,1.5714285714285714,"{""A2"": 4, ""A1"": 3}","{""Simple Atributte"": 3, ""Simple Assignment"": 3, ""Function with Simple argument with Default argument"": 1}"
python-algorithms,/home/juan/Documents/Analisis-CC-PyCEFR/python-algorithms/EPI_prep/src/binary_search_trees/4_lca_in_a_bst/find_lca.py,find_lca.py,find_lca,,7,16,6,B,2,20,7,3.0,B1,1.6,"{""A2"": 10, ""A1"": 9, ""B1"": 1}","{""Simple Atributte"": 10, ""Boolean Operation"": 2, ""Simple Assignment"": 2, ""Simple If statements"": 2, ""Return"": 2, ""While with Else Loop"": 1, ""Function with Simple argument"": 1}"
python-algorithms,/home/juan/Documents/Analisis-CC-PyCEFR/python-algorithms/EPI_prep/src/binary_search_trees/4_lca_in_a_bst/find_lca.py,find_lca.py,TreeNode,,1,5,2,A,1,8,4,3.0,B1,1.75,"{""A2"": 4, ""A1"": 3, ""B1"": 1}","{""Simple Atributte"": 3, ""Simple Assignment"": 3, ""Function with Simple argument with Default argument"": 1, ""Simple Class  Using the constructor method --> __init__"": 1}"
python-algorithms,/home/juan/Documents/Analisis-CC-PyCEFR/python-algorithms/EPI_prep/src/binary_search_trees/4_lca_in_a_bst/find_lca.py,find_lca.py,find_lca_recursive,,18,30,1,A,1,22,6,4.0,B2,1.5909090909090908,"{""A1"": 11, ""A2"": 10, ""B2"": 1}","{""Simple Atributte"": 10, ""Return"": 5, ""Simple If statements"": 3, ""Boolean Operation"": 2, ""Function with Simple argument"": 1, ""Recursive Functions"": 1}"
python-algorithms,/home/juan/Documents/Analisis-CC-PyCEFR/python-algorithms/EPI_prep/src/binary_search_trees/4_lca_in_a_bst/find_lca.py,find_lca.py,find_lca_helper,find_lca_recursive,19,28,6,B,2,20,5,4.0,B2,1.65,"{""A2"": 10, ""A1"": 9, ""B2"": 1}","{""Simple Atributte"": 10, ""Return"": 4, ""Simple If statements"": 3, ""Boolean Operation"": 2, ""Recursive Functions"": 1}"
python-algorithms,/home/juan/Documents/Analisis-CC-PyCEFR/python-algorithms/EPI_prep/src/binary_search_trees/4_lca_in_a_bst/find_lca.py,find_lca.py,__init__,,2,5,1,A,1,7,3,2.0,A2,1.5714285714285714,"{""A2"": 4, ""A1"": 3}","{""Simple Atributte"": 3, ""Simple Assignment"": 3, ""Function with Simple argument with Default argument"": 1}"
python-algorithms,/home/juan/Documents/Analisis-CC-PyCEFR/python-algorithms/EPI_prep/src/binary_search_trees/2_find_first_key_greater_than_a_value_in_bst/find_first_greater_than_k.py,find_first_greater_than_k.py,find_first_greater_than_than_k,,10,18,3,A,1,14,7,3.0,B1,1.3571428571428572,"{""A1"": 10, ""A2"": 3, ""B1"": 1}","{""Simple Tuple"": 4, ""Simple Atributte"": 3, ""Simple Assignment"": 3, ""Simple If statements"": 1, ""While with Else Loop"": 1, ""Function with Simple argument"": 1, ""Return"": 1}"
python-algorithms,/home/juan/Documents/Analisis-CC-PyCEFR/python-algorithms/EPI_prep/src/binary_search_trees/2_find_first_key_greater_than_a_value_in_bst/find_first_greater_than_k.py,find_first_greater_than_k.py,TreeNode,,4,8,2,A,1,8,4,3.0,B1,1.75,"{""A2"": 4, ""A1"": 3, ""B1"": 1}","{""Simple Atributte"": 3, ""Simple Assignment"": 3, ""Function with Simple argument with Default argument"": 1, ""Simple Class  Using the constructor method --> __init__"": 1}"
python-algorithms,/home/juan/Documents/Analisis-CC-PyCEFR/python-algorithms/EPI_prep/src/binary_search_trees/2_find_first_key_greater_than_a_value_in_bst/find_first_greater_than_k.py,find_first_greater_than_k.py,__init__,,5,8,1,A,1,7,3,2.0,A2,1.5714285714285714,"{""A2"": 4, ""A1"": 3}","{""Simple Atributte"": 3, ""Simple Assignment"": 3, ""Function with Simple argument with Default argument"": 1}"
python-algorithms,/home/juan/Documents/Analisis-CC-PyCEFR/python-algorithms/EPI_prep/src/binary_trees/13_reconstruct_bt_from_preorder_traversal/reconstruct_bt_1.py,reconstruct_bt_1.py,TreeNode,,1,5,2,A,1,8,4,3.0,B1,1.75,"{""A2"": 4, ""A1"": 3, ""B1"": 1}","{""Simple Atributte"": 3, ""Simple Assignment"": 3, ""Function with Simple argument with Default argument"": 1, ""Simple Class  Using the constructor method --> __init__"": 1}"
python-algorithms,/home/juan/Documents/Analisis-CC-PyCEFR/python-algorithms/EPI_prep/src/binary_trees/13_reconstruct_bt_from_preorder_traversal/reconstruct_bt_1.py,reconstruct_bt_1.py,reconstruct,,9,19,1,A,1,9,5,4.0,B2,1.3333333333333333,"{""A1"": 8, ""B2"": 1}","{""Simple Assignment"": 3, ""Return"": 3, ""Simple If statements"": 1, ""Function with Simple argument"": 1, ""Recursive Functions"": 1}"
python-algorithms,/home/juan/Documents/Analisis-CC-PyCEFR/python-algorithms/EPI_prep/src/binary_trees/13_reconstruct_bt_from_preorder_traversal/reconstruct_bt_1.py,reconstruct_bt_1.py,reconstruct_helper,reconstruct,10,17,2,A,1,7,4,4.0,B2,1.4285714285714286,"{""A1"": 6, ""B2"": 1}","{""Simple Assignment"": 3, ""Return"": 2, ""Simple If statements"": 1, ""Recursive Functions"": 1}"
python-algorithms,/home/juan/Documents/Analisis-CC-PyCEFR/python-algorithms/EPI_prep/src/binary_trees/13_reconstruct_bt_from_preorder_traversal/reconstruct_bt_1.py,reconstruct_bt_1.py,preorder_traversal,,36,47,1,A,1,11,7,4.0,B2,1.6363636363636365,"{""A1"": 6, ""A2"": 4, ""B2"": 1}","{""Simple Atributte"": 4, ""Return"": 2, ""Simple List"": 1, ""Simple Assignment"": 1, ""Simple If statements"": 1, ""Function with Simple argument"": 1, ""Recursive Functions"": 1}"
python-algorithms,/home/juan/Documents/Analisis-CC-PyCEFR/python-algorithms/EPI_prep/src/binary_trees/13_reconstruct_bt_from_preorder_traversal/reconstruct_bt_1.py,reconstruct_bt_1.py,preorder,preorder_traversal,38,44,2,A,1,7,4,4.0,B2,2.0,"{""A2"": 4, ""A1"": 2, ""B2"": 1}","{""Simple Atributte"": 4, ""Simple If statements"": 1, ""Recursive Functions"": 1, ""Return"": 1}"
python-algorithms,/home/juan/Documents/Analisis-CC-PyCEFR/python-algorithms/EPI_prep/src/binary_trees/13_reconstruct_bt_from_preorder_traversal/reconstruct_bt_1.py,reconstruct_bt_1.py,__init__,,2,5,1,A,1,7,3,2.0,A2,1.5714285714285714,"{""A2"": 4, ""A1"": 3}","{""Simple Atributte"": 3, ""Simple Assignment"": 3, ""Function with Simple argument with Default argument"": 1}"
python-algorithms,/home/juan/Documents/Analisis-CC-PyCEFR/python-algorithms/EPI_prep/src/binary_trees/13_reconstruct_bt_from_preorder_traversal/reconstruct_bt_2.py,reconstruct_bt_2.py,TreeNode,,1,5,2,A,1,8,4,3.0,B1,1.75,"{""A2"": 4, ""A1"": 3, ""B1"": 1}","{""Simple Atributte"": 3, ""Simple Assignment"": 3, ""Function with Simple argument with Default argument"": 1, ""Simple Class  Using the constructor method --> __init__"": 1}"
python-algorithms,/home/juan/Documents/Analisis-CC-PyCEFR/python-algorithms/EPI_prep/src/binary_trees/13_reconstruct_bt_from_preorder_traversal/reconstruct_bt_2.py,reconstruct_bt_2.py,reconstruct,,10,25,1,A,1,16,8,4.0,B2,1.4375,"{""A1"": 11, ""A2"": 4, ""B2"": 1}","{""Simple Assignment"": 4, ""Return"": 3, ""Simple Atributte"": 2, ""Subscript"": 2, ""Simplified incremental Assignment with increase amount"": 2, ""Simple If statements"": 1, ""Function with Simple argument"": 1, ""Recursive Functions"": 1}"
python-algorithms,/home/juan/Documents/Analisis-CC-PyCEFR/python-algorithms/EPI_prep/src/binary_trees/13_reconstruct_bt_from_preorder_traversal/reconstruct_bt_2.py,reconstruct_bt_2.py,construct,reconstruct,12,23,2,A,1,13,7,4.0,B2,1.5384615384615385,"{""A1"": 8, ""A2"": 4, ""B2"": 1}","{""Simple Assignment"": 3, ""Simple Atributte"": 2, ""Subscript"": 2, ""Simplified incremental Assignment with increase amount"": 2, ""Return"": 2, ""Simple If statements"": 1, ""Recursive Functions"": 1}"
python-algorithms,/home/juan/Documents/Analisis-CC-PyCEFR/python-algorithms/EPI_prep/src/binary_trees/13_reconstruct_bt_from_preorder_traversal/reconstruct_bt_2.py,reconstruct_bt_2.py,preorder_traversal,,42,53,1,A,1,11,7,4.0,B2,1.6363636363636365,"{""A1"": 6, ""A2"": 4, ""B2"": 1}","{""Simple Atributte"": 4, ""Return"": 2, ""Simple List"": 1, ""Simple Assignment"": 1, ""Simple If statements"": 1, ""Function with Simple argument"": 1, ""Recursive Functions"": 1}"
python-algorithms,/home/juan/Documents/Analisis-CC-PyCEFR/python-algorithms/EPI_prep/src/binary_trees/13_reconstruct_bt_from_preorder_traversal/reconstruct_bt_2.py,reconstruct_bt_2.py,preorder,preorder_traversal,44,50,2,A,1,7,4,4.0,B2,2.0,"{""A2"": 4, ""A1"": 2, ""B2"": 1}","{""Simple Atributte"": 4, ""Simple If statements"": 1, ""Recursive Functions"": 1, ""Return"": 1}"
python-algorithms,/home/juan/Documents/Analisis-CC-PyCEFR/python-algorithms/EPI_prep/src/binary_trees/13_reconstruct_bt_from_preorder_traversal/reconstruct_bt_2.py,reconstruct_bt_2.py,__init__,,2,5,1,A,1,7,3,2.0,A2,1.5714285714285714,"{""A2"": 4, ""A1"": 3}","{""Simple Atributte"": 3, ""Simple Assignment"": 3, ""Function with Simple argument with Default argument"": 1}"
python-algorithms,/home/juan/Documents/Analisis-CC-PyCEFR/python-algorithms/EPI_prep/src/binary_trees/11_inorder_traversal_in_constant_space/inorder_traversal.py,inorder_traversal.py,inorder_traversal,,30,48,7,B,2,67,10,3.0,B1,1.4029850746268657,"{""A1"": 41, ""A2"": 25, ""B1"": 1}","{""Simple Atributte"": 25, ""Simple Tuple"": 16, ""Simple Assignment"": 14, ""Print"": 3, ""Simple If statements"": 3, ""Boolean Operation"": 2, ""Simple List"": 1, ""While with Else Loop"": 1, ""Function with Simple argument"": 1, ""Return"": 1}"
python-algorithms,/home/juan/Documents/Analisis-CC-PyCEFR/python-algorithms/EPI_prep/src/binary_trees/11_inorder_traversal_in_constant_space/inorder_traversal.py,inorder_traversal.py,Node,,1,4,2,A,1,22,4,3.0,B1,1.7272727272727273,"{""A2"": 10, ""A1"": 9, ""B1"": 3}","{""Simple Atributte"": 10, ""Simple Assignment"": 6, ""Function with Simple argument"": 3, ""Simple Class  Using the constructor method --> __init__"": 3}"
python-algorithms,/home/juan/Documents/Analisis-CC-PyCEFR/python-algorithms/EPI_prep/src/binary_trees/11_inorder_traversal_in_constant_space/inorder_traversal.py,inorder_traversal.py,__init__,,2,4,1,A,1,19,3,2.0,A2,1.5263157894736843,"{""A2"": 10, ""A1"": 9}","{""Simple Atributte"": 10, ""Simple Assignment"": 6, ""Function with Simple argument"": 3}"
python-algorithms,/home/juan/Documents/Analisis-CC-PyCEFR/python-algorithms/EPI_prep/src/binary_trees/1_is_binary_tree_height_balanced/balanced_binary_tree.py,balanced_binary_tree.py,Node,,3,6,2,A,1,9,4,3.0,B1,1.6666666666666667,"{""A2"": 4, ""A1"": 4, ""B1"": 1}","{""Simple Atributte"": 4, ""Simple Assignment"": 3, ""Function with Simple argument"": 1, ""Simple Class  Using the constructor method --> __init__"": 1}"
python-algorithms,/home/juan/Documents/Analisis-CC-PyCEFR/python-algorithms/EPI_prep/src/binary_trees/1_is_binary_tree_height_balanced/balanced_binary_tree.py,balanced_binary_tree.py,is_balanced_binary_tree,,9,29,1,A,1,51,10,4.0,B2,1.4901960784313726,"{""A1"": 31, ""A2"": 17, ""B2"": 2, ""B1"": 1}","{""Simple Atributte"": 17, ""Return"": 9, ""Simple Assignment"": 8, ""Simple If statements"": 6, ""Unary Operation"": 3, ""Simple List"": 2, ""Assigment with sum (total = total + 1)"": 2, ""Recursive Functions"": 2, ""If statements expression (else)"": 1, ""Function with Simple argument"": 1}"
python-algorithms,/home/juan/Documents/Analisis-CC-PyCEFR/python-algorithms/EPI_prep/src/binary_trees/1_is_binary_tree_height_balanced/balanced_binary_tree.py,balanced_binary_tree.py,check_balance,is_balanced_binary_tree,12,27,4,A,1,41,7,4.0,B2,1.4634146341463414,"{""A1"": 24, ""A2"": 16, ""B2"": 1}","{""Simple Atributte"": 16, ""Return"": 7, ""Simple Assignment"": 6, ""Simple If statements"": 6, ""Unary Operation"": 3, ""Assigment with sum (total = total + 1)"": 2, ""Recursive Functions"": 1}"
python-algorithms,/home/juan/Documents/Analisis-CC-PyCEFR/python-algorithms/EPI_prep/src/binary_trees/1_is_binary_tree_height_balanced/balanced_binary_tree.py,balanced_binary_tree.py,__init__,,4,6,1,A,1,8,3,2.0,A2,1.5,"{""A2"": 4, ""A1"": 4}","{""Simple Atributte"": 4, ""Simple Assignment"": 3, ""Function with Simple argument"": 1}"
python-algorithms,/home/juan/Documents/Analisis-CC-PyCEFR/python-algorithms/EPI_prep/src/binary_trees/6.1_root_to_leaf_sum_all_paths/all_paths.py,all_paths.py,Node,,1,4,2,A,1,0,0,,,,{},{}
python-algorithms,/home/juan/Documents/Analisis-CC-PyCEFR/python-algorithms/EPI_prep/src/binary_trees/6.1_root_to_leaf_sum_all_paths/all_paths.py,all_paths.py,has_path_sum,,6,25,1,A,1,0,0,,,,{},{}
python-algorithms,/home/juan/Documents/Analisis-CC-PyCEFR/python-algorithms/EPI_prep/src/binary_trees/6.1_root_to_leaf_sum_all_paths/all_paths.py,all_paths.py,find_paths,has_path_sum,7,21,5,A,1,0,0,,,,{},{}
python-algorithms,/home/juan/Documents/Analisis-CC-PyCEFR/python-algorithms/EPI_prep/src/binary_trees/6.1_root_to_leaf_sum_all_paths/all_paths.py,all_paths.py,__init__,,2,4,1,A,1,0,0,,,,{},{}
python-algorithms,/home/juan/Documents/Analisis-CC-PyCEFR/python-algorithms/EPI_prep/src/binary_trees/8_preorder_traversal_without_recursion/preorder_traversal.py,preorder_traversal.py,preorder_traversal,,11,23,4,A,1,28,9,3.0,B1,1.4285714285714286,"{""A1"": 17, ""A2"": 10, ""B1"": 1}","{""Simple Atributte"": 10, ""Simple Assignment"": 7, ""Simple List"": 3, ""Return"": 2, ""Simple Tuple"": 2, ""Boolean Operation"": 1, ""Simple If statements"": 1, ""While with Else Loop"": 1, ""Function with Simple argument"": 1}"
python-algorithms,/home/juan/Documents/Analisis-CC-PyCEFR/python-algorithms/EPI_prep/src/binary_trees/8_preorder_traversal_without_recursion/preorder_traversal.py,preorder_traversal.py,Node,,1,4,2,A,1,14,4,3.0,B1,1.7142857142857142,"{""A2"": 6, ""A1"": 6, ""B1"": 2}","{""Simple Atributte"": 6, ""Simple Assignment"": 4, ""Function with Simple argument"": 2, ""Simple Class  Using the constructor method --> __init__"": 2}"
python-algorithms,/home/juan/Documents/Analisis-CC-PyCEFR/python-algorithms/EPI_prep/src/binary_trees/8_preorder_traversal_without_recursion/preorder_traversal.py,preorder_traversal.py,__init__,,2,4,1,A,1,12,3,2.0,A2,1.5,"{""A2"": 6, ""A1"": 6}","{""Simple Atributte"": 6, ""Simple Assignment"": 4, ""Function with Simple argument"": 2}"
python-algorithms,/home/juan/Documents/Analisis-CC-PyCEFR/python-algorithms/EPI_prep/src/binary_trees/11.1_preorder_traversal_in_constant_space/preorder_traversal.py,preorder_traversal.py,preorder_traversal,,30,48,7,B,2,35,4,2.0,A2,1.3428571428571427,"{""A1"": 23, ""A2"": 12}","{""Simple Tuple"": 12, ""Simple Atributte"": 12, ""Simple Assignment"": 8, ""Print"": 3}"
python-algorithms,/home/juan/Documents/Analisis-CC-PyCEFR/python-algorithms/EPI_prep/src/binary_trees/11.1_preorder_traversal_in_constant_space/preorder_traversal.py,preorder_traversal.py,Node,,1,4,2,A,1,14,4,3.0,B1,1.7142857142857142,"{""A2"": 6, ""A1"": 6, ""B1"": 2}","{""Simple Atributte"": 6, ""Simple Assignment"": 4, ""Function with Simple argument"": 2, ""Simple Class  Using the constructor method --> __init__"": 2}"
python-algorithms,/home/juan/Documents/Analisis-CC-PyCEFR/python-algorithms/EPI_prep/src/binary_trees/11.1_preorder_traversal_in_constant_space/preorder_traversal.py,preorder_traversal.py,__init__,,2,4,1,A,1,12,3,2.0,A2,1.5,"{""A2"": 6, ""A1"": 6}","{""Simple Atributte"": 6, ""Simple Assignment"": 4, ""Function with Simple argument"": 2}"
python-algorithms,/home/juan/Documents/Analisis-CC-PyCEFR/python-algorithms/EPI_prep/src/binary_trees/5_sum_root_to_leaf/sum_root_to_leaf.py,sum_root_to_leaf.py,Node,,1,4,2,A,1,7,4,3.0,B1,1.7142857142857142,"{""A2"": 3, ""A1"": 3, ""B1"": 1}","{""Simple Atributte"": 3, ""Simple Assignment"": 2, ""Function with Simple argument"": 1, ""Simple Class  Using the constructor method --> __init__"": 1}"
python-algorithms,/home/juan/Documents/Analisis-CC-PyCEFR/python-algorithms/EPI_prep/src/binary_trees/5_sum_root_to_leaf/sum_root_to_leaf.py,sum_root_to_leaf.py,sum_root_to_leaf,,6,17,1,A,1,15,7,4.0,B2,1.5333333333333334,"{""A1"": 9, ""A2"": 5, ""B2"": 1}","{""Simple Atributte"": 5, ""Return"": 4, ""Simple If statements"": 2, ""Boolean Operation"": 1, ""Assigment with sum (total = total + 1)"": 1, ""Function with Simple argument"": 1, ""Recursive Functions"": 1}"
python-algorithms,/home/juan/Documents/Analisis-CC-PyCEFR/python-algorithms/EPI_prep/src/binary_trees/5_sum_root_to_leaf/sum_root_to_leaf.py,sum_root_to_leaf.py,sum,sum_root_to_leaf,7,15,4,A,1,13,6,4.0,B2,1.6153846153846154,"{""A1"": 7, ""A2"": 5, ""B2"": 1}","{""Simple Atributte"": 5, ""Return"": 3, ""Simple If statements"": 2, ""Boolean Operation"": 1, ""Assigment with sum (total = total + 1)"": 1, ""Recursive Functions"": 1}"
python-algorithms,/home/juan/Documents/Analisis-CC-PyCEFR/python-algorithms/EPI_prep/src/binary_trees/5_sum_root_to_leaf/sum_root_to_leaf.py,sum_root_to_leaf.py,__init__,,2,4,1,A,1,6,3,2.0,A2,1.5,"{""A2"": 3, ""A1"": 3}","{""Simple Atributte"": 3, ""Simple Assignment"": 2, ""Function with Simple argument"": 1}"
python-algorithms,/home/juan/Documents/Analisis-CC-PyCEFR/python-algorithms/EPI_prep/src/binary_trees/9.1_kth_node_in_inorder_traversal/kth_node.py,kth_node.py,kth_node_2,,36,47,2,A,1,6,1,1.0,A1,1.0,"{""A1"": 6}","{""Print"": 6}"
python-algorithms,/home/juan/Documents/Analisis-CC-PyCEFR/python-algorithms/EPI_prep/src/binary_trees/9.1_kth_node_in_inorder_traversal/kth_node.py,kth_node.py,inorder,kth_node_2,39,44,2,A,1,3,1,1.0,A1,1.0,"{""A1"": 3}","{""Print"": 3}"
python-algorithms,/home/juan/Documents/Analisis-CC-PyCEFR/python-algorithms/EPI_prep/src/binary_trees/9.1_kth_node_in_inorder_traversal/kth_node.py,kth_node.py,Node,,4,7,2,A,1,3,2,2.0,A2,1.6666666666666667,"{""A2"": 2, ""A1"": 1}","{""Simple Atributte"": 2, ""Simple Assignment"": 1}"
python-algorithms,/home/juan/Documents/Analisis-CC-PyCEFR/python-algorithms/EPI_prep/src/binary_trees/9.1_kth_node_in_inorder_traversal/kth_node.py,kth_node.py,kth_node,,10,34,1,A,1,37,7,3.0,B1,1.4054054054054055,"{""A1"": 23, ""A2"": 13, ""B1"": 1}","{""Simple Assignment"": 13, ""Simple Atributte"": 12, ""Simple Tuple"": 6, ""Simple If statements"": 2, ""Return"": 2, ""If statements expression (else)"": 1, ""Simplified incremental Assignment with decrease subtraction"": 1}"
python-algorithms,/home/juan/Documents/Analisis-CC-PyCEFR/python-algorithms/EPI_prep/src/binary_trees/9.1_kth_node_in_inorder_traversal/kth_node.py,kth_node.py,inorder,kth_node,14,31,5,A,1,23,5,2.0,A2,1.2608695652173914,"{""A1"": 17, ""A2"": 6}","{""Simple Assignment"": 10, ""Simple Atributte"": 6, ""Simple Tuple"": 4, ""Return"": 2, ""Simple If statements"": 1}"
python-algorithms,/home/juan/Documents/Analisis-CC-PyCEFR/python-algorithms/EPI_prep/src/binary_trees/9.1_kth_node_in_inorder_traversal/kth_node.py,kth_node.py,__init__,,5,7,1,A,1,0,0,,,,{},{}
python-algorithms,/home/juan/Documents/Analisis-CC-PyCEFR/python-algorithms/EPI_prep/src/binary_trees/0_binary_tree_traversal/tree_traversals.py,tree_traversals.py,preorder_traversal,,6,12,2,A,1,7,5,4.0,B2,1.8571428571428572,"{""A1"": 3, ""A2"": 3, ""B2"": 1}","{""Simple Atributte"": 3, ""Print"": 1, ""Simple If statements"": 1, ""Recursive Functions"": 1, ""Return"": 1}"
python-algorithms,/home/juan/Documents/Analisis-CC-PyCEFR/python-algorithms/EPI_prep/src/binary_trees/0_binary_tree_traversal/tree_traversals.py,tree_traversals.py,inorder_traversal,,17,23,2,A,1,7,5,4.0,B2,1.8571428571428572,"{""A1"": 3, ""A2"": 3, ""B2"": 1}","{""Simple Atributte"": 3, ""Print"": 1, ""Simple If statements"": 1, ""Recursive Functions"": 1, ""Return"": 1}"
python-algorithms,/home/juan/Documents/Analisis-CC-PyCEFR/python-algorithms/EPI_prep/src/binary_trees/0_binary_tree_traversal/tree_traversals.py,tree_traversals.py,postorder_traversal,,26,32,2,A,1,7,5,4.0,B2,1.8571428571428572,"{""A1"": 3, ""A2"": 3, ""B2"": 1}","{""Simple Atributte"": 3, ""Print"": 1, ""Simple If statements"": 1, ""Recursive Functions"": 1, ""Return"": 1}"
python-algorithms,/home/juan/Documents/Analisis-CC-PyCEFR/python-algorithms/EPI_prep/src/binary_trees/0_binary_tree_traversal/tree_traversals.py,tree_traversals.py,Node,,1,4,2,A,1,7,4,3.0,B1,1.7142857142857142,"{""A2"": 3, ""A1"": 3, ""B1"": 1}","{""Simple Atributte"": 3, ""Simple Assignment"": 2, ""Function with Simple argument"": 1, ""Simple Class  Using the constructor method --> __init__"": 1}"
python-algorithms,/home/juan/Documents/Analisis-CC-PyCEFR/python-algorithms/EPI_prep/src/binary_trees/0_binary_tree_traversal/tree_traversals.py,tree_traversals.py,__init__,,2,4,1,A,1,6,3,2.0,A2,1.5,"{""A2"": 3, ""A1"": 3}","{""Simple Atributte"": 3, ""Simple Assignment"": 2, ""Function with Simple argument"": 1}"
python-algorithms,/home/juan/Documents/Analisis-CC-PyCEFR/python-algorithms/EPI_prep/src/binary_trees/6_root_leaf_path_with_specified_sum/has_path_sum.py,has_path_sum.py,has_path_sum,,6,14,6,B,2,14,6,4.0,B2,1.5714285714285714,"{""A1"": 8, ""A2"": 5, ""B2"": 1}","{""Simple Atributte"": 5, ""Return"": 3, ""Boolean Operation"": 2, ""Simple If statements"": 2, ""Assigment with sum (total = total + 1)"": 1, ""Recursive Functions"": 1}"
python-algorithms,/home/juan/Documents/Analisis-CC-PyCEFR/python-algorithms/EPI_prep/src/binary_trees/6_root_leaf_path_with_specified_sum/has_path_sum.py,has_path_sum.py,Node,,1,4,2,A,1,7,4,3.0,B1,1.7142857142857142,"{""A2"": 3, ""A1"": 3, ""B1"": 1}","{""Simple Atributte"": 3, ""Simple Assignment"": 2, ""Function with Simple argument"": 1, ""Simple Class  Using the constructor method --> __init__"": 1}"
python-algorithms,/home/juan/Documents/Analisis-CC-PyCEFR/python-algorithms/EPI_prep/src/binary_trees/6_root_leaf_path_with_specified_sum/has_path_sum.py,has_path_sum.py,__init__,,2,4,1,A,1,6,3,2.0,A2,1.5,"{""A2"": 3, ""A1"": 3}","{""Simple Atributte"": 3, ""Simple Assignment"": 2, ""Function with Simple argument"": 1}"
python-algorithms,/home/juan/Documents/Analisis-CC-PyCEFR/python-algorithms/EPI_prep/src/binary_trees/14_form_a_linkedlist_from_leaves_of_bt/create_list_2.py,create_list_2.py,create_list_of_leaves,,10,16,4,A,1,13,6,4.0,B2,1.5384615384615385,"{""A1"": 8, ""A2"": 4, ""B2"": 1}","{""Simple Atributte"": 4, ""Return"": 3, ""Simple List"": 2, ""Simple If statements"": 2, ""Boolean Operation"": 1, ""Recursive Functions"": 1}"
python-algorithms,/home/juan/Documents/Analisis-CC-PyCEFR/python-algorithms/EPI_prep/src/binary_trees/14_form_a_linkedlist_from_leaves_of_bt/create_list_2.py,create_list_2.py,TreeNode,,1,5,2,A,1,8,4,3.0,B1,1.75,"{""A2"": 4, ""A1"": 3, ""B1"": 1}","{""Simple Atributte"": 3, ""Simple Assignment"": 3, ""Function with Simple argument with Default argument"": 1, ""Simple Class  Using the constructor method --> __init__"": 1}"
python-algorithms,/home/juan/Documents/Analisis-CC-PyCEFR/python-algorithms/EPI_prep/src/binary_trees/14_form_a_linkedlist_from_leaves_of_bt/create_list_2.py,create_list_2.py,__init__,,2,5,1,A,1,7,3,2.0,A2,1.5714285714285714,"{""A2"": 4, ""A1"": 3}","{""Simple Atributte"": 3, ""Simple Assignment"": 3, ""Function with Simple argument with Default argument"": 1}"
python-algorithms,/home/juan/Documents/Analisis-CC-PyCEFR/python-algorithms/EPI_prep/src/binary_trees/14_form_a_linkedlist_from_leaves_of_bt/create_list_of_leaves.py,create_list_of_leaves.py,TreeNode,,1,5,2,A,1,8,4,3.0,B1,1.75,"{""A2"": 4, ""A1"": 3, ""B1"": 1}","{""Simple Atributte"": 3, ""Simple Assignment"": 3, ""Function with Simple argument with Default argument"": 1, ""Simple Class  Using the constructor method --> __init__"": 1}"
python-algorithms,/home/juan/Documents/Analisis-CC-PyCEFR/python-algorithms/EPI_prep/src/binary_trees/14_form_a_linkedlist_from_leaves_of_bt/create_list_of_leaves.py,create_list_of_leaves.py,create_list_of_leaves,,10,23,1,A,1,15,8,4.0,B2,1.5333333333333334,"{""A1"": 9, ""A2"": 5, ""B2"": 1}","{""Simple Atributte"": 5, ""Simple List"": 2, ""Simple If statements"": 2, ""Return"": 2, ""Boolean Operation"": 1, ""Simple Assignment"": 1, ""Function with Simple argument"": 1, ""Recursive Functions"": 1}"
python-algorithms,/home/juan/Documents/Analisis-CC-PyCEFR/python-algorithms/EPI_prep/src/binary_trees/14_form_a_linkedlist_from_leaves_of_bt/create_list_of_leaves.py,create_list_of_leaves.py,traverse_tree,create_list_of_leaves,12,20,4,A,1,11,6,4.0,B2,1.7272727272727273,"{""A1"": 5, ""A2"": 5, ""B2"": 1}","{""Simple Atributte"": 5, ""Simple If statements"": 2, ""Simple List"": 1, ""Boolean Operation"": 1, ""Recursive Functions"": 1, ""Return"": 1}"
python-algorithms,/home/juan/Documents/Analisis-CC-PyCEFR/python-algorithms/EPI_prep/src/binary_trees/14_form_a_linkedlist_from_leaves_of_bt/create_list_of_leaves.py,create_list_of_leaves.py,__init__,,2,5,1,A,1,7,3,2.0,A2,1.5714285714285714,"{""A2"": 4, ""A1"": 3}","{""Simple Atributte"": 3, ""Simple Assignment"": 3, ""Function with Simple argument with Default argument"": 1}"
python-algorithms,/home/juan/Documents/Analisis-CC-PyCEFR/python-algorithms/EPI_prep/src/binary_trees/3_lca/lca.py,lca.py,Node,,3,6,2,A,1,13,4,3.0,B1,1.6923076923076923,"{""A2"": 7, ""A1"": 5, ""B1"": 1}","{""Simple Atributte"": 7, ""Simple Assignment"": 4, ""Function with Simple argument"": 1, ""Simple Class  Using the constructor method --> __init__"": 1}"
python-algorithms,/home/juan/Documents/Analisis-CC-PyCEFR/python-algorithms/EPI_prep/src/binary_trees/3_lca/lca.py,lca.py,lca,,8,28,1,A,1,43,13,4.0,B2,1.3953488372093024,"{""A1"": 30, ""A2"": 10, ""B1"": 2, ""B2"": 1}","{""Simple Atributte"": 9, ""Simple Assignment"": 8, ""Return"": 6, ""Simple Tuple"": 6, ""Simple If statements"": 5, ""Boolean Operation"": 2, ""Simple List"": 1, ""If statements expression (else)"": 1, ""Assigment with sum (total = total + 1)"": 1, ""Function with Simple argument"": 1}"
python-algorithms,/home/juan/Documents/Analisis-CC-PyCEFR/python-algorithms/EPI_prep/src/binary_trees/3_lca/lca.py,lca.py,lca_helper,lca,11,26,5,A,1,29,10,4.0,B2,1.4482758620689655,"{""A1"": 19, ""A2"": 8, ""B1"": 1, ""B2"": 1}","{""Simple Atributte"": 7, ""Simple Assignment"": 5, ""Simple If statements"": 4, ""Return"": 4, ""Simple Tuple"": 4, ""If statements expression (else)"": 1, ""Assigment with sum (total = total + 1)"": 1, ""Recursive Functions"": 1, ""Boolean Operation"": 1, ""Simplified incremental Assignment with decrease subtraction"": 1}"
python-algorithms,/home/juan/Documents/Analisis-CC-PyCEFR/python-algorithms/EPI_prep/src/binary_trees/3_lca/lca.py,lca.py,__init__,,4,6,1,A,1,10,3,2.0,A2,1.6,"{""A2"": 6, ""A1"": 4}","{""Simple Atributte"": 6, ""Simple Assignment"": 3, ""Function with Simple argument"": 1}"
python-algorithms,/home/juan/Documents/Analisis-CC-PyCEFR/python-algorithms/EPI_prep/src/binary_trees/15_compute_exterior_of_binary_tree/exterior_bt.py,exterior_bt.py,left_boundary_and_leaves,,72,80,5,A,1,19,9,4.0,B2,1.4736842105263157,"{""A1"": 13, ""A2"": 4, ""B1"": 1, ""B2"": 1}","{""Simple Atributte"": 4, ""Simple List"": 3, ""Simple Assignment"": 3, ""Unary Operation"": 2, ""Boolean Operation"": 2, ""Return"": 2, ""If statements expression (else)"": 1, ""Simple If statements"": 1, ""Recursive Functions"": 1}"
python-algorithms,/home/juan/Documents/Analisis-CC-PyCEFR/python-algorithms/EPI_prep/src/binary_trees/15_compute_exterior_of_binary_tree/exterior_bt.py,exterior_bt.py,right_boundary_and_leaves,,82,90,5,A,1,19,9,4.0,B2,1.4736842105263157,"{""A1"": 13, ""A2"": 4, ""B1"": 1, ""B2"": 1}","{""Simple Atributte"": 4, ""Simple List"": 3, ""Simple Assignment"": 3, ""Unary Operation"": 2, ""Boolean Operation"": 2, ""Return"": 2, ""If statements expression (else)"": 1, ""Simple If statements"": 1, ""Recursive Functions"": 1}"
python-algorithms,/home/juan/Documents/Analisis-CC-PyCEFR/python-algorithms/EPI_prep/src/binary_trees/15_compute_exterior_of_binary_tree/exterior_bt.py,exterior_bt.py,is_leaf,,66,70,4,A,1,8,5,2.0,A2,1.25,"{""A1"": 6, ""A2"": 2}","{""Simple Atributte"": 2, ""Simple If statements"": 2, ""Return"": 2, ""Boolean Operation"": 1, ""Function with Simple argument"": 1}"
python-algorithms,/home/juan/Documents/Analisis-CC-PyCEFR/python-algorithms/EPI_prep/src/binary_trees/15_compute_exterior_of_binary_tree/exterior_bt.py,exterior_bt.py,exterior_binary_tree,,58,64,2,A,1,11,6,2.0,A2,1.2727272727272727,"{""A1"": 8, ""A2"": 3}","{""Simple Atributte"": 3, ""Simple List"": 2, ""Simple Assignment"": 2, ""Return"": 2, ""Simple If statements"": 1, ""Function with Simple argument"": 1}"
python-algorithms,/home/juan/Documents/Analisis-CC-PyCEFR/python-algorithms/EPI_prep/src/binary_trees/15_compute_exterior_of_binary_tree/exterior_bt.py,exterior_bt.py,TreeNode,,4,8,2,A,1,8,4,3.0,B1,1.75,"{""A2"": 4, ""A1"": 3, ""B1"": 1}","{""Simple Atributte"": 3, ""Simple Assignment"": 3, ""Function with Simple argument with Default argument"": 1, ""Simple Class  Using the constructor method --> __init__"": 1}"
python-algorithms,/home/juan/Documents/Analisis-CC-PyCEFR/python-algorithms/EPI_prep/src/binary_trees/15_compute_exterior_of_binary_tree/exterior_bt.py,exterior_bt.py,__init__,,5,8,1,A,1,7,3,2.0,A2,1.5714285714285714,"{""A2"": 4, ""A1"": 3}","{""Simple Atributte"": 3, ""Simple Assignment"": 3, ""Function with Simple argument with Default argument"": 1}"
python-algorithms,/home/juan/Documents/Analisis-CC-PyCEFR/python-algorithms/EPI_prep/src/binary_trees/9_kth_node_in_inorder_traversal/kth_node.py,kth_node.py,kth_node,,7,19,6,B,2,18,8,3.0,B1,1.6111111111111112,"{""A1"": 9, ""A2"": 7, ""B1"": 2}","{""Simple Atributte"": 6, ""Simple Assignment"": 3, ""Simple If statements"": 3, ""Return"": 2, ""If statements expression (else)"": 1, ""Simplified incremental Assignment with decrease subtraction"": 1, ""While with Else Loop"": 1, ""Function with Simple argument"": 1}"
python-algorithms,/home/juan/Documents/Analisis-CC-PyCEFR/python-algorithms/EPI_prep/src/binary_trees/9_kth_node_in_inorder_traversal/kth_node.py,kth_node.py,Node,,1,4,2,A,1,10,5,3.0,B1,1.7,"{""A2"": 5, ""A1"": 4, ""B1"": 1}","{""Simple Atributte"": 4, ""Simple Tuple"": 2, ""Simple Assignment"": 2, ""Function with Simple argument with Default argument"": 1, ""Simple Class  Using the constructor method --> __init__"": 1}"
python-algorithms,/home/juan/Documents/Analisis-CC-PyCEFR/python-algorithms/EPI_prep/src/binary_trees/9_kth_node_in_inorder_traversal/kth_node.py,kth_node.py,__init__,,2,4,1,A,1,9,4,2.0,A2,1.5555555555555556,"{""A2"": 5, ""A1"": 4}","{""Simple Atributte"": 4, ""Simple Tuple"": 2, ""Simple Assignment"": 2, ""Function with Simple argument with Default argument"": 1}"
python-algorithms,/home/juan/Documents/Analisis-CC-PyCEFR/python-algorithms/EPI_prep/src/binary_trees/16_compute_right_sibling_tree/compute_right_sibling_tree.py,compute_right_sibling_tree.py,compute_right_sibling_tree,,8,26,7,B,2,25,8,3.0,B1,1.48,"{""A1"": 14, ""A2"": 10, ""B1"": 1}","{""Simple Atributte"": 9, ""Simple Assignment"": 7, ""Simple If statements"": 4, ""Simple List"": 1, ""'range' call function"": 1, ""Simple For Loop"": 1, ""While with Else Loop"": 1, ""Function with Simple argument"": 1}"
python-algorithms,/home/juan/Documents/Analisis-CC-PyCEFR/python-algorithms/EPI_prep/src/binary_trees/16_compute_right_sibling_tree/compute_right_sibling_tree.py,compute_right_sibling_tree.py,TreeNode,,3,6,2,A,1,12,5,3.0,B1,1.5833333333333333,"{""A1"": 6, ""A2"": 5, ""B1"": 1}","{""Simple Tuple"": 4, ""Simple Atributte"": 4, ""Simple Assignment"": 2, ""Function with Simple argument with Default argument"": 1, ""Simple Class  Using the constructor method --> __init__"": 1}"
python-algorithms,/home/juan/Documents/Analisis-CC-PyCEFR/python-algorithms/EPI_prep/src/binary_trees/16_compute_right_sibling_tree/compute_right_sibling_tree.py,compute_right_sibling_tree.py,__init__,,4,6,1,A,1,11,4,2.0,A2,1.4545454545454546,"{""A1"": 6, ""A2"": 5}","{""Simple Tuple"": 4, ""Simple Atributte"": 4, ""Simple Assignment"": 2, ""Function with Simple argument with Default argument"": 1}"
python-algorithms,/home/juan/Documents/Analisis-CC-PyCEFR/python-algorithms/EPI_prep/src/binary_trees/11.2_postorder_traversal_in_constant_space/postorder_traversal.py,postorder_traversal.py,post_order_traversal,,30,49,7,B,2,0,0,,,,{},{}
python-algorithms,/home/juan/Documents/Analisis-CC-PyCEFR/python-algorithms/EPI_prep/src/binary_trees/11.2_postorder_traversal_in_constant_space/postorder_traversal.py,postorder_traversal.py,Node,,1,4,2,A,1,0,0,,,,{},{}
python-algorithms,/home/juan/Documents/Analisis-CC-PyCEFR/python-algorithms/EPI_prep/src/binary_trees/11.2_postorder_traversal_in_constant_space/postorder_traversal.py,postorder_traversal.py,__init__,,2,4,1,A,1,0,0,,,,{},{}
python-algorithms,/home/juan/Documents/Analisis-CC-PyCEFR/python-algorithms/EPI_prep/src/binary_trees/7_inorder_traversal_without_recursion/inorder_traversal.py,inorder_traversal.py,inorder_traversal,,10,22,4,A,1,28,9,3.0,B1,1.4285714285714286,"{""A1"": 17, ""A2"": 10, ""B1"": 1}","{""Simple Atributte"": 10, ""Simple Assignment"": 6, ""Simple List"": 3, ""Return"": 3, ""Simple Tuple"": 2, ""Boolean Operation"": 1, ""Simple If statements"": 1, ""While with Else Loop"": 1, ""Function with Simple argument"": 1}"
python-algorithms,/home/juan/Documents/Analisis-CC-PyCEFR/python-algorithms/EPI_prep/src/binary_trees/7_inorder_traversal_without_recursion/inorder_traversal.py,inorder_traversal.py,Node,,1,4,2,A,1,22,4,3.0,B1,1.7272727272727273,"{""A2"": 10, ""A1"": 9, ""B1"": 3}","{""Simple Atributte"": 10, ""Simple Assignment"": 6, ""Function with Simple argument"": 3, ""Simple Class  Using the constructor method --> __init__"": 3}"
python-algorithms,/home/juan/Documents/Analisis-CC-PyCEFR/python-algorithms/EPI_prep/src/binary_trees/7_inorder_traversal_without_recursion/inorder_traversal.py,inorder_traversal.py,__init__,,2,4,1,A,1,19,3,2.0,A2,1.5263157894736843,"{""A2"": 10, ""A1"": 9}","{""Simple Atributte"": 10, ""Simple Assignment"": 6, ""Function with Simple argument"": 3}"
python-algorithms,/home/juan/Documents/Analisis-CC-PyCEFR/python-algorithms/EPI_prep/src/binary_trees/10_compute_sucessor/compute_succesor.py,compute_succesor.py,compute_successor,,35,49,6,B,2,21,7,3.0,B1,1.619047619047619,"{""A1"": 10, ""A2"": 9, ""B1"": 2}","{""Simple Atributte"": 9, ""Simple Assignment"": 3, ""Return"": 3, ""Simple If statements"": 2, ""While with Else Loop"": 2, ""Boolean Operation"": 1, ""Function with Simple argument"": 1}"
python-algorithms,/home/juan/Documents/Analisis-CC-PyCEFR/python-algorithms/EPI_prep/src/binary_trees/10_compute_sucessor/compute_succesor.py,compute_succesor.py,Node,,30,33,2,A,1,8,4,3.0,B1,1.75,"{""A2"": 4, ""A1"": 3, ""B1"": 1}","{""Simple Atributte"": 4, ""Simple Assignment"": 2, ""Function with Simple argument"": 1, ""Simple Class  Using the constructor method --> __init__"": 1}"
python-algorithms,/home/juan/Documents/Analisis-CC-PyCEFR/python-algorithms/EPI_prep/src/binary_trees/10_compute_sucessor/compute_succesor.py,compute_succesor.py,__init__,,31,33,1,A,1,7,3,2.0,A2,1.5714285714285714,"{""A2"": 4, ""A1"": 3}","{""Simple Atributte"": 4, ""Simple Assignment"": 2, ""Function with Simple argument"": 1}"
python-algorithms,/home/juan/Documents/Analisis-CC-PyCEFR/python-algorithms/EPI_prep/src/binary_trees/2_is_binary_tree_symmetric/is_symetric.py,is_symetric.py,is_symmetric,,7,22,2,A,1,21,6,4.0,B2,1.5238095238095237,"{""A1"": 12, ""A2"": 8, ""B2"": 1}","{""Simple Atributte"": 8, ""Return"": 5, ""Boolean Operation"": 3, ""Simple If statements"": 3, ""Function with Simple argument"": 1, ""Recursive Functions"": 1}"
python-algorithms,/home/juan/Documents/Analisis-CC-PyCEFR/python-algorithms/EPI_prep/src/binary_trees/2_is_binary_tree_symmetric/is_symetric.py,is_symetric.py,check_symmetric,is_symmetric,11,20,7,B,2,15,5,4.0,B2,1.6,"{""A1"": 8, ""A2"": 6, ""B2"": 1}","{""Simple Atributte"": 6, ""Boolean Operation"": 3, ""Return"": 3, ""Simple If statements"": 2, ""Recursive Functions"": 1}"
python-algorithms,/home/juan/Documents/Analisis-CC-PyCEFR/python-algorithms/EPI_prep/src/binary_trees/2_is_binary_tree_symmetric/is_symetric.py,is_symetric.py,Node,,2,5,2,A,1,7,4,3.0,B1,1.7142857142857142,"{""A2"": 3, ""A1"": 3, ""B1"": 1}","{""Simple Atributte"": 3, ""Simple Assignment"": 2, ""Function with Simple argument"": 1, ""Simple Class  Using the constructor method --> __init__"": 1}"
python-algorithms,/home/juan/Documents/Analisis-CC-PyCEFR/python-algorithms/EPI_prep/src/binary_trees/2_is_binary_tree_symmetric/is_symetric.py,is_symetric.py,__init__,,3,5,1,A,1,6,3,2.0,A2,1.5,"{""A2"": 3, ""A1"": 3}","{""Simple Atributte"": 3, ""Simple Assignment"": 2, ""Function with Simple argument"": 1}"
python-algorithms,/home/juan/Documents/Analisis-CC-PyCEFR/python-algorithms/EPI_prep/src/binary_trees/12_reconstruct_binary_tree_from_preorder_inorder_traversal/reconstruct_bt.py,reconstruct_bt.py,reconstruct,,14,44,2,A,1,19,11,6.0,C2,1.631578947368421,"{""A1"": 16, ""C2"": 1, ""C1"": 1, ""B2"": 1}","{""Simple Assignment"": 5, ""Subscript"": 3, ""Return"": 3, ""Simple Tuple"": 1, ""'enumerate' call function"": 1, ""Boolean Operation"": 1, ""Simple Dictionary Comprehension"": 1, ""Assigment with sum (total = total + 1)"": 1, ""Simple If statements"": 1, ""Function with Simple argument"": 1}"
python-algorithms,/home/juan/Documents/Analisis-CC-PyCEFR/python-algorithms/EPI_prep/src/binary_trees/12_reconstruct_binary_tree_from_preorder_inorder_traversal/reconstruct_bt.py,reconstruct_bt.py,binary_tree_from_preorder_inorder_helper,reconstruct,18,39,3,A,1,13,7,4.0,B2,1.2307692307692308,"{""A1"": 12, ""B2"": 1}","{""Simple Assignment"": 4, ""Subscript"": 3, ""Return"": 2, ""Boolean Operation"": 1, ""Assigment with sum (total = total + 1)"": 1, ""Simple If statements"": 1, ""Recursive Functions"": 1}"
python-algorithms,/home/juan/Documents/Analisis-CC-PyCEFR/python-algorithms/EPI_prep/src/binary_trees/12_reconstruct_binary_tree_from_preorder_inorder_traversal/reconstruct_bt.py,reconstruct_bt.py,TreeNode,,1,5,2,A,1,8,4,3.0,B1,1.75,"{""A2"": 4, ""A1"": 3, ""B1"": 1}","{""Simple Atributte"": 3, ""Simple Assignment"": 3, ""Function with Simple argument with Default argument"": 1, ""Simple Class  Using the constructor method --> __init__"": 1}"
python-algorithms,/home/juan/Documents/Analisis-CC-PyCEFR/python-algorithms/EPI_prep/src/binary_trees/12_reconstruct_binary_tree_from_preorder_inorder_traversal/reconstruct_bt.py,reconstruct_bt.py,preorder_traversal,,61,72,1,A,1,11,7,4.0,B2,1.6363636363636365,"{""A1"": 6, ""A2"": 4, ""B2"": 1}","{""Simple Atributte"": 4, ""Return"": 2, ""Simple List"": 1, ""Simple Assignment"": 1, ""Simple If statements"": 1, ""Function with Simple argument"": 1, ""Recursive Functions"": 1}"
python-algorithms,/home/juan/Documents/Analisis-CC-PyCEFR/python-algorithms/EPI_prep/src/binary_trees/12_reconstruct_binary_tree_from_preorder_inorder_traversal/reconstruct_bt.py,reconstruct_bt.py,preorder,preorder_traversal,63,69,2,A,1,7,4,4.0,B2,2.0,"{""A2"": 4, ""A1"": 2, ""B2"": 1}","{""Simple Atributte"": 4, ""Simple If statements"": 1, ""Recursive Functions"": 1, ""Return"": 1}"
python-algorithms,/home/juan/Documents/Analisis-CC-PyCEFR/python-algorithms/EPI_prep/src/binary_trees/12_reconstruct_binary_tree_from_preorder_inorder_traversal/reconstruct_bt.py,reconstruct_bt.py,inorder_traversal,,74,85,1,A,1,11,7,4.0,B2,1.6363636363636365,"{""A1"": 6, ""A2"": 4, ""B2"": 1}","{""Simple Atributte"": 4, ""Return"": 2, ""Simple List"": 1, ""Simple Assignment"": 1, ""Simple If statements"": 1, ""Function with Simple argument"": 1, ""Recursive Functions"": 1}"
python-algorithms,/home/juan/Documents/Analisis-CC-PyCEFR/python-algorithms/EPI_prep/src/binary_trees/12_reconstruct_binary_tree_from_preorder_inorder_traversal/reconstruct_bt.py,reconstruct_bt.py,inorder,inorder_traversal,76,82,2,A,1,7,4,4.0,B2,2.0,"{""A2"": 4, ""A1"": 2, ""B2"": 1}","{""Simple Atributte"": 4, ""Simple If statements"": 1, ""Recursive Functions"": 1, ""Return"": 1}"
python-algorithms,/home/juan/Documents/Analisis-CC-PyCEFR/python-algorithms/EPI_prep/src/binary_trees/12_reconstruct_binary_tree_from_preorder_inorder_traversal/reconstruct_bt.py,reconstruct_bt.py,__init__,,2,5,1,A,1,7,3,2.0,A2,1.5714285714285714,"{""A2"": 4, ""A1"": 3}","{""Simple Atributte"": 3, ""Simple Assignment"": 3, ""Function with Simple argument with Default argument"": 1}"
python-algorithms,/home/juan/Documents/Analisis-CC-PyCEFR/python-algorithms/EPI_prep/src/binary_trees/4_lca_with_parent_pointers/lca.py,lca.py,lca,,6,37,10,B,2,67,14,4.0,B2,1.3432835820895523,"{""A1"": 49, ""A2"": 14, ""B1"": 3, ""B2"": 1}","{""Simple Assignment"": 17, ""Simple Atributte"": 13, ""Return"": 8, ""Simple Tuple"": 8, ""Simple If statements"": 7, ""Boolean Operation"": 3, ""Function with Simple argument"": 2, ""Unary Operation"": 2, ""While with Else Loop"": 2, ""Simple List"": 1}"
python-algorithms,/home/juan/Documents/Analisis-CC-PyCEFR/python-algorithms/EPI_prep/src/binary_trees/4_lca_with_parent_pointers/lca.py,lca.py,get_depth,,39,47,3,A,1,23,9,3.0,B1,1.391304347826087,"{""A1"": 15, ""A2"": 7, ""B1"": 1}","{""Simple Atributte"": 6, ""Simple Assignment"": 5, ""Simple Tuple"": 4, ""Print"": 3, ""Simplified incremental Assignment with increase amount"": 1, ""Simple If statements"": 1, ""While with Else Loop"": 1, ""Function with Simple argument"": 1, ""Return"": 1}"
python-algorithms,/home/juan/Documents/Analisis-CC-PyCEFR/python-algorithms/EPI_prep/src/binary_trees/4_lca_with_parent_pointers/lca.py,lca.py,Node,,1,4,2,A,1,10,6,3.0,B1,1.7,"{""A2"": 5, ""A1"": 4, ""B1"": 1}","{""Simple Atributte"": 4, ""Simple Assignment"": 2, ""From"": 1, ""Alias"": 1, ""Function with Simple argument"": 1, ""Simple Class  Using the constructor method --> __init__"": 1}"
python-algorithms,/home/juan/Documents/Analisis-CC-PyCEFR/python-algorithms/EPI_prep/src/binary_trees/4_lca_with_parent_pointers/lca.py,lca.py,__init__,,2,4,1,A,1,7,3,2.0,A2,1.5714285714285714,"{""A2"": 4, ""A1"": 3}","{""Simple Atributte"": 4, ""Simple Assignment"": 2, ""Function with Simple argument"": 1}"
python-algorithms,/home/juan/Documents/Analisis-CC-PyCEFR/python-algorithms/EPI_prep/src/linkedlist/6_delete_node_from_singly_linkedlist/delete_node.py,delete_node.py,print_node,,19,24,2,A,1,7,5,3.0,B1,1.5714285714285714,"{""A1"": 4, ""A2"": 2, ""B1"": 1}","{""Print"": 2, ""Simple Atributte"": 2, ""Simple Assignment"": 1, ""While with Else Loop"": 1, ""Function with Simple argument"": 1}"
python-algorithms,/home/juan/Documents/Analisis-CC-PyCEFR/python-algorithms/EPI_prep/src/linkedlist/6_delete_node_from_singly_linkedlist/delete_node.py,delete_node.py,ListNode,,1,3,2,A,1,7,5,3.0,B1,1.7142857142857142,"{""A1"": 3, ""A2"": 3, ""B1"": 1}","{""Simple Tuple"": 2, ""Simple Atributte"": 2, ""Simple Assignment"": 1, ""Function with Simple argument with Default argument"": 1, ""Simple Class  Using the constructor method --> __init__"": 1}"
python-algorithms,/home/juan/Documents/Analisis-CC-PyCEFR/python-algorithms/EPI_prep/src/linkedlist/6_delete_node_from_singly_linkedlist/delete_node.py,delete_node.py,delete_node,,7,9,1,A,1,9,3,2.0,A2,1.6666666666666667,"{""A2"": 6, ""A1"": 3}","{""Simple Atributte"": 6, ""Simple Assignment"": 2, ""Function with Simple argument"": 1}"
python-algorithms,/home/juan/Documents/Analisis-CC-PyCEFR/python-algorithms/EPI_prep/src/linkedlist/6_delete_node_from_singly_linkedlist/delete_node.py,delete_node.py,__init__,,2,3,1,A,1,6,4,2.0,A2,1.5,"{""A1"": 3, ""A2"": 3}","{""Simple Tuple"": 2, ""Simple Atributte"": 2, ""Simple Assignment"": 1, ""Function with Simple argument with Default argument"": 1}"
python-algorithms,/home/juan/Documents/Analisis-CC-PyCEFR/python-algorithms/EPI_prep/src/linkedlist/13_add_two_linkedlists/add_lists.py,add_lists.py,add_list,,9,21,8,B,2,23,8,3.0,B1,1.7391304347826086,"{""A1"": 11, ""A2"": 7, ""B1"": 5}","{""Simple Atributte"": 7, ""Simple Assignment"": 6, ""If statements expression (else)"": 4, ""Assigment with sum (total = total + 1)"": 2, ""Boolean Operation"": 1, ""While with Else Loop"": 1, ""Function with Simple argument"": 1, ""Return"": 1}"
python-algorithms,/home/juan/Documents/Analisis-CC-PyCEFR/python-algorithms/EPI_prep/src/linkedlist/13_add_two_linkedlists/add_lists.py,add_lists.py,print_node,,34,39,2,A,1,7,5,3.0,B1,1.5714285714285714,"{""A1"": 4, ""A2"": 2, ""B1"": 1}","{""Print"": 2, ""Simple Atributte"": 2, ""Simple Assignment"": 1, ""While with Else Loop"": 1, ""Function with Simple argument"": 1}"
python-algorithms,/home/juan/Documents/Analisis-CC-PyCEFR/python-algorithms/EPI_prep/src/linkedlist/13_add_two_linkedlists/add_lists.py,add_lists.py,ListNode,,3,5,2,A,1,7,5,3.0,B1,1.7142857142857142,"{""A1"": 3, ""A2"": 3, ""B1"": 1}","{""Simple Tuple"": 2, ""Simple Atributte"": 2, ""Simple Assignment"": 1, ""Function with Simple argument with Default argument"": 1, ""Simple Class  Using the constructor method --> __init__"": 1}"
python-algorithms,/home/juan/Documents/Analisis-CC-PyCEFR/python-algorithms/EPI_prep/src/linkedlist/13_add_two_linkedlists/add_lists.py,add_lists.py,__init__,,4,5,1,A,1,6,4,2.0,A2,1.5,"{""A1"": 3, ""A2"": 3}","{""Simple Tuple"": 2, ""Simple Atributte"": 2, ""Simple Assignment"": 1, ""Function with Simple argument with Default argument"": 1}"
python-algorithms,/home/juan/Documents/Analisis-CC-PyCEFR/python-algorithms/EPI_prep/src/linkedlist/2.2_reverse_every_k_sublist/reverse_k_sublist.py,reverse_k_sublist.py,reverse_sublist,,8,31,6,B,2,0,0,,,,{},{}
python-algorithms,/home/juan/Documents/Analisis-CC-PyCEFR/python-algorithms/EPI_prep/src/linkedlist/2.2_reverse_every_k_sublist/reverse_k_sublist.py,reverse_k_sublist.py,print_node,,46,51,2,A,1,0,0,,,,{},{}
python-algorithms,/home/juan/Documents/Analisis-CC-PyCEFR/python-algorithms/EPI_prep/src/linkedlist/2.2_reverse_every_k_sublist/reverse_k_sublist.py,reverse_k_sublist.py,ListNode,,2,4,2,A,1,0,0,,,,{},{}
python-algorithms,/home/juan/Documents/Analisis-CC-PyCEFR/python-algorithms/EPI_prep/src/linkedlist/2.2_reverse_every_k_sublist/reverse_k_sublist.py,reverse_k_sublist.py,__init__,,3,4,1,A,1,0,0,,,,{},{}
python-algorithms,/home/juan/Documents/Analisis-CC-PyCEFR/python-algorithms/EPI_prep/src/linkedlist/4_test_for_overlapping_lists/has_overlapping_list.py,has_overlapping_list.py,has_overlapping_lists,,6,18,6,B,2,40,10,3.0,B1,1.3,"{""A1"": 30, ""A2"": 8, ""B1"": 2}","{""Simple Tuple"": 12, ""Simple Assignment"": 8, ""Simple Atributte"": 6, ""'range' call function"": 2, ""Boolean Operation"": 2, ""Simple If statements"": 2, ""Simple For Loop"": 2, ""While with Else Loop"": 2, ""Function with Simple argument"": 2, ""Return"": 2}"
python-algorithms,/home/juan/Documents/Analisis-CC-PyCEFR/python-algorithms/EPI_prep/src/linkedlist/4_test_for_overlapping_lists/has_overlapping_list.py,has_overlapping_list.py,list_length,,20,27,2,A,1,16,6,3.0,B1,1.5,"{""A1"": 10, ""A2"": 4, ""B1"": 2}","{""Simple Assignment"": 6, ""Simple Atributte"": 2, ""Simplified incremental Assignment with increase amount"": 2, ""While with Else Loop"": 2, ""Function with Simple argument"": 2, ""Return"": 2}"
python-algorithms,/home/juan/Documents/Analisis-CC-PyCEFR/python-algorithms/EPI_prep/src/linkedlist/4_test_for_overlapping_lists/has_overlapping_list.py,has_overlapping_list.py,ListNode,,1,3,2,A,1,14,5,3.0,B1,1.7142857142857142,"{""A1"": 6, ""A2"": 6, ""B1"": 2}","{""Simple Tuple"": 4, ""Simple Atributte"": 4, ""Simple Assignment"": 2, ""Function with Simple argument with Default argument"": 2, ""Simple Class  Using the constructor method --> __init__"": 2}"
python-algorithms,/home/juan/Documents/Analisis-CC-PyCEFR/python-algorithms/EPI_prep/src/linkedlist/4_test_for_overlapping_lists/has_overlapping_list.py,has_overlapping_list.py,__init__,,2,3,1,A,1,12,4,2.0,A2,1.5,"{""A1"": 6, ""A2"": 6}","{""Simple Tuple"": 4, ""Simple Atributte"": 4, ""Simple Assignment"": 2, ""Function with Simple argument with Default argument"": 2}"
python-algorithms,/home/juan/Documents/Analisis-CC-PyCEFR/python-algorithms/EPI_prep/src/linkedlist/1.1_merge_two_sorted_doubly_linkedlist/merge_list.py,merge_list.py,merge_two_sorted_lists,,8,22,5,A,1,0,0,,,,{},{}
python-algorithms,/home/juan/Documents/Analisis-CC-PyCEFR/python-algorithms/EPI_prep/src/linkedlist/1.1_merge_two_sorted_doubly_linkedlist/merge_list.py,merge_list.py,ListNode,,1,3,2,A,1,0,0,,,,{},{}
python-algorithms,/home/juan/Documents/Analisis-CC-PyCEFR/python-algorithms/EPI_prep/src/linkedlist/1.1_merge_two_sorted_doubly_linkedlist/merge_list.py,merge_list.py,__init__,,2,3,1,A,1,0,0,,,,{},{}
python-algorithms,/home/juan/Documents/Analisis-CC-PyCEFR/python-algorithms/EPI_prep/src/linkedlist/7_remove_kth_last_element_from_list/remove_kth_last_element.py,remove_kth_last_element.py,delete_kth_last_node_2,,23,40,9,B,2,35,13,3.0,B1,1.457142857142857,"{""A1"": 21, ""A2"": 12, ""B1"": 2}","{""Simple Atributte"": 10, ""Simple Assignment"": 7, ""Boolean Operation"": 3, ""Return"": 3, ""Simple Tuple"": 2, ""Unary Operation"": 2, ""Simple If statements"": 2, ""'range' call function"": 1, ""If statements expression (else)"": 1, ""Simplified incremental Assignment with increase amount"": 1}"
python-algorithms,/home/juan/Documents/Analisis-CC-PyCEFR/python-algorithms/EPI_prep/src/linkedlist/7_remove_kth_last_element_from_list/remove_kth_last_element.py,remove_kth_last_element.py,delete_kth_last_node,,7,19,5,A,1,23,10,3.0,B1,1.5217391304347827,"{""A1"": 12, ""A2"": 10, ""B1"": 1}","{""Simple Atributte"": 9, ""Simple Assignment"": 5, ""Simple Tuple"": 2, ""'range' call function"": 1, ""Boolean Operation"": 1, ""Simple If statements"": 1, ""Simple For Loop"": 1, ""While with Else Loop"": 1, ""Function with Simple argument"": 1, ""Return"": 1}"
python-algorithms,/home/juan/Documents/Analisis-CC-PyCEFR/python-algorithms/EPI_prep/src/linkedlist/7_remove_kth_last_element_from_list/remove_kth_last_element.py,remove_kth_last_element.py,print_node,,51,56,2,A,1,7,5,3.0,B1,1.5714285714285714,"{""A1"": 4, ""A2"": 2, ""B1"": 1}","{""Print"": 2, ""Simple Atributte"": 2, ""Simple Assignment"": 1, ""While with Else Loop"": 1, ""Function with Simple argument"": 1}"
python-algorithms,/home/juan/Documents/Analisis-CC-PyCEFR/python-algorithms/EPI_prep/src/linkedlist/7_remove_kth_last_element_from_list/remove_kth_last_element.py,remove_kth_last_element.py,ListNode,,1,3,2,A,1,7,5,3.0,B1,1.7142857142857142,"{""A1"": 3, ""A2"": 3, ""B1"": 1}","{""Simple Tuple"": 2, ""Simple Atributte"": 2, ""Simple Assignment"": 1, ""Function with Simple argument with Default argument"": 1, ""Simple Class  Using the constructor method --> __init__"": 1}"
python-algorithms,/home/juan/Documents/Analisis-CC-PyCEFR/python-algorithms/EPI_prep/src/linkedlist/7_remove_kth_last_element_from_list/remove_kth_last_element.py,remove_kth_last_element.py,__init__,,2,3,1,A,1,6,4,2.0,A2,1.5,"{""A1"": 3, ""A2"": 3}","{""Simple Tuple"": 2, ""Simple Atributte"": 2, ""Simple Assignment"": 1, ""Function with Simple argument with Default argument"": 1}"
python-algorithms,/home/juan/Documents/Analisis-CC-PyCEFR/python-algorithms/EPI_prep/src/linkedlist/3_test_for_cyclicity/has_cycle.py,has_cycle.py,has_cycle,,7,17,7,B,2,23,8,3.0,B1,1.5217391304347827,"{""A1"": 13, ""A2"": 8, ""B1"": 2}","{""Simple Atributte"": 8, ""Simple Tuple"": 4, ""Simple Assignment"": 4, ""Boolean Operation"": 2, ""While with Else Loop"": 2, ""Simple If statements"": 1, ""Function with Simple argument"": 1, ""Return"": 1}"
python-algorithms,/home/juan/Documents/Analisis-CC-PyCEFR/python-algorithms/EPI_prep/src/linkedlist/3_test_for_cyclicity/has_cycle.py,has_cycle.py,print_node,,19,25,2,A,1,7,5,2.0,A2,1.1428571428571428,"{""A1"": 6, ""A2"": 1}","{""Print"": 3, ""Simple Atributte"": 1, ""Simple Assignment"": 1, ""Simple If statements"": 1, ""Function with Simple argument"": 1}"
python-algorithms,/home/juan/Documents/Analisis-CC-PyCEFR/python-algorithms/EPI_prep/src/linkedlist/3_test_for_cyclicity/has_cycle.py,has_cycle.py,ListNode,,2,4,2,A,1,7,5,3.0,B1,1.7142857142857142,"{""A1"": 3, ""A2"": 3, ""B1"": 1}","{""Simple Tuple"": 2, ""Simple Atributte"": 2, ""Simple Assignment"": 1, ""Function with Simple argument with Default argument"": 1, ""Simple Class  Using the constructor method --> __init__"": 1}"
python-algorithms,/home/juan/Documents/Analisis-CC-PyCEFR/python-algorithms/EPI_prep/src/linkedlist/3_test_for_cyclicity/has_cycle.py,has_cycle.py,__init__,,3,4,1,A,1,6,4,2.0,A2,1.5,"{""A1"": 3, ""A2"": 3}","{""Simple Tuple"": 2, ""Simple Atributte"": 2, ""Simple Assignment"": 1, ""Function with Simple argument with Default argument"": 1}"
python-algorithms,/home/juan/Documents/Analisis-CC-PyCEFR/python-algorithms/EPI_prep/src/linkedlist/12_implement_list_pivoting/list_pivoting.py,list_pivoting.py,list_pivot,,7,31,5,A,1,36,7,3.0,B1,1.4722222222222223,"{""A1"": 20, ""A2"": 15, ""B1"": 1}","{""Simple Atributte"": 15, ""Simple Assignment"": 13, ""Simple If statements"": 3, ""Return"": 2, ""Unary Operation"": 1, ""While with Else Loop"": 1, ""Function with Simple argument"": 1}"
python-algorithms,/home/juan/Documents/Analisis-CC-PyCEFR/python-algorithms/EPI_prep/src/linkedlist/12_implement_list_pivoting/list_pivoting.py,list_pivoting.py,print_node,,49,54,2,A,1,7,5,3.0,B1,1.5714285714285714,"{""A1"": 4, ""A2"": 2, ""B1"": 1}","{""Print"": 2, ""Simple Atributte"": 2, ""Simple Assignment"": 1, ""While with Else Loop"": 1, ""Function with Simple argument"": 1}"
python-algorithms,/home/juan/Documents/Analisis-CC-PyCEFR/python-algorithms/EPI_prep/src/linkedlist/12_implement_list_pivoting/list_pivoting.py,list_pivoting.py,ListNode,,2,4,2,A,1,7,5,3.0,B1,1.7142857142857142,"{""A1"": 3, ""A2"": 3, ""B1"": 1}","{""Simple Tuple"": 2, ""Simple Atributte"": 2, ""Simple Assignment"": 1, ""Function with Simple argument with Default argument"": 1, ""Simple Class  Using the constructor method --> __init__"": 1}"
python-algorithms,/home/juan/Documents/Analisis-CC-PyCEFR/python-algorithms/EPI_prep/src/linkedlist/12_implement_list_pivoting/list_pivoting.py,list_pivoting.py,__init__,,3,4,1,A,1,6,4,2.0,A2,1.5,"{""A1"": 3, ""A2"": 3}","{""Simple Tuple"": 2, ""Simple Atributte"": 2, ""Simple Assignment"": 1, ""Function with Simple argument with Default argument"": 1}"
python-algorithms,/home/juan/Documents/Analisis-CC-PyCEFR/python-algorithms/EPI_prep/src/linkedlist/2_reverse_a_single_sublist/reverse_sublist_2.py,reverse_sublist_2.py,reverse_sublist,,8,33,6,B,2,31,9,3.0,B1,1.3548387096774193,"{""A1"": 22, ""A2"": 7, ""B1"": 2}","{""Simple Assignment"": 13, ""Simple Atributte"": 5, ""Simple Tuple"": 4, ""Boolean Operation"": 2, ""Simplified incremental Assignment with increase amount"": 2, ""While with Else Loop"": 2, ""Simple If statements"": 1, ""Function with Simple argument"": 1, ""Return"": 1}"
python-algorithms,/home/juan/Documents/Analisis-CC-PyCEFR/python-algorithms/EPI_prep/src/linkedlist/2_reverse_a_single_sublist/reverse_sublist_2.py,reverse_sublist_2.py,ListNode,,2,4,2,A,1,7,5,3.0,B1,1.7142857142857142,"{""A1"": 3, ""A2"": 3, ""B1"": 1}","{""Simple Tuple"": 2, ""Simple Atributte"": 2, ""Simple Assignment"": 1, ""Function with Simple argument with Default argument"": 1, ""Simple Class  Using the constructor method --> __init__"": 1}"
python-algorithms,/home/juan/Documents/Analisis-CC-PyCEFR/python-algorithms/EPI_prep/src/linkedlist/2_reverse_a_single_sublist/reverse_sublist_2.py,reverse_sublist_2.py,__init__,,3,4,1,A,1,6,4,2.0,A2,1.5,"{""A1"": 3, ""A2"": 3}","{""Simple Tuple"": 2, ""Simple Atributte"": 2, ""Simple Assignment"": 1, ""Function with Simple argument with Default argument"": 1}"
python-algorithms,/home/juan/Documents/Analisis-CC-PyCEFR/python-algorithms/EPI_prep/src/linkedlist/2_reverse_a_single_sublist/reverse_sublist_1.py,reverse_sublist_1.py,reverse_sublist,,9,23,3,A,1,22,6,2.0,A2,1.5,"{""A2"": 11, ""A1"": 11}","{""Simple Atributte"": 9, ""Simple Assignment"": 7, ""'range' call function"": 2, ""Simple For Loop"": 2, ""Function with Simple argument"": 1, ""Return"": 1}"
python-algorithms,/home/juan/Documents/Analisis-CC-PyCEFR/python-algorithms/EPI_prep/src/linkedlist/2_reverse_a_single_sublist/reverse_sublist_1.py,reverse_sublist_1.py,ListNode,,2,4,2,A,1,7,5,3.0,B1,1.7142857142857142,"{""A1"": 3, ""A2"": 3, ""B1"": 1}","{""Simple Tuple"": 2, ""Simple Atributte"": 2, ""Simple Assignment"": 1, ""Function with Simple argument with Default argument"": 1, ""Simple Class  Using the constructor method --> __init__"": 1}"
python-algorithms,/home/juan/Documents/Analisis-CC-PyCEFR/python-algorithms/EPI_prep/src/linkedlist/2_reverse_a_single_sublist/reverse_sublist_1.py,reverse_sublist_1.py,__init__,,3,4,1,A,1,6,4,2.0,A2,1.5,"{""A1"": 3, ""A2"": 3}","{""Simple Tuple"": 2, ""Simple Atributte"": 2, ""Simple Assignment"": 1, ""Function with Simple argument with Default argument"": 1}"
python-algorithms,/home/juan/Documents/Analisis-CC-PyCEFR/python-algorithms/EPI_prep/src/linkedlist/8_remove_duplicates_from_sorted_list/remove_duplicates.py,remove_duplicates.py,remove_duplicates,,6,16,4,A,1,29,11,3.0,B1,1.4137931034482758,"{""A1"": 19, ""A2"": 8, ""B1"": 2}","{""Simple Assignment"": 6, ""Simple Atributte"": 5, ""Subscript"": 4, ""Simplified incremental Assignment with increase amount"": 3, ""Simple List"": 2, ""Print"": 2, ""Return"": 2, ""While with Else Loop"": 2, ""Simple If statements"": 1, ""Boolean Operation"": 1}"
python-algorithms,/home/juan/Documents/Analisis-CC-PyCEFR/python-algorithms/EPI_prep/src/linkedlist/8_remove_duplicates_from_sorted_list/remove_duplicates.py,remove_duplicates.py,print_node,,27,32,2,A,1,7,5,3.0,B1,1.5714285714285714,"{""A1"": 4, ""A2"": 2, ""B1"": 1}","{""Print"": 2, ""Simple Atributte"": 2, ""Simple Assignment"": 1, ""While with Else Loop"": 1, ""Function with Simple argument"": 1}"
python-algorithms,/home/juan/Documents/Analisis-CC-PyCEFR/python-algorithms/EPI_prep/src/linkedlist/8_remove_duplicates_from_sorted_list/remove_duplicates.py,remove_duplicates.py,ListNode,,1,3,2,A,1,7,5,3.0,B1,1.7142857142857142,"{""A1"": 3, ""A2"": 3, ""B1"": 1}","{""Simple Tuple"": 2, ""Simple Atributte"": 2, ""Simple Assignment"": 1, ""Function with Simple argument with Default argument"": 1, ""Simple Class  Using the constructor method --> __init__"": 1}"
python-algorithms,/home/juan/Documents/Analisis-CC-PyCEFR/python-algorithms/EPI_prep/src/linkedlist/8_remove_duplicates_from_sorted_list/remove_duplicates.py,remove_duplicates.py,__init__,,2,3,1,A,1,6,4,2.0,A2,1.5,"{""A1"": 3, ""A2"": 3}","{""Simple Tuple"": 2, ""Simple Atributte"": 2, ""Simple Assignment"": 1, ""Function with Simple argument with Default argument"": 1}"
python-algorithms,/home/juan/Documents/Analisis-CC-PyCEFR/python-algorithms/EPI_prep/src/linkedlist/10_even_odd_merge/even_odd_merge.py,even_odd_merge.py,even_odd_merge,,6,25,4,A,1,27,7,3.0,B1,1.4444444444444444,"{""A1"": 16, ""A2"": 10, ""B1"": 1}","{""Simple Atributte"": 10, ""Simple Assignment"": 10, ""Simple If statements"": 2, ""Return"": 2, ""Unary Operation"": 1, ""While with Else Loop"": 1, ""Function with Simple argument"": 1}"
python-algorithms,/home/juan/Documents/Analisis-CC-PyCEFR/python-algorithms/EPI_prep/src/linkedlist/10_even_odd_merge/even_odd_merge.py,even_odd_merge.py,print_node,,39,44,2,A,1,7,5,3.0,B1,1.5714285714285714,"{""A1"": 4, ""A2"": 2, ""B1"": 1}","{""Print"": 2, ""Simple Atributte"": 2, ""Simple Assignment"": 1, ""While with Else Loop"": 1, ""Function with Simple argument"": 1}"
python-algorithms,/home/juan/Documents/Analisis-CC-PyCEFR/python-algorithms/EPI_prep/src/linkedlist/10_even_odd_merge/even_odd_merge.py,even_odd_merge.py,ListNode,,1,3,2,A,1,7,5,3.0,B1,1.7142857142857142,"{""A1"": 3, ""A2"": 3, ""B1"": 1}","{""Simple Tuple"": 2, ""Simple Atributte"": 2, ""Simple Assignment"": 1, ""Function with Simple argument with Default argument"": 1, ""Simple Class  Using the constructor method --> __init__"": 1}"
python-algorithms,/home/juan/Documents/Analisis-CC-PyCEFR/python-algorithms/EPI_prep/src/linkedlist/10_even_odd_merge/even_odd_merge.py,even_odd_merge.py,__init__,,2,3,1,A,1,6,4,2.0,A2,1.5,"{""A1"": 3, ""A2"": 3}","{""Simple Tuple"": 2, ""Simple Atributte"": 2, ""Simple Assignment"": 1, ""Function with Simple argument with Default argument"": 1}"
python-algorithms,/home/juan/Documents/Analisis-CC-PyCEFR/python-algorithms/EPI_prep/src/linkedlist/1_merge_two_sorted_lists/merge_two_list.py,merge_two_list.py,merge_two_sorted_lists,,18,30,5,A,1,24,8,3.0,B1,1.4583333333333333,"{""A1"": 14, ""A2"": 9, ""B1"": 1}","{""Simple Atributte"": 9, ""Simple Assignment"": 5, ""Simple Tuple"": 4, ""Boolean Operation"": 2, ""Simple If statements"": 1, ""While with Else Loop"": 1, ""Function with Simple argument"": 1, ""Return"": 1}"
python-algorithms,/home/juan/Documents/Analisis-CC-PyCEFR/python-algorithms/EPI_prep/src/linkedlist/1_merge_two_sorted_lists/merge_two_list.py,merge_two_list.py,ListNode,,1,3,2,A,1,7,5,3.0,B1,1.7142857142857142,"{""A1"": 3, ""A2"": 3, ""B1"": 1}","{""Simple Tuple"": 2, ""Simple Atributte"": 2, ""Simple Assignment"": 1, ""Function with Simple argument with Default argument"": 1, ""Simple Class  Using the constructor method --> __init__"": 1}"
python-algorithms,/home/juan/Documents/Analisis-CC-PyCEFR/python-algorithms/EPI_prep/src/linkedlist/1_merge_two_sorted_lists/merge_two_list.py,merge_two_list.py,__init__,,2,3,1,A,1,6,4,2.0,A2,1.5,"{""A1"": 3, ""A2"": 3}","{""Simple Tuple"": 2, ""Simple Atributte"": 2, ""Simple Assignment"": 1, ""Function with Simple argument with Default argument"": 1}"
python-algorithms,/home/juan/Documents/Analisis-CC-PyCEFR/python-algorithms/EPI_prep/src/linkedlist/5_test_for_overlapping_lists_with_cycles/has_overlapping_list.py,has_overlapping_list.py,has_overlapping_lists,,6,18,6,B,2,40,10,3.0,B1,1.3,"{""A1"": 30, ""A2"": 8, ""B1"": 2}","{""Simple Tuple"": 12, ""Simple Assignment"": 8, ""Simple Atributte"": 6, ""'range' call function"": 2, ""Boolean Operation"": 2, ""Simple If statements"": 2, ""Simple For Loop"": 2, ""While with Else Loop"": 2, ""Function with Simple argument"": 2, ""Return"": 2}"
python-algorithms,/home/juan/Documents/Analisis-CC-PyCEFR/python-algorithms/EPI_prep/src/linkedlist/5_test_for_overlapping_lists_with_cycles/has_overlapping_list.py,has_overlapping_list.py,list_length,,20,27,2,A,1,16,6,3.0,B1,1.5,"{""A1"": 10, ""A2"": 4, ""B1"": 2}","{""Simple Assignment"": 6, ""Simple Atributte"": 2, ""Simplified incremental Assignment with increase amount"": 2, ""While with Else Loop"": 2, ""Function with Simple argument"": 2, ""Return"": 2}"
python-algorithms,/home/juan/Documents/Analisis-CC-PyCEFR/python-algorithms/EPI_prep/src/linkedlist/5_test_for_overlapping_lists_with_cycles/has_overlapping_list.py,has_overlapping_list.py,ListNode,,1,3,2,A,1,14,5,3.0,B1,1.7142857142857142,"{""A1"": 6, ""A2"": 6, ""B1"": 2}","{""Simple Tuple"": 4, ""Simple Atributte"": 4, ""Simple Assignment"": 2, ""Function with Simple argument with Default argument"": 2, ""Simple Class  Using the constructor method --> __init__"": 2}"
python-algorithms,/home/juan/Documents/Analisis-CC-PyCEFR/python-algorithms/EPI_prep/src/linkedlist/5_test_for_overlapping_lists_with_cycles/has_overlapping_list.py,has_overlapping_list.py,__init__,,2,3,1,A,1,12,4,2.0,A2,1.5,"{""A1"": 6, ""A2"": 6}","{""Simple Tuple"": 4, ""Simple Atributte"": 4, ""Simple Assignment"": 2, ""Function with Simple argument with Default argument"": 2}"
python-algorithms,/home/juan/Documents/Analisis-CC-PyCEFR/python-algorithms/EPI_prep/src/linkedlist/3.1_start_of_linkedlist_cycle/find_cycle_start_1.py,find_cycle_start_1.py,find_cycle_start,,7,22,6,B,2,0,0,,,,{},{}
python-algorithms,/home/juan/Documents/Analisis-CC-PyCEFR/python-algorithms/EPI_prep/src/linkedlist/3.1_start_of_linkedlist_cycle/find_cycle_start_1.py,find_cycle_start_1.py,cycle_length,,24,33,3,A,1,0,0,,,,{},{}
python-algorithms,/home/juan/Documents/Analisis-CC-PyCEFR/python-algorithms/EPI_prep/src/linkedlist/3.1_start_of_linkedlist_cycle/find_cycle_start_1.py,find_cycle_start_1.py,ListNode,,2,4,2,A,1,0,0,,,,{},{}
python-algorithms,/home/juan/Documents/Analisis-CC-PyCEFR/python-algorithms/EPI_prep/src/linkedlist/3.1_start_of_linkedlist_cycle/find_cycle_start_1.py,find_cycle_start_1.py,__init__,,3,4,1,A,1,0,0,,,,{},{}
python-algorithms,/home/juan/Documents/Analisis-CC-PyCEFR/python-algorithms/EPI_prep/src/linkedlist/3.1_start_of_linkedlist_cycle/find_cycle_start_2.py,find_cycle_start_2.py,find_cycle_start,,7,18,5,A,1,0,0,,,,{},{}
python-algorithms,/home/juan/Documents/Analisis-CC-PyCEFR/python-algorithms/EPI_prep/src/linkedlist/3.1_start_of_linkedlist_cycle/find_cycle_start_2.py,find_cycle_start_2.py,ListNode,,2,4,2,A,1,0,0,,,,{},{}
python-algorithms,/home/juan/Documents/Analisis-CC-PyCEFR/python-algorithms/EPI_prep/src/linkedlist/3.1_start_of_linkedlist_cycle/find_cycle_start_2.py,find_cycle_start_2.py,__init__,,3,4,1,A,1,0,0,,,,{},{}
python-algorithms,/home/juan/Documents/Analisis-CC-PyCEFR/python-algorithms/EPI_prep/src/linkedlist/2.1_reverse_singly_linkedlist/reverse_singly_linkedlist.py,reverse_singly_linkedlist.py,reverse_linkedlist,,6,13,2,A,1,0,0,,,,{},{}
python-algorithms,/home/juan/Documents/Analisis-CC-PyCEFR/python-algorithms/EPI_prep/src/linkedlist/2.1_reverse_singly_linkedlist/reverse_singly_linkedlist.py,reverse_singly_linkedlist.py,print_node,,22,27,2,A,1,0,0,,,,{},{}
python-algorithms,/home/juan/Documents/Analisis-CC-PyCEFR/python-algorithms/EPI_prep/src/linkedlist/2.1_reverse_singly_linkedlist/reverse_singly_linkedlist.py,reverse_singly_linkedlist.py,ListNode,,1,3,2,A,1,0,0,,,,{},{}
python-algorithms,/home/juan/Documents/Analisis-CC-PyCEFR/python-algorithms/EPI_prep/src/linkedlist/2.1_reverse_singly_linkedlist/reverse_singly_linkedlist.py,reverse_singly_linkedlist.py,__init__,,2,3,1,A,1,0,0,,,,{},{}
python-algorithms,/home/juan/Documents/Analisis-CC-PyCEFR/python-algorithms/EPI_prep/src/linkedlist/11_palindromic_linkedlist/is_palindrome.py,is_palindrome.py,isPalindrome,,6,20,8,B,2,31,9,3.0,B1,1.4193548387096775,"{""A1"": 20, ""A2"": 9, ""B1"": 2}","{""Simple Atributte"": 9, ""Simple Tuple"": 6, ""Simple Assignment"": 4, ""Boolean Operation"": 3, ""Return"": 3, ""Simple If statements"": 2, ""While with Else Loop"": 2, ""Unary Operation"": 1, ""Function with Simple argument"": 1}"
python-algorithms,/home/juan/Documents/Analisis-CC-PyCEFR/python-algorithms/EPI_prep/src/linkedlist/11_palindromic_linkedlist/is_palindrome.py,is_palindrome.py,reverse_linkedlist,,22,29,2,A,1,13,6,3.0,B1,1.3076923076923077,"{""A1"": 10, ""A2"": 2, ""B1"": 1}","{""Simple Tuple"": 4, ""Simple Assignment"": 4, ""Simple Atributte"": 2, ""While with Else Loop"": 1, ""Function with Simple argument"": 1, ""Return"": 1}"
python-algorithms,/home/juan/Documents/Analisis-CC-PyCEFR/python-algorithms/EPI_prep/src/linkedlist/11_palindromic_linkedlist/is_palindrome.py,is_palindrome.py,ListNode,,1,3,2,A,1,7,5,3.0,B1,1.7142857142857142,"{""A1"": 3, ""A2"": 3, ""B1"": 1}","{""Simple Tuple"": 2, ""Simple Atributte"": 2, ""Simple Assignment"": 1, ""Function with Simple argument with Default argument"": 1, ""Simple Class  Using the constructor method --> __init__"": 1}"
python-algorithms,/home/juan/Documents/Analisis-CC-PyCEFR/python-algorithms/EPI_prep/src/linkedlist/11_palindromic_linkedlist/is_palindrome.py,is_palindrome.py,__init__,,2,3,1,A,1,6,4,2.0,A2,1.5,"{""A1"": 3, ""A2"": 3}","{""Simple Tuple"": 2, ""Simple Atributte"": 2, ""Simple Assignment"": 1, ""Function with Simple argument with Default argument"": 1}"
python-algorithms,/home/juan/Documents/Analisis-CC-PyCEFR/python-algorithms/EPI_prep/src/linkedlist/9_cyclic_right_shift_of_singly_linkedlist/cyclic_right_shift_list.py,cyclic_right_shift_list.py,cyclic_right_shift_list,,6,25,5,A,1,28,12,3.0,B1,1.3571428571428572,"{""A1"": 19, ""A2"": 8, ""B1"": 1}","{""Simple Atributte"": 6, ""Simple Assignment"": 6, ""Simple Tuple"": 4, ""Return"": 3, ""Simple If statements"": 2, ""'range' call function"": 1, ""Unary Operation"": 1, ""Assigment with sum (total = total + 1)"": 1, ""Simplified incremental Assignment with increase amount"": 1, ""Simple For Loop"": 1}"
python-algorithms,/home/juan/Documents/Analisis-CC-PyCEFR/python-algorithms/EPI_prep/src/linkedlist/9_cyclic_right_shift_of_singly_linkedlist/cyclic_right_shift_list.py,cyclic_right_shift_list.py,print_node,,37,42,2,A,1,7,5,3.0,B1,1.5714285714285714,"{""A1"": 4, ""A2"": 2, ""B1"": 1}","{""Print"": 2, ""Simple Atributte"": 2, ""Simple Assignment"": 1, ""While with Else Loop"": 1, ""Function with Simple argument"": 1}"
python-algorithms,/home/juan/Documents/Analisis-CC-PyCEFR/python-algorithms/EPI_prep/src/linkedlist/9_cyclic_right_shift_of_singly_linkedlist/cyclic_right_shift_list.py,cyclic_right_shift_list.py,ListNode,,1,3,2,A,1,7,5,3.0,B1,1.7142857142857142,"{""A1"": 3, ""A2"": 3, ""B1"": 1}","{""Simple Tuple"": 2, ""Simple Atributte"": 2, ""Simple Assignment"": 1, ""Function with Simple argument with Default argument"": 1, ""Simple Class  Using the constructor method --> __init__"": 1}"
python-algorithms,/home/juan/Documents/Analisis-CC-PyCEFR/python-algorithms/EPI_prep/src/linkedlist/9_cyclic_right_shift_of_singly_linkedlist/cyclic_right_shift_list.py,cyclic_right_shift_list.py,__init__,,2,3,1,A,1,6,4,2.0,A2,1.5,"{""A1"": 3, ""A2"": 3}","{""Simple Tuple"": 2, ""Simple Atributte"": 2, ""Simple Assignment"": 1, ""Function with Simple argument with Default argument"": 1}"
python-algorithms,/home/juan/Documents/Analisis-CC-PyCEFR/python-algorithms/EPI_prep/src/graphs/1_search_maze/search_maze.py,search_maze.py,search_maze,,2,25,1,A,1,35,13,4.0,B2,1.1428571428571428,"{""A1"": 32, ""A2"": 2, ""B2"": 1}","{""Subscript"": 6, ""Simple List"": 5, ""Simple Assignment"": 5, ""Return"": 5, ""Simple If statements"": 3, ""Simple Tuple"": 2, ""Unary Operation"": 2, ""Boolean Operation"": 2, ""'range' call function"": 1, ""Simple Atributte"": 1}"
python-algorithms,/home/juan/Documents/Analisis-CC-PyCEFR/python-algorithms/EPI_prep/src/graphs/1_search_maze/search_maze.py,search_maze.py,search_maze_helper,search_maze,4,22,9,B,2,28,11,4.0,B2,1.1428571428571428,"{""A1"": 26, ""A2"": 1, ""B2"": 1}","{""Subscript"": 6, ""Simple List"": 4, ""Return"": 4, ""Simple Assignment"": 3, ""Simple If statements"": 3, ""Unary Operation"": 2, ""Boolean Operation"": 2, ""Simple Tuple"": 1, ""Simple Atributte"": 1, ""Delete"": 1}"
python-beginner-programming-exercises,/home/juan/Documents/Analisis-CC-PyCEFR/python-beginner-programming-exercises/exercises/11-Create-A-New-Function/test.py,test.py,test_for_return,,21,26,4,A,1,147,19,5.0,C1,2.0340136054421767,"{""A2"": 78, ""A1"": 42, ""B2"": 18, ""B1"": 8, ""C1"": 1}","{""Simple Atributte"": 62, ""Simple Assignment"": 27, ""'assert' exception"": 18, ""Files --> 'read' call function"": 7, ""Files --> 'open' call function"": 6, ""With"": 5, ""Subscript"": 4, ""From"": 2, ""Alias"": 2, ""Function with Simple argument"": 2}"
python-beginner-programming-exercises,/home/juan/Documents/Analisis-CC-PyCEFR/python-beginner-programming-exercises/exercises/11-Create-A-New-Function/test.py,test.py,test_function_exists,,12,17,2,A,1,134,16,4.0,B2,1.9850746268656716,"{""A2"": 65, ""A1"": 39, ""B1"": 23, ""B2"": 7}","{""Simple Atributte"": 52, ""'raise' exception"": 10, ""Exception --> try/except"": 10, ""Except Handler"": 10, ""Simple Assignment"": 10, ""Function"": 7, ""'assert' exception"": 7, ""Alias"": 6, ""From"": 5, ""Function with Simple argument"": 5}"
python-beginner-programming-exercises,/home/juan/Documents/Analisis-CC-PyCEFR/python-beginner-programming-exercises/exercises/11-Create-A-New-Function/test.py,test.py,test_for_type_random,,31,35,2,A,1,68,18,5.0,C1,1.838235294117647,"{""A2"": 33, ""A1"": 27, ""B2"": 6, ""C1"": 1, ""B1"": 1}","{""Simple Atributte"": 23, ""Simple Assignment"": 15, ""'assert' exception"": 6, ""Files --> 'read' call function"": 3, ""Subscript"": 3, ""Files --> 'open' call function"": 2, ""Alias"": 2, ""'range' call function"": 2, ""Boolean Operation"": 2, ""Unary Operation"": 2}"
python-beginner-programming-exercises,/home/juan/Documents/Analisis-CC-PyCEFR/python-beginner-programming-exercises/exercises/11-Create-A-New-Function/test.py,test.py,test_function_called_for,,41,41,2,A,1,8,3,4.0,B2,3.0,"{""B2"": 4, ""A2"": 4}","{""'assert' exception"": 4, ""Simple Atributte"": 3, ""Simplified incremental Assignment with increase amount"": 1}"
python-beginner-programming-exercises,/home/juan/Documents/Analisis-CC-PyCEFR/python-beginner-programming-exercises/exercises/11-Create-A-New-Function/solution.hide.py,solution.hide.py,generate_random,,4,6,1,A,1,31,8,2.0,A2,1.1935483870967742,"{""A1"": 25, ""A2"": 6}","{""Simple Assignment"": 10, ""Print"": 9, ""Simple Atributte"": 4, ""Return"": 4, ""Function"": 1, ""Boolean Operation"": 1, ""'range' call function"": 1, ""Simplified incremental Assignment with increase amount"": 1}"
python-beginner-programming-exercises,/home/juan/Documents/Analisis-CC-PyCEFR/python-beginner-programming-exercises/exercises/04-Multiply-Two-Values/test.py,test.py,test_variable_exists,,12,16,2,A,1,91,14,4.0,B2,1.945054945054945,"{""A2"": 52, ""A1"": 24, ""B1"": 11, ""B2"": 4}","{""Simple Atributte"": 41, ""Simple Assignment"": 8, ""From"": 5, ""Alias"": 5, ""'raise' exception"": 5, ""Exception --> try/except"": 5, ""Except Handler"": 5, ""'assert' exception"": 4, ""Files --> 'open' call function"": 3, ""Files --> 'read' call function"": 3}"
python-beginner-programming-exercises,/home/juan/Documents/Analisis-CC-PyCEFR/python-beginner-programming-exercises/exercises/04-Multiply-Two-Values/test.py,test.py,test_use_variable_name,,19,19,2,A,1,25,5,5.0,C1,2.28,"{""A2"": 19, ""B2"": 3, ""A1"": 2, ""C1"": 1}","{""Simple Atributte"": 19, ""'assert' exception"": 3, ""List Comprehension with 1If statements"": 1, ""Simple Assignment"": 1, ""Assigment with sum (total = total + 1)"": 1}"
python-beginner-programming-exercises,/home/juan/Documents/Analisis-CC-PyCEFR/python-beginner-programming-exercises/exercises/04-Multiply-Two-Values/test.py,test.py,test_for_file_output,,24,24,2,A,1,24,5,4.0,B2,2.375,"{""A2"": 12, ""B2"": 7, ""A1"": 5}","{""Simple Atributte"": 11, ""'assert' exception"": 7, ""Simple Assignment"": 4, ""Files --> 'read' call function"": 1, ""Subscript"": 1}"
python-beginner-programming-exercises,/home/juan/Documents/Analisis-CC-PyCEFR/python-beginner-programming-exercises/exercises/04-Multiply-Two-Values/test.py,test.py,test_for_print,,29,33,2,A,1,85,18,5.0,C1,1.9529411764705882,"{""A2"": 42, ""A1"": 31, ""B2"": 7, ""C1"": 4, ""B1"": 1}","{""Simple Atributte"": 33, ""Simple Assignment"": 20, ""'assert' exception"": 7, ""'range' call function"": 4, ""Simple List Comprehension"": 3, ""Files --> 'open' call function"": 2, ""Files --> 'read' call function"": 2, ""Subscript"": 2, ""Boolean Operation"": 2, ""Unary Operation"": 2}"
python-beginner-programming-exercises,/home/juan/Documents/Analisis-CC-PyCEFR/python-beginner-programming-exercises/exercises/04-Multiply-Two-Values/test.py,test.py,test_for_print,,37,39,2,A,1,24,6,4.0,B2,2.0,"{""A2"": 18, ""A1"": 4, ""B2"": 2}","{""Simple Atributte"": 10, ""Simple Assignment"": 4, ""Files --> 'open' call function"": 3, ""Files --> 'read' call function"": 3, ""'assert' exception"": 2, ""Simplified incremental Assignment with increase amount"": 2}"
python-beginner-programming-exercises,/home/juan/Documents/Analisis-CC-PyCEFR/python-beginner-programming-exercises/exercises/06-String-Concatenation/test.py,test.py,test_my_var1_exists,,7,11,2,A,1,152,13,5.0,C1,1.9276315789473684,"{""A2"": 84, ""A1"": 51, ""C1"": 11, ""B1"": 5, ""B2"": 1}","{""Simple Atributte"": 59, ""Alias"": 35, ""Import"": 22, ""Import're' module"": 11, ""Assigment with sum (total = total + 1)"": 9, ""'raise' exception"": 3, ""Except Handler"": 3, ""Simple Assignment"": 3, ""From"": 2, ""Exception --> try/except"": 2}"
python-beginner-programming-exercises,/home/juan/Documents/Analisis-CC-PyCEFR/python-beginner-programming-exercises/exercises/06-String-Concatenation/test.py,test.py,test_my_var2_exists,,14,18,2,A,1,110,15,4.0,B2,1.9727272727272727,"{""A2"": 51, ""A1"": 34, ""B1"": 19, ""B2"": 6}","{""Simple Atributte"": 39, ""Simple Assignment"": 13, ""'raise' exception"": 12, ""Except Handler"": 12, ""Alias"": 6, ""Exception --> try/except"": 6, ""'assert' exception"": 6, ""From"": 5, ""Files --> 'open' call function"": 3, ""Files --> 'read' call function"": 3}"
python-beginner-programming-exercises,/home/juan/Documents/Analisis-CC-PyCEFR/python-beginner-programming-exercises/exercises/06-String-Concatenation/test.py,test.py,test_my_var1_value,,21,21,2,A,1,18,5,4.0,B2,1.9444444444444444,"{""A2"": 14, ""A1"": 3, ""B2"": 1}","{""Simple Atributte"": 9, ""Files --> 'open' call function"": 4, ""Simple Assignment"": 3, ""'assert' exception"": 1, ""Files --> 'read' call function"": 1}"
python-beginner-programming-exercises,/home/juan/Documents/Analisis-CC-PyCEFR/python-beginner-programming-exercises/exercises/06-String-Concatenation/test.py,test.py,test_my_var2_value,,26,26,2,A,1,18,5,4.0,B2,2.0555555555555554,"{""A2"": 11, ""A1"": 4, ""B2"": 2, ""B1"": 1}","{""Simple Atributte"": 11, ""Simple Assignment"": 3, ""'assert' exception"": 2, ""'raise' exception"": 1, ""Subscript"": 1}"
python-beginner-programming-exercises,/home/juan/Documents/Analisis-CC-PyCEFR/python-beginner-programming-exercises/exercises/06-String-Concatenation/test.py,test.py,test_the_new_string_exists,,31,36,2,A,1,88,21,5.0,C1,1.8409090909090908,"{""A2"": 44, ""A1"": 33, ""B2"": 6, ""B1"": 4, ""C1"": 1}","{""Simple Atributte"": 34, ""Simple Assignment"": 17, ""'assert' exception"": 6, ""Files --> 'read' call function"": 3, ""'raise' exception"": 3, ""Subscript"": 3, ""Files --> 'open' call function"": 2, ""Alias"": 2, ""Except Handler"": 2, ""Function"": 2}"
python-beginner-programming-exercises,/home/juan/Documents/Analisis-CC-PyCEFR/python-beginner-programming-exercises/exercises/06-String-Concatenation/test.py,test.py,test_for_file_output,,39,39,2,A,1,8,4,2.0,A2,1.625,"{""A2"": 5, ""A1"": 3}","{""Simple Assignment"": 3, ""Files --> 'read' call function"": 2, ""Simple Atributte"": 2, ""Simplified incremental Assignment with increase amount"": 1}"
python-beginner-programming-exercises,/home/juan/Documents/Analisis-CC-PyCEFR/python-beginner-programming-exercises/exercises/09-Random-Numbers/test.py,test.py,test_function_return_no_static,,40,50,5,A,1,59,14,4.0,B2,2.0,"{""A2"": 29, ""A1"": 19, ""B2"": 8, ""B1"": 3}","{""Simple Atributte"": 24, ""Simple Assignment"": 13, ""'assert' exception"": 8, ""Function"": 3, ""Simplified incremental Assignment with increase amount"": 2, ""'range' call function"": 1, ""'raise' exception"": 1, ""Simple If statements"": 1, ""Simple For Loop"": 1, ""Exception --> try/except"": 1}"
python-beginner-programming-exercises,/home/juan/Documents/Analisis-CC-PyCEFR/python-beginner-programming-exercises/exercises/09-Random-Numbers/test.py,test.py,test_function_returns_random_integer,,29,36,4,A,1,132,24,5.0,C1,1.9545454545454546,"{""A2"": 65, ""A1"": 46, ""B2"": 11, ""B1"": 6, ""C1"": 4}","{""Simple Atributte"": 52, ""Simple Assignment"": 25, ""'assert' exception"": 11, ""Function"": 4, ""'range' call function"": 4, ""Files --> 'open' call function"": 3, ""Files --> 'read' call function"": 3, ""'raise' exception"": 3, ""Except Handler"": 3, ""Boolean Operation"": 3}"
python-beginner-programming-exercises,/home/juan/Documents/Analisis-CC-PyCEFR/python-beginner-programming-exercises/exercises/09-Random-Numbers/test.py,test.py,test_function_exists,,22,26,3,A,1,122,18,5.0,C1,2.040983606557377,"{""A2"": 64, ""A1"": 36, ""B2"": 17, ""B1"": 4, ""C1"": 1}","{""Simple Atributte"": 53, ""Simple Assignment"": 24, ""'assert' exception"": 17, ""Files --> 'read' call function"": 6, ""Subscript"": 4, ""From"": 2, ""Alias"": 2, ""Function with Simple argument"": 2, ""'raise' exception"": 2, ""Files --> 'open' call function"": 2}"
python-beginner-programming-exercises,/home/juan/Documents/Analisis-CC-PyCEFR/python-beginner-programming-exercises/exercises/09-Random-Numbers/test.py,test.py,test_only_change_line_5,,13,18,2,A,1,131,16,4.0,B2,1.9923664122137406,"{""A2"": 59, ""A1"": 40, ""B1"": 25, ""B2"": 7}","{""Simple Atributte"": 46, ""Simple Assignment"": 14, ""'raise' exception"": 12, ""Except Handler"": 12, ""Exception --> try/except"": 10, ""'assert' exception"": 7, ""Alias"": 6, ""From"": 5, ""Function"": 5, ""Files --> 'open' call function"": 4}"
python-beginner-programming-exercises,/home/juan/Documents/Analisis-CC-PyCEFR/python-beginner-programming-exercises/exercises/09-Random-Numbers/solution.hide.py,solution.hide.py,get_randomInt,,3,6,1,A,1,49,11,2.0,A2,1.183673469387755,"{""A1"": 40, ""A2"": 9}","{""Simple Assignment"": 16, ""Print"": 11, ""Simple Atributte"": 4, ""Return"": 4, ""'range' call function"": 4, ""Function"": 3, ""Assigment with sum (total = total + 1)"": 2, ""Simple For Loop"": 2, ""Boolean Operation"": 1, ""Simplified incremental Assignment with increase amount"": 1}"
python-beginner-programming-exercises,/home/juan/Documents/Analisis-CC-PyCEFR/python-beginner-programming-exercises/exercises/09-Random-Numbers/app.py,app.py,get_randomInt,,3,6,1,A,1,19,6,2.0,A2,1.105263157894737,"{""A1"": 17, ""A2"": 2}","{""Simple Assignment"": 8, ""Print"": 3, ""Return"": 3, ""Simple Atributte"": 2, ""Function"": 2, ""Assigment with sum (total = total + 1)"": 1}"
python-beginner-programming-exercises,/home/juan/Documents/Analisis-CC-PyCEFR/python-beginner-programming-exercises/exercises/03-Print-Variables-In-The-Console/test.py,test.py,test_declare_variable,,12,12,2,A,1,14,1,2.0,A2,2.0,"{""A2"": 14}","{""Simple Atributte"": 14}"
python-beginner-programming-exercises,/home/juan/Documents/Analisis-CC-PyCEFR/python-beginner-programming-exercises/exercises/03-Print-Variables-In-The-Console/test.py,test.py,test_declare_variable,,17,17,2,A,1,23,7,4.0,B2,2.3043478260869565,"{""A2"": 13, ""B1"": 4, ""A1"": 3, ""B2"": 3}","{""Simple Atributte"": 11, ""'raise' exception"": 4, ""'assert' exception"": 3, ""Simple Assignment"": 2, ""Import"": 1, ""Alias"": 1, ""Files --> 'open' call function"": 1}"
python-beginner-programming-exercises,/home/juan/Documents/Analisis-CC-PyCEFR/python-beginner-programming-exercises/exercises/03-Print-Variables-In-The-Console/test.py,test.py,test_for_file_output,,22,22,2,A,1,33,10,4.0,B2,1.9090909090909092,"{""A2"": 19, ""A1"": 10, ""B2"": 3, ""B1"": 1}","{""Simple Atributte"": 12, ""Simple Assignment"": 6, ""Files --> 'read' call function"": 4, ""'assert' exception"": 3, ""From"": 2, ""Alias"": 2, ""Files --> 'open' call function"": 1, ""Assigment with sum (total = total + 1)"": 1, ""'raise' exception"": 1, ""Subscript"": 1}"
python-beginner-programming-exercises,/home/juan/Documents/Analisis-CC-PyCEFR/python-beginner-programming-exercises/exercises/17-Russian-Roulette/test.py,test.py,test_for_file_output,,27,27,5,A,1,13,6,4.0,B2,2.3076923076923075,"{""A2"": 8, ""B2"": 3, ""A1"": 2}","{""Simple Atributte"": 6, ""'assert' exception"": 3, ""Boolean Operation"": 1, ""From"": 1, ""Alias"": 1, ""Files --> 'open' call function"": 1}"
python-beginner-programming-exercises,/home/juan/Documents/Analisis-CC-PyCEFR/python-beginner-programming-exercises/exercises/17-Russian-Roulette/test.py,test.py,test_function_output,,20,21,4,A,1,36,7,4.0,B2,1.8611111111111112,"{""A2"": 28, ""A1"": 7, ""B2"": 1}","{""Simple Atributte"": 22, ""Simple Assignment"": 5, ""Files --> 'open' call function"": 5, ""'assert' exception"": 1, ""Assigment with sum (total = total + 1)"": 1, ""Subscript"": 1, ""Files --> 'read' call function"": 1}"
python-beginner-programming-exercises,/home/juan/Documents/Analisis-CC-PyCEFR/python-beginner-programming-exercises/exercises/17-Russian-Roulette/test.py,test.py,test_function_spin_chamber,,12,12,2,A,1,14,1,2.0,A2,2.0,"{""A2"": 14}","{""Simple Atributte"": 14}"
python-beginner-programming-exercises,/home/juan/Documents/Analisis-CC-PyCEFR/python-beginner-programming-exercises/exercises/17-Russian-Roulette/test.py,test.py,test_function_fire_gun,,16,16,2,A,1,18,7,4.0,B2,2.0,"{""A2"": 9, ""A1"": 5, ""B1"": 3, ""B2"": 1}","{""Simple Atributte"": 7, ""Simple Assignment"": 4, ""'raise' exception"": 3, ""From"": 1, ""Alias"": 1, ""Files --> 'read' call function"": 1, ""'assert' exception"": 1}"
python-beginner-programming-exercises,/home/juan/Documents/Analisis-CC-PyCEFR/python-beginner-programming-exercises/exercises/17-Russian-Roulette/solution.hide.py,solution.hide.py,fire_gun,,10,15,2,A,1,11,7,2.0,A2,1.1818181818181819,"{""A1"": 9, ""A2"": 2}","{""Return"": 4, ""Print"": 2, ""Simple If statements"": 1, ""Function"": 1, ""Simplified incremental Assignment with increase amount"": 1, ""Assigment with sum (total = total + 1)"": 1, ""Simple Atributte"": 1}"
python-beginner-programming-exercises,/home/juan/Documents/Analisis-CC-PyCEFR/python-beginner-programming-exercises/exercises/17-Russian-Roulette/solution.hide.py,solution.hide.py,spin_chamber,,5,7,1,A,1,27,7,2.0,A2,1.1851851851851851,"{""A1"": 22, ""A2"": 5}","{""Simple Assignment"": 8, ""Print"": 7, ""Simple Atributte"": 4, ""Return"": 4, ""Function"": 2, ""Assigment with sum (total = total + 1)"": 1, ""Simplified incremental Assignment with increase amount"": 1}"
python-beginner-programming-exercises,/home/juan/Documents/Analisis-CC-PyCEFR/python-beginner-programming-exercises/exercises/17-Russian-Roulette/app.py,app.py,spin_chamber,,5,7,1,A,1,14,6,2.0,A2,1.1428571428571428,"{""A1"": 12, ""A2"": 2}","{""Simple Assignment"": 6, ""Return"": 3, ""Simple Atributte"": 2, ""Print"": 1, ""Assigment with sum (total = total + 1)"": 1, ""Function"": 1}"
python-beginner-programming-exercises,/home/juan/Documents/Analisis-CC-PyCEFR/python-beginner-programming-exercises/exercises/17-Russian-Roulette/app.py,app.py,fire_gun,,10,12,1,A,1,2,2,1.0,A1,1.0,"{""A1"": 2}","{""Function"": 1, ""Return"": 1}"
python-beginner-programming-exercises,/home/juan/Documents/Analisis-CC-PyCEFR/python-beginner-programming-exercises/exercises/14-Create-A-For-Loop/test.py,test.py,test_for_file_output,,27,27,5,A,1,13,6,4.0,B2,2.3076923076923075,"{""A2"": 8, ""B2"": 3, ""A1"": 2}","{""Simple Atributte"": 6, ""'assert' exception"": 3, ""Boolean Operation"": 1, ""From"": 1, ""Alias"": 1, ""Files --> 'open' call function"": 1}"
python-beginner-programming-exercises,/home/juan/Documents/Analisis-CC-PyCEFR/python-beginner-programming-exercises/exercises/14-Create-A-For-Loop/test.py,test.py,test_variable_exists,,13,17,2,A,1,111,16,4.0,B2,2.027027027027027,"{""A2"": 51, ""A1"": 32, ""B1"": 21, ""B2"": 7}","{""Simple Atributte"": 38, ""'raise' exception"": 10, ""Except Handler"": 10, ""Simple Assignment"": 10, ""Exception --> try/except"": 8, ""'assert' exception"": 7, ""Alias"": 6, ""From"": 5, ""Files --> 'open' call function"": 4, ""Files --> 'read' call function"": 3}"
python-beginner-programming-exercises,/home/juan/Documents/Analisis-CC-PyCEFR/python-beginner-programming-exercises/exercises/14-Create-A-For-Loop/test.py,test.py,test_for_loop,,20,23,2,A,1,100,16,5.0,C1,1.88,"{""A2"": 59, ""A1"": 31, ""B2"": 7, ""B1"": 2, ""C1"": 1}","{""Simple Atributte"": 44, ""Simple Assignment"": 19, ""'assert' exception"": 7, ""Files --> 'open' call function"": 7, ""Files --> 'read' call function"": 6, ""Subscript"": 3, ""From"": 2, ""Alias"": 2, ""Function with Simple argument"": 2, ""Assigment with sum (total = total + 1)"": 2}"
python-beginner-programming-exercises,/home/juan/Documents/Analisis-CC-PyCEFR/python-beginner-programming-exercises/exercises/14-Create-A-For-Loop/test.py,test.py,test_for_print,,37,40,2,A,1,32,6,4.0,B2,1.90625,"{""A2"": 23, ""A1"": 7, ""B2"": 2}","{""Simple Atributte"": 15, ""Simple Assignment"": 7, ""Files --> 'open' call function"": 3, ""Files --> 'read' call function"": 3, ""'assert' exception"": 2, ""Simplified incremental Assignment with increase amount"": 2}"
python-beginner-programming-exercises,/home/juan/Documents/Analisis-CC-PyCEFR/python-beginner-programming-exercises/exercises/14-Create-A-For-Loop/test.py,test.py,test_callTheFunction,,44,48,2,A,1,23,9,4.0,B2,1.826086956521739,"{""A2"": 13, ""A1"": 8, ""B2"": 2}","{""Simple Atributte"": 9, ""Simple Assignment"": 6, ""'assert' exception"": 2, ""'range' call function"": 1, ""Simplified incremental Assignment with increase amount"": 1, ""Simple If statements"": 1, ""Simple For Loop"": 1, ""Files --> 'open' call function"": 1, ""Files --> 'read' call function"": 1}"
python-beginner-programming-exercises,/home/juan/Documents/Analisis-CC-PyCEFR/python-beginner-programming-exercises/exercises/14-Create-A-For-Loop/solution.hide.py,solution.hide.py,standards_maker,,1,4,2,A,1,46,12,2.0,A2,1.2173913043478262,"{""A1"": 36, ""A2"": 10}","{""Simple Assignment"": 12, ""Print"": 7, ""Import"": 5, ""Alias"": 5, ""'range' call function"": 5, ""Simple For Loop"": 3, ""Assigment with sum (total = total + 1)"": 2, ""Function"": 2, ""Return"": 2, ""Boolean Operation"": 1}"
python-beginner-programming-exercises,/home/juan/Documents/Analisis-CC-PyCEFR/python-beginner-programming-exercises/exercises/15-Looping-With-FizzBuzz/test.py,test.py,test_function_existence,,13,17,2,A,1,111,16,4.0,B2,2.027027027027027,"{""A2"": 51, ""A1"": 32, ""B1"": 21, ""B2"": 7}","{""Simple Atributte"": 38, ""'raise' exception"": 10, ""Except Handler"": 10, ""Simple Assignment"": 10, ""Exception --> try/except"": 8, ""'assert' exception"": 7, ""Alias"": 6, ""From"": 5, ""Files --> 'open' call function"": 4, ""Files --> 'read' call function"": 3}"
python-beginner-programming-exercises,/home/juan/Documents/Analisis-CC-PyCEFR/python-beginner-programming-exercises/exercises/15-Looping-With-FizzBuzz/test.py,test.py,test_for_loop,,20,23,2,A,1,100,16,5.0,C1,1.88,"{""A2"": 59, ""A1"": 31, ""B2"": 7, ""B1"": 2, ""C1"": 1}","{""Simple Atributte"": 44, ""Simple Assignment"": 19, ""'assert' exception"": 7, ""Files --> 'open' call function"": 7, ""Files --> 'read' call function"": 6, ""Subscript"": 3, ""From"": 2, ""Alias"": 2, ""Function with Simple argument"": 2, ""Assigment with sum (total = total + 1)"": 2}"
python-beginner-programming-exercises,/home/juan/Documents/Analisis-CC-PyCEFR/python-beginner-programming-exercises/exercises/15-Looping-With-FizzBuzz/test.py,test.py,test_for_function_output,,27,27,2,A,1,13,6,4.0,B2,2.3076923076923075,"{""A2"": 8, ""B2"": 3, ""A1"": 2}","{""Simple Atributte"": 6, ""'assert' exception"": 3, ""Boolean Operation"": 1, ""From"": 1, ""Alias"": 1, ""Files --> 'open' call function"": 1}"
python-beginner-programming-exercises,/home/juan/Documents/Analisis-CC-PyCEFR/python-beginner-programming-exercises/exercises/15-Looping-With-FizzBuzz/solution.hide.py,solution.hide.py,fizz_buzz,,1,11,6,B,2,97,15,2.0,A2,1.175257731958763,"{""A1"": 80, ""A2"": 17}","{""Simple Assignment"": 21, ""Print"": 20, ""Function"": 10, ""Return"": 8, ""Import"": 5, ""Alias"": 5, ""'range' call function"": 5, ""Simple For Loop"": 5, ""Simple If statements"": 5, ""Simple Atributte"": 4}"
python-beginner-programming-exercises,/home/juan/Documents/Analisis-CC-PyCEFR/python-beginner-programming-exercises/exercises/01-Console/test.py,test.py,test_for_file_output,,11,16,2,A,1,107,14,4.0,B2,1.9532710280373833,"{""A2"": 66, ""A1"": 25, ""B1"": 12, ""B2"": 4}","{""Simple Atributte"": 55, ""Simple Assignment"": 8, ""'raise' exception"": 6, ""From"": 5, ""Alias"": 5, ""Exception --> try/except"": 5, ""Except Handler"": 5, ""'assert' exception"": 4, ""Function with Simple argument"": 4, ""Files --> 'open' call function"": 3}"
python-beginner-programming-exercises,/home/juan/Documents/Analisis-CC-PyCEFR/python-beginner-programming-exercises/exercises/01-Console/test.py,test.py,test_for_console_log,,20,20,2,A,1,18,5,2.0,A2,1.7777777777777777,"{""A2"": 14, ""A1"": 4}","{""Simple Atributte"": 13, ""Simple Assignment"": 2, ""Assigment with sum (total = total + 1)"": 1, ""Subscript"": 1, ""Files --> 'open' call function"": 1}"
python-beginner-programming-exercises,/home/juan/Documents/Analisis-CC-PyCEFR/python-beginner-programming-exercises/exercises/02-Declare-Variables/test.py,test.py,test_for_print,,12,16,2,A,1,91,14,4.0,B2,1.945054945054945,"{""A2"": 52, ""A1"": 24, ""B1"": 11, ""B2"": 4}","{""Simple Atributte"": 41, ""Simple Assignment"": 8, ""From"": 5, ""Alias"": 5, ""'raise' exception"": 5, ""Exception --> try/except"": 5, ""Except Handler"": 5, ""'assert' exception"": 4, ""Files --> 'open' call function"": 3, ""Files --> 'read' call function"": 3}"
python-beginner-programming-exercises,/home/juan/Documents/Analisis-CC-PyCEFR/python-beginner-programming-exercises/exercises/02-Declare-Variables/test.py,test.py,test_for_variable,,20,24,2,A,1,132,17,5.0,C1,1.9621212121212122,"{""A2"": 71, ""A1"": 41, ""B2"": 14, ""B1"": 5, ""C1"": 1}","{""Simple Atributte"": 55, ""Simple Assignment"": 23, ""'assert' exception"": 14, ""Files --> 'open' call function"": 7, ""Files --> 'read' call function"": 7, ""Function with Simple argument"": 4, ""With"": 4, ""Subscript"": 4, ""Function"": 3, ""From"": 2}"
python-beginner-programming-exercises,/home/juan/Documents/Analisis-CC-PyCEFR/python-beginner-programming-exercises/exercises/02-Declare-Variables/test.py,test.py,test_for_file_output,,28,28,2,A,1,21,7,4.0,B2,1.9047619047619047,"{""A2"": 16, ""A1"": 4, ""B2"": 1}","{""Simple Atributte"": 13, ""Simple Assignment"": 3, ""'assert' exception"": 1, ""Files --> 'open' call function"": 1, ""Files --> 'read' call function"": 1, ""From"": 1, ""Alias"": 1}"
python-beginner-programming-exercises,/home/juan/Documents/Analisis-CC-PyCEFR/python-beginner-programming-exercises/exercises/12-Rand-From-One-to-Twelve/test.py,test.py,test_function_existence,,13,17,2,A,1,111,16,4.0,B2,2.027027027027027,"{""A2"": 51, ""A1"": 32, ""B1"": 21, ""B2"": 7}","{""Simple Atributte"": 38, ""'raise' exception"": 10, ""Except Handler"": 10, ""Simple Assignment"": 10, ""Exception --> try/except"": 8, ""'assert' exception"": 7, ""Alias"": 6, ""From"": 5, ""Files --> 'open' call function"": 4, ""Files --> 'read' call function"": 3}"
python-beginner-programming-exercises,/home/juan/Documents/Analisis-CC-PyCEFR/python-beginner-programming-exercises/exercises/12-Rand-From-One-to-Twelve/test.py,test.py,test_conditional,,20,24,2,A,1,132,17,5.0,C1,1.9621212121212122,"{""A2"": 71, ""A1"": 41, ""B2"": 14, ""B1"": 5, ""C1"": 1}","{""Simple Atributte"": 55, ""Simple Assignment"": 23, ""'assert' exception"": 14, ""Files --> 'open' call function"": 7, ""Files --> 'read' call function"": 7, ""Function with Simple argument"": 4, ""With"": 4, ""Subscript"": 4, ""Function"": 3, ""From"": 2}"
python-beginner-programming-exercises,/home/juan/Documents/Analisis-CC-PyCEFR/python-beginner-programming-exercises/exercises/12-Rand-From-One-to-Twelve/test.py,test.py,test_print_output,,28,28,2,A,1,21,7,4.0,B2,1.9047619047619047,"{""A2"": 16, ""A1"": 4, ""B2"": 1}","{""Simple Atributte"": 13, ""Simple Assignment"": 3, ""'assert' exception"": 1, ""Files --> 'open' call function"": 1, ""Files --> 'read' call function"": 1, ""From"": 1, ""Alias"": 1}"
python-beginner-programming-exercises,/home/juan/Documents/Analisis-CC-PyCEFR/python-beginner-programming-exercises/exercises/12-Rand-From-One-to-Twelve/test.py,test.py,test_function_called_for,,33,36,2,A,1,53,16,4.0,B2,1.9245283018867925,"{""A2"": 28, ""A1"": 17, ""B2"": 5, ""B1"": 3}","{""Simple Atributte"": 22, ""Simple Assignment"": 9, ""'assert' exception"": 5, ""Files --> 'read' call function"": 2, ""'raise' exception"": 2, ""Except Handler"": 2, ""Unary Operation"": 2, ""Exception --> try/except"": 1, ""Boolean Operation"": 1, ""Subscript"": 1}"
python-beginner-programming-exercises,/home/juan/Documents/Analisis-CC-PyCEFR/python-beginner-programming-exercises/exercises/12-Rand-From-One-to-Twelve/solution.hide.py,solution.hide.py,get_randomInt,,3,6,1,A,1,49,11,2.0,A2,1.183673469387755,"{""A1"": 40, ""A2"": 9}","{""Simple Assignment"": 16, ""Print"": 11, ""Simple Atributte"": 4, ""Return"": 4, ""'range' call function"": 4, ""Function"": 3, ""Assigment with sum (total = total + 1)"": 2, ""Simple For Loop"": 2, ""Boolean Operation"": 1, ""Simplified incremental Assignment with increase amount"": 1}"
python-beginner-programming-exercises,/home/juan/Documents/Analisis-CC-PyCEFR/python-beginner-programming-exercises/exercises/12-Rand-From-One-to-Twelve/app.py,app.py,get_randomInt,,3,5,1,A,1,13,6,2.0,A2,1.0769230769230769,"{""A1"": 12, ""A2"": 1}","{""Simple Assignment"": 6, ""Return"": 2, ""Print"": 2, ""Assigment with sum (total = total + 1)"": 1, ""Simple Atributte"": 1, ""Function"": 1}"
python-beginner-programming-exercises,/home/juan/Documents/Analisis-CC-PyCEFR/python-beginner-programming-exercises/exercises/10.1-Creating-Your-First-Function/test.py,test.py,test_for_function,,11,15,2,A,1,80,14,4.0,B2,1.975,"{""A2"": 57, ""A1"": 14, ""B1"": 6, ""B2"": 3}","{""Simple Atributte"": 48, ""From"": 4, ""Alias"": 4, ""Simple Assignment"": 4, ""'raise' exception"": 3, ""Files --> 'open' call function"": 3, ""'assert' exception"": 3, ""Function with Simple argument"": 2, ""Files --> 'read' call function"": 2, ""Exception --> try/except"": 2}"
python-beginner-programming-exercises,/home/juan/Documents/Analisis-CC-PyCEFR/python-beginner-programming-exercises/exercises/10.1-Creating-Your-First-Function/test.py,test.py,test_for_function_print,,18,22,2,A,1,113,15,5.0,C1,1.9469026548672566,"{""A2"": 74, ""A1"": 27, ""B2"": 7, ""B1"": 4, ""C1"": 1}","{""Simple Atributte"": 61, ""Simple Assignment"": 16, ""'assert' exception"": 7, ""Files --> 'open' call function"": 6, ""Files --> 'read' call function"": 5, ""'raise' exception"": 3, ""Assigment with sum (total = total + 1)"": 3, ""From"": 2, ""Alias"": 2, ""Function with Simple argument"": 2}"
python-beginner-programming-exercises,/home/juan/Documents/Analisis-CC-PyCEFR/python-beginner-programming-exercises/exercises/10.1-Creating-Your-First-Function/test.py,test.py,test_for_print,,27,30,2,A,1,77,12,5.0,C1,2.142857142857143,"{""A2"": 45, ""A1"": 18, ""B2"": 9, ""C1"": 3, ""B1"": 2}","{""Simple Atributte"": 37, ""Simple Assignment"": 11, ""'assert' exception"": 9, ""Files --> 'open' call function"": 3, ""Simple List Comprehension"": 3, ""Function with Simple argument"": 3, ""Boolean Operation"": 2, ""From"": 2, ""Alias"": 2, ""'range' call function"": 2}"
python-beginner-programming-exercises,/home/juan/Documents/Analisis-CC-PyCEFR/python-beginner-programming-exercises/exercises/10.1-Creating-Your-First-Function/test.py,test.py,test_for_return,,34,34,2,A,1,16,8,4.0,B2,2.25,"{""A2"": 8, ""A1"": 4, ""B2"": 4}","{""Simple Atributte"": 6, ""'assert' exception"": 4, ""Simple Assignment"": 1, ""Boolean Operation"": 1, ""Subscript"": 1, ""Files --> 'open' call function"": 1, ""From"": 1, ""Alias"": 1}"
python-beginner-programming-exercises,/home/juan/Documents/Analisis-CC-PyCEFR/python-beginner-programming-exercises/exercises/10.1-Creating-Your-First-Function/test.py,test.py,test_for_return_2,,40,40,2,A,1,8,2,2.0,A2,1.625,"{""A2"": 5, ""A1"": 3}","{""Simple Atributte"": 5, ""Simple Assignment"": 3}"
python-beginner-programming-exercises,/home/juan/Documents/Analisis-CC-PyCEFR/python-beginner-programming-exercises/exercises/10.1-Creating-Your-First-Function/solution.hide.py,solution.hide.py,add_numbers,,1,3,1,A,1,31,10,2.0,A2,1.2903225806451613,"{""A1"": 22, ""A2"": 9}","{""Simple Assignment"": 9, ""Import"": 5, ""Alias"": 5, ""'range' call function"": 4, ""Assigment with sum (total = total + 1)"": 2, ""Print"": 2, ""Simple For Loop"": 1, ""Unary Operation"": 1, ""Function with Simple argument"": 1, ""Return"": 1}"
python-beginner-programming-exercises,/home/juan/Documents/Analisis-CC-PyCEFR/python-beginner-programming-exercises/exercises/13-Your-First-Loop/test.py,test.py,test_for_function_existence,,13,17,2,A,1,111,16,4.0,B2,2.027027027027027,"{""A2"": 51, ""A1"": 32, ""B1"": 21, ""B2"": 7}","{""Simple Atributte"": 38, ""'raise' exception"": 10, ""Except Handler"": 10, ""Simple Assignment"": 10, ""Exception --> try/except"": 8, ""'assert' exception"": 7, ""Alias"": 6, ""From"": 5, ""Files --> 'open' call function"": 4, ""Files --> 'read' call function"": 3}"
python-beginner-programming-exercises,/home/juan/Documents/Analisis-CC-PyCEFR/python-beginner-programming-exercises/exercises/13-Your-First-Loop/test.py,test.py,test_for_function_output,,20,20,2,A,1,18,5,2.0,A2,1.7777777777777777,"{""A2"": 14, ""A1"": 4}","{""Simple Atributte"": 13, ""Simple Assignment"": 2, ""Assigment with sum (total = total + 1)"": 1, ""Subscript"": 1, ""Files --> 'open' call function"": 1}"
python-beginner-programming-exercises,/home/juan/Documents/Analisis-CC-PyCEFR/python-beginner-programming-exercises/exercises/13-Your-First-Loop/test.py,test.py,test_for_loop,,26,29,2,A,1,70,13,5.0,C1,2.0142857142857142,"{""A2"": 44, ""A1"": 17, ""B2"": 7, ""B1"": 1, ""C1"": 1}","{""Simple Atributte"": 38, ""Simple Assignment"": 12, ""'assert' exception"": 7, ""From"": 2, ""Alias"": 2, ""Files --> 'open' call function"": 2, ""Boolean Operation"": 1, ""Function"": 1, ""'raise' exception"": 1, ""'range' call function"": 1}"
python-beginner-programming-exercises,/home/juan/Documents/Analisis-CC-PyCEFR/python-beginner-programming-exercises/exercises/13-Your-First-Loop/solution.hide.py,solution.hide.py,start_counting,,1,4,2,A,1,46,12,2.0,A2,1.2173913043478262,"{""A1"": 36, ""A2"": 10}","{""Simple Assignment"": 12, ""Print"": 7, ""Import"": 5, ""Alias"": 5, ""'range' call function"": 5, ""Simple For Loop"": 3, ""Assigment with sum (total = total + 1)"": 2, ""Function"": 2, ""Return"": 2, ""Boolean Operation"": 1}"
python-beginner-programming-exercises,/home/juan/Documents/Analisis-CC-PyCEFR/python-beginner-programming-exercises/exercises/13-Your-First-Loop/app.py,app.py,start_counting,,1,4,2,A,1,22,8,2.0,A2,1.2727272727272727,"{""A1"": 16, ""A2"": 6}","{""Simple Assignment"": 6, ""Import"": 5, ""Alias"": 5, ""Print"": 2, ""'range' call function"": 1, ""Simple For Loop"": 1, ""Function"": 1, ""Return"": 1}"
python-beginner-programming-exercises,/home/juan/Documents/Analisis-CC-PyCEFR/python-beginner-programming-exercises/exercises/08.2-How-Much-The-Wedding-Costs/test.py,test.py,test_for_print,,6,9,2,A,1,135,11,5.0,C1,1.8222222222222222,"{""A2"": 65, ""A1"": 58, ""C1"": 11, ""B1"": 1}","{""Alias"": 49, ""Import"": 36, ""Simple Atributte"": 25, ""Import're' module"": 11, ""Assigment with sum (total = total + 1)"": 5, ""Simple Assignment"": 3, ""From"": 2, ""Files --> 'open' call function"": 1, ""Files --> 'read' call function"": 1, ""'raise' exception"": 1}"
python-beginner-programming-exercises,/home/juan/Documents/Analisis-CC-PyCEFR/python-beginner-programming-exercises/exercises/08.2-How-Much-The-Wedding-Costs/test.py,test.py,test_for_print,,13,16,2,A,1,70,12,4.0,B2,1.9714285714285715,"{""A2"": 38, ""A1"": 19, ""B1"": 9, ""B2"": 4}","{""Simple Atributte"": 27, ""Simple Assignment"": 8, ""From"": 5, ""Alias"": 5, ""'raise' exception"": 5, ""Except Handler"": 5, ""'assert' exception"": 4, ""Exception --> try/except"": 3, ""Files --> 'open' call function"": 3, ""Files --> 'read' call function"": 3}"
python-beginner-programming-exercises,/home/juan/Documents/Analisis-CC-PyCEFR/python-beginner-programming-exercises/exercises/08.2-How-Much-The-Wedding-Costs/test.py,test.py,test__between_100_and_200,,21,25,2,A,1,125,18,5.0,C1,2.048,"{""A2"": 67, ""A1"": 35, ""B2"": 16, ""B1"": 6, ""C1"": 1}","{""Simple Atributte"": 51, ""Simple Assignment"": 24, ""'assert' exception"": 16, ""Files --> 'read' call function"": 7, ""Files --> 'open' call function"": 6, ""With"": 5, ""Subscript"": 3, ""From"": 2, ""Alias"": 2, ""'range' call function"": 1}"
python-beginner-programming-exercises,/home/juan/Documents/Analisis-CC-PyCEFR/python-beginner-programming-exercises/exercises/08.2-How-Much-The-Wedding-Costs/test.py,test.py,test_between_101_and_51,,30,34,2,A,1,86,21,5.0,C1,2.011627906976744,"{""A2"": 41, ""A1"": 30, ""B2"": 10, ""C1"": 3, ""B1"": 2}","{""Simple Atributte"": 31, ""Simple Assignment"": 15, ""'assert' exception"": 10, ""Files --> 'open' call function"": 3, ""'range' call function"": 3, ""Boolean Operation"": 3, ""Subscript"": 3, ""Files --> 'read' call function"": 2, ""Alias"": 2, ""Simple List Comprehension"": 2}"
python-beginner-programming-exercises,/home/juan/Documents/Analisis-CC-PyCEFR/python-beginner-programming-exercises/exercises/08.2-How-Much-The-Wedding-Costs/test.py,test.py,test_less_than_50,,39,44,1,A,1,38,7,4.0,B2,1.9736842105263157,"{""A2"": 22, ""A1"": 11, ""B2"": 5}","{""Simple Atributte"": 17, ""Simple Assignment"": 10, ""'assert' exception"": 5, ""Files --> 'read' call function"": 2, ""Simplified incremental Assignment with increase amount"": 2, ""Function"": 1, ""'range' call function"": 1}"
python-beginner-programming-exercises,/home/juan/Documents/Analisis-CC-PyCEFR/python-beginner-programming-exercises/exercises/08.2-How-Much-The-Wedding-Costs/test.py,test.py,test_t,,47,52,1,A,1,12,5,4.0,B2,2.25,"{""A2"": 4, ""A1"": 4, ""B2"": 3, ""B1"": 1}","{""Simple Atributte"": 4, ""Simple Assignment"": 3, ""'assert' exception"": 3, ""'raise' exception"": 1, ""Except Handler"": 1}"
python-beginner-programming-exercises,/home/juan/Documents/Analisis-CC-PyCEFR/python-beginner-programming-exercises/exercises/05-User-Inputed-Values/test.py,test.py,test_for_file_output,,5,9,2,A,1,148,12,5.0,C1,1.8513513513513513,"{""A2"": 70, ""A1"": 63, ""C1"": 13, ""B1"": 2}","{""Alias"": 54, ""Import"": 39, ""Simple Atributte"": 27, ""Import're' module"": 13, ""Assigment with sum (total = total + 1)"": 5, ""Simple Assignment"": 3, ""From"": 2, ""Files --> 'open' call function"": 1, ""Files --> 'read' call function"": 1, ""'raise' exception"": 1}"
python-beginner-programming-exercises,/home/juan/Documents/Analisis-CC-PyCEFR/python-beginner-programming-exercises/exercises/05-User-Inputed-Values/test.py,test.py,test_plus_ten,,14,14,2,A,1,17,8,4.0,B2,2.0,"{""A2"": 11, ""A1"": 4, ""B2"": 2}","{""Simple Atributte"": 7, ""From"": 2, ""Alias"": 2, ""'assert' exception"": 2, ""Assigment with sum (total = total + 1)"": 1, ""Files --> 'read' call function"": 1, ""Simple Assignment"": 1, ""Files --> 'open' call function"": 1}"
python-beginner-programming-exercises,/home/juan/Documents/Analisis-CC-PyCEFR/python-beginner-programming-exercises/exercises/18-The-Beatles/test.py,test.py,test_function_sing_exists,,12,16,3,A,1,91,14,4.0,B2,1.945054945054945,"{""A2"": 52, ""A1"": 24, ""B1"": 11, ""B2"": 4}","{""Simple Atributte"": 41, ""Simple Assignment"": 8, ""From"": 5, ""Alias"": 5, ""'raise' exception"": 5, ""Exception --> try/except"": 5, ""Except Handler"": 5, ""'assert' exception"": 4, ""Files --> 'open' call function"": 3, ""Files --> 'read' call function"": 3}"
python-beginner-programming-exercises,/home/juan/Documents/Analisis-CC-PyCEFR/python-beginner-programming-exercises/exercises/18-The-Beatles/test.py,test.py,test_function_sing_exists,,27,31,3,A,1,93,18,5.0,C1,2.086021505376344,"{""A2"": 50, ""A1"": 26, ""B2"": 9, ""C1"": 4, ""B1"": 4}","{""Simple Atributte"": 40, ""Simple Assignment"": 15, ""'assert' exception"": 9, ""Function with Simple argument"": 4, ""Files --> 'open' call function"": 3, ""'range' call function"": 3, ""Simple List Comprehension"": 3, ""Boolean Operation"": 2, ""Files --> 'read' call function"": 2, ""From"": 2}"
python-beginner-programming-exercises,/home/juan/Documents/Analisis-CC-PyCEFR/python-beginner-programming-exercises/exercises/18-The-Beatles/test.py,test.py,test_function_hardcode_output,,19,23,2,A,1,127,17,5.0,C1,1.9606299212598426,"{""A2"": 78, ""A1"": 34, ""B2"": 10, ""B1"": 3, ""C1"": 2}","{""Simple Atributte"": 63, ""Simple Assignment"": 20, ""'assert' exception"": 10, ""Files --> 'open' call function"": 7, ""Files --> 'read' call function"": 6, ""Assigment with sum (total = total + 1)"": 3, ""Subscript"": 3, ""From"": 2, ""Alias"": 2, ""Function"": 2}"
python-beginner-programming-exercises,/home/juan/Documents/Analisis-CC-PyCEFR/python-beginner-programming-exercises/exercises/18-The-Beatles/solution.hide.py,solution.hide.py,sing,,2,11,4,A,1,81,12,2.0,A2,1.1481481481481481,"{""A1"": 69, ""A2"": 12}","{""Print"": 20, ""Simple Assignment"": 19, ""Return"": 8, ""Function"": 7, ""'range' call function"": 5, ""Simple For Loop"": 5, ""Simple If statements"": 5, ""Simple Atributte"": 4, ""Assigment with sum (total = total + 1)"": 3, ""Simplified incremental Assignment with increase amount"": 3}"
python-beginner-programming-exercises,/home/juan/Documents/Analisis-CC-PyCEFR/python-beginner-programming-exercises/exercises/07-Create-a-Basic-HTML/test.py,test.py,test_html_document_exists,,13,18,3,A,1,131,16,4.0,B2,1.9923664122137406,"{""A2"": 59, ""A1"": 40, ""B1"": 25, ""B2"": 7}","{""Simple Atributte"": 46, ""Simple Assignment"": 14, ""'raise' exception"": 12, ""Except Handler"": 12, ""Exception --> try/except"": 10, ""'assert' exception"": 7, ""Alias"": 6, ""From"": 5, ""Function"": 5, ""Files --> 'open' call function"": 4}"
python-beginner-programming-exercises,/home/juan/Documents/Analisis-CC-PyCEFR/python-beginner-programming-exercises/exercises/07-Create-a-Basic-HTML/test.py,test.py,test_html_document_exists,,6,10,2,A,1,168,15,5.0,C1,1.8511904761904763,"{""A2"": 88, ""A1"": 64, ""C1"": 11, ""B1"": 4, ""B2"": 1}","{""Alias"": 49, ""Simple Atributte"": 48, ""Import"": 36, ""Import're' module"": 11, ""Assigment with sum (total = total + 1)"": 9, ""Simple Assignment"": 3, ""From"": 2, ""'raise' exception"": 2, ""Except Handler"": 2, ""Files --> 'open' call function"": 1}"
python-beginner-programming-exercises,/home/juan/Documents/Analisis-CC-PyCEFR/python-beginner-programming-exercises/exercises/07-Create-a-Basic-HTML/test.py,test.py,test_for_concat,,21,26,2,A,1,147,19,5.0,C1,2.0340136054421767,"{""A2"": 78, ""A1"": 42, ""B2"": 18, ""B1"": 8, ""C1"": 1}","{""Simple Atributte"": 62, ""Simple Assignment"": 27, ""'assert' exception"": 18, ""Files --> 'read' call function"": 7, ""Files --> 'open' call function"": 6, ""With"": 5, ""Subscript"": 4, ""From"": 2, ""Alias"": 2, ""Function with Simple argument"": 2}"
python-beginner-programming-exercises,/home/juan/Documents/Analisis-CC-PyCEFR/python-beginner-programming-exercises/exercises/07-Create-a-Basic-HTML/test.py,test.py,test_for_file_output,,31,31,2,A,1,13,8,5.0,C1,1.8461538461538463,"{""A1"": 6, ""A2"": 5, ""C1"": 1, ""B1"": 1}","{""Simple Assignment"": 4, ""Simple Atributte"": 3, ""Files --> 'read' call function"": 1, ""'range' call function"": 1, ""Subscript"": 1, ""Slice"": 1, ""List Comprehension with 1If statements"": 1, ""'raise' exception"": 1}"
python-beginner-programming-exercises,/home/juan/Documents/Analisis-CC-PyCEFR/python-beginner-programming-exercises/exercises/16-Random-Colors-Loop/test.py,test.py,test_get_color_exists,,12,16,2,A,1,91,14,4.0,B2,1.945054945054945,"{""A2"": 52, ""A1"": 24, ""B1"": 11, ""B2"": 4}","{""Simple Atributte"": 41, ""Simple Assignment"": 8, ""From"": 5, ""Alias"": 5, ""'raise' exception"": 5, ""Exception --> try/except"": 5, ""Except Handler"": 5, ""'assert' exception"": 4, ""Files --> 'open' call function"": 3, ""Files --> 'read' call function"": 3}"
python-beginner-programming-exercises,/home/juan/Documents/Analisis-CC-PyCEFR/python-beginner-programming-exercises/exercises/16-Random-Colors-Loop/test.py,test.py,test_get_allStudentColors_exists,,18,22,2,A,1,113,15,5.0,C1,1.9469026548672566,"{""A2"": 74, ""A1"": 27, ""B2"": 7, ""B1"": 4, ""C1"": 1}","{""Simple Atributte"": 61, ""Simple Assignment"": 16, ""'assert' exception"": 7, ""Files --> 'open' call function"": 6, ""Files --> 'read' call function"": 5, ""'raise' exception"": 3, ""Assigment with sum (total = total + 1)"": 3, ""From"": 2, ""Alias"": 2, ""Function with Simple argument"": 2}"
python-beginner-programming-exercises,/home/juan/Documents/Analisis-CC-PyCEFR/python-beginner-programming-exercises/exercises/16-Random-Colors-Loop/test.py,test.py,test_ten_colors,,25,25,2,A,1,15,4,4.0,B2,2.066666666666667,"{""A2"": 10, ""A1"": 3, ""B2"": 2}","{""Simple Atributte"": 9, ""Simple Assignment"": 3, ""'assert' exception"": 2, ""'range' call function"": 1}"
python-beginner-programming-exercises,/home/juan/Documents/Analisis-CC-PyCEFR/python-beginner-programming-exercises/exercises/16-Random-Colors-Loop/test.py,test.py,test_black_in_array,,30,30,2,A,1,21,7,5.0,C1,2.5238095238095237,"{""A2"": 12, ""B2"": 4, ""A1"": 3, ""C1"": 2}","{""Simple Atributte"": 10, ""'assert' exception"": 4, ""Simple List Comprehension"": 2, ""Simple Assignment"": 2, ""Files --> 'open' call function"": 1, ""'range' call function"": 1, ""Boolean Operation"": 1}"
python-beginner-programming-exercises,/home/juan/Documents/Analisis-CC-PyCEFR/python-beginner-programming-exercises/exercises/16-Random-Colors-Loop/test.py,test.py,use_for_loop,,35,40,2,A,1,58,10,4.0,B2,1.8793103448275863,"{""A2"": 38, ""A1"": 15, ""B2"": 3, ""B1"": 2}","{""Simple Atributte"": 28, ""Simple Assignment"": 11, ""Files --> 'read' call function"": 4, ""'assert' exception"": 3, ""Files --> 'open' call function"": 3, ""Simplified incremental Assignment with increase amount"": 3, ""'raise' exception"": 2, ""Except Handler"": 2, ""Boolean Operation"": 1, ""Assigment with sum (total = total + 1)"": 1}"
python-beginner-programming-exercises,/home/juan/Documents/Analisis-CC-PyCEFR/python-beginner-programming-exercises/exercises/16-Random-Colors-Loop/solution.hide.py,solution.hide.py,get_allStudentColors,,19,26,2,A,1,9,7,2.0,A2,1.3333333333333333,"{""A1"": 6, ""A2"": 3}","{""Simple Atributte"": 2, ""Simple Assignment"": 2, ""Simple List"": 1, ""'range' call function"": 1, ""Simple For Loop"": 1, ""Function"": 1, ""Return"": 1}"
python-beginner-programming-exercises,/home/juan/Documents/Analisis-CC-PyCEFR/python-beginner-programming-exercises/exercises/16-Random-Colors-Loop/solution.hide.py,solution.hide.py,get_color,,3,15,1,A,1,86,14,2.0,A2,1.1627906976744187,"{""A1"": 72, ""A2"": 14}","{""Print"": 21, ""Simple Assignment"": 19, ""Return"": 10, ""Function"": 6, ""Simple If statements"": 6, ""Simple Atributte"": 5, ""Assigment with sum (total = total + 1)"": 4, ""'range' call function"": 4, ""Simple For Loop"": 4, ""Simplified incremental Assignment with increase amount"": 3}"
python-beginner-programming-exercises,/home/juan/Documents/Analisis-CC-PyCEFR/python-beginner-programming-exercises/exercises/16-Random-Colors-Loop/app.py,app.py,get_color,,3,15,1,A,1,33,8,2.0,A2,1.1515151515151516,"{""A1"": 28, ""A2"": 5}","{""Simple Assignment"": 11, ""Print"": 6, ""Return"": 6, ""Function"": 4, ""Simple Atributte"": 3, ""Assigment with sum (total = total + 1)"": 1, ""Simple Dictionary"": 1, ""Function with Simple argument with Default argument"": 1}"
python-beginner-programming-exercises,/home/juan/Documents/Analisis-CC-PyCEFR/python-beginner-programming-exercises/exercises/16-Random-Colors-Loop/app.py,app.py,get_allStudentColors,,19,21,1,A,1,4,3,1.0,A1,1.0,"{""A1"": 4}","{""Simple Assignment"": 2, ""Simple List"": 1, ""Function"": 1}"
python-beginner-programming-exercises,/home/juan/Documents/Analisis-CC-PyCEFR/python-beginner-programming-exercises/exercises/19-Bottles-Of-Milk/test.py,test.py,test_function_spin_chamber,,11,11,8,B,2,15,2,3.0,B1,2.066666666666667,"{""A2"": 14, ""B1"": 1}","{""Simple Atributte"": 14, ""'raise' exception"": 1}"
python-beginner-programming-exercises,/home/juan/Documents/Analisis-CC-PyCEFR/python-beginner-programming-exercises/exercises/19-Bottles-Of-Milk/test.py,test.py,test_for_function_output,,29,29,6,B,2,17,5,5.0,C1,1.9411764705882353,"{""A2"": 9, ""A1"": 6, ""C1"": 1, ""B2"": 1}","{""Simple Atributte"": 8, ""Simple Assignment"": 6, ""'range' call function"": 1, ""Simple List Comprehension"": 1, ""'assert' exception"": 1}"
python-beginner-programming-exercises,/home/juan/Documents/Analisis-CC-PyCEFR/python-beginner-programming-exercises/exercises/19-Bottles-Of-Milk/solution.hide.py,solution.hide.py,number_of_bottles,,2,8,2,A,1,68,11,2.0,A2,1.161764705882353,"{""A1"": 57, ""A2"": 11}","{""Simple Assignment"": 19, ""Print"": 17, ""Return"": 7, ""Function"": 6, ""'range' call function"": 5, ""Simple Atributte"": 4, ""Assigment with sum (total = total + 1)"": 3, ""Simple For Loop"": 3, ""Simplified incremental Assignment with increase amount"": 2, ""Boolean Operation"": 1}"
python-beginner-programming-exercises,/home/juan/Documents/Analisis-CC-PyCEFR/python-beginner-programming-exercises/exercises/10-Calling-Your-First-Function/test.py,test.py,test_functions_existence,,4,8,2,A,1,128,13,5.0,C1,1.7578125,"{""A2"": 61, ""A1"": 57, ""C1"": 8, ""B1"": 2}","{""Alias"": 51, ""Import"": 40, ""Simple Atributte"": 16, ""Import're' module"": 8, ""From"": 3, ""Assigment with sum (total = total + 1)"": 2, ""Simple Assignment"": 2, ""Files --> 'open' call function"": 1, ""Files --> 'read' call function"": 1, ""'raise' exception"": 1}"
python-beginner-programming-exercises,/home/juan/Documents/Analisis-CC-PyCEFR/python-beginner-programming-exercises/exercises/10-Calling-Your-First-Function/test.py,test.py,test_functions_existence_main,,11,15,2,A,1,80,14,4.0,B2,1.975,"{""A2"": 57, ""A1"": 14, ""B1"": 6, ""B2"": 3}","{""Simple Atributte"": 48, ""From"": 4, ""Alias"": 4, ""Simple Assignment"": 4, ""'raise' exception"": 3, ""Files --> 'open' call function"": 3, ""'assert' exception"": 3, ""Function with Simple argument"": 2, ""Files --> 'read' call function"": 2, ""Exception --> try/except"": 2}"
python-beginner-programming-exercises,/home/juan/Documents/Analisis-CC-PyCEFR/python-beginner-programming-exercises/exercises/10-Calling-Your-First-Function/test.py,test.py,test_for_print,,18,22,2,A,1,113,15,5.0,C1,1.9469026548672566,"{""A2"": 74, ""A1"": 27, ""B2"": 7, ""B1"": 4, ""C1"": 1}","{""Simple Atributte"": 61, ""Simple Assignment"": 16, ""'assert' exception"": 7, ""Files --> 'open' call function"": 6, ""Files --> 'read' call function"": 5, ""'raise' exception"": 3, ""Assigment with sum (total = total + 1)"": 3, ""From"": 2, ""Alias"": 2, ""Function with Simple argument"": 2}"
python-beginner-programming-exercises,/home/juan/Documents/Analisis-CC-PyCEFR/python-beginner-programming-exercises/exercises/10-Calling-Your-First-Function/test.py,test.py,test_for_file_output,,33,33,2,A,1,12,6,4.0,B2,1.6666666666666667,"{""A1"": 6, ""A2"": 5, ""B2"": 1}","{""Simple Assignment"": 4, ""Simple Atributte"": 3, ""Unary Operation"": 2, ""Files --> 'read' call function"": 1, ""'assert' exception"": 1, ""'range' call function"": 1}"
python-beginner-programming-exercises,/home/juan/Documents/Analisis-CC-PyCEFR/python-beginner-programming-exercises/exercises/10-Calling-Your-First-Function/test.py,test.py,test_call_is_odd,,26,30,1,A,1,98,15,5.0,C1,2.0918367346938775,"{""A2"": 56, ""A1"": 25, ""B2"": 11, ""B1"": 3, ""C1"": 3}","{""Simple Atributte"": 48, ""Simple Assignment"": 14, ""'assert' exception"": 11, ""Files --> 'open' call function"": 3, ""Function"": 3, ""Simple List Comprehension"": 3, ""Function with Simple argument"": 3, ""Boolean Operation"": 2, ""From"": 2, ""Alias"": 2}"
python-beginner-programming-exercises,/home/juan/Documents/Analisis-CC-PyCEFR/python-beginner-programming-exercises/exercises/10-Calling-Your-First-Function/solution.hide.py,solution.hide.py,is_odd,,1,2,1,A,1,16,6,2.0,A2,1.375,"{""A1"": 10, ""A2"": 6}","{""Import"": 5, ""Alias"": 5, ""Simple Assignment"": 3, ""'range' call function"": 1, ""Function with Simple argument"": 1, ""Return"": 1}"
python-beginner-programming-exercises,/home/juan/Documents/Analisis-CC-PyCEFR/python-beginner-programming-exercises/exercises/10-Calling-Your-First-Function/solution.hide.py,solution.hide.py,my_main_code,,5,7,1,A,1,27,7,2.0,A2,1.1851851851851851,"{""A1"": 22, ""A2"": 5}","{""Simple Assignment"": 8, ""Print"": 7, ""Simple Atributte"": 4, ""Return"": 4, ""Function"": 2, ""Assigment with sum (total = total + 1)"": 1, ""Simplified incremental Assignment with increase amount"": 1}"
python-beginner-programming-exercises,/home/juan/Documents/Analisis-CC-PyCEFR/python-beginner-programming-exercises/exercises/08.1-Your-First-If/test.py,test.py,test_for_print,,6,9,2,A,1,135,11,5.0,C1,1.8222222222222222,"{""A2"": 65, ""A1"": 58, ""C1"": 11, ""B1"": 1}","{""Alias"": 49, ""Import"": 36, ""Simple Atributte"": 25, ""Import're' module"": 11, ""Assigment with sum (total = total + 1)"": 5, ""Simple Assignment"": 3, ""From"": 2, ""Files --> 'open' call function"": 1, ""Files --> 'read' call function"": 1, ""'raise' exception"": 1}"
python-beginner-programming-exercises,/home/juan/Documents/Analisis-CC-PyCEFR/python-beginner-programming-exercises/exercises/08.1-Your-First-If/test.py,test.py,test_for_print,,13,17,2,A,1,111,16,4.0,B2,2.027027027027027,"{""A2"": 51, ""A1"": 32, ""B1"": 21, ""B2"": 7}","{""Simple Atributte"": 38, ""'raise' exception"": 10, ""Except Handler"": 10, ""Simple Assignment"": 10, ""Exception --> try/except"": 8, ""'assert' exception"": 7, ""Alias"": 6, ""From"": 5, ""Files --> 'open' call function"": 4, ""Files --> 'read' call function"": 3}"
python-beginner-programming-exercises,/home/juan/Documents/Analisis-CC-PyCEFR/python-beginner-programming-exercises/exercises/08.1-Your-First-If/test.py,test.py,test_for_print,,21,24,2,A,1,108,17,5.0,C1,2.0277777777777777,"{""A2"": 57, ""A1"": 32, ""B2"": 14, ""B1"": 4, ""C1"": 1}","{""Simple Atributte"": 42, ""Simple Assignment"": 21, ""'assert' exception"": 14, ""Files --> 'read' call function"": 7, ""Files --> 'open' call function"": 6, ""With"": 3, ""Subscript"": 3, ""From"": 2, ""Alias"": 2, ""Function"": 1}"
python-beginner-programming-exercises,/home/juan/Documents/Analisis-CC-PyCEFR/python-beginner-programming-exercises/exercises/08.1-Your-First-If/test.py,test.py,test_for_output_when_101,,28,31,2,A,1,76,17,5.0,C1,2.0526315789473686,"{""A2"": 42, ""A1"": 22, ""B2"": 6, ""C1"": 4, ""B1"": 2}","{""Simple Atributte"": 34, ""Simple Assignment"": 15, ""'assert' exception"": 6, ""'range' call function"": 3, ""Simple List Comprehension"": 3, ""Files --> 'open' call function"": 2, ""Files --> 'read' call function"": 2, ""Function with Simple argument"": 2, ""Subscript"": 1, ""Slice"": 1}"
python-beginner-programming-exercises,/home/juan/Documents/Analisis-CC-PyCEFR/python-beginner-programming-exercises/exercises/08.1-Your-First-If/test.py,test.py,test_for_output_when_100,,35,38,2,A,1,42,10,4.0,B2,1.9761904761904763,"{""A2"": 28, ""A1"": 9, ""B2"": 3, ""B1"": 2}","{""Simple Atributte"": 21, ""Simple Assignment"": 5, ""'assert' exception"": 3, ""Files --> 'open' call function"": 3, ""'raise' exception"": 2, ""Except Handler"": 2, ""Files --> 'read' call function"": 2, ""Simplified incremental Assignment with increase amount"": 2, ""Boolean Operation"": 1, ""Assigment with sum (total = total + 1)"": 1}"
python-beginner-programming-exercises,/home/juan/Documents/Analisis-CC-PyCEFR/python-beginner-programming-exercises/exercises/08.1-Your-First-If/test.py,test.py,test_for_output_when_99,,42,45,2,A,1,18,5,4.0,B2,1.8333333333333333,"{""A2"": 12, ""A1"": 5, ""B2"": 1}","{""Simple Atributte"": 10, ""Simple Assignment"": 5, ""'range' call function"": 1, ""Files --> 'open' call function"": 1, ""'assert' exception"": 1}"
python-beginner-programming-exercises,/home/juan/Documents/Analisis-CC-PyCEFR/python-beginner-programming-exercises/exercises/08.1-Your-First-If/test.py,test.py,test_for_output_when_51,,49,52,2,A,1,4,4,4.0,B2,2.5,"{""B1"": 1, ""A1"": 1, ""A2"": 1, ""B2"": 1}","{""'raise' exception"": 1, ""Except Handler"": 1, ""Simple Atributte"": 1, ""'assert' exception"": 1}"
python-beginner-programming-exercises,/home/juan/Documents/Analisis-CC-PyCEFR/python-beginner-programming-exercises/exercises/08.1-Your-First-If/test.py,test.py,test_for_output_when_50,,56,59,2,A,1,0,0,,,,{},{}
python-beginner-programming-exercises,/home/juan/Documents/Analisis-CC-PyCEFR/python-beginner-programming-exercises/exercises/08.1-Your-First-If/test.py,test.py,test_for_output_when_49,,63,66,2,A,1,0,0,,,,{},{}
python-mini-projects,/home/juan/Documents/Analisis-CC-PyCEFR/python-mini-projects/projects/birthDateToCurrentAge.py,birthDateToCurrentAge.py,ageCalculator,,4,27,3,A,1,24,9,2.0,A2,1.2083333333333333,"{""A1"": 19, ""A2"": 5}","{""Simple Assignment"": 6, ""Assigment with sum (total = total + 1)"": 5, ""Formatted Value"": 3, ""Simple Atributte"": 3, ""Simplified incremental Assignment with increase amount"": 2, ""Simple If statements"": 2, ""Joined String"": 1, ""Print"": 1, ""Function with Simple argument"": 1}"
python-mini-projects,/home/juan/Documents/Analisis-CC-PyCEFR/python-mini-projects/projects/Snake Game/snake_game.py,snake_game.py,change_direction,,87,102,9,B,2,13,3,1.0,A1,1.0,"{""A1"": 13}","{""Simple If statements"": 8, ""Simple Assignment"": 4, ""Function with Simple argument"": 1}"
python-mini-projects,/home/juan/Documents/Analisis-CC-PyCEFR/python-mini-projects/projects/Snake Game/snake_game.py,snake_game.py,next_turn,,41,84,8,B,2,45,11,2.0,A2,1.4666666666666666,"{""A1"": 24, ""A2"": 21}","{""Simple Atributte"": 16, ""Subscript"": 6, ""Simple If statements"": 6, ""Unary Operation"": 3, ""Simple Assignment"": 3, ""Simplified incremental Assignment with increase amount"": 3, ""Simple Tuple"": 2, ""Simplified incremental Assignment with decrease subtraction"": 2, ""Delete"": 2, ""Boolean Operation"": 1}"
python-mini-projects,/home/juan/Documents/Analisis-CC-PyCEFR/python-mini-projects/projects/Snake Game/snake_game.py,snake_game.py,check_collisions,,105,118,8,B,2,21,10,2.0,A2,1.0952380952380953,"{""A1"": 19, ""A2"": 2}","{""Subscript"": 4, ""Return"": 4, ""Boolean Operation"": 3, ""Simple If statements"": 3, ""Simple Atributte"": 2, ""Simple Tuple"": 1, ""Slice"": 1, ""Simple Assignment"": 1, ""Simple For Loop"": 1, ""Function with Simple argument"": 1}"
python-mini-projects,/home/juan/Documents/Analisis-CC-PyCEFR/python-mini-projects/projects/Snake Game/snake_game.py,snake_game.py,Snake,,14,26,4,A,1,22,9,3.0,B1,1.5909090909090908,"{""A2"": 11, ""A1"": 10, ""B1"": 1}","{""Simple Atributte"": 9, ""Simple Assignment"": 4, ""Simple List"": 3, ""Simple Tuple"": 1, ""'range' call function"": 1, ""Simple For Loop"": 1, ""For Loop with Tuple as name"": 1, ""Function with Simple argument"": 1, ""Simple Class  Using the constructor method --> __init__"": 1}"
python-mini-projects,/home/juan/Documents/Analisis-CC-PyCEFR/python-mini-projects/projects/Snake Game/snake_game.py,snake_game.py,__init__,,16,26,3,A,1,21,8,2.0,A2,1.5238095238095237,"{""A2"": 11, ""A1"": 10}","{""Simple Atributte"": 9, ""Simple Assignment"": 4, ""Simple List"": 3, ""Simple Tuple"": 1, ""'range' call function"": 1, ""Simple For Loop"": 1, ""For Loop with Tuple as name"": 1, ""Function with Simple argument"": 1}"
python-mini-projects,/home/juan/Documents/Analisis-CC-PyCEFR/python-mini-projects/projects/Snake Game/snake_game.py,snake_game.py,Food,,29,38,2,A,1,10,6,3.0,B1,1.6,"{""A1"": 5, ""A2"": 4, ""B1"": 1}","{""Simple Atributte"": 4, ""Assigment with sum (total = total + 1)"": 2, ""Simple List"": 1, ""Simple Assignment"": 1, ""Function with Simple argument"": 1, ""Simple Class  Using the constructor method --> __init__"": 1}"
python-mini-projects,/home/juan/Documents/Analisis-CC-PyCEFR/python-mini-projects/projects/Snake Game/snake_game.py,snake_game.py,game_over,,121,125,1,A,1,6,3,2.0,A2,1.6666666666666667,"{""A2"": 4, ""A1"": 2}","{""Simple Atributte"": 4, ""Simple Tuple"": 1, ""Function"": 1}"
python-mini-projects,/home/juan/Documents/Analisis-CC-PyCEFR/python-mini-projects/projects/Snake Game/snake_game.py,snake_game.py,__init__,,31,38,1,A,1,9,5,2.0,A2,1.4444444444444444,"{""A1"": 5, ""A2"": 4}","{""Simple Atributte"": 4, ""Assigment with sum (total = total + 1)"": 2, ""Simple List"": 1, ""Simple Assignment"": 1, ""Function with Simple argument"": 1}"
python-mini-projects,/home/juan/Documents/Analisis-CC-PyCEFR/python-mini-projects/projects/Capture_Video_Frames/capture_video_frames.py,capture_video_frames.py,FrameCapture,,6,36,3,A,1,32,11,3.0,B1,1.625,"{""A2"": 16, ""A1"": 14, ""B1"": 2}","{""Simple Atributte"": 14, ""Simple Assignment"": 7, ""Formatted Value"": 2, ""Function with Simple argument"": 2, ""Simple Tuple"": 1, ""Joined String"": 1, ""Files --> 'read' call function"": 1, ""Simplified incremental Assignment with increase amount"": 1, ""Simple If statements"": 1, ""While with Else Loop"": 1}"
python-mini-projects,/home/juan/Documents/Analisis-CC-PyCEFR/python-mini-projects/projects/Capture_Video_Frames/capture_video_frames.py,capture_video_frames.py,__init__,,10,19,2,A,1,13,4,2.0,A2,1.6923076923076923,"{""A2"": 9, ""A1"": 4}","{""Simple Atributte"": 9, ""Simple Assignment"": 2, ""Simple If statements"": 1, ""Function with Simple argument"": 1}"
python-mini-projects,/home/juan/Documents/Analisis-CC-PyCEFR/python-mini-projects/projects/Capture_Video_Frames/capture_video_frames.py,capture_video_frames.py,capture_frames,,21,36,2,A,1,18,9,3.0,B1,1.5,"{""A1"": 10, ""A2"": 7, ""B1"": 1}","{""Simple Atributte"": 5, ""Simple Assignment"": 5, ""Formatted Value"": 2, ""Simple Tuple"": 1, ""Joined String"": 1, ""Files --> 'read' call function"": 1, ""Simplified incremental Assignment with increase amount"": 1, ""While with Else Loop"": 1, ""Function with Simple argument"": 1}"
python-mini-projects,/home/juan/Documents/Analisis-CC-PyCEFR/python-mini-projects/projects/Random_password_generator/random_password_gen.py,random_password_gen.py,generate_pass,,20,28,4,A,1,14,7,2.0,A2,1.4285714285714286,"{""A1"": 8, ""A2"": 6}","{""Simple Atributte"": 4, ""Simple Assignment"": 4, ""Simple If statements"": 2, ""'range' call function"": 1, ""Subscript"": 1, ""Simple For Loop"": 1, ""Function with Simple argument with Default argument"": 1}"
python-mini-projects,/home/juan/Documents/Analisis-CC-PyCEFR/python-mini-projects/projects/Bouncing_ball_simulator/ball_bounce.py,ball_bounce.py,move_ball,,26,40,7,B,2,35,8,2.0,A2,1.6571428571428573,"{""A2"": 23, ""A1"": 12}","{""Simple Atributte"": 17, ""Unary Operation"": 3, ""Boolean Operation"": 3, ""Simplified incremental Assignment with increase amount"": 3, ""Simplified incremental Assignment with increase multiplication"": 3, ""Simple If statements"": 3, ""Simple Assignment"": 2, ""Function with Simple argument"": 1}"
python-mini-projects,/home/juan/Documents/Analisis-CC-PyCEFR/python-mini-projects/projects/Bouncing_ball_simulator/ball_bounce.py,ball_bounce.py,ball,,15,40,4,A,1,57,10,3.0,B1,1.6491228070175439,"{""A2"": 35, ""A1"": 21, ""B1"": 1}","{""Simple Atributte"": 29, ""Simple Assignment"": 8, ""Unary Operation"": 3, ""Boolean Operation"": 3, ""Simplified incremental Assignment with increase amount"": 3, ""Simplified incremental Assignment with increase multiplication"": 3, ""Simple If statements"": 3, ""Function with Simple argument"": 3, ""Simple Tuple"": 1, ""Simple Class "": 1}"
python-mini-projects,/home/juan/Documents/Analisis-CC-PyCEFR/python-mini-projects/projects/Bouncing_ball_simulator/ball_bounce.py,ball_bounce.py,__init__,,18,22,1,A,1,11,3,2.0,A2,1.5454545454545454,"{""A2"": 6, ""A1"": 5}","{""Simple Atributte"": 6, ""Simple Assignment"": 4, ""Function with Simple argument"": 1}"
python-mini-projects,/home/juan/Documents/Analisis-CC-PyCEFR/python-mini-projects/projects/Bouncing_ball_simulator/ball_bounce.py,ball_bounce.py,render_ball,,24,25,1,A,1,6,3,2.0,A2,1.6666666666666667,"{""A2"": 4, ""A1"": 2}","{""Simple Atributte"": 4, ""Simple Tuple"": 1, ""Function with Simple argument"": 1}"
python-mini-projects,/home/juan/Documents/Analisis-CC-PyCEFR/python-mini-projects/projects/Convert_numbers_to_word/converter.py,converter.py,converter,,19,72,34,E,5,141,20,6.0,C2,1.446808510638298,"{""A1"": 99, ""A2"": 29, ""B1"": 10, ""C2"": 2, ""C1"": 1}","{""Subscript"": 42, ""Simple Atributte"": 23, ""Simple If statements"": 14, ""Simple Assignment"": 13, ""Slice"": 11, ""Boolean Operation"": 9, ""If statements expression (else)"": 6, ""'range' call function"": 5, ""Unary Operation"": 5, ""'break' statement"": 3}"
python-mini-projects,/home/juan/Documents/Analisis-CC-PyCEFR/python-mini-projects/projects/Find_out_hostname_and_ip_address/Hostname_IPaddress.py,Hostname_IPaddress.py,get_hostname_IP,,4,10,2,A,1,15,8,3.0,B1,1.2666666666666666,"{""A1"": 12, ""A2"": 2, ""B1"": 1}","{""Formatted Value"": 3, ""Joined String"": 3, ""Print"": 3, ""Simple Atributte"": 2, ""Simple Assignment"": 1, ""Exception --> try/except"": 1, ""Except Handler"": 1, ""Function"": 1}"
python-mini-projects,/home/juan/Documents/Analisis-CC-PyCEFR/python-mini-projects/projects/detect_align_faces/main.py,main.py,main,,20,33,3,A,1,166,19,6.0,C2,1.5783132530120483,"{""A2"": 88, ""A1"": 76, ""C2"": 1, ""B2"": 1}","{""Simple Atributte"": 77, ""Simple Assignment"": 38, ""Subscript"": 15, ""Function with Simple argument"": 5, ""Return"": 5, ""Simple If statements"": 4, ""Simple Dictionary"": 4, ""Files --> 'write' call function"": 3, ""Simple Tuple"": 2, ""Print"": 2}"
python-mini-projects,/home/juan/Documents/Analisis-CC-PyCEFR/python-mini-projects/projects/detect_align_faces/main.py,main.py,detect_align_faces,,36,59,2,A,1,269,29,5.0,C1,1.5278810408921932,"{""A1"": 137, ""A2"": 124, ""B1"": 7, ""C1"": 1}","{""Simple Atributte"": 103, ""Simple Assignment"": 54, ""Subscript"": 27, ""Simple Dictionary"": 10, ""Simple Tuple"": 9, ""Print"": 9, ""Formatted Value"": 6, ""Assigment with sum (total = total + 1)"": 5, ""Simple If statements"": 5, ""Simplified incremental Assignment with increase amount"": 4}"
python-mini-projects,/home/juan/Documents/Analisis-CC-PyCEFR/python-mini-projects/projects/detect_align_faces/main.py,main.py,shape_to_pos,,62,70,2,A,1,70,17,3.0,B1,1.542857142857143,"{""A1"": 35, ""A2"": 32, ""B1"": 3}","{""Simple Atributte"": 30, ""Simple Assignment"": 11, ""Subscript"": 6, ""Unary Operation"": 3, ""Simple Tuple"": 2, ""Slice"": 2, ""Simple For Loop"": 2, ""Formatted Value"": 2, ""Print"": 2, ""Files --> 'write' call function"": 2}"
python-mini-projects,/home/juan/Documents/Analisis-CC-PyCEFR/python-mini-projects/projects/Organized_download_folder_with_different_categories/file-sortor.py,file-sortor.py,sorting,,25,31,4,A,1,9,8,2.0,A2,1.3333333333333333,"{""A1"": 6, ""A2"": 3}","{""Simple Atributte"": 2, ""Subscript"": 1, ""Simple Assignment"": 1, ""Simple If statements"": 1, ""1 Nested For Loop"": 1, ""Simple For Loop"": 1, ""Function with Simple argument"": 1, ""Return"": 1}"
python-mini-projects,/home/juan/Documents/Analisis-CC-PyCEFR/python-mini-projects/projects/Recursive_password_generator/generator.py,generator.py,stretch,,4,9,2,A,1,5,4,4.0,B2,1.6,"{""A1"": 4, ""B2"": 1}","{""Return"": 2, ""Simple Assignment"": 1, ""Simple If statements"": 1, ""Recursive Functions"": 1}"
python-mini-projects,/home/juan/Documents/Analisis-CC-PyCEFR/python-mini-projects/projects/Recursive_password_generator/generator.py,generator.py,get_random_char,,11,14,1,A,1,7,5,2.0,A2,1.2857142857142858,"{""A1"": 5, ""A2"": 2}","{""Simple Atributte"": 2, ""Simple Assignment"": 2, ""Subscript"": 1, ""Function"": 1, ""Return"": 1}"
python-mini-projects,/home/juan/Documents/Analisis-CC-PyCEFR/python-mini-projects/projects/Speech_to_text/speech_to_text.py,speech_to_text.py,record_voice,,3,15,2,A,1,16,8,3.0,B1,1.625,"{""A1"": 8, ""A2"": 6, ""B1"": 2}","{""Simple Atributte"": 6, ""Simple Assignment"": 3, ""Return"": 2, ""Print"": 1, ""Exception --> try/except"": 1, ""With"": 1, ""Except Handler"": 1, ""Function"": 1}"
python-mini-projects,/home/juan/Documents/Analisis-CC-PyCEFR/python-mini-projects/projects/GUI Rock-Paper-Scissors Game/Rock-Paper-Scissors Game.py,Rock-Paper-Scissors Game.py,spin,,23,58,16,C,3,37,6,2.0,A2,1.3513513513513513,"{""A1"": 24, ""A2"": 13}","{""Simple If statements"": 15, ""Simple Atributte"": 13, ""Simple Assignment"": 4, ""Print"": 3, ""Subscript"": 1, ""Function"": 1}"
python-mini-projects,/home/juan/Documents/Analisis-CC-PyCEFR/python-mini-projects/projects/Merge_pdfs/merge_pdfs.py,merge_pdfs.py,by_appending,,7,15,1,A,1,8,5,2.0,A2,1.625,"{""A2"": 5, ""A1"": 3}","{""Simple Atributte"": 3, ""Simple Assignment"": 2, ""Files --> 'open' call function"": 1, ""Files --> 'write' call function"": 1, ""Function"": 1}"
python-mini-projects,/home/juan/Documents/Analisis-CC-PyCEFR/python-mini-projects/projects/Merge_pdfs/merge_pdfs.py,merge_pdfs.py,by_inserting,,19,23,1,A,1,6,4,2.0,A2,1.6666666666666667,"{""A2"": 4, ""A1"": 2}","{""Simple Atributte"": 3, ""Files --> 'write' call function"": 1, ""Simple Assignment"": 1, ""Function"": 1}"
python-mini-projects,/home/juan/Documents/Analisis-CC-PyCEFR/python-mini-projects/projects/Speed_Game/macOS/main.py,main.py,checkBtn_click,,161,202,4,A,1,136,11,3.0,B1,1.625,"{""A2"": 81, ""A1"": 53, ""B1"": 2}","{""Simple Atributte"": 77, ""Simple Assignment"": 29, ""Simple Tuple"": 6, ""Subscript"": 6, ""Print"": 5, ""Simple If statements"": 4, ""Assigment with sum (total = total + 1)"": 2, ""Simplified incremental Assignment with decrease subtraction"": 2, ""Simplified incremental Assignment with increase amount"": 2, ""While with Else Loop"": 2}"
python-mini-projects,/home/juan/Documents/Analisis-CC-PyCEFR/python-mini-projects/projects/Speed_Game/macOS/main.py,main.py,SampleApp,,16,27,3,A,1,118,18,4.0,B2,1.5593220338983051,"{""A1"": 57, ""A2"": 57, ""B1"": 3, ""B2"": 1}","{""Simple Atributte"": 53, ""Simple Assignment"": 29, ""Return"": 6, ""Function with Simple argument"": 5, ""Print"": 5, ""Simple If statements"": 4, ""Subscript"": 4, ""Except Handler"": 2, ""Simple Tuple"": 1, ""Simple Class  Using the constructor method --> __init__"": 1}"
python-mini-projects,/home/juan/Documents/Analisis-CC-PyCEFR/python-mini-projects/projects/Speed_Game/macOS/main.py,main.py,CountryPage,,82,237,3,A,1,485,19,3.0,B1,1.620618556701031,"{""A2"": 267, ""A1"": 201, ""B1"": 17}","{""Simple Atributte"": 260, ""Simple Assignment"": 110, ""Subscript"": 28, ""Print"": 17, ""Simple Tuple"": 16, ""Simple If statements"": 11, ""Function with Simple argument"": 9, ""Assigment with sum (total = total + 1)"": 8, ""While with Else Loop"": 7, ""Lambda"": 6}"
python-mini-projects,/home/juan/Documents/Analisis-CC-PyCEFR/python-mini-projects/projects/Speed_Game/macOS/main.py,main.py,count,,144,158,3,A,1,47,6,2.0,A2,1.6595744680851063,"{""A2"": 31, ""A1"": 16}","{""Simple Atributte"": 29, ""Simple Assignment"": 11, ""Simple Tuple"": 2, ""Simplified incremental Assignment with decrease subtraction"": 2, ""Simple If statements"": 2, ""Function with Simple argument"": 1}"
python-mini-projects,/home/juan/Documents/Analisis-CC-PyCEFR/python-mini-projects/projects/Speed_Game/macOS/main.py,main.py,passBtn_click,,204,234,3,A,1,91,10,3.0,B1,1.5934065934065933,"{""A2"": 48, ""A1"": 40, ""B1"": 3}","{""Simple Atributte"": 48, ""Simple Assignment"": 20, ""Subscript"": 8, ""Assigment with sum (total = total + 1)"": 4, ""Print"": 3, ""Simple Tuple"": 2, ""Simple If statements"": 2, ""While with Else Loop"": 2, ""Function with Simple argument"": 1, ""Lambda"": 1}"
python-mini-projects,/home/juan/Documents/Analisis-CC-PyCEFR/python-mini-projects/projects/Speed_Game/macOS/main.py,main.py,switch_frame,,22,27,2,A,1,68,9,4.0,B2,1.5441176470588236,"{""A2"": 34, ""A1"": 33, ""B2"": 1}","{""Simple Atributte"": 33, ""Simple Assignment"": 19, ""Return"": 4, ""Subscript"": 4, ""Simple If statements"": 2, ""Function with Simple argument"": 2, ""Print"": 2, ""If statements using → __name__ == ‘__main__’"": 1, ""Simple Dictionary"": 1}"
python-mini-projects,/home/juan/Documents/Analisis-CC-PyCEFR/python-mini-projects/projects/Speed_Game/macOS/main.py,main.py,StartPage,,30,48,2,A,1,208,26,5.0,C1,1.5625,"{""A2"": 103, ""A1"": 99, ""B1"": 5, ""C1"": 1}","{""Simple Atributte"": 86, ""Simple Assignment"": 48, ""Subscript"": 19, ""Simple Dictionary"": 8, ""Simple Tuple"": 6, ""Formatted Value"": 4, ""Print"": 4, ""Files --> 'write' call function"": 4, ""Simple List"": 3, ""Assigment with sum (total = total + 1)"": 3}"
python-mini-projects,/home/juan/Documents/Analisis-CC-PyCEFR/python-mini-projects/projects/Speed_Game/macOS/main.py,main.py,CategoryPage,,51,79,2,A,1,231,25,4.0,B2,1.6883116883116882,"{""A2"": 120, ""A1"": 94, ""B1"": 12, ""B2"": 5}","{""Simple Atributte"": 104, ""Simple Assignment"": 32, ""Subscript"": 20, ""Simple Tuple"": 8, ""Files --> 'write' call function"": 8, ""Print"": 7, ""If statements expression (else)"": 7, ""Unary Operation"": 5, ""If statements using → __name__ == ‘__main__’"": 5, ""Simple If statements"": 4}"
python-mini-projects,/home/juan/Documents/Analisis-CC-PyCEFR/python-mini-projects/projects/Speed_Game/macOS/main.py,main.py,__init__,,83,142,2,A,1,186,16,3.0,B1,1.6344086021505377,"{""A2"": 98, ""A1"": 78, ""B1"": 10}","{""Simple Atributte"": 97, ""Simple Assignment"": 46, ""Subscript"": 12, ""Print"": 8, ""Simple Tuple"": 6, ""Lambda"": 4, ""While with Else Loop"": 3, ""Assigment with sum (total = total + 1)"": 2, ""Function with Simple argument"": 1, ""'range' call function"": 1}"
python-mini-projects,/home/juan/Documents/Analisis-CC-PyCEFR/python-mini-projects/projects/Speed_Game/macOS/main.py,main.py,FinishPage,,240,251,2,A,1,39,5,3.0,B1,1.7692307692307692,"{""A2"": 28, ""A1"": 10, ""B1"": 1}","{""Simple Atributte"": 28, ""Simple Assignment"": 7, ""Simple Tuple"": 2, ""Function with Simple argument"": 1, ""Simple Class  Using the constructor method --> __init__"": 1}"
python-mini-projects,/home/juan/Documents/Analisis-CC-PyCEFR/python-mini-projects/projects/Speed_Game/macOS/main.py,main.py,__init__,,17,20,1,A,1,27,10,3.0,B1,1.5925925925925926,"{""A1"": 13, ""A2"": 12, ""B1"": 2}","{""Simple Atributte"": 11, ""Simple Assignment"": 7, ""Return"": 2, ""Function with Simple argument"": 1, ""Print"": 1, ""Except Handler"": 1, ""Files --> 'open' call function"": 1, ""With"": 1, ""'raise' exception"": 1, ""Simple If statements"": 1}"
python-mini-projects,/home/juan/Documents/Analisis-CC-PyCEFR/python-mini-projects/projects/Speed_Game/macOS/main.py,main.py,__init__,,31,48,1,A,1,192,24,5.0,C1,1.5520833333333333,"{""A2"": 94, ""A1"": 93, ""B1"": 4, ""C1"": 1}","{""Simple Atributte"": 78, ""Simple Assignment"": 46, ""Subscript"": 17, ""Simple Dictionary"": 8, ""Simple Tuple"": 6, ""Formatted Value"": 4, ""Print"": 4, ""Simple List"": 3, ""Assigment with sum (total = total + 1)"": 3, ""Files --> 'write' call function"": 3}"
python-mini-projects,/home/juan/Documents/Analisis-CC-PyCEFR/python-mini-projects/projects/Speed_Game/macOS/main.py,main.py,__init__,,52,79,1,A,1,219,24,4.0,B2,1.6849315068493151,"{""A2"": 113, ""A1"": 90, ""B1"": 11, ""B2"": 5}","{""Simple Atributte"": 98, ""Simple Assignment"": 29, ""Subscript"": 19, ""Simple Tuple"": 8, ""Files --> 'write' call function"": 8, ""Print"": 7, ""If statements expression (else)"": 7, ""Unary Operation"": 5, ""If statements using → __name__ == ‘__main__’"": 5, ""Simple If statements"": 4}"
python-mini-projects,/home/juan/Documents/Analisis-CC-PyCEFR/python-mini-projects/projects/Speed_Game/macOS/main.py,main.py,delete_img,,236,237,1,A,1,6,4,3.0,B1,1.8333333333333333,"{""A2"": 3, ""A1"": 2, ""B1"": 1}","{""Simple Atributte"": 3, ""Function with Simple argument"": 1, ""Simple Assignment"": 1, ""Lambda"": 1}"
python-mini-projects,/home/juan/Documents/Analisis-CC-PyCEFR/python-mini-projects/projects/Speed_Game/macOS/main.py,main.py,__init__,,241,251,1,A,1,36,4,2.0,A2,1.7222222222222223,"{""A2"": 26, ""A1"": 10}","{""Simple Atributte"": 26, ""Simple Assignment"": 7, ""Simple Tuple"": 2, ""Function with Simple argument"": 1}"
python-mini-projects,/home/juan/Documents/Analisis-CC-PyCEFR/python-mini-projects/projects/Speed_Game/windows/main.py,main.py,checkBtn_click,,164,205,4,A,1,139,11,3.0,B1,1.60431654676259,"{""A2"": 80, ""A1"": 57, ""B1"": 2}","{""Simple Atributte"": 76, ""Simple Assignment"": 30, ""Subscript"": 8, ""Simple Tuple"": 6, ""Print"": 6, ""Simple If statements"": 4, ""Assigment with sum (total = total + 1)"": 2, ""Simplified incremental Assignment with decrease subtraction"": 2, ""Simplified incremental Assignment with increase amount"": 2, ""While with Else Loop"": 2}"
python-mini-projects,/home/juan/Documents/Analisis-CC-PyCEFR/python-mini-projects/projects/Speed_Game/windows/main.py,main.py,SampleApp,,19,30,3,A,1,139,17,6.0,C2,1.5683453237410072,"{""A2"": 69, ""A1"": 67, ""C2"": 1, ""B1"": 1, ""B2"": 1}","{""Simple Atributte"": 64, ""Simple Assignment"": 34, ""Subscript"": 10, ""Function with Simple argument"": 5, ""Return"": 5, ""Simple If statements"": 4, ""Print"": 3, ""Simple Dictionary"": 3, ""Unary Operation"": 2, ""Slice"": 2}"
python-mini-projects,/home/juan/Documents/Analisis-CC-PyCEFR/python-mini-projects/projects/Speed_Game/windows/main.py,main.py,CountryPage,,85,240,3,A,1,484,19,3.0,B1,1.621900826446281,"{""A2"": 267, ""A1"": 200, ""B1"": 17}","{""Simple Atributte"": 260, ""Simple Assignment"": 110, ""Subscript"": 28, ""Simple Tuple"": 16, ""Print"": 16, ""Simple If statements"": 11, ""Function with Simple argument"": 9, ""Assigment with sum (total = total + 1)"": 8, ""While with Else Loop"": 7, ""Lambda"": 6}"
python-mini-projects,/home/juan/Documents/Analisis-CC-PyCEFR/python-mini-projects/projects/Speed_Game/windows/main.py,main.py,count,,147,161,3,A,1,44,6,2.0,A2,1.6818181818181819,"{""A2"": 30, ""A1"": 14}","{""Simple Atributte"": 28, ""Simple Assignment"": 8, ""Simple If statements"": 4, ""Simplified incremental Assignment with decrease subtraction"": 2, ""Simple Tuple"": 1, ""Function with Simple argument"": 1}"
python-mini-projects,/home/juan/Documents/Analisis-CC-PyCEFR/python-mini-projects/projects/Speed_Game/windows/main.py,main.py,passBtn_click,,207,237,3,A,1,97,10,3.0,B1,1.6082474226804124,"{""A2"": 51, ""A1"": 42, ""B1"": 4}","{""Simple Atributte"": 51, ""Simple Assignment"": 22, ""Subscript"": 8, ""Assigment with sum (total = total + 1)"": 4, ""Simple Tuple"": 2, ""Print"": 2, ""Simple If statements"": 2, ""While with Else Loop"": 2, ""Function with Simple argument"": 2, ""Lambda"": 2}"
python-mini-projects,/home/juan/Documents/Analisis-CC-PyCEFR/python-mini-projects/projects/Speed_Game/windows/main.py,main.py,switch_frame,,25,30,2,A,1,79,14,6.0,C2,1.5949367088607596,"{""A2"": 39, ""A1"": 38, ""C2"": 1, ""B2"": 1}","{""Simple Atributte"": 34, ""Simple Assignment"": 20, ""Subscript"": 8, ""Return"": 3, ""Simple Dictionary"": 3, ""Unary Operation"": 2, ""Slice"": 2, ""Simple Tuple"": 1, ""'enumerate' call function"": 1, ""Simple If statements"": 1}"
python-mini-projects,/home/juan/Documents/Analisis-CC-PyCEFR/python-mini-projects/projects/Speed_Game/windows/main.py,main.py,StartPage,,33,51,2,A,1,212,26,5.0,C1,1.5141509433962264,"{""A1"": 114, ""A2"": 89, ""B1"": 8, ""C1"": 1}","{""Simple Atributte"": 75, ""Simple Assignment"": 51, ""Subscript"": 23, ""Simple Dictionary"": 9, ""Print"": 7, ""Formatted Value"": 6, ""Simple Tuple"": 5, ""Assigment with sum (total = total + 1)"": 5, ""Simple List"": 3, ""Joined String"": 3}"
python-mini-projects,/home/juan/Documents/Analisis-CC-PyCEFR/python-mini-projects/projects/Speed_Game/windows/main.py,main.py,CategoryPage,,54,82,2,A,1,210,24,4.0,B2,1.7047619047619047,"{""A2"": 107, ""A1"": 85, ""B1"": 13, ""B2"": 5}","{""Simple Atributte"": 96, ""Simple Assignment"": 27, ""Subscript"": 17, ""Files --> 'write' call function"": 8, ""Simple Tuple"": 7, ""Print"": 7, ""If statements expression (else)"": 7, ""Unary Operation"": 5, ""If statements using → __name__ == ‘__main__’"": 5, ""Lambda"": 4}"
python-mini-projects,/home/juan/Documents/Analisis-CC-PyCEFR/python-mini-projects/projects/Speed_Game/windows/main.py,main.py,__init__,,86,145,2,A,1,193,16,3.0,B1,1.621761658031088,"{""A2"": 102, ""A1"": 82, ""B1"": 9}","{""Simple Atributte"": 101, ""Simple Assignment"": 49, ""Subscript"": 12, ""Print"": 8, ""Simple Tuple"": 7, ""Lambda"": 4, ""Assigment with sum (total = total + 1)"": 2, ""While with Else Loop"": 2, ""Function with Simple argument"": 1, ""'range' call function"": 1}"
python-mini-projects,/home/juan/Documents/Analisis-CC-PyCEFR/python-mini-projects/projects/Speed_Game/windows/main.py,main.py,FinishPage,,243,254,2,A,1,39,5,3.0,B1,1.7435897435897436,"{""A2"": 27, ""A1"": 11, ""B1"": 1}","{""Simple Atributte"": 27, ""Simple Assignment"": 8, ""Simple Tuple"": 2, ""Function with Simple argument"": 1, ""Simple Class  Using the constructor method --> __init__"": 1}"
python-mini-projects,/home/juan/Documents/Analisis-CC-PyCEFR/python-mini-projects/projects/Speed_Game/windows/main.py,main.py,__init__,,20,23,1,A,1,40,8,2.0,A2,1.55,"{""A2"": 22, ""A1"": 18}","{""Simple Atributte"": 22, ""Simple Assignment"": 10, ""Print"": 2, ""Return"": 2, ""Function with Simple argument"": 1, ""Except Handler"": 1, ""Subscript"": 1, ""Simple If statements"": 1}"
python-mini-projects,/home/juan/Documents/Analisis-CC-PyCEFR/python-mini-projects/projects/Speed_Game/windows/main.py,main.py,__init__,,34,51,1,A,1,199,25,5.0,C1,1.5025125628140703,"{""A1"": 108, ""A2"": 84, ""B1"": 6, ""C1"": 1}","{""Simple Atributte"": 71, ""Simple Assignment"": 48, ""Subscript"": 20, ""Simple Dictionary"": 8, ""Print"": 7, ""Formatted Value"": 6, ""Simple Tuple"": 5, ""Assigment with sum (total = total + 1)"": 5, ""Simple List"": 3, ""Joined String"": 3}"
python-mini-projects,/home/juan/Documents/Analisis-CC-PyCEFR/python-mini-projects/projects/Speed_Game/windows/main.py,main.py,__init__,,55,82,1,A,1,198,22,4.0,B2,1.702020202020202,"{""A2"": 103, ""A1"": 79, ""B1"": 12, ""B2"": 4}","{""Simple Atributte"": 94, ""Simple Assignment"": 26, ""Subscript"": 13, ""Files --> 'write' call function"": 8, ""Print"": 7, ""If statements expression (else)"": 7, ""Simple Tuple"": 6, ""Unary Operation"": 5, ""If statements using → __name__ == ‘__main__’"": 4, ""Lambda"": 4}"
python-mini-projects,/home/juan/Documents/Analisis-CC-PyCEFR/python-mini-projects/projects/Speed_Game/windows/main.py,main.py,delete_img,,239,240,1,A,1,3,2,2.0,A2,1.6666666666666667,"{""A2"": 2, ""A1"": 1}","{""Simple Atributte"": 2, ""Function with Simple argument"": 1}"
python-mini-projects,/home/juan/Documents/Analisis-CC-PyCEFR/python-mini-projects/projects/Speed_Game/windows/main.py,main.py,__init__,,244,254,1,A,1,36,4,2.0,A2,1.7222222222222223,"{""A2"": 26, ""A1"": 10}","{""Simple Atributte"": 26, ""Simple Assignment"": 7, ""Simple Tuple"": 2, ""Function with Simple argument"": 1}"
python-mini-projects,/home/juan/Documents/Analisis-CC-PyCEFR/python-mini-projects/projects/S3_File_Upload/main.py,main.py,upload_to_s3,,10,23,3,A,1,131,19,3.0,B1,1.549618320610687,"{""A1"": 68, ""A2"": 54, ""B1"": 9}","{""Simple Atributte"": 47, ""Simple Assignment"": 27, ""Alias"": 9, ""Print"": 9, ""Import"": 5, ""Simple Tuple"": 4, ""Import with 'as' extension "": 4, ""Except Handler"": 4, ""Function with Simple argument"": 4, ""Simple If statements"": 4}"
python-mini-projects,/home/juan/Documents/Analisis-CC-PyCEFR/python-mini-projects/projects/convert_png_images_to_ico_format/convertUI.py,convertUI.py,convertToICO,,20,28,2,A,1,10,4,2.0,A2,1.7,"{""A2"": 7, ""A1"": 3}","{""Simple Atributte"": 7, ""Simple Assignment"": 1, ""Simple If statements"": 1, ""Function"": 1}"
python-mini-projects,/home/juan/Documents/Analisis-CC-PyCEFR/python-mini-projects/projects/convert_png_images_to_ico_format/convertUI.py,convertUI.py,getPNG,,14,18,1,A,1,8,5,2.0,A2,1.375,"{""A1"": 5, ""A2"": 3}","{""Simple Atributte"": 3, ""Simple Assignment"": 2, ""Simple List"": 1, ""Simple Tuple"": 1, ""Function"": 1}"
python-mini-projects,/home/juan/Documents/Analisis-CC-PyCEFR/python-mini-projects/projects/Network Usage Tracker/network_usage_tracker.py,network_usage_tracker.py,update_label,,78,103,3,A,1,21,5,2.0,A2,1.6666666666666667,"{""A2"": 14, ""A1"": 7}","{""Simple Atributte"": 14, ""Simple Assignment"": 3, ""Simple If statements"": 2, ""Assigment with sum (total = total + 1)"": 1, ""Function"": 1}"
python-mini-projects,/home/juan/Documents/Analisis-CC-PyCEFR/python-mini-projects/projects/Network Usage Tracker/network_usage_tracker.py,network_usage_tracker.py,exit_win,,38,40,2,A,1,4,3,2.0,A2,1.5,"{""A2"": 2, ""A1"": 2}","{""Simple Atributte"": 2, ""Simple If statements"": 1, ""Function"": 1}"
python-mini-projects,/home/juan/Documents/Analisis-CC-PyCEFR/python-mini-projects/projects/Network Usage Tracker/network_usage_tracker.py,network_usage_tracker.py,exit_win,,109,111,2,A,1,4,3,2.0,A2,1.5,"{""A2"": 2, ""A1"": 2}","{""Simple Atributte"": 2, ""Simple If statements"": 1, ""Function"": 1}"
python-mini-projects,/home/juan/Documents/Analisis-CC-PyCEFR/python-mini-projects/projects/Network Usage Tracker/network_usage_tracker.py,network_usage_tracker.py,start_fun,,22,23,1,A,1,2,2,2.0,A2,1.5,"{""A2"": 1, ""A1"": 1}","{""Simple Atributte"": 1, ""Function"": 1}"
python-mini-projects,/home/juan/Documents/Analisis-CC-PyCEFR/python-mini-projects/projects/Network Usage Tracker/network_usage_tracker.py,network_usage_tracker.py,convert_to_gbit,,73,74,1,A,1,2,2,1.0,A1,1.0,"{""A1"": 2}","{""Function with Simple argument"": 1, ""Return"": 1}"
python-mini-projects,/home/juan/Documents/Analisis-CC-PyCEFR/python-mini-projects/projects/steganography/dct.py,dct.py,insert,,32,64,7,B,2,68,14,4.0,B2,1.4705882352941178,"{""A1"": 38, ""A2"": 29, ""B2"": 1}","{""Simple Atributte"": 20, ""Simple Assignment"": 12, ""Simple Tuple"": 6, ""Subscript"": 6, ""Slice"": 6, ""'range' call function"": 5, ""Simple For Loop"": 3, ""Assigment with sum (total = total + 1)"": 2, ""Simplified incremental Assignment with increase amount"": 2, ""1 Nested For Loop"": 2}"
python-mini-projects,/home/juan/Documents/Analisis-CC-PyCEFR/python-mini-projects/projects/steganography/dct.py,dct.py,extract,,93,120,7,B,2,51,17,4.0,B2,1.5098039215686274,"{""A1"": 30, ""A2"": 17, ""B1"": 3, ""B2"": 1}","{""Simple Atributte"": 10, ""Simple Assignment"": 10, ""Slice"": 5, ""Subscript"": 4, ""Simplified incremental Assignment with increase amount"": 4, ""Simple Tuple"": 3, ""Assigment with sum (total = total + 1)"": 3, ""'range' call function"": 2, ""While with Else Loop"": 2, ""Simple List"": 1}"
python-mini-projects,/home/juan/Documents/Analisis-CC-PyCEFR/python-mini-projects/projects/steganography/dct.py,dct.py,encode,,68,81,4,A,1,30,7,2.0,A2,1.0333333333333334,"{""A1"": 29, ""A2"": 1}","{""Subscript"": 16, ""Simple Assignment"": 7, ""Assigment with sum (total = total + 1)"": 2, ""Simple If statements"": 2, ""'range' call function"": 1, ""Simple For Loop"": 1, ""Function with Simple argument"": 1}"
python-mini-projects,/home/juan/Documents/Analisis-CC-PyCEFR/python-mini-projects/projects/steganography/dct.py,dct.py,decode,,85,90,3,A,1,11,8,2.0,A2,1.1818181818181819,"{""A1"": 9, ""A2"": 2}","{""Subscript"": 4, ""'range' call function"": 1, ""Simple Assignment"": 1, ""Simplified incremental Assignment with "": 1, ""Simple If statements"": 1, ""Simple For Loop"": 1, ""Function with Simple argument"": 1, ""Return"": 1}"
python-mini-projects,/home/juan/Documents/Analisis-CC-PyCEFR/python-mini-projects/projects/steganography/lsb.py,lsb.py,extract,,43,63,5,A,1,29,13,4.0,B2,1.5862068965517242,"{""A1"": 17, ""A2"": 8, ""B1"": 3, ""B2"": 1}","{""Simple Assignment"": 7, ""Simple Atributte"": 4, ""Simplified incremental Assignment with increase amount"": 4, ""Subscript"": 3, ""Slice"": 2, ""While with Else Loop"": 2, ""Unary Operation"": 1, ""Assigment with sum (total = total + 1)"": 1, ""'assert' exception"": 1, ""Simple If statements"": 1}"
python-mini-projects,/home/juan/Documents/Analisis-CC-PyCEFR/python-mini-projects/projects/steganography/lsb.py,lsb.py,insert,,22,40,3,A,1,29,13,6.0,C2,1.6551724137931034,"{""A1"": 16, ""A2"": 11, ""C2"": 1, ""B2"": 1}","{""Simple Atributte"": 9, ""Simple Assignment"": 6, ""Subscript"": 3, ""Simple Tuple"": 2, ""'enumerate' call function"": 1, ""Unary Operation"": 1, ""Slice"": 1, ""Assigment with sum (total = total + 1)"": 1, ""Simplified incremental Assignment with increase amount"": 1, ""'assert' exception"": 1}"
python-mini-projects,/home/juan/Documents/Analisis-CC-PyCEFR/python-mini-projects/projects/steganography/lsb.py,lsb.py,encode,,66,70,2,A,1,8,6,2.0,A2,1.375,"{""A1"": 5, ""A2"": 3}","{""Subscript"": 2, ""Simplified incremental Assignment with "": 2, ""'range' call function"": 1, ""Simple Assignment"": 1, ""Simple For Loop"": 1, ""Function with Simple argument"": 1}"
python-mini-projects,/home/juan/Documents/Analisis-CC-PyCEFR/python-mini-projects/projects/steganography/lsb.py,lsb.py,decode,,73,77,2,A,1,7,7,2.0,A2,1.2857142857142858,"{""A1"": 5, ""A2"": 2}","{""'range' call function"": 1, ""Subscript"": 1, ""Simple Assignment"": 1, ""Simplified incremental Assignment with "": 1, ""Simple For Loop"": 1, ""Function with Simple argument"": 1, ""Return"": 1}"
python-mini-projects,/home/juan/Documents/Analisis-CC-PyCEFR/python-mini-projects/projects/cat_command/cat.py,cat.py,readFile,,26,40,3,A,1,10,9,3.0,B1,1.5,"{""A1"": 6, ""A2"": 3, ""B1"": 1}","{""Simple Atributte"": 2, ""Formatted Value"": 1, ""Joined String"": 1, ""Files --> 'open' call function"": 1, ""Print"": 1, ""Simple If statements"": 1, ""Simple For Loop"": 1, ""With"": 1, ""Function with Simple argument"": 1}"
python-mini-projects,/home/juan/Documents/Analisis-CC-PyCEFR/python-mini-projects/projects/cat_command/cat.py,cat.py,main,,57,73,3,A,1,8,5,3.0,B1,1.625,"{""A1"": 4, ""A2"": 3, ""B1"": 1}","{""Simple Atributte"": 3, ""Except Handler"": 2, ""Simple Assignment"": 1, ""Exception --> try/except"": 1, ""Function"": 1}"
python-mini-projects,/home/juan/Documents/Analisis-CC-PyCEFR/python-mini-projects/projects/cat_command/cat.py,cat.py,Logger,,11,16,2,A,1,8,8,3.0,B1,1.5,"{""A1"": 5, ""A2"": 2, ""B1"": 1}","{""Formatted Value"": 1, ""Joined String"": 1, ""Print"": 1, ""Simple Atributte"": 1, ""Simple Assignment"": 1, ""Function with Simple argument with Default argument"": 1, ""Function with Simple argument"": 1, ""Simple Class  Using the constructor method --> __init__"": 1}"
python-mini-projects,/home/juan/Documents/Analisis-CC-PyCEFR/python-mini-projects/projects/cat_command/cat.py,cat.py,cli,,42,55,1,A,1,7,4,2.0,A2,1.5714285714285714,"{""A2"": 4, ""A1"": 3}","{""Simple Atributte"": 4, ""Simple Assignment"": 1, ""Function"": 1, ""Return"": 1}"
python-mini-projects,/home/juan/Documents/Analisis-CC-PyCEFR/python-mini-projects/projects/cat_command/cat.py,cat.py,CatError,,8,9,1,A,1,2,2,3.0,B1,3.0,"{""B1"": 2}","{""'pass' statement"": 1, ""Inherited Class from Exception"": 1}"
python-mini-projects,/home/juan/Documents/Analisis-CC-PyCEFR/python-mini-projects/projects/cat_command/cat.py,cat.py,__init__,,12,13,1,A,1,3,3,2.0,A2,1.6666666666666667,"{""A2"": 2, ""A1"": 1}","{""Simple Atributte"": 1, ""Simple Assignment"": 1, ""Function with Simple argument with Default argument"": 1}"
python-mini-projects,/home/juan/Documents/Analisis-CC-PyCEFR/python-mini-projects/projects/cat_command/cat.py,cat.py,error,,15,16,1,A,1,4,4,1.0,A1,1.0,"{""A1"": 4}","{""Formatted Value"": 1, ""Joined String"": 1, ""Print"": 1, ""Function with Simple argument"": 1}"
python-mini-projects,/home/juan/Documents/Analisis-CC-PyCEFR/python-mini-projects/projects/Convert_JPEG_to_PNG/converter_GUI.py,converter_GUI.py,convertToPNG,,28,35,2,A,1,7,4,2.0,A2,1.5714285714285714,"{""A2"": 4, ""A1"": 3}","{""Simple Atributte"": 4, ""Simple Assignment"": 1, ""Simple If statements"": 1, ""Function"": 1}"
python-mini-projects,/home/juan/Documents/Analisis-CC-PyCEFR/python-mini-projects/projects/Convert_JPEG_to_PNG/converter_GUI.py,converter_GUI.py,getJPG,,14,18,1,A,1,5,3,2.0,A2,1.4,"{""A1"": 3, ""A2"": 2}","{""Simple Atributte"": 2, ""Simple Assignment"": 2, ""Function"": 1}"
python-mini-projects,/home/juan/Documents/Analisis-CC-PyCEFR/python-mini-projects/projects/Alarm clock/alarm_clock.py,alarm_clock.py,alarm,,19,36,3,A,1,20,8,3.0,B1,1.55,"{""A1"": 10, ""A2"": 9, ""B1"": 1}","{""Simple Atributte"": 9, ""Formatted Value"": 3, ""Print"": 2, ""Simple Assignment"": 2, ""Joined String"": 1, ""Simple If statements"": 1, ""While with Else Loop"": 1, ""Function"": 1}"
python-mini-projects,/home/juan/Documents/Analisis-CC-PyCEFR/python-mini-projects/projects/Alarm clock/alarm_clock.py,alarm_clock.py,Threading,,15,17,1,A,1,3,3,2.0,A2,1.3333333333333333,"{""A1"": 2, ""A2"": 1}","{""Simple Atributte"": 1, ""Simple Assignment"": 1, ""Function"": 1}"
python-mini-projects,/home/juan/Documents/Analisis-CC-PyCEFR/python-mini-projects/projects/export_mysql_to_csv_send_to_wocom/export_mysql_data_to_csv.py,export_mysql_data_to_csv.py,read_mysql_to_csv,,26,33,2,A,1,9,5,3.0,B1,1.6666666666666667,"{""A2"": 4, ""A1"": 4, ""B1"": 1}","{""Simple Atributte"": 4, ""Simple Assignment"": 2, ""Simple For Loop"": 1, ""With"": 1, ""Function with Simple argument"": 1}"
python-mini-projects,/home/juan/Documents/Analisis-CC-PyCEFR/python-mini-projects/projects/export_mysql_to_csv_send_to_wocom/export_mysql_data_to_csv.py,export_mysql_data_to_csv.py,sql,,15,23,1,A,1,15,4,2.0,A2,1.6666666666666667,"{""A2"": 10, ""A1"": 5}","{""Simple Atributte"": 10, ""Simple Assignment"": 3, ""Function with Simple argument"": 1, ""Return"": 1}"
python-mini-projects,/home/juan/Documents/Analisis-CC-PyCEFR/python-mini-projects/projects/export_mysql_to_csv_send_to_wocom/export_mysql_data_to_csv.py,export_mysql_data_to_csv.py,upload_file_robots,,36,42,1,A,1,13,8,2.0,A2,1.3846153846153846,"{""A1"": 8, ""A2"": 5}","{""Simple Assignment"": 4, ""Simple Dictionary"": 2, ""Simple Atributte"": 2, ""Files --> 'open' call function"": 1, ""Subscript"": 1, ""Assigment with sum (total = total + 1)"": 1, ""Function with Simple argument"": 1, ""Return"": 1}"
python-mini-projects,/home/juan/Documents/Analisis-CC-PyCEFR/python-mini-projects/projects/export_mysql_to_csv_send_to_wocom/export_mysql_data_to_csv.py,export_mysql_data_to_csv.py,send_file_robots,,45,50,1,A,1,9,7,3.0,B1,1.5555555555555556,"{""A1"": 5, ""A2"": 3, ""B1"": 1}","{""Simple Dictionary"": 2, ""Simple Assignment"": 2, ""1 Nested Dictionary"": 1, ""Simple Atributte"": 1, ""Assigment with sum (total = total + 1)"": 1, ""Function with Simple argument"": 1, ""Return"": 1}"
python-mini-projects,/home/juan/Documents/Analisis-CC-PyCEFR/python-mini-projects/projects/Ascii_art/make_art.py,make_art.py,print_out_ascii,,11,18,3,A,1,6,5,2.0,A2,1.1666666666666667,"{""A1"": 5, ""A2"": 1}","{""Print"": 2, ""Subscript"": 1, ""1 Nested For Loop"": 1, ""Simple For Loop"": 1, ""Function with Simple argument"": 1}"
python-mini-projects,/home/juan/Documents/Analisis-CC-PyCEFR/python-mini-projects/projects/Ascii_art/make_art.py,make_art.py,img_to_ascii,,21,38,2,A,1,18,8,6.0,C2,1.5555555555555556,"{""A1"": 12, ""A2"": 5, ""C2"": 1}","{""Simple Assignment"": 6, ""Simple Atributte"": 4, ""Simple Tuple"": 3, ""'enumerate' call function"": 1, ""Subscript"": 1, ""For Loop with Tuple as name"": 1, ""Function with Simple argument"": 1, ""Return"": 1}"
python-mini-projects,/home/juan/Documents/Analisis-CC-PyCEFR/python-mini-projects/projects/Tic_tac_toe_with_ai/tic-tac-toe-AI.py,tic-tac-toe-AI.py,win_check,,154,168,24,D,4,35,4,1.0,A1,1.0,"{""A1"": 35}","{""Subscript"": 24, ""Boolean Operation"": 9, ""Function with Simple argument"": 1, ""Return"": 1}"
python-mini-projects,/home/juan/Documents/Analisis-CC-PyCEFR/python-mini-projects/projects/Tic_tac_toe_with_ai/tic-tac-toe-AI.py,tic-tac-toe-AI.py,CompAI,,95,124,14,C,3,33,13,6.0,C2,1.5454545454545454,"{""A1"": 28, ""C1"": 3, ""C2"": 1, ""A2"": 1}","{""Simple Assignment"": 10, ""Simple If statements"": 4, ""Return"": 4, ""Simple List"": 3, ""List Comprehension with 1If statements"": 3, ""Subscript"": 2, ""Simple Tuple"": 1, ""'enumerate' call function"": 1, ""Boolean Operation"": 1, ""Slice"": 1}"
python-mini-projects,/home/juan/Documents/Analisis-CC-PyCEFR/python-mini-projects/projects/Tic_tac_toe_with_ai/tic-tac-toe-AI.py,tic-tac-toe-AI.py,choice,,37,63,7,B,2,20,13,3.0,B1,1.25,"{""A1"": 17, ""B1"": 2, ""A2"": 1}","{""Simple Assignment"": 5, ""Simple If statements"": 3, ""Boolean Operation"": 2, ""Simple Tuple"": 1, ""Formatted Value"": 1, ""Joined String"": 1, ""Print"": 1, ""Simple Atributte"": 1, ""Subscript"": 1, ""While with Else Loop"": 1}"
python-mini-projects,/home/juan/Documents/Analisis-CC-PyCEFR/python-mini-projects/projects/Tic_tac_toe_with_ai/tic-tac-toe-AI.py,tic-tac-toe-AI.py,player_choice,,81,91,6,B,2,18,11,3.0,B1,1.1111111111111112,"{""A1"": 17, ""B1"": 1}","{""Simple List"": 2, ""Formatted Value"": 2, ""Joined String"": 2, ""Print"": 2, ""Unary Operation"": 2, ""Boolean Operation"": 2, ""Simple Assignment"": 2, ""Simple If statements"": 1, ""While with Else Loop"": 1, ""Function with Simple argument"": 1}"
python-mini-projects,/home/juan/Documents/Analisis-CC-PyCEFR/python-mini-projects/projects/Tic_tac_toe_with_ai/tic-tac-toe-AI.py,tic-tac-toe-AI.py,full_board_check,,146,151,3,A,1,6,5,2.0,A2,1.1666666666666667,"{""A1"": 5, ""A2"": 1}","{""Return"": 2, ""'range' call function"": 1, ""Simple If statements"": 1, ""Simple For Loop"": 1, ""Function with Simple argument"": 1}"
python-mini-projects,/home/juan/Documents/Analisis-CC-PyCEFR/python-mini-projects/projects/Tic_tac_toe_with_ai/tic-tac-toe-AI.py,tic-tac-toe-AI.py,delay,,170,173,2,A,1,5,5,2.0,A2,1.4,"{""A1"": 3, ""A2"": 2}","{""Simple Atributte"": 1, ""Import"": 1, ""Alias"": 1, ""Simple If statements"": 1, ""Function with Simple argument"": 1}"
python-mini-projects,/home/juan/Documents/Analisis-CC-PyCEFR/python-mini-projects/projects/Tic_tac_toe_with_ai/tic-tac-toe-AI.py,tic-tac-toe-AI.py,default,,8,10,1,A,1,2,2,1.0,A1,1.0,"{""A1"": 2}","{""Print"": 1, ""Function"": 1}"
python-mini-projects,/home/juan/Documents/Analisis-CC-PyCEFR/python-mini-projects/projects/Tic_tac_toe_with_ai/tic-tac-toe-AI.py,tic-tac-toe-AI.py,rules,,13,21,1,A,1,9,2,1.0,A1,1.0,"{""A1"": 9}","{""Print"": 8, ""Function"": 1}"
python-mini-projects,/home/juan/Documents/Analisis-CC-PyCEFR/python-mini-projects/projects/Tic_tac_toe_with_ai/tic-tac-toe-AI.py,tic-tac-toe-AI.py,play,,24,26,1,A,1,4,3,2.0,A2,1.5,"{""A2"": 2, ""A1"": 2}","{""Simple Atributte"": 2, ""Function"": 1, ""Return"": 1}"
python-mini-projects,/home/juan/Documents/Analisis-CC-PyCEFR/python-mini-projects/projects/Tic_tac_toe_with_ai/tic-tac-toe-AI.py,tic-tac-toe-AI.py,names,,29,34,1,A,1,7,5,2.0,A2,1.2857142857142858,"{""A1"": 5, ""A2"": 2}","{""Simple Atributte"": 2, ""Simple Assignment"": 2, ""Simple Tuple"": 1, ""Function"": 1, ""Return"": 1}"
python-mini-projects,/home/juan/Documents/Analisis-CC-PyCEFR/python-mini-projects/projects/Tic_tac_toe_with_ai/tic-tac-toe-AI.py,tic-tac-toe-AI.py,first_player,,67,70,1,A,1,6,6,2.0,A2,1.3333333333333333,"{""A1"": 4, ""A2"": 2}","{""Simple Tuple"": 1, ""Simple Atributte"": 1, ""Import"": 1, ""Alias"": 1, ""Function"": 1, ""Return"": 1}"
python-mini-projects,/home/juan/Documents/Analisis-CC-PyCEFR/python-mini-projects/projects/Tic_tac_toe_with_ai/tic-tac-toe-AI.py,tic-tac-toe-AI.py,display_board,,73,78,1,A,1,30,4,2.0,A2,1.2,"{""A1"": 24, ""A2"": 6}","{""Subscript"": 18, ""Simple Atributte"": 6, ""Print"": 5, ""Function with Simple argument"": 1}"
python-mini-projects,/home/juan/Documents/Analisis-CC-PyCEFR/python-mini-projects/projects/Tic_tac_toe_with_ai/tic-tac-toe-AI.py,tic-tac-toe-AI.py,selectRandom,,128,132,1,A,1,8,7,2.0,A2,1.25,"{""A1"": 6, ""A2"": 2}","{""Simple Assignment"": 2, ""Simple Atributte"": 1, ""Subscript"": 1, ""Import"": 1, ""Alias"": 1, ""Function with Simple argument"": 1, ""Return"": 1}"
python-mini-projects,/home/juan/Documents/Analisis-CC-PyCEFR/python-mini-projects/projects/Tic_tac_toe_with_ai/tic-tac-toe-AI.py,tic-tac-toe-AI.py,place_marker,,135,138,1,A,1,5,3,1.0,A1,1.0,"{""A1"": 5}","{""Subscript"": 2, ""Simple Assignment"": 2, ""Function with Simple argument"": 1}"
python-mini-projects,/home/juan/Documents/Analisis-CC-PyCEFR/python-mini-projects/projects/Tic_tac_toe_with_ai/tic-tac-toe-AI.py,tic-tac-toe-AI.py,space_check,,141,143,1,A,1,3,3,1.0,A1,1.0,"{""A1"": 3}","{""Subscript"": 1, ""Function with Simple argument"": 1, ""Return"": 1}"
python-mini-projects,/home/juan/Documents/Analisis-CC-PyCEFR/python-mini-projects/projects/Tic_tac_toe_with_ai/tic-tac-toe-AI.py,tic-tac-toe-AI.py,replay,,175,177,1,A,1,4,3,2.0,A2,1.5,"{""A2"": 2, ""A1"": 2}","{""Simple Atributte"": 2, ""Function"": 1, ""Return"": 1}"
python-mini-projects,/home/juan/Documents/Analisis-CC-PyCEFR/python-mini-projects/projects/Wikipedia_search_wordcloud/wiki-search-cloud.py,wiki-search-cloud.py,gen_cloud,,11,20,2,A,1,13,7,3.0,B1,1.5384615384615385,"{""A1"": 7, ""A2"": 5, ""B1"": 1}","{""Simple Atributte"": 5, ""Simple Assignment"": 3, ""Print"": 1, ""Exception --> try/except"": 1, ""Except Handler"": 1, ""Function with Simple argument"": 1, ""Return"": 1}"
python-mini-projects,/home/juan/Documents/Analisis-CC-PyCEFR/python-mini-projects/projects/Wikipedia_search_wordcloud/wiki-search-cloud.py,wiki-search-cloud.py,save_cloud,,24,25,1,A,1,2,2,2.0,A2,1.5,"{""A2"": 1, ""A1"": 1}","{""Simple Atributte"": 1, ""Function with Simple argument"": 1}"
python-mini-projects,/home/juan/Documents/Analisis-CC-PyCEFR/python-mini-projects/projects/Wikipedia_search_wordcloud/wiki-search-cloud.py,wiki-search-cloud.py,show_cloud,,29,32,1,A,1,4,2,2.0,A2,1.75,"{""A2"": 3, ""A1"": 1}","{""Simple Atributte"": 3, ""Function with Simple argument"": 1}"
python-mini-projects,/home/juan/Documents/Analisis-CC-PyCEFR/python-mini-projects/projects/dork_search_google/main.py,main.py,Exploit,,40,55,4,A,1,179,24,3.0,B1,1.452513966480447,"{""A1"": 102, ""A2"": 73, ""B1"": 4}","{""Simple Atributte"": 56, ""Simple Assignment"": 39, ""Subscript"": 25, ""Print"": 9, ""Simple Dictionary"": 9, ""Simple Tuple"": 7, ""Assigment with sum (total = total + 1)"": 5, ""Simplified incremental Assignment with increase amount"": 4, ""Formatted Value"": 4, ""Simple If statements"": 3}"
python-mini-projects,/home/juan/Documents/Analisis-CC-PyCEFR/python-mini-projects/projects/Set_Alarm/alarm.py,alarm.py,set_alarm,,18,66,10,B,2,69,16,6.0,C2,1.463768115942029,"{""A1"": 46, ""A2"": 17, ""B1"": 5, ""C2"": 1}","{""Simple Atributte"": 16, ""Simple Assignment"": 15, ""Print"": 9, ""Formatted Value"": 6, ""Joined String"": 4, ""Subscript"": 4, ""Simple If statements"": 4, ""While with Else Loop"": 3, ""Simple Tuple"": 1, ""'map' call function"": 1}"
python-mini-projects,/home/juan/Documents/Analisis-CC-PyCEFR/python-mini-projects/projects/Set_Alarm/alarm.py,alarm.py,rename_files_with_whitespaces,,7,11,3,A,1,10,5,2.0,A2,1.7,"{""A2"": 7, ""A1"": 3}","{""Simple Atributte"": 6, ""Simple Assignment"": 1, ""Simple If statements"": 1, ""Simple For Loop"": 1, ""Function with Simple argument with Default argument"": 1}"
python-mini-projects,/home/juan/Documents/Analisis-CC-PyCEFR/python-mini-projects/projects/Set_Alarm/alarm.py,alarm.py,clean_filename,,14,15,1,A,1,9,7,6.0,C2,1.8888888888888888,"{""A1"": 5, ""A2"": 3, ""C2"": 1}","{""Simple Atributte"": 3, ""'map' call function"": 1, ""Unary Operation"": 1, ""Subscript"": 1, ""Slice"": 1, ""Function with Simple argument"": 1, ""Return"": 1}"
python-mini-projects,/home/juan/Documents/Analisis-CC-PyCEFR/python-mini-projects/projects/Set_Alarm/alarm.py,alarm.py,display_header,,68,72,1,A,1,16,5,2.0,A2,1.5625,"{""A2"": 9, ""A1"": 7}","{""Simple Atributte"": 9, ""Print"": 4, ""Formatted Value"": 1, ""Joined String"": 1, ""Function with Simple argument"": 1}"
python-mini-projects,/home/juan/Documents/Analisis-CC-PyCEFR/python-mini-projects/projects/Split_folder_into_subfolders/split_and_copy.py,split_and_copy.py,split,,32,41,3,A,1,13,9,5.0,C1,1.3846153846153846,"{""A1"": 11, ""A2"": 1, ""C1"": 1}","{""Simple Tuple"": 4, ""Simple Assignment"": 2, ""'range' call function"": 1, ""Subscript"": 1, ""Slice"": 1, ""Simple If statements"": 1, ""Simple For Loop"": 1, ""Function with Simple argument"": 1, ""Generator Function (yield)"": 1}"
python-mini-projects,/home/juan/Documents/Analisis-CC-PyCEFR/python-mini-projects/projects/Split_folder_into_subfolders/split_and_copy.py,split_and_copy.py,start_process,,44,51,3,A,1,10,8,6.0,C2,1.6,"{""A1"": 8, ""C2"": 1, ""A2"": 1}","{""Simple Assignment"": 3, ""Simple Tuple"": 1, ""Formatted Value"": 1, ""Joined String"": 1, ""'enumerate' call function"": 1, ""For Loop with Tuple as name"": 1, ""Simple For Loop"": 1, ""Function with Simple argument"": 1}"
python-mini-projects,/home/juan/Documents/Analisis-CC-PyCEFR/python-mini-projects/projects/Split_folder_into_subfolders/split_and_copy.py,split_and_copy.py,copyfiles,,22,29,2,A,1,6,4,2.0,A2,1.5,"{""A2"": 3, ""A1"": 3}","{""Simple Atributte"": 3, ""Unary Operation"": 1, ""Simple If statements"": 1, ""Function with Simple argument"": 1}"
python-mini-projects,/home/juan/Documents/Analisis-CC-PyCEFR/python-mini-projects/projects/Split_folder_into_subfolders/split_and_copy.py,split_and_copy.py,get_files,,7,12,1,A,1,6,6,2.0,A2,1.1666666666666667,"{""A1"": 5, ""A2"": 1}","{""Formatted Value"": 1, ""Joined String"": 1, ""Simple Atributte"": 1, ""Simple Assignment"": 1, ""Function with Simple argument"": 1, ""Return"": 1}"
python-mini-projects,/home/juan/Documents/Analisis-CC-PyCEFR/python-mini-projects/projects/Split_folder_into_subfolders/split_and_copy.py,split_and_copy.py,getfullpath,,15,19,1,A,1,4,3,2.0,A2,1.5,"{""A2"": 2, ""A1"": 2}","{""Simple Atributte"": 2, ""Function with Simple argument"": 1, ""Return"": 1}"
python-mini-projects,/home/juan/Documents/Analisis-CC-PyCEFR/python-mini-projects/projects/Password_generator/password_generator.py,password_generator.py,App,,5,37,2,A,1,48,9,3.0,B1,1.7083333333333333,"{""A2"": 32, ""A1"": 15, ""B1"": 1}","{""Simple Atributte"": 30, ""Simple Assignment"": 5, ""Function with Simple argument"": 5, ""Simple Tuple"": 3, ""'range' call function"": 1, ""Assigment with sum (total = total + 1)"": 1, ""Simplified incremental Assignment with increase amount"": 1, ""Simple For Loop"": 1, ""Simple Class  Using the constructor method --> __init__"": 1}"
python-mini-projects,/home/juan/Documents/Analisis-CC-PyCEFR/python-mini-projects/projects/Password_generator/password_generator.py,password_generator.py,generate_password,,31,37,2,A,1,13,7,2.0,A2,1.6923076923076923,"{""A2"": 9, ""A1"": 4}","{""Simple Atributte"": 7, ""'range' call function"": 1, ""Assigment with sum (total = total + 1)"": 1, ""Simple Assignment"": 1, ""Simplified incremental Assignment with increase amount"": 1, ""Simple For Loop"": 1, ""Function with Simple argument"": 1}"
python-mini-projects,/home/juan/Documents/Analisis-CC-PyCEFR/python-mini-projects/projects/Password_generator/password_generator.py,password_generator.py,__init__,,6,17,1,A,1,16,3,2.0,A2,1.875,"{""A2"": 14, ""A1"": 2}","{""Simple Atributte"": 14, ""Simple Assignment"": 1, ""Function with Simple argument"": 1}"
python-mini-projects,/home/juan/Documents/Analisis-CC-PyCEFR/python-mini-projects/projects/Password_generator/password_generator.py,password_generator.py,label,,19,21,1,A,1,5,4,2.0,A2,1.4,"{""A1"": 3, ""A2"": 2}","{""Simple Atributte"": 2, ""Simple Tuple"": 1, ""Simple Assignment"": 1, ""Function with Simple argument"": 1}"
python-mini-projects,/home/juan/Documents/Analisis-CC-PyCEFR/python-mini-projects/projects/Password_generator/password_generator.py,password_generator.py,entry,,23,25,1,A,1,7,4,2.0,A2,1.5714285714285714,"{""A2"": 4, ""A1"": 3}","{""Simple Atributte"": 4, ""Simple Tuple"": 1, ""Simple Assignment"": 1, ""Function with Simple argument"": 1}"
python-mini-projects,/home/juan/Documents/Analisis-CC-PyCEFR/python-mini-projects/projects/Password_generator/password_generator.py,password_generator.py,button,,27,29,1,A,1,6,4,2.0,A2,1.5,"{""A1"": 3, ""A2"": 3}","{""Simple Atributte"": 3, ""Simple Tuple"": 1, ""Simple Assignment"": 1, ""Function with Simple argument"": 1}"
python-mini-projects,/home/juan/Documents/Analisis-CC-PyCEFR/python-mini-projects/projects/Write_script_to_compress_folder_and_files/zipfiles.py,zipfiles.py,retrieve_file_paths,,14,26,3,A,1,12,8,2.0,A2,1.4166666666666667,"{""A1"": 7, ""A2"": 5}","{""Simple Atributte"": 4, ""Simple Assignment"": 2, ""Simple List"": 1, ""Simple Tuple"": 1, ""For Loop with Tuple as name"": 1, ""Simple For Loop"": 1, ""Function with Simple argument"": 1, ""Return"": 1}"
python-mini-projects,/home/juan/Documents/Analisis-CC-PyCEFR/python-mini-projects/projects/Write_script_to_compress_folder_and_files/zipfiles.py,zipfiles.py,zip_dir,,29,35,2,A,1,7,6,3.0,B1,1.7142857142857142,"{""A2"": 3, ""A1"": 3, ""B1"": 1}","{""Simple Atributte"": 2, ""Files --> 'write' call function"": 1, ""Simple Assignment"": 1, ""Simple For Loop"": 1, ""With"": 1, ""Function with Simple argument"": 1}"
python-mini-projects,/home/juan/Documents/Analisis-CC-PyCEFR/python-mini-projects/projects/Write_script_to_compress_folder_and_files/zipfiles.py,zipfiles.py,zip_file,,7,10,1,A,1,7,4,2.0,A2,1.7142857142857142,"{""A2"": 5, ""A1"": 2}","{""Simple Atributte"": 4, ""Files --> 'write' call function"": 1, ""Simple Assignment"": 1, ""Function with Simple argument"": 1}"
python-mini-projects,/home/juan/Documents/Analisis-CC-PyCEFR/python-mini-projects/projects/MasterMind/Mastermind_GUIinterface.py,Mastermind_GUIinterface.py,guess,,51,86,7,B,2,65,10,2.0,A2,1.523076923076923,"{""A2"": 34, ""A1"": 31}","{""Simple Atributte"": 31, ""Simple Assignment"": 10, ""Subscript"": 6, ""Simple If statements"": 5, ""Unary Operation"": 4, ""Simple List"": 3, ""Simplified incremental Assignment with increase amount"": 3, ""Assigment with sum (total = total + 1)"": 1, ""Simple For Loop"": 1, ""Function with Simple argument"": 1}"
python-mini-projects,/home/juan/Documents/Analisis-CC-PyCEFR/python-mini-projects/projects/MasterMind/Mastermind_GUIinterface.py,Mastermind_GUIinterface.py,MasterMind,,22,96,5,A,1,186,15,3.0,B1,1.575268817204301,"{""A2"": 89, ""A1"": 88, ""B1"": 9}","{""Simple Atributte"": 80, ""Subscript"": 32, ""Simple Assignment"": 22, ""Simple List"": 9, ""Lambda"": 8, ""Simple Tuple"": 6, ""Simplified incremental Assignment with increase amount"": 6, ""Unary Operation"": 5, ""Simple If statements"": 5, ""Simple For Loop"": 5}"
python-mini-projects,/home/juan/Documents/Analisis-CC-PyCEFR/python-mini-projects/projects/MasterMind/Mastermind_GUIinterface.py,Mastermind_GUIinterface.py,medium,,2,21,4,A,1,34,14,3.0,B1,1.4411764705882353,"{""A1"": 21, ""A2"": 11, ""B1"": 2}","{""Simple Atributte"": 8, ""Simple Assignment"": 6, ""Simple List"": 3, ""Subscript"": 3, ""Simple If statements"": 3, ""Function with Simple argument"": 3, ""'range' call function"": 1, ""Simplified incremental Assignment with decrease subtraction"": 1, ""Import"": 1, ""Alias"": 1}"
python-mini-projects,/home/juan/Documents/Analisis-CC-PyCEFR/python-mini-projects/projects/MasterMind/Mastermind_GUIinterface.py,Mastermind_GUIinterface.py,compare,,14,21,4,A,1,13,9,2.0,A2,1.2307692307692308,"{""A1"": 10, ""A2"": 3}","{""Subscript"": 3, ""Simple Atributte"": 2, ""Simple If statements"": 2, ""Simple List"": 1, ""'range' call function"": 1, ""Simple Assignment"": 1, ""Simple For Loop"": 1, ""Function with Simple argument"": 1, ""Return"": 1}"
python-mini-projects,/home/juan/Documents/Analisis-CC-PyCEFR/python-mini-projects/projects/MasterMind/Mastermind_GUIinterface.py,Mastermind_GUIinterface.py,__init__,,23,50,4,A,1,106,10,3.0,B1,1.6320754716981132,"{""A2"": 51, ""A1"": 47, ""B1"": 8}","{""Simple Atributte"": 47, ""Subscript"": 25, ""Simple Assignment"": 9, ""Lambda"": 8, ""Simple List"": 5, ""Simple Tuple"": 4, ""Simple For Loop"": 3, ""'range' call function"": 2, ""Simplified incremental Assignment with increase amount"": 2, ""Function with Simple argument"": 1}"
python-mini-projects,/home/juan/Documents/Analisis-CC-PyCEFR/python-mini-projects/projects/MasterMind/Mastermind_GUIinterface.py,Mastermind_GUIinterface.py,__init__,,5,13,3,A,1,17,9,3.0,B1,1.5294117647058822,"{""A1"": 9, ""A2"": 7, ""B1"": 1}","{""Simple Atributte"": 5, ""Simple Assignment"": 4, ""Simple List"": 2, ""Simplified incremental Assignment with decrease subtraction"": 1, ""Import"": 1, ""Alias"": 1, ""Simple If statements"": 1, ""While with Else Loop"": 1, ""Function with Simple argument"": 1}"
python-mini-projects,/home/juan/Documents/Analisis-CC-PyCEFR/python-mini-projects/projects/MasterMind/Mastermind_GUIinterface.py,Mastermind_GUIinterface.py,hint,,89,96,2,A,1,11,9,2.0,A2,1.3636363636363635,"{""A1"": 7, ""A2"": 4}","{""Simple Atributte"": 2, ""Simple Assignment"": 2, ""Simple List"": 1, ""Unary Operation"": 1, ""Subscript"": 1, ""Simplified incremental Assignment with decrease subtraction"": 1, ""Simplified incremental Assignment with increase amount"": 1, ""Simple For Loop"": 1, ""Function with Simple argument"": 1}"
python-mini-projects,/home/juan/Documents/Analisis-CC-PyCEFR/python-mini-projects/projects/MasterMind/Mastermind_GUIinterface.py,Mastermind_GUIinterface.py,user,,3,4,1,A,1,3,3,2.0,A2,1.3333333333333333,"{""A1"": 2, ""A2"": 1}","{""Simple Atributte"": 1, ""Simple Assignment"": 1, ""Function with Simple argument"": 1}"
python-mini-projects,/home/juan/Documents/Analisis-CC-PyCEFR/python-mini-projects/projects/Get_meta_information_of_images/get_meta_from_pic.py,get_meta_from_pic.py,get_labeled_exif,,14,19,2,A,1,10,8,2.0,A2,1.4,"{""A1"": 6, ""A2"": 4}","{""Simple Atributte"": 2, ""Simple Assignment"": 2, ""Simple Tuple"": 1, ""Simple Dictionary"": 1, ""Subscript"": 1, ""For Loop with Tuple as name"": 1, ""Function with Simple argument"": 1, ""Return"": 1}"
python-mini-projects,/home/juan/Documents/Analisis-CC-PyCEFR/python-mini-projects/projects/Get_meta_information_of_images/get_meta_from_pic.py,get_meta_from_pic.py,get_exif,,9,11,1,A,1,4,3,2.0,A2,1.5,"{""A2"": 2, ""A1"": 2}","{""Simple Atributte"": 2, ""Function with Simple argument"": 1, ""Return"": 1}"
python-mini-projects,/home/juan/Documents/Analisis-CC-PyCEFR/python-mini-projects/projects/Get_meta_information_of_images/author_utils.py,author_utils.py,get_author,,160,171,4,A,1,16,6,2.0,A2,1.3125,"{""A1"": 11, ""A2"": 5}","{""Simple Atributte"": 5, ""Simple Assignment"": 5, ""Simple If statements"": 3, ""Simple Tuple"": 1, ""Function with Simple argument"": 1, ""Return"": 1}"
python-mini-projects,/home/juan/Documents/Analisis-CC-PyCEFR/python-mini-projects/projects/Get_meta_information_of_images/author_utils.py,author_utils.py,SID_NAME_USE,,31,48,3,A,1,24,10,6.0,C2,1.9166666666666667,"{""A2"": 11, ""A1"": 9, ""B1"": 3, ""C2"": 1}","{""Simple Atributte"": 10, ""Simple If statements"": 3, ""'raise' exception"": 2, ""Function with Simple argument"": 2, ""Return"": 2, ""'enumerate' call function"": 1, ""Subscript"": 1, ""Simple Assignment"": 1, ""Function with Simple argument with Default argument"": 1, ""Simple Class "": 1}"
python-mini-projects,/home/juan/Documents/Analisis-CC-PyCEFR/python-mini-projects/projects/Get_meta_information_of_images/author_utils.py,author_utils.py,__init__,,36,40,3,A,1,7,4,3.0,B1,1.8571428571428572,"{""A2"": 4, ""A1"": 2, ""B1"": 1}","{""Simple Atributte"": 3, ""Simple If statements"": 2, ""'raise' exception"": 1, ""Function with Simple argument with Default argument"": 1}"
python-mini-projects,/home/juan/Documents/Analisis-CC-PyCEFR/python-mini-projects/projects/Get_meta_information_of_images/author_utils.py,author_utils.py,PLOCAL,,52,61,3,A,1,15,8,6.0,C2,1.9333333333333333,"{""A2"": 7, ""A1"": 6, ""C2"": 1, ""B1"": 1}","{""Simple Atributte"": 6, ""Simple Assignment"": 3, ""Super Function"": 1, ""Boolean Operation"": 1, ""Simple If statements"": 1, ""Function with Simple argument with Default argument"": 1, ""Function with Simple argument"": 1, ""Simple Class "": 1}"
python-mini-projects,/home/juan/Documents/Analisis-CC-PyCEFR/python-mini-projects/projects/Get_meta_information_of_images/author_utils.py,author_utils.py,__del__,,58,61,3,A,1,7,5,2.0,A2,1.4285714285714286,"{""A1"": 4, ""A2"": 3}","{""Simple Atributte"": 3, ""Boolean Operation"": 1, ""Simple Assignment"": 1, ""Simple If statements"": 1, ""Function with Simple argument"": 1}"
python-mini-projects,/home/juan/Documents/Analisis-CC-PyCEFR/python-mini-projects/projects/Get_meta_information_of_images/author_utils.py,author_utils.py,PSID,,65,78,3,A,1,17,11,6.0,C2,2.1176470588235294,"{""A2"": 7, ""A1"": 6, ""B1"": 2, ""C2"": 1, ""B2"": 1}","{""Simple Atributte"": 6, ""Simple If statements"": 2, ""Super Function"": 1, ""Unary Operation"": 1, ""Simple Assignment"": 1, ""'raise' exception"": 1, ""Exception --> try/finally"": 1, ""Function with Simple argument with Default argument"": 1, ""Function with Simple argument"": 1, ""Return"": 1}"
python-mini-projects,/home/juan/Documents/Analisis-CC-PyCEFR/python-mini-projects/projects/Get_meta_information_of_images/author_utils.py,author_utils.py,__str__,,69,78,3,A,1,13,8,4.0,B2,1.7692307692307692,"{""A1"": 6, ""A2"": 5, ""B1"": 1, ""B2"": 1}","{""Simple Atributte"": 5, ""Simple If statements"": 2, ""Unary Operation"": 1, ""Simple Assignment"": 1, ""'raise' exception"": 1, ""Exception --> try/finally"": 1, ""Function with Simple argument"": 1, ""Return"": 1}"
python-mini-projects,/home/juan/Documents/Analisis-CC-PyCEFR/python-mini-projects/projects/Get_meta_information_of_images/author_utils.py,author_utils.py,PSECURITY_DESCRIPTOR,,80,101,3,A,1,42,10,6.0,C2,1.7380952380952381,"{""A2"": 20, ""A1"": 18, ""B1"": 3, ""C2"": 1}","{""Simple Atributte"": 17, ""Simple Assignment"": 8, ""Unary Operation"": 4, ""Function with Simple argument with Default argument"": 3, ""Boolean Operation"": 2, ""'raise' exception"": 2, ""Simple If statements"": 2, ""Return"": 2, ""Super Function"": 1, ""Inherited Class from PLOCAL Using the constructor method --> __init__"": 1}"
python-mini-projects,/home/juan/Documents/Analisis-CC-PyCEFR/python-mini-projects/projects/Get_meta_information_of_images/author_utils.py,author_utils.py,get_owner,,93,96,3,A,1,9,7,3.0,B1,1.5555555555555556,"{""A1"": 5, ""A2"": 3, ""B1"": 1}","{""Simple Atributte"": 2, ""Unary Operation"": 2, ""Boolean Operation"": 1, ""'raise' exception"": 1, ""Simple If statements"": 1, ""Function with Simple argument with Default argument"": 1, ""Return"": 1}"
python-mini-projects,/home/juan/Documents/Analisis-CC-PyCEFR/python-mini-projects/projects/Get_meta_information_of_images/author_utils.py,author_utils.py,get_group,,98,101,3,A,1,9,7,3.0,B1,1.5555555555555556,"{""A1"": 5, ""A2"": 3, ""B1"": 1}","{""Simple Atributte"": 2, ""Unary Operation"": 2, ""Boolean Operation"": 1, ""'raise' exception"": 1, ""Simple If statements"": 1, ""Function with Simple argument with Default argument"": 1, ""Return"": 1}"
python-mini-projects,/home/juan/Documents/Analisis-CC-PyCEFR/python-mini-projects/projects/Get_meta_information_of_images/author_utils.py,author_utils.py,_check_bool,,103,106,2,A,1,7,6,3.0,B1,1.5714285714285714,"{""A1"": 4, ""A2"": 2, ""B1"": 1}","{""Simple Atributte"": 2, ""Unary Operation"": 1, ""'raise' exception"": 1, ""Simple If statements"": 1, ""Function with Simple argument"": 1, ""Return"": 1}"
python-mini-projects,/home/juan/Documents/Analisis-CC-PyCEFR/python-mini-projects/projects/Get_meta_information_of_images/author_utils.py,author_utils.py,get_file_security,,148,158,2,A,1,17,6,3.0,B1,1.8235294117647058,"{""A2"": 12, ""A1"": 4, ""B1"": 1}","{""Simple Atributte"": 11, ""Simple Assignment"": 2, ""'raise' exception"": 1, ""Simple If statements"": 1, ""Function with Simple argument with Default argument"": 1, ""Return"": 1}"
python-mini-projects,/home/juan/Documents/Analisis-CC-PyCEFR/python-mini-projects/projects/Get_meta_information_of_images/author_utils.py,author_utils.py,__str__,,42,45,2,A,1,9,6,3.0,B1,1.6666666666666667,"{""A2"": 4, ""A1"": 4, ""B1"": 1}","{""Simple Atributte"": 4, ""Subscript"": 1, ""'raise' exception"": 1, ""Simple If statements"": 1, ""Function with Simple argument"": 1, ""Return"": 1}"
python-mini-projects,/home/juan/Documents/Analisis-CC-PyCEFR/python-mini-projects/projects/Get_meta_information_of_images/author_utils.py,author_utils.py,look_up_account_sid,,137,146,1,A,1,19,5,2.0,A2,1.5789473684210527,"{""A2"": 11, ""A1"": 8}","{""Simple Atributte"": 10, ""Simple Assignment"": 6, ""Simple Tuple"": 1, ""Function with Simple argument with Default argument"": 1, ""Return"": 1}"
python-mini-projects,/home/juan/Documents/Analisis-CC-PyCEFR/python-mini-projects/projects/Get_meta_information_of_images/author_utils.py,author_utils.py,__repr__,,47,48,1,A,1,3,3,2.0,A2,1.3333333333333333,"{""A1"": 2, ""A2"": 1}","{""Simple Atributte"": 1, ""Function with Simple argument"": 1, ""Return"": 1}"
python-mini-projects,/home/juan/Documents/Analisis-CC-PyCEFR/python-mini-projects/projects/Get_meta_information_of_images/author_utils.py,author_utils.py,__init__,,54,56,1,A,1,5,4,6.0,C2,2.6,"{""A2"": 3, ""C2"": 1, ""A1"": 1}","{""Simple Atributte"": 2, ""Super Function"": 1, ""Simple Assignment"": 1, ""Function with Simple argument with Default argument"": 1}"
python-mini-projects,/home/juan/Documents/Analisis-CC-PyCEFR/python-mini-projects/projects/Get_meta_information_of_images/author_utils.py,author_utils.py,__init__,,66,67,1,A,1,3,3,6.0,C2,3.3333333333333335,"{""A2"": 2, ""C2"": 1}","{""Super Function"": 1, ""Simple Atributte"": 1, ""Function with Simple argument with Default argument"": 1}"
python-mini-projects,/home/juan/Documents/Analisis-CC-PyCEFR/python-mini-projects/projects/Get_meta_information_of_images/author_utils.py,author_utils.py,__init__,,81,91,1,A,1,23,4,6.0,C2,1.826086956521739,"{""A2"": 14, ""A1"": 8, ""C2"": 1}","{""Simple Atributte"": 13, ""Simple Assignment"": 8, ""Super Function"": 1, ""Function with Simple argument with Default argument"": 1}"
python-mini-projects,/home/juan/Documents/Analisis-CC-PyCEFR/python-mini-projects/projects/Get_meta_information_of_images/gps_utils.py,gps_utils.py,format_lati_long,,5,15,3,A,1,31,9,5.0,C1,1.3548387096774193,"{""A1"": 23, ""A2"": 7, ""C1"": 1}","{""Subscript"": 8, ""Simple Atributte"": 7, ""Unary Operation"": 5, ""Assigment with sum (total = total + 1)"": 4, ""Simple Assignment"": 3, ""Simple List Comprehension"": 1, ""Simple If statements"": 1, ""Function with Simple argument"": 1, ""Return"": 1}"
python-mini-projects,/home/juan/Documents/Analisis-CC-PyCEFR/python-mini-projects/projects/Get_meta_information_of_images/gps_utils.py,gps_utils.py,get_location,,17,23,1,A,1,13,6,2.0,A2,1.3076923076923077,"{""A1"": 9, ""A2"": 4}","{""Simple Assignment"": 5, ""Simple Atributte"": 3, ""Subscript"": 2, ""Files --> 'open' call function"": 1, ""Function with Simple argument"": 1, ""Return"": 1}"
python-mini-projects,/home/juan/Documents/Analisis-CC-PyCEFR/python-mini-projects/projects/Baidu_POI_crawl/main.py,main.py,run,,7,15,2,A,1,100,16,3.0,B1,1.5,"{""A1"": 58, ""A2"": 34, ""B1"": 8}","{""Alias"": 20, ""Simple Atributte"": 20, ""Simple Assignment"": 19, ""Import"": 9, ""Import with 'as' extension "": 6, ""Print"": 6, ""From"": 4, ""Simple Tuple"": 3, ""Exception --> try/except"": 2, ""Except Handler"": 2}"
python-mini-projects,/home/juan/Documents/Analisis-CC-PyCEFR/python-mini-projects/projects/Baidu_POI_crawl/util.py,util.py,get_baidu_poi,,7,47,5,A,1,47,15,3.0,B1,1.5106382978723405,"{""A1"": 27, ""A2"": 16, ""B1"": 4}","{""Simple Assignment"": 11, ""Simple Atributte"": 10, ""Subscript"": 9, ""Files --> 'writelines' call function"": 3, ""Files --> 'open' call function"": 2, ""Assigment with sum (total = total + 1)"": 2, ""'break' statement"": 2, ""Print"": 1, ""Simplified incremental Assignment with increase amount"": 1, ""Simple If statements"": 1}"
python-mini-projects,/home/juan/Documents/Analisis-CC-PyCEFR/python-mini-projects/projects/Create_a_script_to_encrypt_files_and_folder/encrypt.py,encrypt.py,encrypt_dir,,8,13,3,A,1,9,7,2.0,A2,1.4444444444444444,"{""A1"": 5, ""A2"": 4}","{""Simple Atributte"": 3, ""Simple Tuple"": 1, ""Print"": 1, ""Simple Assignment"": 1, ""For Loop with Tuple as name"": 1, ""Simple For Loop"": 1, ""Function with Simple argument"": 1}"
python-mini-projects,/home/juan/Documents/Analisis-CC-PyCEFR/python-mini-projects/projects/Create_a_script_to_encrypt_files_and_folder/encrypt.py,encrypt.py,encrypt_file,,16,30,1,A,1,24,10,3.0,B1,1.75,"{""A2"": 14, ""A1"": 8, ""B1"": 2}","{""Simple Atributte"": 9, ""Simple Assignment"": 4, ""Files --> 'read' call function"": 2, ""Files --> 'open' call function"": 2, ""With"": 2, ""Files --> 'write' call function"": 1, ""Subscript"": 1, ""Slice"": 1, ""Assigment with sum (total = total + 1)"": 1, ""Function with Simple argument"": 1}"
python-mini-projects,/home/juan/Documents/Analisis-CC-PyCEFR/python-mini-projects/projects/Plagarism_checker/plag.py,plag.py,check_plagiarism,,21,32,3,A,1,23,8,2.0,A2,1.2173913043478262,"{""A1"": 18, ""A2"": 5}","{""Simple Tuple"": 5, ""Subscript"": 5, ""Simple Assignment"": 5, ""Simple Atributte"": 3, ""For Loop with Tuple as name"": 2, ""Delete"": 1, ""Function"": 1, ""Return"": 1}"
python-mini-projects,/home/juan/Documents/Analisis-CC-PyCEFR/python-mini-projects/projects/Plagarism_checker/plag.py,plag.py,vectorize,,12,12,1,A,1,4,3,2.0,A2,1.5,"{""A2"": 2, ""A1"": 2}","{""Simple Atributte"": 2, ""Function with Simple argument"": 1, ""Return"": 1}"
python-mini-projects,/home/juan/Documents/Analisis-CC-PyCEFR/python-mini-projects/projects/Plagarism_checker/plag.py,plag.py,similarity,,13,13,1,A,1,3,3,1.0,A1,1.0,"{""A1"": 3}","{""Simple List"": 1, ""Function with Simple argument"": 1, ""Return"": 1}"
python-mini-projects,/home/juan/Documents/Analisis-CC-PyCEFR/python-mini-projects/projects/Shutdown_or_restart_your_device/PowerOptions.py,PowerOptions.py,shutdown,,4,10,4,A,1,10,5,2.0,A2,1.5,"{""A1"": 5, ""A2"": 5}","{""Simple Atributte"": 5, ""Simple If statements"": 2, ""Print"": 1, ""Boolean Operation"": 1, ""Function"": 1}"
python-mini-projects,/home/juan/Documents/Analisis-CC-PyCEFR/python-mini-projects/projects/Shutdown_or_restart_your_device/PowerOptions.py,PowerOptions.py,restart,,12,18,4,A,1,10,5,2.0,A2,1.5,"{""A1"": 5, ""A2"": 5}","{""Simple Atributte"": 5, ""Simple If statements"": 2, ""Print"": 1, ""Boolean Operation"": 1, ""Function"": 1}"
python-mini-projects,/home/juan/Documents/Analisis-CC-PyCEFR/python-mini-projects/projects/Send_email_from_csv/Sending_mail.py,Sending_mail.py,send_mail,,23,48,2,A,1,22,9,3.0,B1,1.3636363636363635,"{""A1"": 15, ""A2"": 6, ""B1"": 1}","{""Simple Assignment"": 7, ""Simple Atributte"": 5, ""Subscript"": 3, ""Print"": 2, ""Simple Tuple"": 1, ""Files --> 'open' call function"": 1, ""Simple For Loop"": 1, ""With"": 1, ""Function"": 1}"
python-mini-projects,/home/juan/Documents/Analisis-CC-PyCEFR/python-mini-projects/projects/Send_email_from_csv/Sending_mail.py,Sending_mail.py,get_credentials,,6,10,1,A,1,11,8,3.0,B1,1.6363636363636365,"{""A1"": 5, ""A2"": 5, ""B1"": 1}","{""Files --> 'readline' call function"": 2, ""Simple Atributte"": 2, ""Simple Assignment"": 2, ""Simple Tuple"": 1, ""Files --> 'open' call function"": 1, ""With"": 1, ""Function with Simple argument"": 1, ""Return"": 1}"
python-mini-projects,/home/juan/Documents/Analisis-CC-PyCEFR/python-mini-projects/projects/Send_email_from_csv/Sending_mail.py,Sending_mail.py,login,,13,20,1,A,1,6,3,2.0,A2,1.6666666666666667,"{""A2"": 4, ""A1"": 2}","{""Simple Atributte"": 4, ""Print"": 1, ""Function with Simple argument"": 1}"
python-mini-projects,/home/juan/Documents/Analisis-CC-PyCEFR/python-mini-projects/projects/Write_script_to_move_files_into_alphabetically_ordered_folder/main.py,main.py,readdirectory,,30,38,3,A,1,105,18,3.0,B1,1.5714285714285714,"{""A2"": 58, ""A1"": 46, ""B1"": 1}","{""Simple Atributte"": 50, ""Simple Assignment"": 20, ""Subscript"": 12, ""Files --> 'write' call function"": 3, ""Simple Tuple"": 2, ""Formatted Value"": 2, ""Import"": 2, ""Alias"": 2, ""Simple For Loop"": 2, ""Simple Dictionary"": 2}"
python-mini-projects,/home/juan/Documents/Analisis-CC-PyCEFR/python-mini-projects/projects/Write_script_to_move_files_into_alphabetically_ordered_folder/main.py,main.py,createfolder,,42,52,3,A,1,117,20,3.0,B1,1.4444444444444444,"{""A1"": 69, ""A2"": 44, ""B1"": 4}","{""Simple Atributte"": 35, ""Simple Assignment"": 27, ""Subscript"": 16, ""Print"": 7, ""Simple Dictionary"": 6, ""Assigment with sum (total = total + 1)"": 5, ""Formatted Value"": 4, ""Lambda"": 2, ""Simple If statements"": 2, ""Simple For Loop"": 2}"
python-mini-projects,/home/juan/Documents/Analisis-CC-PyCEFR/python-mini-projects/projects/Write_script_to_move_files_into_alphabetically_ordered_folder/main.py,main.py,getfoldername,,16,27,2,A,1,118,18,4.0,B2,1.5593220338983051,"{""A1"": 57, ""A2"": 57, ""B1"": 3, ""B2"": 1}","{""Simple Atributte"": 53, ""Simple Assignment"": 29, ""Return"": 6, ""Function with Simple argument"": 5, ""Print"": 5, ""Simple If statements"": 4, ""Subscript"": 4, ""Except Handler"": 2, ""Simple Tuple"": 1, ""Simple Class  Using the constructor method --> __init__"": 1}"
python-mini-projects,/home/juan/Documents/Analisis-CC-PyCEFR/python-mini-projects/projects/Write_script_to_move_files_into_alphabetically_ordered_folder/main.py,main.py,movetofolder,,56,69,2,A,1,123,18,4.0,B2,1.6341463414634145,"{""A2"": 65, ""A1"": 52, ""B1"": 5, ""B2"": 1}","{""Simple Atributte"": 62, ""Simple Assignment"": 21, ""Subscript"": 8, ""Unary Operation"": 5, ""If statements expression (else)"": 4, ""Simple Tuple"": 3, ""Simple If statements"": 3, ""Files --> 'write' call function"": 3, ""Slice"": 2, ""Simple For Loop"": 2}"
python-mini-projects,/home/juan/Documents/Analisis-CC-PyCEFR/python-mini-projects/projects/Unstructured Supplemenrary  Service Data/ussdtim.py,ussdtim.py,transf,,96,123,7,B,2,26,6,2.0,A2,1.3846153846153846,"{""A1"": 16, ""A2"": 10}","{""Simple Atributte"": 10, ""Print"": 7, ""Simple If statements"": 5, ""Simple Assignment"": 2, ""Boolean Operation"": 1, ""Function"": 1}"
python-mini-projects,/home/juan/Documents/Analisis-CC-PyCEFR/python-mini-projects/projects/Unstructured Supplemenrary  Service Data/ussdtim.py,ussdtim.py,log_in,,167,186,5,A,1,15,9,3.0,B1,1.5333333333333334,"{""A1"": 9, ""A2"": 4, ""B1"": 2}","{""Print"": 4, ""Simple Atributte"": 3, ""Simple Assignment"": 2, ""Simplified incremental Assignment with increase amount"": 1, ""Simple If statements"": 1, ""Simple While Loop"": 1, ""Exception --> try/except"": 1, ""Except Handler"": 1, ""Function"": 1}"
python-mini-projects,/home/juan/Documents/Analisis-CC-PyCEFR/python-mini-projects/projects/Unstructured Supplemenrary  Service Data/ussdtim.py,ussdtim.py,upgrade_migrate,,55,70,4,A,1,12,5,2.0,A2,1.25,"{""A1"": 9, ""A2"": 3}","{""Print"": 4, ""Simple Atributte"": 3, ""Simple If statements"": 3, ""Simple Assignment"": 1, ""Function"": 1}"
python-mini-projects,/home/juan/Documents/Analisis-CC-PyCEFR/python-mini-projects/projects/Unstructured Supplemenrary  Service Data/ussdtim.py,ussdtim.py,balance,,72,94,4,A,1,15,5,4.0,B2,1.5333333333333334,"{""A1"": 9, ""A2"": 5, ""B2"": 1}","{""Print"": 5, ""Simple Atributte"": 5, ""Simple If statements"": 3, ""Simple Assignment"": 1, ""Recursive Functions"": 1}"
python-mini-projects,/home/juan/Documents/Analisis-CC-PyCEFR/python-mini-projects/projects/Unstructured Supplemenrary  Service Data/ussdtim.py,ussdtim.py,funds,,125,137,3,A,1,10,5,2.0,A2,1.2,"{""A1"": 8, ""A2"": 2}","{""Simple Assignment"": 3, ""Print"": 2, ""Simple Atributte"": 2, ""Simple If statements"": 2, ""Function"": 1}"
python-mini-projects,/home/juan/Documents/Analisis-CC-PyCEFR/python-mini-projects/projects/Unstructured Supplemenrary  Service Data/ussdtim.py,ussdtim.py,exit,,157,164,3,A,1,5,4,2.0,A2,1.2,"{""A1"": 4, ""A2"": 1}","{""Simple If statements"": 2, ""Simple Atributte"": 1, ""Simple Assignment"": 1, ""Function"": 1}"
python-mini-projects,/home/juan/Documents/Analisis-CC-PyCEFR/python-mini-projects/projects/Unstructured Supplemenrary  Service Data/ussdtim.py,ussdtim.py,BVN_checker,,20,23,2,A,1,6,5,5.0,C1,2.0,"{""A1"": 3, ""A2"": 2, ""C1"": 1}","{""Simple Assignment"": 2, ""'range' call function"": 1, ""Simple Atributte"": 1, ""Simple List Comprehension"": 1, ""Function"": 1}"
python-mini-projects,/home/juan/Documents/Analisis-CC-PyCEFR/python-mini-projects/projects/Unstructured Supplemenrary  Service Data/ussdtim.py,ussdtim.py,open_acct,,26,53,2,A,1,27,7,2.0,A2,1.2592592592592593,"{""A1"": 20, ""A2"": 7}","{""Simple Atributte"": 7, ""Simple Assignment"": 7, ""Print"": 6, ""Subscript"": 4, ""Simple List"": 1, ""Simple If statements"": 1, ""Function"": 1}"
python-mini-projects,/home/juan/Documents/Analisis-CC-PyCEFR/python-mini-projects/projects/Unstructured Supplemenrary  Service Data/ussdtim.py,ussdtim.py,options_menu,,142,154,2,A,1,9,7,2.0,A2,1.3333333333333333,"{""A1"": 6, ""A2"": 3}","{""Simple Atributte"": 2, ""Simple Assignment"": 2, ""Simple Dictionary"": 1, ""Print"": 1, ""Subscript"": 1, ""Simple If statements"": 1, ""Function"": 1}"
python-mini-projects,/home/juan/Documents/Analisis-CC-PyCEFR/python-mini-projects/projects/Create_calculator_app/calculator.py,calculator.py,calc,,21,29,2,A,1,9,5,3.0,B1,1.5555555555555556,"{""A1"": 5, ""A2"": 3, ""B1"": 1}","{""Simple Atributte"": 3, ""Simple Assignment"": 3, ""Exception --> try/except"": 1, ""Except Handler"": 1, ""Function with Simple argument"": 1}"
python-mini-projects,/home/juan/Documents/Analisis-CC-PyCEFR/python-mini-projects/projects/Create_calculator_app/calculator.py,calculator.py,get_input,,8,9,1,A,1,2,2,2.0,A2,1.5,"{""A2"": 1, ""A1"": 1}","{""Simple Atributte"": 1, ""Function with Simple argument"": 1}"
python-mini-projects,/home/juan/Documents/Analisis-CC-PyCEFR/python-mini-projects/projects/Create_calculator_app/calculator.py,calculator.py,backspace,,12,14,1,A,1,4,3,2.0,A2,1.5,"{""A2"": 2, ""A1"": 2}","{""Simple Atributte"": 2, ""Simple Assignment"": 1, ""Function with Simple argument"": 1}"
python-mini-projects,/home/juan/Documents/Analisis-CC-PyCEFR/python-mini-projects/projects/Create_calculator_app/calculator.py,calculator.py,clear,,17,18,1,A,1,2,2,2.0,A2,1.5,"{""A2"": 1, ""A1"": 1}","{""Simple Atributte"": 1, ""Function with Simple argument"": 1}"
python-mini-projects,/home/juan/Documents/Analisis-CC-PyCEFR/python-mini-projects/projects/Create_calculator_app/calculator.py,calculator.py,popupmsg,,32,40,1,A,1,10,3,2.0,A2,1.6,"{""A2"": 6, ""A1"": 4}","{""Simple Atributte"": 6, ""Simple Assignment"": 3, ""Function"": 1}"
python-mini-projects,/home/juan/Documents/Analisis-CC-PyCEFR/python-mini-projects/projects/Create_calculator_app/calculator.py,calculator.py,cal,,43,133,1,A,1,79,5,3.0,B1,1.8101265822784811,"{""A1"": 34, ""A2"": 26, ""B1"": 19}","{""Simple Assignment"": 31, ""Simple Atributte"": 26, ""Lambda"": 19, ""Function"": 2, ""Subscript"": 1}"
python-mini-projects,/home/juan/Documents/Analisis-CC-PyCEFR/python-mini-projects/projects/Create_calculator_app/calculator.py,calculator.py,quit,cal,128,129,1,A,1,4,4,2.0,A2,1.25,"{""A1"": 3, ""A2"": 1}","{""Simple Atributte"": 1, ""Subscript"": 1, ""Simple Assignment"": 1, ""Function"": 1}"
python-mini-projects,/home/juan/Documents/Analisis-CC-PyCEFR/python-mini-projects/projects/Digital_clock/digital_clock.py,digital_clock.py,light_theme,,5,16,1,A,1,12,4,2.0,A2,1.5,"{""A1"": 6, ""A2"": 6}","{""Simple Atributte"": 6, ""Simple Assignment"": 3, ""Function"": 2, ""Simple Tuple"": 1}"
python-mini-projects,/home/juan/Documents/Analisis-CC-PyCEFR/python-mini-projects/projects/Digital_clock/digital_clock.py,digital_clock.py,time,light_theme,12,15,1,A,1,4,3,2.0,A2,1.5,"{""A2"": 2, ""A1"": 2}","{""Simple Atributte"": 2, ""Simple Assignment"": 1, ""Function"": 1}"
python-mini-projects,/home/juan/Documents/Analisis-CC-PyCEFR/python-mini-projects/projects/Digital_clock/digital_clock.py,digital_clock.py,dark_theme,,19,30,1,A,1,12,4,2.0,A2,1.5,"{""A1"": 6, ""A2"": 6}","{""Simple Atributte"": 6, ""Simple Assignment"": 3, ""Function"": 2, ""Simple Tuple"": 1}"
python-mini-projects,/home/juan/Documents/Analisis-CC-PyCEFR/python-mini-projects/projects/Digital_clock/digital_clock.py,digital_clock.py,time,dark_theme,26,29,1,A,1,4,3,2.0,A2,1.5,"{""A2"": 2, ""A1"": 2}","{""Simple Atributte"": 2, ""Simple Assignment"": 1, ""Function"": 1}"
python-mini-projects,/home/juan/Documents/Analisis-CC-PyCEFR/python-mini-projects/projects/Digital_clock/digital_clock.py,digital_clock.py,time,,44,47,1,A,1,4,3,2.0,A2,1.5,"{""A2"": 2, ""A1"": 2}","{""Simple Atributte"": 2, ""Simple Assignment"": 1, ""Function"": 1}"
python-mini-projects,/home/juan/Documents/Analisis-CC-PyCEFR/python-mini-projects/projects/Scraping Medium Articles/scraping_medium.py,scraping_medium.py,collect_text,,33,57,5,A,1,58,16,3.0,B1,1.4827586206896552,"{""A1"": 33, ""A2"": 22, ""B1"": 3}","{""Simple Atributte"": 15, ""Formatted Value"": 7, ""Subscript"": 7, ""Simplified incremental Assignment with increase amount"": 7, ""Joined String"": 6, ""Simple Assignment"": 5, ""Simple For Loop"": 2, ""Unary Operation"": 1, ""Slice"": 1, ""'pass' statement"": 1}"
python-mini-projects,/home/juan/Documents/Analisis-CC-PyCEFR/python-mini-projects/projects/Scraping Medium Articles/scraping_medium.py,scraping_medium.py,get_page,,11,21,2,A,1,13,7,2.0,A2,1.3846153846153846,"{""A1"": 8, ""A2"": 5}","{""Simple Atributte"": 5, ""Simple Assignment"": 3, ""Print"": 1, ""Unary Operation"": 1, ""Simple If statements"": 1, ""Function"": 1, ""Return"": 1}"
python-mini-projects,/home/juan/Documents/Analisis-CC-PyCEFR/python-mini-projects/projects/Scraping Medium Articles/scraping_medium.py,scraping_medium.py,purify,,24,30,2,A,1,22,9,5.0,C1,1.7272727272727273,"{""A1"": 10, ""A2"": 10, ""C1"": 1, ""B1"": 1}","{""Simple Atributte"": 9, ""Simple Assignment"": 5, ""Simple Tuple"": 2, ""Simple Dictionary"": 1, ""Subscript"": 1, ""Generator Expression"": 1, ""Function with Simple argument"": 1, ""Lambda"": 1, ""Return"": 1}"
python-mini-projects,/home/juan/Documents/Analisis-CC-PyCEFR/python-mini-projects/projects/Scraping Medium Articles/scraping_medium.py,scraping_medium.py,save_file,,60,66,2,A,1,16,11,3.0,B1,1.625,"{""A2"": 8, ""A1"": 7, ""B1"": 1}","{""Simple Atributte"": 6, ""Formatted Value"": 1, ""Joined String"": 1, ""Print"": 1, ""Files --> 'open' call function"": 1, ""Files --> 'write' call function"": 1, ""Unary Operation"": 1, ""Assigment with sum (total = total + 1)"": 1, ""Simple If statements"": 1, ""With"": 1}"
python-mini-projects,/home/juan/Documents/Analisis-CC-PyCEFR/python-mini-projects/projects/chatbot/simple-bot.py,simple-bot.py,on_message,,4,6,2,A,1,3,2,2.0,A2,1.6666666666666667,"{""A2"": 2, ""A1"": 1}","{""Simple Atributte"": 2, ""Simple If statements"": 1}"
python-mini-projects,/home/juan/Documents/Analisis-CC-PyCEFR/python-mini-projects/projects/chatbot/simple-bot.py,simple-bot.py,main,,8,11,1,A,1,3,2,2.0,A2,1.6666666666666667,"{""A2"": 2, ""A1"": 1}","{""Simple Atributte"": 2, ""Simple Assignment"": 1}"
python-mini-projects,/home/juan/Documents/Analisis-CC-PyCEFR/python-mini-projects/projects/chatbot/bot.py,bot.py,on_message,,41,171,34,E,5,180,16,5.0,C1,1.5166666666666666,"{""A1"": 92, ""A2"": 85, ""B1"": 2, ""C1"": 1}","{""Simple Atributte"": 85, ""Simple If statements"": 24, ""Annotated Assignment"": 20, ""Subscript"": 17, ""Simple Assignment"": 14, ""Boolean Operation"": 5, ""Slice"": 5, ""Simple List"": 2, ""Simple Tuple"": 1, ""Formatted Value"": 1}"
python-mini-projects,/home/juan/Documents/Analisis-CC-PyCEFR/python-mini-projects/projects/chatbot/bot.py,bot.py,MyBot,,24,229,8,B,2,230,22,6.0,C2,1.5521739130434782,"{""A1"": 116, ""A2"": 107, ""B1"": 4, ""C2"": 1, ""C1"": 1, ""B2"": 1}","{""Simple Atributte"": 107, ""Simple If statements"": 29, ""Annotated Assignment"": 26, ""Subscript"": 22, ""Simple Assignment"": 16, ""Boolean Operation"": 5, ""Slice"": 5, ""Simple List"": 3, ""Formatted Value"": 2, ""Joined String"": 2}"
python-mini-projects,/home/juan/Documents/Analisis-CC-PyCEFR/python-mini-projects/projects/chatbot/bot.py,bot.py,on_friendship,,183,211,6,B,2,25,7,3.0,B1,1.56,"{""A2"": 12, ""A1"": 12, ""B1"": 1}","{""Simple Atributte"": 12, ""Annotated Assignment"": 4, ""Simple If statements"": 4, ""Subscript"": 2, ""Simple Assignment"": 1, ""Simple For Loop"": 1, ""'break' statement"": 1}"
python-mini-projects,/home/juan/Documents/Analisis-CC-PyCEFR/python-mini-projects/projects/chatbot/bot.py,bot.py,on_room_join,,213,229,2,A,1,12,7,2.0,A2,1.4166666666666667,"{""A1"": 7, ""A2"": 5}","{""Simple Atributte"": 5, ""Subscript"": 2, ""Simple List"": 1, ""Formatted Value"": 1, ""Joined String"": 1, ""Annotated Assignment"": 1, ""Simple For Loop"": 1}"
python-mini-projects,/home/juan/Documents/Analisis-CC-PyCEFR/python-mini-projects/projects/chatbot/bot.py,bot.py,main,,232,235,1,A,1,2,2,2.0,A2,1.5,"{""A2"": 1, ""A1"": 1}","{""Simple Atributte"": 1, ""Simple Assignment"": 1}"
python-mini-projects,/home/juan/Documents/Analisis-CC-PyCEFR/python-mini-projects/projects/chatbot/bot.py,bot.py,__init__,,30,34,1,A,1,6,5,6.0,C2,2.1666666666666665,"{""A1"": 3, ""A2"": 2, ""C2"": 1}","{""Simple Atributte"": 2, ""Super Function"": 1, ""Subscript"": 1, ""Annotated Assignment"": 1, ""Function with Simple argument"": 1}"
python-mini-projects,/home/juan/Documents/Analisis-CC-PyCEFR/python-mini-projects/projects/chatbot/bot.py,bot.py,on_ready,,36,38,1,A,1,1,1,2.0,A2,2.0,"{""A2"": 1}","{""Simple Atributte"": 1}"
python-mini-projects,/home/juan/Documents/Analisis-CC-PyCEFR/python-mini-projects/projects/chatbot/bot.py,bot.py,on_login,,174,181,1,A,1,3,2,2.0,A2,1.6666666666666667,"{""A2"": 2, ""A1"": 1}","{""Simple Atributte"": 2, ""Simple Assignment"": 1}"
python-mini-projects,/home/juan/Documents/Analisis-CC-PyCEFR/python-mini-projects/projects/Extract_zip_files/extract_zip_files.py,extract_zip_files.py,extract,,21,33,2,A,1,14,8,3.0,B1,1.5,"{""A1"": 8, ""A2"": 5, ""B1"": 1}","{""Simple Atributte"": 5, ""Print"": 2, ""Simple Assignment"": 2, ""Subscript"": 1, ""Assigment with sum (total = total + 1)"": 1, ""Simple If statements"": 1, ""With"": 1, ""Function with Simple argument"": 1}"
python-mini-projects,/home/juan/Documents/Analisis-CC-PyCEFR/python-mini-projects/projects/String_search_from_multiple_files/findstring.py,findstring.py,getfiles,,10,30,6,B,2,30,9,4.0,B2,1.5333333333333334,"{""A1"": 16, ""A2"": 13, ""B2"": 1}","{""Simple Atributte"": 11, ""Simple Assignment"": 6, ""Simple If statements"": 4, ""Print"": 3, ""Return"": 2, ""Files --> 'open' call function"": 1, ""Files --> 'read' call function"": 1, ""Simple For Loop"": 1, ""Recursive Functions"": 1}"
python-mini-projects,/home/juan/Documents/Analisis-CC-PyCEFR/python-mini-projects/projects/Wifi_windows_password_displayer/main.py,main.py,PwdDisplay,,6,57,3,A,1,608,43,6.0,C2,1.5361842105263157,"{""A1"": 315, ""A2"": 266, ""B1"": 24, ""C2"": 1, ""B2"": 1, ""C1"": 1}","{""Simple Atributte"": 212, ""Simple Assignment"": 124, ""Subscript"": 46, ""Alias"": 29, ""Print"": 21, ""Function with Simple argument"": 20, ""Simple Dictionary"": 16, ""Simple Tuple"": 14, ""Simple If statements"": 14, ""Import"": 13}"
python-mini-projects,/home/juan/Documents/Analisis-CC-PyCEFR/python-mini-projects/projects/Wifi_windows_password_displayer/main.py,main.py,__del__,,52,57,3,A,1,65,12,2.0,A2,1.5384615384615385,"{""A2"": 35, ""A1"": 30}","{""Simple Atributte"": 28, ""Subscript"": 11, ""Simple Assignment"": 8, ""Simple Tuple"": 3, ""Simplified incremental Assignment with increase amount"": 3, ""Print"": 3, ""Simple Dictionary"": 3, ""Simple If statements"": 2, ""For Loop with Tuple as name"": 1, ""Simple For Loop"": 1}"
python-mini-projects,/home/juan/Documents/Analisis-CC-PyCEFR/python-mini-projects/projects/Wifi_windows_password_displayer/main.py,main.py,__init__,,7,15,2,A,1,100,16,3.0,B1,1.5,"{""A1"": 58, ""A2"": 34, ""B1"": 8}","{""Alias"": 20, ""Simple Atributte"": 20, ""Simple Assignment"": 19, ""Import"": 9, ""Import with 'as' extension "": 6, ""Print"": 6, ""From"": 4, ""Simple Tuple"": 3, ""Exception --> try/except"": 2, ""Except Handler"": 2}"
python-mini-projects,/home/juan/Documents/Analisis-CC-PyCEFR/python-mini-projects/projects/Wifi_windows_password_displayer/main.py,main.py,get_ssid_pwd,,28,36,2,A,1,105,18,6.0,C2,1.5809523809523809,"{""A2"": 56, ""A1"": 48, ""C2"": 1}","{""Simple Atributte"": 47, ""Simple Assignment"": 19, ""Subscript"": 16, ""Simple Dictionary"": 3, ""Files --> 'write' call function"": 3, ""Simple Tuple"": 2, ""Formatted Value"": 2, ""Unary Operation"": 2, ""Slice"": 2, ""'enumerate' call function"": 1}"
python-mini-projects,/home/juan/Documents/Analisis-CC-PyCEFR/python-mini-projects/projects/Wifi_windows_password_displayer/main.py,main.py,display_password,,38,50,2,A,1,140,25,5.0,C1,1.4928571428571429,"{""A1"": 80, ""A2"": 53, ""B1"": 6, ""C1"": 1}","{""Simple Atributte"": 44, ""Simple Assignment"": 36, ""Subscript"": 14, ""Print"": 6, ""Assigment with sum (total = total + 1)"": 5, ""Simple Dictionary"": 5, ""Simple Tuple"": 4, ""Formatted Value"": 4, ""Simple List"": 3, ""Lambda"": 2}"
python-mini-projects,/home/juan/Documents/Analisis-CC-PyCEFR/python-mini-projects/projects/Wifi_windows_password_displayer/main.py,main.py,export_xml,,17,21,1,A,1,36,11,3.0,B1,1.6388888888888888,"{""A2"": 19, ""A1"": 15, ""B1"": 2}","{""Simple Atributte"": 17, ""Simple Assignment"": 9, ""Return"": 2, ""Function with Simple argument"": 1, ""Print"": 1, ""Except Handler"": 1, ""Files --> 'open' call function"": 1, ""With"": 1, ""Function with Simple argument with Default argument"": 1, ""'raise' exception"": 1}"
python-mini-projects,/home/juan/Documents/Analisis-CC-PyCEFR/python-mini-projects/projects/Wifi_windows_password_displayer/main.py,main.py,file_path,,23,26,1,A,1,44,6,2.0,A2,1.5,"{""A2"": 22, ""A1"": 22}","{""Simple Atributte"": 22, ""Simple Assignment"": 14, ""Return"": 3, ""Subscript"": 3, ""Simple If statements"": 1, ""Function with Simple argument"": 1}"
python-mini-projects,/home/juan/Documents/Analisis-CC-PyCEFR/python-mini-projects/projects/Write_a_script_to_download_a_random_image_from_unsplash_and_set_it_as_wallpaper/background_windows.py,background_windows.py,setup,,22,29,2,A,1,14,4,2.0,A2,1.6428571428571428,"{""A2"": 9, ""A1"": 5}","{""Simple Atributte"": 9, ""Simple Assignment"": 3, ""Simple If statements"": 1, ""Function with Simple argument"": 1}"
python-mini-projects,/home/juan/Documents/Analisis-CC-PyCEFR/python-mini-projects/projects/Write_a_script_to_download_a_random_image_from_unsplash_and_set_it_as_wallpaper/background_windows.py,background_windows.py,is_64bit,,9,10,1,A,1,3,3,2.0,A2,1.3333333333333333,"{""A1"": 2, ""A2"": 1}","{""Simple Atributte"": 1, ""Function"": 1, ""Return"": 1}"
python-mini-projects,/home/juan/Documents/Analisis-CC-PyCEFR/python-mini-projects/projects/Write_a_script_to_download_a_random_image_from_unsplash_and_set_it_as_wallpaper/background_windows.py,background_windows.py,download,,13,19,1,A,1,7,6,3.0,B1,1.8571428571428572,"{""A2"": 4, ""A1"": 2, ""B1"": 1}","{""Simple Atributte"": 2, ""Files --> 'open' call function"": 1, ""Files --> 'write' call function"": 1, ""Simple Assignment"": 1, ""With"": 1, ""Function with Simple argument"": 1}"
python-mini-projects,/home/juan/Documents/Analisis-CC-PyCEFR/python-mini-projects/projects/Write_a_script_to_download_a_random_image_from_unsplash_and_set_it_as_wallpaper/background_linux.py,background_linux.py,download,,9,15,1,A,1,7,6,3.0,B1,1.8571428571428572,"{""A2"": 4, ""A1"": 2, ""B1"": 1}","{""Simple Atributte"": 2, ""Files --> 'open' call function"": 1, ""Files --> 'write' call function"": 1, ""Simple Assignment"": 1, ""With"": 1, ""Function with Simple argument"": 1}"
python-mini-projects,/home/juan/Documents/Analisis-CC-PyCEFR/python-mini-projects/projects/Write_a_script_to_download_a_random_image_from_unsplash_and_set_it_as_wallpaper/background_linux.py,background_linux.py,setup,,18,22,1,A,1,3,2,2.0,A2,1.6666666666666667,"{""A2"": 2, ""A1"": 1}","{""Simple Atributte"": 2, ""Function with Simple argument"": 1}"
python-mini-projects,/home/juan/Documents/Analisis-CC-PyCEFR/python-mini-projects/projects/News_website_scraper/moneycontrol_scrapper.py,moneycontrol_scrapper.py,scrap,,27,42,4,A,1,33,6,5.0,C1,1.878787878787879,"{""A2"": 17, ""A1"": 13, ""C1"": 3}","{""Simple Atributte"": 12, ""Simple Assignment"": 7, ""Simple Dictionary"": 5, ""Subscript"": 5, ""Simple List Comprehension"": 3, ""Function with Simple argument"": 1}"
python-mini-projects,/home/juan/Documents/Analisis-CC-PyCEFR/python-mini-projects/projects/News_website_scraper/moneycontrol_scrapper.py,moneycontrol_scrapper.py,setup,,14,24,3,A,1,20,10,6.0,C2,1.9,"{""A1"": 9, ""A2"": 9, ""C2"": 1, ""C1"": 1}","{""Simple Atributte"": 6, ""Simple Assignment"": 5, ""Simple Dictionary"": 2, ""Simple List"": 1, ""Simple Tuple"": 1, ""'enumerate' call function"": 1, ""Subscript"": 1, ""Simple List Comprehension"": 1, ""For Loop with Tuple as name"": 1, ""Function with Simple argument"": 1}"
python-mini-projects,/home/juan/Documents/Analisis-CC-PyCEFR/python-mini-projects/projects/News_website_scraper/moneycontrol_scrapper.py,moneycontrol_scrapper.py,json_dump,,45,48,1,A,1,8,5,3.0,B1,1.875,"{""A2"": 5, ""A1"": 2, ""B1"": 1}","{""Simple Atributte"": 4, ""Files --> 'open' call function"": 1, ""Simple Assignment"": 1, ""With"": 1, ""Function with Simple argument"": 1}"
python-mini-projects,/home/juan/Documents/Analisis-CC-PyCEFR/python-mini-projects/projects/Terminal_progress_bar_with_images_resizing/progress_bar_ with_images_resizing.py,progress_bar_ with_images_resizing.py,Resize_image,,7,14,3,A,1,15,9,3.0,B1,1.5333333333333334,"{""A1"": 8, ""A2"": 6, ""B1"": 1}","{""Simple Atributte"": 6, ""Formatted Value"": 2, ""Joined String"": 1, ""Print"": 1, ""Simple Assignment"": 1, ""Simple If statements"": 1, ""Exception --> try/except"": 1, ""Except Handler"": 1, ""Function with Simple argument"": 1}"
python-mini-projects,/home/juan/Documents/Analisis-CC-PyCEFR/python-mini-projects/projects/Terminal_Based_Hangman_Game/hangman.py,hangman.py,play,,16,101,16,C,3,62,16,6.0,C2,1.3225806451612903,"{""A1"": 50, ""A2"": 9, ""C2"": 1, ""C1"": 1, ""B1"": 1}","{""Print"": 19, ""Simple Assignment"": 12, ""Simple If statements"": 8, ""Simple Atributte"": 7, ""Boolean Operation"": 3, ""Simple List"": 2, ""Simplified incremental Assignment with decrease subtraction"": 2, ""Simple Tuple"": 1, ""'enumerate' call function"": 1, ""Unary Operation"": 1}"
python-mini-projects,/home/juan/Documents/Analisis-CC-PyCEFR/python-mini-projects/projects/Terminal_Based_Hangman_Game/hangman.py,hangman.py,main,,174,179,2,A,1,5,4,3.0,B1,1.6,"{""A1"": 3, ""A2"": 1, ""B1"": 1}","{""Simple Assignment"": 2, ""Simple Atributte"": 1, ""While with Else Loop"": 1, ""Function"": 1}"
python-mini-projects,/home/juan/Documents/Analisis-CC-PyCEFR/python-mini-projects/projects/Terminal_Based_Hangman_Game/hangman.py,hangman.py,get_word,,6,12,1,A,1,11,7,3.0,B1,1.4545454545454546,"{""A1"": 7, ""A2"": 3, ""B1"": 1}","{""Simple Assignment"": 4, ""Simple Atributte"": 2, ""Files --> 'open' call function"": 1, ""Subscript"": 1, ""With"": 1, ""Function"": 1, ""Return"": 1}"
python-mini-projects,/home/juan/Documents/Analisis-CC-PyCEFR/python-mini-projects/projects/Terminal_Based_Hangman_Game/hangman.py,hangman.py,display_hangman,,105,170,1,A,1,5,5,1.0,A1,1.0,"{""A1"": 5}","{""Simple List"": 1, ""Subscript"": 1, ""Simple Assignment"": 1, ""Function with Simple argument"": 1, ""Return"": 1}"
python-mini-projects,/home/juan/Documents/Analisis-CC-PyCEFR/python-mini-projects/projects/Calculate_age/calculate.py,calculate.py,month_days,,14,22,7,B,2,14,6,1.0,A1,1.0,"{""A1"": 14}","{""Simple If statements"": 4, ""Return"": 4, ""Simple List"": 2, ""Boolean Operation"": 2, ""Unary Operation"": 1, ""Function with Simple argument"": 1}"
python-mini-projects,/home/juan/Documents/Analisis-CC-PyCEFR/python-mini-projects/projects/Calculate_age/calculate.py,calculate.py,judge_leap_year,,6,10,2,A,1,4,3,1.0,A1,1.0,"{""A1"": 4}","{""Return"": 2, ""Simple If statements"": 1, ""Function with Simple argument"": 1}"
python-mini-projects,/home/juan/Documents/Analisis-CC-PyCEFR/python-mini-projects/projects/Movie Information Scraper/movieInfoScraper.py,movieInfoScraper.py,getMovieDetails,,7,82,11,C,3,116,12,5.0,C1,1.6293103448275863,"{""A1"": 58, ""A2"": 51, ""C1"": 4, ""B1"": 3}","{""Simple Atributte"": 42, ""Simple Assignment"": 27, ""Subscript"": 22, ""Simple Dictionary"": 9, ""Exception --> try/except"": 3, ""Except Handler"": 3, ""Simple List Comprehension"": 2, ""List Comprehension with 1If statements"": 2, ""Assigment with sum (total = total + 1)"": 2, ""Return"": 2}"
python-mini-projects,/home/juan/Documents/Analisis-CC-PyCEFR/python-mini-projects/projects/Drowsiness detection/model.py,model.py,generator,,12,14,1,A,1,12,6,2.0,A2,1.5833333333333333,"{""A2"": 7, ""A1"": 5}","{""Simple Atributte"": 6, ""Simple Assignment"": 2, ""Simple Tuple"": 1, ""Function with Simple argument with Default argument"": 1, ""Return"": 1, ""Unary Operation"": 1}"
python-mini-projects,/home/juan/Documents/Analisis-CC-PyCEFR/python-mini-projects/projects/Internet_connection_check/internet_connection_check.py,internet_connection_check.py,internet_connection_test,,4,21,3,A,1,25,9,3.0,B1,1.24,"{""A1"": 20, ""A2"": 4, ""B1"": 1}","{""Print"": 5, ""Joined String"": 4, ""Simple Atributte"": 4, ""Formatted Value"": 3, ""Return"": 3, ""Simple Assignment"": 2, ""Except Handler"": 2, ""Exception --> try/except"": 1, ""Function"": 1}"
python-mini-projects,/home/juan/Documents/Analisis-CC-PyCEFR/python-mini-projects/projects/Countdown_timer/main.py,main.py,countdown,,3,11,2,A,1,131,15,5.0,C1,1.5572519083969465,"{""A1"": 70, ""A2"": 53, ""B1"": 6, ""C1"": 2}","{""Alias"": 40, ""Simple Atributte"": 23, ""Import"": 20, ""Simple Assignment"": 18, ""From"": 9, ""Print"": 6, ""Import with 'as' extension "": 5, ""Import're' module"": 2, ""Unary Operation"": 2, ""Simple Tuple"": 1}"
python-mini-projects,/home/juan/Documents/Analisis-CC-PyCEFR/python-mini-projects/projects/Zip_Bruter/zipbruter.py,zipbruter.py,worker,,33,51,4,A,1,18,12,3.0,B1,1.9444444444444444,"{""A2"": 7, ""A1"": 6, ""B1"": 5}","{""Simple Atributte"": 7, ""Simple Tuple"": 1, ""Print"": 1, ""Simple Assignment"": 1, ""'pass' statement"": 1, ""Simple If statements"": 1, ""While with Else Loop"": 1, ""'break' statement"": 1, ""Exception --> try/except"": 1, ""With"": 1}"
python-mini-projects,/home/juan/Documents/Analisis-CC-PyCEFR/python-mini-projects/projects/Zip_Bruter/zipbruter.py,zipbruter.py,ZipBruter,,20,74,3,A,1,54,17,5.0,C1,1.8518518518518519,"{""A2"": 28, ""A1"": 18, ""B1"": 7, ""C1"": 1}","{""Simple Atributte"": 25, ""Simple Assignment"": 5, ""Function with Simple argument"": 5, ""Simple For Loop"": 4, ""'range' call function"": 2, ""With"": 2, ""Simple Tuple"": 1, ""Files --> 'open' call function"": 1, ""Print"": 1, ""'pass' statement"": 1}"
python-mini-projects,/home/juan/Documents/Analisis-CC-PyCEFR/python-mini-projects/projects/Zip_Bruter/zipbruter.py,zipbruter.py,main,,58,68,3,A,1,13,4,2.0,A2,1.7692307692307692,"{""A2"": 10, ""A1"": 3}","{""Simple Atributte"": 9, ""Simple For Loop"": 2, ""'range' call function"": 1, ""Function with Simple argument"": 1}"
python-mini-projects,/home/juan/Documents/Analisis-CC-PyCEFR/python-mini-projects/projects/Zip_Bruter/zipbruter.py,zipbruter.py,start_workers,,53,56,2,A,1,5,4,2.0,A2,1.6,"{""A2"": 3, ""A1"": 2}","{""Simple Atributte"": 2, ""'range' call function"": 1, ""Simple For Loop"": 1, ""Function with Simple argument"": 1}"
python-mini-projects,/home/juan/Documents/Analisis-CC-PyCEFR/python-mini-projects/projects/Zip_Bruter/zipbruter.py,zipbruter.py,read_wordlist,,70,74,2,A,1,8,6,5.0,C1,2.25,"{""A2"": 4, ""A1"": 2, ""B1"": 1, ""C1"": 1}","{""Simple Atributte"": 3, ""Files --> 'open' call function"": 1, ""Simple For Loop"": 1, ""With"": 1, ""Function with Simple argument"": 1, ""Generator Function (yield)"": 1}"
python-mini-projects,/home/juan/Documents/Analisis-CC-PyCEFR/python-mini-projects/projects/Zip_Bruter/zipbruter.py,zipbruter.py,__init__,,24,31,1,A,1,9,3,2.0,A2,1.4444444444444444,"{""A1"": 5, ""A2"": 4}","{""Simple Atributte"": 4, ""Simple Assignment"": 4, ""Function with Simple argument"": 1}"
python-mini-projects,/home/juan/Documents/Analisis-CC-PyCEFR/python-mini-projects/projects/Download_images_from_website/scrap-img.py,scrap-img.py,download_img,,30,45,4,A,1,20,13,3.0,B1,1.75,"{""A1"": 9, ""A2"": 7, ""B1"": 4}","{""Simple Atributte"": 5, ""Simple Assignment"": 4, ""Simple List"": 1, ""Files --> 'open' call function"": 1, ""Files --> 'write' call function"": 1, ""'pass' statement"": 1, ""Simple If statements"": 1, ""Simple For Loop"": 1, ""'break' statement"": 1, ""Exception --> try/except"": 1}"
python-mini-projects,/home/juan/Documents/Analisis-CC-PyCEFR/python-mini-projects/projects/Download_images_from_website/scrap-img.py,scrap-img.py,get_url,,15,21,1,A,1,9,5,2.0,A2,1.4444444444444444,"{""A1"": 5, ""A2"": 4}","{""Simple Atributte"": 4, ""Simple Assignment"": 2, ""Print"": 1, ""Function with Simple argument"": 1, ""Return"": 1}"
python-mini-projects,/home/juan/Documents/Analisis-CC-PyCEFR/python-mini-projects/projects/Download_images_from_website/scrap-img.py,scrap-img.py,get_img_links,,24,27,1,A,1,5,4,2.0,A2,1.2,"{""A1"": 4, ""A2"": 1}","{""Simple Assignment"": 2, ""Simple Atributte"": 1, ""Function with Simple argument"": 1, ""Return"": 1}"
python-mini-projects,/home/juan/Documents/Analisis-CC-PyCEFR/python-mini-projects/projects/Speaking_Dictionary/SpeakingDictionary.py,SpeakingDictionary.py,Speak,,8,17,2,A,1,11,5,3.0,B1,1.7272727272727273,"{""A2"": 6, ""A1"": 4, ""B1"": 1}","{""Simple Atributte"": 6, ""Simple Assignment"": 2, ""Subscript"": 1, ""Function with Simple argument"": 1, ""Simple Class "": 1}"
python-mini-projects,/home/juan/Documents/Analisis-CC-PyCEFR/python-mini-projects/projects/Speaking_Dictionary/SpeakingDictionary.py,SpeakingDictionary.py,SpeakWord,,9,17,1,A,1,10,4,2.0,A2,1.6,"{""A2"": 6, ""A1"": 4}","{""Simple Atributte"": 6, ""Simple Assignment"": 2, ""Subscript"": 1, ""Function with Simple argument"": 1}"
python-mini-projects,/home/juan/Documents/Analisis-CC-PyCEFR/python-mini-projects/projects/Captcha_Genrator/Captcha_Genrator.py,Captcha_Genrator.py,verify,,22,29,2,A,1,6,4,2.0,A2,1.5,"{""A2"": 3, ""A1"": 3}","{""Simple Atributte"": 3, ""Simple Assignment"": 1, ""Simple If statements"": 1, ""Function"": 1}"
python-mini-projects,/home/juan/Documents/Analisis-CC-PyCEFR/python-mini-projects/projects/Captcha_Genrator/Captcha_Genrator.py,Captcha_Genrator.py,refresh,,31,39,2,A,1,10,5,4.0,B2,1.8,"{""A2"": 5, ""A1"": 4, ""B2"": 1}","{""Simple Atributte"": 4, ""Simple Assignment"": 3, ""Files --> 'write' call function"": 1, ""'assert' exception"": 1, ""Function"": 1}"
python-mini-projects,/home/juan/Documents/Analisis-CC-PyCEFR/python-mini-projects/projects/Easy_cartoonify/easy_cartoonify.py,easy_cartoonify.py,find_the_image,,9,18,4,A,1,16,11,2.0,A2,1.3125,"{""A1"": 11, ""A2"": 5}","{""Simple Atributte"": 4, ""Subscript"": 2, ""Simple Assignment"": 2, ""Simple List"": 1, ""Simple Tuple"": 1, ""Print"": 1, ""Simple If statements"": 1, ""For Loop with Tuple as name"": 1, ""Simple For Loop"": 1, ""Function with Simple argument"": 1}"
python-mini-projects,/home/juan/Documents/Analisis-CC-PyCEFR/python-mini-projects/projects/Image_watermark/watermark.py,watermark.py,watermark_photo,,4,29,2,A,1,36,7,2.0,A2,1.3333333333333333,"{""A1"": 24, ""A2"": 12}","{""Simple Atributte"": 12, ""Simple Assignment"": 10, ""Subscript"": 6, ""Simple Tuple"": 4, ""Print"": 2, ""Simple If statements"": 1, ""Function with Simple argument"": 1}"
python-mini-projects,/home/juan/Documents/Analisis-CC-PyCEFR/python-mini-projects/projects/Time_to_load_website/time_to_load_website.py,time_to_load_website.py,get_load_time,,5,26,3,A,1,14,8,2.0,A2,1.3571428571428572,"{""A1"": 9, ""A2"": 5}","{""Simple Atributte"": 4, ""Simple Assignment"": 4, ""Files --> 'read' call function"": 1, ""Boolean Operation"": 1, ""Assigment with sum (total = total + 1)"": 1, ""Simple If statements"": 1, ""Function with Simple argument"": 1, ""Return"": 1}"
python-mini-projects,/home/juan/Documents/Analisis-CC-PyCEFR/python-mini-projects/projects/Billing_system/biling_system.py,biling_system.py,bill_area,,288,345,27,D,4,255,6,2.0,A2,1.6470588235294117,"{""A2"": 165, ""A1"": 90}","{""Simple Atributte"": 165, ""Formatted Value"": 40, ""Joined String"": 24, ""Simple If statements"": 23, ""Boolean Operation"": 2, ""Function with Simple argument"": 1}"
python-mini-projects,/home/juan/Documents/Analisis-CC-PyCEFR/python-mini-projects/projects/Billing_system/biling_system.py,biling_system.py,Bill_App,,7,420,6,B,2,838,15,3.0,B1,1.6372315035799523,"{""A2"": 532, ""A1"": 305, ""B1"": 1}","{""Simple Atributte"": 529, ""Simple Assignment"": 117, ""Simple Tuple"": 52, ""Formatted Value"": 45, ""Joined String"": 31, ""Simple If statements"": 28, ""Assigment with sum (total = total + 1)"": 18, ""Function with Simple argument"": 8, ""Files --> 'open' call function"": 2, ""Boolean Operation"": 2}"
python-mini-projects,/home/juan/Documents/Analisis-CC-PyCEFR/python-mini-projects/projects/Billing_system/biling_system.py,biling_system.py,find_bill,,360,371,5,A,1,22,9,2.0,A2,1.5,"{""A1"": 11, ""A2"": 11}","{""Simple Atributte"": 10, ""Simple Assignment"": 3, ""Simple If statements"": 2, ""Simple For Loop"": 2, ""Formatted Value"": 1, ""Joined String"": 1, ""Files --> 'open' call function"": 1, ""Subscript"": 1, ""Function with Simple argument"": 1}"
python-mini-projects,/home/juan/Documents/Analisis-CC-PyCEFR/python-mini-projects/projects/Billing_system/biling_system.py,biling_system.py,save_bill,,348,357,2,A,1,22,9,2.0,A2,1.6363636363636365,"{""A2"": 14, ""A1"": 8}","{""Simple Atributte"": 12, ""Simple Assignment"": 3, ""Formatted Value"": 1, ""Joined String"": 1, ""Files --> 'open' call function"": 1, ""Files --> 'write' call function"": 1, ""Simple If statements"": 1, ""Function with Simple argument"": 1, ""Return"": 1}"
python-mini-projects,/home/juan/Documents/Analisis-CC-PyCEFR/python-mini-projects/projects/Billing_system/biling_system.py,biling_system.py,clear_data,,374,414,2,A,1,65,4,2.0,A2,1.9384615384615385,"{""A2"": 61, ""A1"": 4}","{""Simple Atributte"": 61, ""Simple Assignment"": 2, ""Simple If statements"": 1, ""Function with Simple argument"": 1}"
python-mini-projects,/home/juan/Documents/Analisis-CC-PyCEFR/python-mini-projects/projects/Billing_system/biling_system.py,biling_system.py,exit_app,,417,420,2,A,1,6,4,2.0,A2,1.5,"{""A2"": 3, ""A1"": 3}","{""Simple Atributte"": 3, ""Simple Assignment"": 1, ""Simple If statements"": 1, ""Function with Simple argument"": 1}"
python-mini-projects,/home/juan/Documents/Analisis-CC-PyCEFR/python-mini-projects/projects/Billing_system/biling_system.py,biling_system.py,__init__,,8,235,1,A,1,306,4,2.0,A2,1.4967320261437909,"{""A1"": 154, ""A2"": 152}","{""Simple Atributte"": 152, ""Simple Assignment"": 101, ""Simple Tuple"": 52, ""Function with Simple argument"": 1}"
python-mini-projects,/home/juan/Documents/Analisis-CC-PyCEFR/python-mini-projects/projects/Billing_system/biling_system.py,biling_system.py,total,,238,275,1,A,1,132,4,2.0,A2,1.803030303030303,"{""A2"": 106, ""A1"": 26}","{""Simple Atributte"": 106, ""Assigment with sum (total = total + 1)"": 18, ""Simple Assignment"": 7, ""Function with Simple argument"": 1}"
python-mini-projects,/home/juan/Documents/Analisis-CC-PyCEFR/python-mini-projects/projects/Billing_system/biling_system.py,biling_system.py,welcome_bill,,278,285,1,A,1,29,4,2.0,A2,1.6896551724137931,"{""A2"": 20, ""A1"": 9}","{""Simple Atributte"": 20, ""Joined String"": 5, ""Formatted Value"": 3, ""Function with Simple argument"": 1}"
python-mini-projects,/home/juan/Documents/Analisis-CC-PyCEFR/python-mini-projects/projects/Space_bullet_shooter_game/space_bullet_shooter.py,space_bullet_shooter.py,is_collision,,109,116,2,A,1,8,5,2.0,A2,1.375,"{""A1"": 5, ""A2"": 3}","{""Simple Atributte"": 3, ""Return"": 2, ""Simple Assignment"": 1, ""Simple If statements"": 1, ""Function with Simple argument"": 1}"
python-mini-projects,/home/juan/Documents/Analisis-CC-PyCEFR/python-mini-projects/projects/Space_bullet_shooter_game/space_bullet_shooter.py,space_bullet_shooter.py,player,,53,54,1,A,1,3,3,2.0,A2,1.3333333333333333,"{""A1"": 2, ""A2"": 1}","{""Simple Tuple"": 1, ""Simple Atributte"": 1, ""Function with Simple argument"": 1}"
python-mini-projects,/home/juan/Documents/Analisis-CC-PyCEFR/python-mini-projects/projects/Space_bullet_shooter_game/space_bullet_shooter.py,space_bullet_shooter.py,enemy,,95,96,1,A,1,4,4,2.0,A2,1.25,"{""A1"": 3, ""A2"": 1}","{""Simple Tuple"": 1, ""Simple Atributte"": 1, ""Subscript"": 1, ""Function with Simple argument"": 1}"
python-mini-projects,/home/juan/Documents/Analisis-CC-PyCEFR/python-mini-projects/projects/Space_bullet_shooter_game/space_bullet_shooter.py,space_bullet_shooter.py,fire_bullet,,101,104,1,A,1,4,4,2.0,A2,1.25,"{""A1"": 3, ""A2"": 1}","{""Simple Tuple"": 1, ""Simple Atributte"": 1, ""Simple Assignment"": 1, ""Function with Simple argument"": 1}"
python-mini-projects,/home/juan/Documents/Analisis-CC-PyCEFR/python-mini-projects/projects/Space_bullet_shooter_game/space_bullet_shooter.py,space_bullet_shooter.py,showscore,,125,127,1,A,1,6,4,2.0,A2,1.3333333333333333,"{""A1"": 4, ""A2"": 2}","{""Simple Tuple"": 2, ""Simple Atributte"": 2, ""Simple Assignment"": 1, ""Function with Simple argument"": 1}"
python-mini-projects,/home/juan/Documents/Analisis-CC-PyCEFR/python-mini-projects/projects/Space_bullet_shooter_game/space_bullet_shooter.py,space_bullet_shooter.py,game_over,,133,136,1,A,1,6,4,2.0,A2,1.3333333333333333,"{""A1"": 4, ""A2"": 2}","{""Simple Tuple"": 2, ""Simple Atributte"": 2, ""Simple Assignment"": 1, ""Function"": 1}"
python-mini-projects,/home/juan/Documents/Analisis-CC-PyCEFR/python-mini-projects/projects/Space_bullet_shooter_game/space_bullet_shooter.py,space_bullet_shooter.py,final_score,,140,142,1,A,1,6,4,2.0,A2,1.3333333333333333,"{""A1"": 4, ""A2"": 2}","{""Simple Tuple"": 2, ""Simple Atributte"": 2, ""Simple Assignment"": 1, ""Function"": 1}"
python-mini-projects,/home/juan/Documents/Analisis-CC-PyCEFR/python-mini-projects/projects/Space_bullet_shooter_game/space_bullet_shooter.py,space_bullet_shooter.py,author_name,,148,151,1,A,1,6,4,2.0,A2,1.3333333333333333,"{""A1"": 4, ""A2"": 2}","{""Simple Tuple"": 2, ""Simple Atributte"": 2, ""Simple Assignment"": 1, ""Function"": 1}"
python-mini-projects,/home/juan/Documents/Analisis-CC-PyCEFR/python-mini-projects/projects/cli_proxy_tester/proxytest.py,proxytest.py,add_proxies_to_file,,12,40,5,A,1,40,10,2.0,A2,1.35,"{""A1"": 26, ""A2"": 14}","{""Simple Atributte"": 14, ""Subscript"": 11, ""Simple Assignment"": 4, ""Simple If statements"": 3, ""Simple List"": 2, ""Annotated Assignment"": 2, ""Simple Tuple"": 1, ""Unary Operation"": 1, ""Simple For Loop"": 1, ""Function with Simple argument"": 1}"
python-mini-projects,/home/juan/Documents/Analisis-CC-PyCEFR/python-mini-projects/projects/cli_proxy_tester/proxytest.py,proxytest.py,test_proxy,,43,75,5,A,1,38,13,3.0,B1,1.3157894736842106,"{""A1"": 28, ""A2"": 8, ""B1"": 2}","{""Formatted Value"": 7, ""Simple Assignment"": 7, ""Simple Atributte"": 6, ""Joined String"": 5, ""Simple Dictionary"": 2, ""Annotated Assignment"": 2, ""Simple If statements"": 2, ""Except Handler"": 2, ""Subscript"": 1, ""Exception --> try/try/except"": 1}"
python-mini-projects,/home/juan/Documents/Analisis-CC-PyCEFR/python-mini-projects/projects/cli_proxy_tester/proxytest.py,proxytest.py,test_csv_file,,86,103,3,A,1,16,9,3.0,B1,1.5,"{""A1"": 9, ""A2"": 6, ""B1"": 1}","{""Simple Atributte"": 5, ""Annotated Assignment"": 3, ""Subscript"": 2, ""Simple List"": 1, ""Simple Tuple"": 1, ""'raise' exception"": 1, ""Simple If statements"": 1, ""For Loop with Tuple as name"": 1, ""Function with Simple argument"": 1}"
python-mini-projects,/home/juan/Documents/Analisis-CC-PyCEFR/python-mini-projects/projects/cli_proxy_tester/proxytest.py,proxytest.py,add_from_text_file,,106,119,3,A,1,9,6,3.0,B1,1.5555555555555556,"{""A1"": 5, ""A2"": 3, ""B1"": 1}","{""Simple Atributte"": 3, ""Annotated Assignment"": 2, ""'raise' exception"": 1, ""Simple If statements"": 1, ""Simple For Loop"": 1, ""Function with Simple argument"": 1}"
python-mini-projects,/home/juan/Documents/Analisis-CC-PyCEFR/python-mini-projects/projects/cli_proxy_tester/proxytest.py,proxytest.py,test_single_proxy,,78,83,1,A,1,6,6,2.0,A2,1.1666666666666667,"{""A1"": 5, ""A2"": 1}","{""Simple List"": 1, ""Simple Tuple"": 1, ""Simple Atributte"": 1, ""Simple Assignment"": 1, ""Annotated Assignment"": 1, ""Function with Simple argument"": 1}"
python-mini-projects,/home/juan/Documents/Analisis-CC-PyCEFR/python-mini-projects/projects/cli_proxy_tester/cli.py,cli.py,validate_proxy,,10,20,2,A,1,9,7,3.0,B1,1.5555555555555556,"{""A1"": 5, ""A2"": 3, ""B1"": 1}","{""Simple Atributte"": 3, ""Unary Operation"": 1, ""Simple Assignment"": 1, ""'raise' exception"": 1, ""Simple If statements"": 1, ""Function with Simple argument"": 1, ""Return"": 1}"
python-mini-projects,/home/juan/Documents/Analisis-CC-PyCEFR/python-mini-projects/projects/cli_proxy_tester/cli.py,cli.py,cli,,24,25,1,A,1,2,2,3.0,B1,2.0,"{""B1"": 1, ""A1"": 1}","{""'pass' statement"": 1, ""Function"": 1}"
python-mini-projects,/home/juan/Documents/Analisis-CC-PyCEFR/python-mini-projects/projects/cli_proxy_tester/cli.py,cli.py,single,,33,34,1,A,1,1,1,1.0,A1,1.0,"{""A1"": 1}","{""Function with Simple argument"": 1}"
python-mini-projects,/home/juan/Documents/Analisis-CC-PyCEFR/python-mini-projects/projects/cli_proxy_tester/cli.py,cli.py,csv_file,,41,42,1,A,1,1,1,1.0,A1,1.0,"{""A1"": 1}","{""Function with Simple argument"": 1}"
python-mini-projects,/home/juan/Documents/Analisis-CC-PyCEFR/python-mini-projects/projects/cli_proxy_tester/cli.py,cli.py,add_from_txt_file,,50,51,1,A,1,1,1,1.0,A1,1.0,"{""A1"": 1}","{""Function with Simple argument"": 1}"
python-mini-projects,/home/juan/Documents/Analisis-CC-PyCEFR/python-mini-projects/projects/telegram_bot/main.py,main.py,coin,,32,43,2,A,1,129,20,5.0,C1,1.565891472868217,"{""A2"": 65, ""A1"": 61, ""B1"": 2, ""C1"": 1}","{""Simple Atributte"": 56, ""Simple Assignment"": 33, ""Subscript"": 9, ""Simple Tuple"": 5, ""Simple Dictionary"": 5, ""Simple List"": 3, ""Formatted Value"": 2, ""Print"": 2, ""Import"": 2, ""Alias"": 2}"
python-mini-projects,/home/juan/Documents/Analisis-CC-PyCEFR/python-mini-projects/projects/telegram_bot/main.py,main.py,error_callback,,15,16,1,A,1,15,7,2.0,A2,1.4,"{""A1"": 9, ""A2"": 6}","{""Simple Atributte"": 5, ""Print"": 3, ""Simple Tuple"": 2, ""Simple Assignment"": 2, ""Import"": 1, ""Alias"": 1, ""Function with Simple argument"": 1}"
python-mini-projects,/home/juan/Documents/Analisis-CC-PyCEFR/python-mini-projects/projects/telegram_bot/main.py,main.py,start,,19,29,1,A,1,124,15,6.0,C2,1.5483870967741935,"{""A1"": 62, ""A2"": 60, ""C2"": 1, ""B2"": 1}","{""Simple Atributte"": 56, ""Simple Assignment"": 32, ""Subscript"": 8, ""Return"": 5, ""Simple If statements"": 4, ""Function with Simple argument"": 4, ""Print"": 3, ""Simple Dictionary"": 3, ""Unary Operation"": 2, ""Slice"": 2}"
python-mini-projects,/home/juan/Documents/Analisis-CC-PyCEFR/python-mini-projects/projects/telegram_bot/main.py,main.py,main,,46,69,1,A,1,247,27,4.0,B2,1.5668016194331984,"{""A1"": 120, ""A2"": 116, ""B1"": 9, ""B2"": 2}","{""Simple Atributte"": 98, ""Simple Assignment"": 42, ""Subscript"": 31, ""Print"": 8, ""Simple Dictionary"": 7, ""Simple Tuple"": 6, ""Unary Operation"": 5, ""Simple If statements"": 5, ""Files --> 'write' call function"": 5, ""If statements expression (else)"": 5}"
python-mini-projects,/home/juan/Documents/Analisis-CC-PyCEFR/python-mini-projects/projects/EasyVideoPlayer/EasyVideoPlayer.py,EasyVideoPlayer.py,PlayVideo,,40,57,6,B,2,26,11,3.0,B1,1.5384615384615385,"{""A1"": 15, ""A2"": 8, ""B1"": 3}","{""Simple Atributte"": 7, ""Simple Assignment"": 5, ""Simple Tuple"": 3, ""Simple If statements"": 3, ""'break' statement"": 2, ""Files --> 'read' call function"": 1, ""Print"": 1, ""Unary Operation"": 1, ""Boolean Operation"": 1, ""While with Else Loop"": 1}"
python-mini-projects,/home/juan/Documents/Analisis-CC-PyCEFR/python-mini-projects/projects/EasyVideoPlayer/EasyVideoPlayer.py,EasyVideoPlayer.py,find_the_video,,15,24,4,A,1,15,11,2.0,A2,1.3333333333333333,"{""A1"": 10, ""A2"": 5}","{""Simple Atributte"": 4, ""Simple Assignment"": 2, ""Simple List"": 1, ""Simple Tuple"": 1, ""Print"": 1, ""Subscript"": 1, ""Simple If statements"": 1, ""For Loop with Tuple as name"": 1, ""Simple For Loop"": 1, ""Function with Simple argument"": 1}"
python-mini-projects,/home/juan/Documents/Analisis-CC-PyCEFR/python-mini-projects/projects/download GeeksForGeeks articles/downloader.py,downloader.py,get_driver,,12,32,1,A,1,16,7,3.0,B1,1.75,"{""A2"": 8, ""A1"": 6, ""B1"": 2}","{""Simple Atributte"": 6, ""Simple Assignment"": 4, ""Simple Dictionary"": 2, ""1 Dictionary List"": 1, ""1 List Dictionary"": 1, ""Function"": 1, ""Return"": 1}"
python-mini-projects,/home/juan/Documents/Analisis-CC-PyCEFR/python-mini-projects/projects/download GeeksForGeeks articles/downloader.py,downloader.py,download_article,,35,41,1,A,1,5,3,2.0,A2,1.6,"{""A2"": 3, ""A1"": 2}","{""Simple Atributte"": 3, ""Simple Assignment"": 1, ""Function with Simple argument"": 1}"
python-mini-projects,/home/juan/Documents/Analisis-CC-PyCEFR/python-mini-projects/projects/Currency_converter/cc.py,cc.py,function1,,196,211,3,A,1,22,9,4.0,B2,1.3181818181818181,"{""A1"": 17, ""A2"": 4, ""B2"": 1}","{""Simple Assignment"": 6, ""Formatted Value"": 4, ""Simple Atributte"": 4, ""Subscript"": 2, ""Simple If statements"": 2, ""Simple Tuple"": 1, ""Joined String"": 1, ""Print"": 1, ""Recursive Functions"": 1}"
python-mini-projects,/home/juan/Documents/Analisis-CC-PyCEFR/python-mini-projects/projects/Split_File/split_files.py,split_files.py,Split_Files,,6,50,5,A,1,77,12,3.0,B1,1.5714285714285714,"{""A2"": 42, ""A1"": 34, ""B1"": 1}","{""Simple Atributte"": 39, ""Simple Assignment"": 12, ""Formatted Value"": 9, ""Simple If statements"": 5, ""Joined String"": 3, ""Simplified incremental Assignment with increase amount"": 2, ""Function with Simple argument"": 2, ""'range' call function"": 1, ""Unary Operation"": 1, ""Subscript"": 1}"
python-mini-projects,/home/juan/Documents/Analisis-CC-PyCEFR/python-mini-projects/projects/Split_File/split_files.py,split_files.py,split_data,,28,50,5,A,1,52,11,2.0,A2,1.5192307692307692,"{""A2"": 27, ""A1"": 25}","{""Simple Atributte"": 24, ""Formatted Value"": 9, ""Simple Assignment"": 6, ""Joined String"": 3, ""Simple If statements"": 3, ""Simplified incremental Assignment with increase amount"": 2, ""'range' call function"": 1, ""Unary Operation"": 1, ""Subscript"": 1, ""Simple For Loop"": 1}"
python-mini-projects,/home/juan/Documents/Analisis-CC-PyCEFR/python-mini-projects/projects/Split_File/split_files.py,split_files.py,__init__,,10,26,3,A,1,24,4,2.0,A2,1.625,"{""A2"": 15, ""A1"": 9}","{""Simple Atributte"": 15, ""Simple Assignment"": 6, ""Simple If statements"": 2, ""Function with Simple argument"": 1}"
python-mini-projects,/home/juan/Documents/Analisis-CC-PyCEFR/python-mini-projects/projects/Check_website_connectivity/check_connectivity.py,check_connectivity.py,main,,9,21,4,A,1,21,9,3.0,B1,1.6666666666666667,"{""A1"": 10, ""A2"": 8, ""B1"": 3}","{""Simple Atributte"": 6, ""Simple Assignment"": 4, ""Files --> 'open' call function"": 2, ""Subscript"": 2, ""Simple For Loop"": 2, ""With"": 2, ""Simple List"": 1, ""If statements expression (else)"": 1, ""Function"": 1}"
python-mini-projects,/home/juan/Documents/Analisis-CC-PyCEFR/python-mini-projects/projects/Duplicate files remover/duplicatefileremover.py,duplicatefileremover.py,hashFile,,7,17,2,A,1,16,8,3.0,B1,1.75,"{""A2"": 8, ""A1"": 6, ""B1"": 2}","{""Simple Atributte"": 5, ""Simple Assignment"": 4, ""Files --> 'read' call function"": 2, ""Files --> 'open' call function"": 1, ""While with Else Loop"": 1, ""With"": 1, ""Function with Simple argument"": 1, ""Return"": 1}"
python-mini-projects,/home/juan/Documents/Analisis-CC-PyCEFR/python-mini-projects/projects/Create_a_simple_stopwatch/stopwatch.py,stopwatch.py,Reset,,54,63,2,A,1,10,5,1.0,A1,1.0,"{""A1"": 10}","{""Simple Assignment"": 4, ""Subscript"": 3, ""Unary Operation"": 1, ""Simple If statements"": 1, ""Function with Simple argument"": 1}"
python-mini-projects,/home/juan/Documents/Analisis-CC-PyCEFR/python-mini-projects/projects/Create_a_simple_stopwatch/stopwatch.py,stopwatch.py,counter_label,,7,31,1,A,1,14,7,2.0,A2,1.2857142857142858,"{""A1"": 10, ""A2"": 4}","{""Simple Assignment"": 5, ""Simple Atributte"": 3, ""Simple If statements"": 2, ""Subscript"": 1, ""Simplified incremental Assignment with increase amount"": 1, ""Function with Simple argument"": 1, ""Function"": 1}"
python-mini-projects,/home/juan/Documents/Analisis-CC-PyCEFR/python-mini-projects/projects/Create_a_simple_stopwatch/stopwatch.py,stopwatch.py,count,counter_label,8,28,3,A,1,13,6,2.0,A2,1.3076923076923077,"{""A1"": 9, ""A2"": 4}","{""Simple Assignment"": 5, ""Simple Atributte"": 3, ""Simple If statements"": 2, ""Subscript"": 1, ""Simplified incremental Assignment with increase amount"": 1, ""Function"": 1}"
python-mini-projects,/home/juan/Documents/Analisis-CC-PyCEFR/python-mini-projects/projects/Create_a_simple_stopwatch/stopwatch.py,stopwatch.py,Start,,35,41,1,A,1,8,3,1.0,A1,1.0,"{""A1"": 8}","{""Simple Assignment"": 4, ""Subscript"": 3, ""Function with Simple argument"": 1}"
python-mini-projects,/home/juan/Documents/Analisis-CC-PyCEFR/python-mini-projects/projects/Create_a_simple_stopwatch/stopwatch.py,stopwatch.py,Stop,,45,50,1,A,1,8,3,1.0,A1,1.0,"{""A1"": 8}","{""Simple Assignment"": 4, ""Subscript"": 3, ""Function"": 1}"
python-mini-projects,/home/juan/Documents/Analisis-CC-PyCEFR/python-mini-projects/projects/Tic_tac_toe/tic_tac_toe.py,tic_tac_toe.py,check_win,,18,21,3,A,1,10,7,2.0,A2,1.1,"{""A1"": 9, ""A2"": 1}","{""Subscript"": 3, ""Set"": 2, ""Simple Tuple"": 1, ""Simple If statements"": 1, ""For Loop with Tuple as name"": 1, ""Function with Simple argument"": 1, ""Return"": 1}"
python-mini-projects,/home/juan/Documents/Analisis-CC-PyCEFR/python-mini-projects/projects/Web_page_summation/app.py,app.py,main,,93,138,9,B,2,52,9,3.0,B1,1.6538461538461537,"{""A2"": 26, ""A1"": 22, ""B1"": 4}","{""Simple Atributte"": 25, ""Print"": 6, ""Simple Assignment"": 6, ""Simple If statements"": 4, ""Return"": 4, ""If statements expression (else)"": 2, ""Exception --> try/except"": 2, ""Except Handler"": 2, ""Function with Simple argument with Default argument"": 1}"
python-mini-projects,/home/juan/Documents/Analisis-CC-PyCEFR/python-mini-projects/projects/Web_page_summation/app.py,app.py,readCsv,,42,56,4,A,1,39,12,3.0,B1,1.6153846153846154,"{""A1"": 18, ""A2"": 18, ""B1"": 3}","{""Simple Atributte"": 16, ""Simple Assignment"": 5, ""Return"": 4, ""Simple List"": 2, ""Files --> 'open' call function"": 2, ""Simple For Loop"": 2, ""With"": 2, ""Except Handler"": 2, ""Print"": 1, ""Exception --> try/except"": 1}"
python-mini-projects,/home/juan/Documents/Analisis-CC-PyCEFR/python-mini-projects/projects/Web_page_summation/app.py,app.py,writeCsv,,59,79,4,A,1,39,14,4.0,B2,1.6153846153846154,"{""A1"": 19, ""A2"": 17, ""B1"": 2, ""B2"": 1}","{""Simple Atributte"": 15, ""Simple Assignment"": 7, ""Subscript"": 5, ""Print"": 2, ""Files --> 'open' call function"": 1, ""'range' call function"": 1, ""Simple If statements"": 1, ""Simple For Loop"": 1, ""Exception --> try/except"": 1, ""With"": 1}"
python-mini-projects,/home/juan/Documents/Analisis-CC-PyCEFR/python-mini-projects/projects/Web_page_summation/app.py,app.py,processCsv,,82,90,2,A,1,10,6,3.0,B1,1.6,"{""A1"": 5, ""A2"": 4, ""B1"": 1}","{""Simple Atributte"": 4, ""Print"": 2, ""Simple Assignment"": 1, ""Exception --> try/except"": 1, ""Except Handler"": 1, ""Function with Simple argument"": 1}"
python-mini-projects,/home/juan/Documents/Analisis-CC-PyCEFR/python-mini-projects/projects/Web_page_summation/app.py,app.py,parse_args,,12,39,1,A,1,57,11,3.0,B1,1.6140350877192982,"{""A2"": 33, ""A1"": 23, ""B1"": 1}","{""Simple Atributte"": 33, ""Simple Assignment"": 9, ""Return"": 5, ""Subscript"": 2, ""Function with Simple argument"": 2, ""Slice"": 1, ""Simple List"": 1, ""Simple If statements"": 1, ""Exception --> try/except"": 1, ""Except Handler"": 1}"
python-mini-projects,/home/juan/Documents/Analisis-CC-PyCEFR/python-mini-projects/projects/Web_page_summation/utils/test.py,test.py,args,,10,11,1,A,1,2,2,3.0,B1,3.0,"{""B1"": 2}","{""'pass' statement"": 1, ""Simple Class "": 1}"
python-mini-projects,/home/juan/Documents/Analisis-CC-PyCEFR/python-mini-projects/projects/Web_page_summation/utils/model.py,model.py,Model,,6,131,11,C,3,355,20,6.0,C2,1.704225352112676,"{""A2"": 217, ""A1"": 127, ""B1"": 6, ""C1"": 4, ""C2"": 1}","{""Simple Atributte"": 209, ""Simple Assignment"": 66, ""Simple List"": 17, ""Simple Tuple"": 15, ""Alias"": 10, ""Unary Operation"": 5, ""Subscript"": 5, ""With"": 5, ""Simple List Comprehension"": 4, ""Simple If statements"": 4}"
python-mini-projects,/home/juan/Documents/Analisis-CC-PyCEFR/python-mini-projects/projects/Web_page_summation/utils/model.py,model.py,__init__,,7,131,10,B,2,351,18,6.0,C2,1.7037037037037037,"{""A2"": 216, ""A1"": 125, ""B1"": 5, ""C1"": 4, ""C2"": 1}","{""Simple Atributte"": 209, ""Simple Assignment"": 66, ""Simple List"": 17, ""Simple Tuple"": 15, ""Alias"": 8, ""Unary Operation"": 5, ""Subscript"": 5, ""With"": 5, ""Simple List Comprehension"": 4, ""Simple If statements"": 4}"
python-mini-projects,/home/juan/Documents/Analisis-CC-PyCEFR/python-mini-projects/projects/Web_page_summation/utils/comparison.py,comparison.py,eval_rouges,,9,43,1,A,1,19,6,2.0,A2,1.263157894736842,"{""A1"": 14, ""A2"": 5}","{""Simple Assignment"": 7, ""Simple Atributte"": 5, ""Simple List"": 4, ""Simple Tuple"": 1, ""Function with Simple argument"": 1, ""Return"": 1}"
python-mini-projects,/home/juan/Documents/Analisis-CC-PyCEFR/python-mini-projects/projects/Web_page_summation/utils/train.py,train.py,args,,10,11,1,A,1,2,2,3.0,B1,3.0,"{""B1"": 2}","{""'pass' statement"": 1, ""Simple Class "": 1}"
python-mini-projects,/home/juan/Documents/Analisis-CC-PyCEFR/python-mini-projects/projects/Web_page_summation/utils/summarize.py,summarize.py,summarize,,11,30,3,A,1,22,9,3.0,B1,1.4545454545454546,"{""A1"": 13, ""A2"": 8, ""B1"": 1}","{""Simple Atributte"": 7, ""Simple Assignment"": 5, ""Print"": 2, ""Assigment with sum (total = total + 1)"": 2, ""Return"": 2, ""Simple For Loop"": 1, ""Exception --> try/except"": 1, ""Except Handler"": 1, ""Function with Simple argument with Default argument"": 1}"
python-mini-projects,/home/juan/Documents/Analisis-CC-PyCEFR/python-mini-projects/projects/Web_page_summation/utils/utils.py,utils.py,build_dataset,,59,80,13,C,3,37,11,5.0,C1,2.108108108108108,"{""A1"": 24, ""C1"": 9, ""A2"": 3, ""B1"": 1}","{""Simple Assignment"": 10, ""Simple List Comprehension"": 9, ""Subscript"": 5, ""Simple If statements"": 3, ""Simple Atributte"": 2, ""Slice"": 2, ""Return"": 2, ""Simple List"": 1, ""Simple Tuple"": 1, ""'raise' exception"": 1}"
python-mini-projects,/home/juan/Documents/Analisis-CC-PyCEFR/python-mini-projects/projects/Web_page_summation/utils/utils.py,utils.py,build_dict,,25,56,6,B,2,40,13,6.0,C2,1.525,"{""A1"": 25, ""A2"": 12, ""B1"": 2, ""C2"": 1}","{""Simple Assignment"": 14, ""Simple Atributte"": 7, ""Subscript"": 5, ""Simple Tuple"": 2, ""Files --> 'open' call function"": 2, ""Simple If statements"": 2, ""With"": 2, ""'zip' call function"": 1, ""1 Nested For Loop"": 1, ""For Loop with Tuple as name"": 1}"
python-mini-projects,/home/juan/Documents/Analisis-CC-PyCEFR/python-mini-projects/projects/Web_page_summation/utils/utils.py,utils.py,get_text_list,,17,22,4,A,1,17,10,5.0,C1,1.8823529411764706,"{""A1"": 9, ""A2"": 5, ""C1"": 2, ""B1"": 1}","{""Simple Atributte"": 4, ""Subscript"": 2, ""Slice"": 2, ""Simple List Comprehension"": 2, ""Return"": 2, ""Files --> 'open' call function"": 1, ""Unary Operation"": 1, ""Simple If statements"": 1, ""With"": 1, ""Function with Simple argument"": 1}"
python-mini-projects,/home/juan/Documents/Analisis-CC-PyCEFR/python-mini-projects/projects/Web_page_summation/utils/utils.py,utils.py,batch_iter,,83,92,3,A,1,18,11,5.0,C1,1.5,"{""A1"": 12, ""A2"": 5, ""C1"": 1}","{""Simple Assignment"": 3, ""'range' call function"": 2, ""Simple Atributte"": 2, ""Subscript"": 2, ""Slice"": 2, ""Assigment with sum (total = total + 1)"": 2, ""Simple Tuple"": 1, ""1 Nested For Loop"": 1, ""Simple For Loop"": 1, ""Function with Simple argument"": 1}"
python-mini-projects,/home/juan/Documents/Analisis-CC-PyCEFR/python-mini-projects/projects/Web_page_summation/utils/utils.py,utils.py,get_init_embedding,,95,118,3,A,1,29,13,3.0,B1,1.5862068965517242,"{""A1"": 14, ""A2"": 13, ""B1"": 2}","{""Simple Atributte"": 11, ""Simple Assignment"": 6, ""Subscript"": 2, ""Simple List"": 1, ""Simple Tuple"": 1, ""Print"": 1, ""Files --> 'open' call function"": 1, ""For Loop with Tuple as name"": 1, ""Exception --> try/except"": 1, ""With"": 1}"
python-mini-projects,/home/juan/Documents/Analisis-CC-PyCEFR/python-mini-projects/projects/Web_page_summation/utils/utils.py,utils.py,clean_str,,12,14,1,A,1,4,4,2.0,A2,1.25,"{""A1"": 3, ""A2"": 1}","{""Simple Atributte"": 1, ""Simple Assignment"": 1, ""Function with Simple argument"": 1, ""Return"": 1}"
python-mini-projects,/home/juan/Documents/Analisis-CC-PyCEFR/python-mini-projects/projects/Store_emails_in_csv/store_emails.py,store_emails.py,write_to_csv,,44,96,12,C,3,54,14,3.0,B1,1.4074074074074074,"{""A1"": 35, ""A2"": 16, ""B1"": 3}","{""Simple Atributte"": 15, ""Simple Assignment"": 15, ""Simple If statements"": 7, ""Subscript"": 5, ""'pass' statement"": 2, ""Simple For Loop"": 2, ""Simple List"": 1, ""Simple Tuple"": 1, ""'range' call function"": 1, ""Unary Operation"": 1}"
python-mini-projects,/home/juan/Documents/Analisis-CC-PyCEFR/python-mini-projects/projects/Store_emails_in_csv/store_emails.py,store_emails.py,main,,98,114,2,A,1,17,10,3.0,B1,1.588235294117647,"{""A1"": 9, ""A2"": 6, ""B1"": 2}","{""Simple Atributte"": 5, ""Simple Assignment"": 4, ""Simple List"": 1, ""Simple Tuple"": 1, ""Files --> 'open' call function"": 1, ""Subscript"": 1, ""Exception --> try/except"": 1, ""With"": 1, ""Except Handler"": 1, ""Function"": 1}"
python-mini-projects,/home/juan/Documents/Analisis-CC-PyCEFR/python-mini-projects/projects/Store_emails_in_csv/store_emails.py,store_emails.py,connect_to_mailbox,,24,35,1,A,1,19,8,3.0,B1,1.631578947368421,"{""A2"": 10, ""A1"": 8, ""B1"": 1}","{""Simple Atributte"": 7, ""Simple Assignment"": 4, ""Simple Tuple"": 2, ""Files --> 'readline' call function"": 2, ""Files --> 'open' call function"": 1, ""With"": 1, ""Function"": 1, ""Return"": 1}"
python-mini-projects,/home/juan/Documents/Analisis-CC-PyCEFR/python-mini-projects/projects/Store_emails_in_csv/store_emails.py,store_emails.py,get_text,,39,41,1,A,1,4,4,2.0,A2,1.25,"{""A1"": 3, ""A2"": 1}","{""Simple Atributte"": 1, ""Simple Assignment"": 1, ""Function with Simple argument"": 1, ""Return"": 1}"
python-mini-projects,/home/juan/Documents/Analisis-CC-PyCEFR/python-mini-projects/projects/convert_dictionary_to_python_object/conversion.py,conversion.py,obj,,1,4,4,A,1,6,6,3.0,B1,2.0,"{""A1"": 2, ""B1"": 2, ""A2"": 2}","{""Simple Tuple"": 1, ""If statements expression (else)"": 1, ""Simple Atributte"": 1, ""For Loop with Tuple as name"": 1, ""Function with Simple argument"": 1, ""Inherited Class from object Using the constructor method --> __init__"": 1}"
python-mini-projects,/home/juan/Documents/Analisis-CC-PyCEFR/python-mini-projects/projects/convert_dictionary_to_python_object/conversion.py,conversion.py,__init__,,2,4,3,A,1,5,5,3.0,B1,1.8,"{""A1"": 2, ""A2"": 2, ""B1"": 1}","{""Simple Tuple"": 1, ""If statements expression (else)"": 1, ""Simple Atributte"": 1, ""For Loop with Tuple as name"": 1, ""Function with Simple argument"": 1}"
python-mini-projects,/home/juan/Documents/Analisis-CC-PyCEFR/python-mini-projects/projects/Scrape_Hacker_News/main.py,main.py,fetch,,15,82,17,C,3,663,40,6.0,C2,1.5972850678733033,"{""A1"": 317, ""A2"": 307, ""B1"": 31, ""B2"": 6, ""C2"": 1, ""C1"": 1}","{""Simple Atributte"": 263, ""Simple Assignment"": 124, ""Subscript"": 54, ""Print"": 22, ""Function with Simple argument"": 20, ""Simple Tuple"": 17, ""Simple Dictionary"": 15, ""Simple If statements"": 14, ""Files --> 'write' call function"": 12, ""Return"": 10}"
python-mini-projects,/home/juan/Documents/Analisis-CC-PyCEFR/python-mini-projects/projects/Instagram_profile/main.py,main.py,main,,14,50,2,A,1,413,40,6.0,C2,1.539951573849879,"{""A1"": 214, ""A2"": 181, ""B1"": 15, ""C2"": 1, ""B2"": 1, ""C1"": 1}","{""Simple Atributte"": 155, ""Simple Assignment"": 93, ""Subscript"": 34, ""Function with Simple argument"": 14, ""Print"": 13, ""Simple Dictionary"": 11, ""Simple Tuple"": 10, ""Simple If statements"": 9, ""Return"": 8, ""Formatted Value"": 6}"
python-mini-projects,/home/juan/Documents/Analisis-CC-PyCEFR/python-mini-projects/projects/Instagram_profile/main.py,main.py,banner,,8,11,1,A,1,48,10,3.0,B1,1.4791666666666667,"{""A1"": 26, ""A2"": 21, ""B1"": 1}","{""Alias"": 12, ""Simple Atributte"": 10, ""Simple Assignment"": 8, ""Import"": 7, ""Print"": 4, ""From"": 3, ""Import with 'as' extension "": 1, ""Unary Operation"": 1, ""Simplified incremental Assignment with decrease subtraction"": 1, ""Function"": 1}"
python-mini-projects,/home/juan/Documents/Analisis-CC-PyCEFR/python-mini-projects/projects/Instagram_profile/InstgramProfile.py,InstgramProfile.py,main,,7,41,2,A,1,51,10,3.0,B1,1.392156862745098,"{""A1"": 33, ""A2"": 16, ""B1"": 2}","{""Simple Atributte"": 14, ""Simple Assignment"": 13, ""Subscript"": 10, ""Unary Operation"": 4, ""Slice"": 3, ""1 Nested Dictionary"": 2, ""Simple Dictionary"": 2, ""Simple If statements"": 1, ""Function with Simple argument"": 1, ""Return"": 1}"
python-mini-projects,/home/juan/Documents/Analisis-CC-PyCEFR/python-mini-projects/projects/Instagram_profile/profilepic.py,profilepic.py,pp_download,,8,59,13,C,3,66,14,3.0,B1,1.4545454545454546,"{""A1"": 38, ""A2"": 26, ""B1"": 2}","{""Simple Atributte"": 24, ""Simple Assignment"": 20, ""Simple If statements"": 7, ""Print"": 4, ""Assigment with sum (total = total + 1)"": 2, ""Files --> 'open' call function"": 1, ""Files --> 'write' call function"": 1, ""Boolean Operation"": 1, ""Subscript"": 1, ""Simple For Loop"": 1}"
python-mini-projects,/home/juan/Documents/Analisis-CC-PyCEFR/python-mini-projects/projects/Compute_IoU/Compute_IoU.py,Compute_IoU.py,Cal_IoU,,3,28,1,A,1,31,6,2.0,A2,1.064516129032258,"{""A1"": 29, ""A2"": 2}","{""Subscript"": 16, ""Simple Assignment"": 6, ""Assigment with sum (total = total + 1)"": 5, ""Simple Atributte"": 2, ""Function with Simple argument"": 1, ""Return"": 1}"
python-mini-projects,/home/juan/Documents/Analisis-CC-PyCEFR/python-mini-projects/projects/Cli_todo/todo.py,todo.py,done,,46,65,5,A,1,38,12,5.0,C1,1.736842105263158,"{""A1"": 18, ""A2"": 16, ""C1"": 2, ""B1"": 2}","{""Simple Atributte"": 12, ""Subscript"": 8, ""Simple Assignment"": 3, ""Simple List"": 2, ""Files --> 'open' call function"": 2, ""Files --> 'writelines' call function"": 2, ""Simple List Comprehension"": 2, ""Simple If statements"": 2, ""With"": 2, ""Simple Tuple"": 1}"
python-mini-projects,/home/juan/Documents/Analisis-CC-PyCEFR/python-mini-projects/projects/Cli_todo/todo.py,todo.py,add,,31,41,4,A,1,26,11,5.0,C1,1.7692307692307692,"{""A1"": 13, ""A2"": 10, ""C1"": 2, ""B1"": 1}","{""Simple Atributte"": 8, ""Subscript"": 6, ""Simple Assignment"": 3, ""Simple List Comprehension"": 2, ""Simple List"": 1, ""Simple Tuple"": 1, ""Files --> 'open' call function"": 1, ""Files --> 'writelines' call function"": 1, ""Simple If statements"": 1, ""With"": 1}"
python-mini-projects,/home/juan/Documents/Analisis-CC-PyCEFR/python-mini-projects/projects/Cli_todo/todo.py,todo.py,tasks,,17,26,3,A,1,13,6,2.0,A2,1.6153846153846154,"{""A2"": 8, ""A1"": 5}","{""Simple Atributte"": 7, ""Subscript"": 2, ""Simple Tuple"": 1, ""Simple If statements"": 1, ""For Loop with Tuple as name"": 1, ""Function with Simple argument"": 1}"
python-mini-projects,/home/juan/Documents/Analisis-CC-PyCEFR/python-mini-projects/projects/Cli_todo/todo.py,todo.py,todo,,5,13,2,A,1,25,9,5.0,C1,1.52,"{""A1"": 16, ""A2"": 7, ""C1"": 1, ""B1"": 1}","{""Subscript"": 8, ""Simple Atributte"": 6, ""Slice"": 3, ""Simple Assignment"": 3, ""Files --> 'open' call function"": 1, ""Unary Operation"": 1, ""Simple Dictionary Comprehension"": 1, ""With"": 1, ""Function with Simple argument"": 1}"
python-mini-projects,/home/juan/Documents/Analisis-CC-PyCEFR/python-mini-projects/projects/Todo_app/app.py,app.py,index,,22,34,3,A,1,24,8,3.0,B1,1.625,"{""A2"": 13, ""A1"": 10, ""B1"": 1}","{""Simple Atributte"": 13, ""Simple Assignment"": 3, ""Return"": 3, ""Subscript"": 1, ""Simple If statements"": 1, ""Exception --> try/except"": 1, ""Except Handler"": 1, ""Function"": 1}"
python-mini-projects,/home/juan/Documents/Analisis-CC-PyCEFR/python-mini-projects/projects/Todo_app/app.py,app.py,update,,49,62,3,A,1,36,12,3.0,B1,1.6111111111111112,"{""A2"": 18, ""A1"": 16, ""B1"": 2}","{""Simple Atributte"": 16, ""Simple Assignment"": 4, ""Return"": 4, ""Files --> 'open' call function"": 2, ""Simple For Loop"": 2, ""Except Handler"": 2, ""Print"": 1, ""With"": 1, ""Subscript"": 1, ""Simple If statements"": 1}"
python-mini-projects,/home/juan/Documents/Analisis-CC-PyCEFR/python-mini-projects/projects/Todo_app/app.py,app.py,delete,,38,45,2,A,1,21,10,3.0,B1,1.5238095238095237,"{""A1"": 11, ""A2"": 9, ""B1"": 1}","{""Simple Atributte"": 9, ""Return"": 3, ""Simple Assignment"": 2, ""Simple List"": 1, ""Print"": 1, ""Subscript"": 1, ""Slice"": 1, ""Exception --> try/except"": 1, ""Except Handler"": 1, ""Function with Simple argument"": 1}"
python-mini-projects,/home/juan/Documents/Analisis-CC-PyCEFR/python-mini-projects/projects/Todo_app/app.py,app.py,Todo,,11,18,2,A,1,22,5,3.0,B1,1.7272727272727273,"{""A2"": 14, ""A1"": 7, ""B1"": 1}","{""Simple Atributte"": 14, ""Simple Assignment"": 5, ""Function with Simple argument"": 1, ""Return"": 1, ""Simple Class "": 1}"
python-mini-projects,/home/juan/Documents/Analisis-CC-PyCEFR/python-mini-projects/projects/Todo_app/app.py,app.py,__repr__,,17,18,1,A,1,3,3,2.0,A2,1.3333333333333333,"{""A1"": 2, ""A2"": 1}","{""Simple Atributte"": 1, ""Function with Simple argument"": 1, ""Return"": 1}"
