case,project,file,file_name,type,name,complexity,radon_grade,radon_grade_num,lineno,endline,col_offset,parent,closure_depth,source_file
30-Days-Of-Python,30-Days-Of-Python,/home/juan/Documents/Analisis-CC-PyCEFR/30-Days-Of-Python/mymodule.py,mymodule.py,function,generate_full_name,1,A,1,1,4,0,,0,/home/juan/Documents/Analisis-CC-PyCEFR/data/processed/30-Days-Of-Python/radon_output_30-Days-Of-Python.json
30-Days-Of-Python,30-Days-Of-Python,/home/juan/Documents/Analisis-CC-PyCEFR/30-Days-Of-Python/mymodule.py,mymodule.py,function,sum_two_nums,1,A,1,7,8,0,,0,/home/juan/Documents/Analisis-CC-PyCEFR/data/processed/30-Days-Of-Python/radon_output_30-Days-Of-Python.json
30-Days-Of-Python,30-Days-Of-Python,/home/juan/Documents/Analisis-CC-PyCEFR/30-Days-Of-Python/12_Day_Modules/mymodule.py,mymodule.py,function,generate_full_name,1,A,1,1,4,0,,0,/home/juan/Documents/Analisis-CC-PyCEFR/data/processed/30-Days-Of-Python/radon_output_30-Days-Of-Python.json
30-Days-Of-Python,30-Days-Of-Python,/home/juan/Documents/Analisis-CC-PyCEFR/30-Days-Of-Python/12_Day_Modules/mymodule.py,mymodule.py,function,sum_two_nums,1,A,1,6,7,0,,0,/home/juan/Documents/Analisis-CC-PyCEFR/data/processed/30-Days-Of-Python/radon_output_30-Days-Of-Python.json
30-Days-Of-Python,30-Days-Of-Python,/home/juan/Documents/Analisis-CC-PyCEFR/30-Days-Of-Python/20_Day_Python_package_manager/arithmetic.py,arithmetic.py,function,add_numbers,2,A,1,1,5,0,,0,/home/juan/Documents/Analisis-CC-PyCEFR/data/processed/30-Days-Of-Python/radon_output_30-Days-Of-Python.json
30-Days-Of-Python,30-Days-Of-Python,/home/juan/Documents/Analisis-CC-PyCEFR/30-Days-Of-Python/20_Day_Python_package_manager/arithmetic.py,arithmetic.py,function,subtract,1,A,1,8,9,0,,0,/home/juan/Documents/Analisis-CC-PyCEFR/data/processed/30-Days-Of-Python/radon_output_30-Days-Of-Python.json
30-Days-Of-Python,30-Days-Of-Python,/home/juan/Documents/Analisis-CC-PyCEFR/30-Days-Of-Python/20_Day_Python_package_manager/arithmetic.py,arithmetic.py,function,multiple,1,A,1,12,13,0,,0,/home/juan/Documents/Analisis-CC-PyCEFR/data/processed/30-Days-Of-Python/radon_output_30-Days-Of-Python.json
30-Days-Of-Python,30-Days-Of-Python,/home/juan/Documents/Analisis-CC-PyCEFR/30-Days-Of-Python/20_Day_Python_package_manager/arithmetic.py,arithmetic.py,function,division,1,A,1,16,17,0,,0,/home/juan/Documents/Analisis-CC-PyCEFR/data/processed/30-Days-Of-Python/radon_output_30-Days-Of-Python.json
30-Days-Of-Python,30-Days-Of-Python,/home/juan/Documents/Analisis-CC-PyCEFR/30-Days-Of-Python/20_Day_Python_package_manager/arithmetic.py,arithmetic.py,function,remainder,1,A,1,20,21,0,,0,/home/juan/Documents/Analisis-CC-PyCEFR/data/processed/30-Days-Of-Python/radon_output_30-Days-Of-Python.json
30-Days-Of-Python,30-Days-Of-Python,/home/juan/Documents/Analisis-CC-PyCEFR/30-Days-Of-Python/20_Day_Python_package_manager/arithmetic.py,arithmetic.py,function,power,1,A,1,24,25,0,,0,/home/juan/Documents/Analisis-CC-PyCEFR/data/processed/30-Days-Of-Python/radon_output_30-Days-Of-Python.json
30-Days-Of-Python,30-Days-Of-Python,/home/juan/Documents/Analisis-CC-PyCEFR/30-Days-Of-Python/20_Day_Python_package_manager/greet.py,greet.py,function,greet_person,1,A,1,1,2,0,,0,/home/juan/Documents/Analisis-CC-PyCEFR/data/processed/30-Days-Of-Python/radon_output_30-Days-Of-Python.json
30-Days-Of-Python,30-Days-Of-Python,/home/juan/Documents/Analisis-CC-PyCEFR/30-Days-Of-Python/python_for_web/app.py,app.py,function,post,3,A,1,29,35,0,,0,/home/juan/Documents/Analisis-CC-PyCEFR/data/processed/30-Days-Of-Python/radon_output_30-Days-Of-Python.json
30-Days-Of-Python,30-Days-Of-Python,/home/juan/Documents/Analisis-CC-PyCEFR/30-Days-Of-Python/python_for_web/app.py,app.py,function,home,1,A,1,11,14,0,,0,/home/juan/Documents/Analisis-CC-PyCEFR/data/processed/30-Days-Of-Python/radon_output_30-Days-Of-Python.json
30-Days-Of-Python,30-Days-Of-Python,/home/juan/Documents/Analisis-CC-PyCEFR/30-Days-Of-Python/python_for_web/app.py,app.py,function,about,1,A,1,18,20,0,,0,/home/juan/Documents/Analisis-CC-PyCEFR/data/processed/30-Days-Of-Python/radon_output_30-Days-Of-Python.json
30-Days-Of-Python,30-Days-Of-Python,/home/juan/Documents/Analisis-CC-PyCEFR/30-Days-Of-Python/python_for_web/app.py,app.py,function,result,1,A,1,24,25,0,,0,/home/juan/Documents/Analisis-CC-PyCEFR/data/processed/30-Days-Of-Python/radon_output_30-Days-Of-Python.json
30-Days-Of-Python,30-Days-Of-Python,/home/juan/Documents/Analisis-CC-PyCEFR/30-Days-Of-Python/mypackage/arithmetics.py,arithmetics.py,function,add_numbers,2,A,1,1,5,0,,0,/home/juan/Documents/Analisis-CC-PyCEFR/data/processed/30-Days-Of-Python/radon_output_30-Days-Of-Python.json
30-Days-Of-Python,30-Days-Of-Python,/home/juan/Documents/Analisis-CC-PyCEFR/30-Days-Of-Python/mypackage/arithmetics.py,arithmetics.py,function,subtract,1,A,1,8,9,0,,0,/home/juan/Documents/Analisis-CC-PyCEFR/data/processed/30-Days-Of-Python/radon_output_30-Days-Of-Python.json
30-Days-Of-Python,30-Days-Of-Python,/home/juan/Documents/Analisis-CC-PyCEFR/30-Days-Of-Python/mypackage/arithmetics.py,arithmetics.py,function,multiple,1,A,1,12,13,0,,0,/home/juan/Documents/Analisis-CC-PyCEFR/data/processed/30-Days-Of-Python/radon_output_30-Days-Of-Python.json
30-Days-Of-Python,30-Days-Of-Python,/home/juan/Documents/Analisis-CC-PyCEFR/30-Days-Of-Python/mypackage/arithmetics.py,arithmetics.py,function,division,1,A,1,16,17,0,,0,/home/juan/Documents/Analisis-CC-PyCEFR/data/processed/30-Days-Of-Python/radon_output_30-Days-Of-Python.json
30-Days-Of-Python,30-Days-Of-Python,/home/juan/Documents/Analisis-CC-PyCEFR/30-Days-Of-Python/mypackage/arithmetics.py,arithmetics.py,function,remainder,1,A,1,20,21,0,,0,/home/juan/Documents/Analisis-CC-PyCEFR/data/processed/30-Days-Of-Python/radon_output_30-Days-Of-Python.json
30-Days-Of-Python,30-Days-Of-Python,/home/juan/Documents/Analisis-CC-PyCEFR/30-Days-Of-Python/mypackage/arithmetics.py,arithmetics.py,function,power,1,A,1,24,25,0,,0,/home/juan/Documents/Analisis-CC-PyCEFR/data/processed/30-Days-Of-Python/radon_output_30-Days-Of-Python.json
30-Days-Of-Python,30-Days-Of-Python,/home/juan/Documents/Analisis-CC-PyCEFR/30-Days-Of-Python/mypackage/greet.py,greet.py,function,greet_person,1,A,1,1,2,0,,0,/home/juan/Documents/Analisis-CC-PyCEFR/data/processed/30-Days-Of-Python/radon_output_30-Days-Of-Python.json
Analisis-CC-PyCEFR,Analisis-CC-PyCEFR,/home/juan/Documents/Analisis-CC-PyCEFR/Analisis-CC-PyCEFR/main.py,main.py,function,get_folder_name,4,A,1,7,21,0,,0,/home/juan/Documents/Analisis-CC-PyCEFR/data/processed/Analisis-CC-PyCEFR/radon_output_Analisis-CC-PyCEFR.json
Analisis-CC-PyCEFR,Analisis-CC-PyCEFR,/home/juan/Documents/Analisis-CC-PyCEFR/Analisis-CC-PyCEFR/main.py,main.py,function,choose_option,4,A,1,32,46,0,,0,/home/juan/Documents/Analisis-CC-PyCEFR/data/processed/Analisis-CC-PyCEFR/radon_output_Analisis-CC-PyCEFR.json
Analisis-CC-PyCEFR,Analisis-CC-PyCEFR,/home/juan/Documents/Analisis-CC-PyCEFR/Analisis-CC-PyCEFR/data/raw/generator.py,generator.py,function,extract_records,10,B,2,206,248,0,,0,/home/juan/Documents/Analisis-CC-PyCEFR/data/processed/Analisis-CC-PyCEFR/radon_output_Analisis-CC-PyCEFR.json
Analisis-CC-PyCEFR,Analisis-CC-PyCEFR,/home/juan/Documents/Analisis-CC-PyCEFR/Analisis-CC-PyCEFR/data/raw/generator.py,generator.py,function,walk,10,B,2,228,245,4,extract_records,1,/home/juan/Documents/Analisis-CC-PyCEFR/data/processed/Analisis-CC-PyCEFR/radon_output_Analisis-CC-PyCEFR.json
Analisis-CC-PyCEFR,Analisis-CC-PyCEFR,/home/juan/Documents/Analisis-CC-PyCEFR/Analisis-CC-PyCEFR/data/raw/generator.py,generator.py,function,print_report,10,B,2,328,370,0,,0,/home/juan/Documents/Analisis-CC-PyCEFR/data/processed/Analisis-CC-PyCEFR/radon_output_Analisis-CC-PyCEFR.json
Analisis-CC-PyCEFR,Analisis-CC-PyCEFR,/home/juan/Documents/Analisis-CC-PyCEFR/Analisis-CC-PyCEFR/data/raw/generator.py,generator.py,function,read_json,8,B,2,66,157,0,,0,/home/juan/Documents/Analisis-CC-PyCEFR/data/processed/Analisis-CC-PyCEFR/radon_output_Analisis-CC-PyCEFR.json
Analisis-CC-PyCEFR,Analisis-CC-PyCEFR,/home/juan/Documents/Analisis-CC-PyCEFR/Analisis-CC-PyCEFR/data/raw/generator.py,generator.py,function,normalize_record,8,B,2,182,202,0,,0,/home/juan/Documents/Analisis-CC-PyCEFR/data/processed/Analisis-CC-PyCEFR/radon_output_Analisis-CC-PyCEFR.json
Analisis-CC-PyCEFR,Analisis-CC-PyCEFR,/home/juan/Documents/Analisis-CC-PyCEFR/Analisis-CC-PyCEFR/data/raw/generator.py,generator.py,function,compare,7,B,2,269,324,0,,0,/home/juan/Documents/Analisis-CC-PyCEFR/data/processed/Analisis-CC-PyCEFR/radon_output_Analisis-CC-PyCEFR.json
Analisis-CC-PyCEFR,Analisis-CC-PyCEFR,/home/juan/Documents/Analisis-CC-PyCEFR/Analisis-CC-PyCEFR/data/raw/generator.py,generator.py,function,as_number,4,A,1,160,168,0,,0,/home/juan/Documents/Analisis-CC-PyCEFR/data/processed/Analisis-CC-PyCEFR/radon_output_Analisis-CC-PyCEFR.json
Analisis-CC-PyCEFR,Analisis-CC-PyCEFR,/home/juan/Documents/Analisis-CC-PyCEFR/Analisis-CC-PyCEFR/data/raw/generator.py,generator.py,function,pick_first,3,A,1,171,175,0,,0,/home/juan/Documents/Analisis-CC-PyCEFR/data/processed/Analisis-CC-PyCEFR/radon_output_Analisis-CC-PyCEFR.json
Analisis-CC-PyCEFR,Analisis-CC-PyCEFR,/home/juan/Documents/Analisis-CC-PyCEFR/Analisis-CC-PyCEFR/data/raw/generator.py,generator.py,function,index_records,3,A,1,260,266,0,,0,/home/juan/Documents/Analisis-CC-PyCEFR/data/processed/Analisis-CC-PyCEFR/radon_output_Analisis-CC-PyCEFR.json
Analisis-CC-PyCEFR,Analisis-CC-PyCEFR,/home/juan/Documents/Analisis-CC-PyCEFR/Analisis-CC-PyCEFR/data/raw/generator.py,generator.py,function,debug_log,2,A,1,27,42,0,,0,/home/juan/Documents/Analisis-CC-PyCEFR/data/processed/Analisis-CC-PyCEFR/radon_output_Analisis-CC-PyCEFR.json
Analisis-CC-PyCEFR,Analisis-CC-PyCEFR,/home/juan/Documents/Analisis-CC-PyCEFR/Analisis-CC-PyCEFR/data/raw/generator.py,generator.py,function,looks_like_path_key,2,A,1,178,179,0,,0,/home/juan/Documents/Analisis-CC-PyCEFR/data/processed/Analisis-CC-PyCEFR/radon_output_Analisis-CC-PyCEFR.json
Analisis-CC-PyCEFR,Analisis-CC-PyCEFR,/home/juan/Documents/Analisis-CC-PyCEFR/Analisis-CC-PyCEFR/data/raw/generator.py,generator.py,function,main,2,A,1,374,410,0,,0,/home/juan/Documents/Analisis-CC-PyCEFR/data/processed/Analisis-CC-PyCEFR/radon_output_Analisis-CC-PyCEFR.json
Analisis-CC-PyCEFR,Analisis-CC-PyCEFR,/home/juan/Documents/Analisis-CC-PyCEFR/Analisis-CC-PyCEFR/data/raw/generator.py,generator.py,function,parse_args,1,A,1,45,63,0,,0,/home/juan/Documents/Analisis-CC-PyCEFR/data/processed/Analisis-CC-PyCEFR/radon_output_Analisis-CC-PyCEFR.json
Analisis-CC-PyCEFR,Analisis-CC-PyCEFR,/home/juan/Documents/Analisis-CC-PyCEFR/Analisis-CC-PyCEFR/data/raw/generator.py,generator.py,function,make_key,1,A,1,251,256,0,,0,/home/juan/Documents/Analisis-CC-PyCEFR/data/processed/Analisis-CC-PyCEFR/radon_output_Analisis-CC-PyCEFR.json
python-algorithms,python-algorithms,/home/juan/Documents/Analisis-CC-PyCEFR/python-algorithms/algorithms/src/graph_algorithms/bellman_ford_algorithm/bellman_ford_algorithm.py,bellman_ford_algorithm.py,function,bellmanFord,8,B,2,6,24,0,,0,/home/juan/Documents/Analisis-CC-PyCEFR/data/processed/python-algorithms/radon_output_python-algorithms.json
python-algorithms,python-algorithms,/home/juan/Documents/Analisis-CC-PyCEFR/python-algorithms/algorithms/src/graph_algorithms/bfs/breath_first_search.py,breath_first_search.py,function,bfs,5,A,1,3,17,0,,0,/home/juan/Documents/Analisis-CC-PyCEFR/data/processed/python-algorithms/radon_output_python-algorithms.json
python-algorithms,python-algorithms,/home/juan/Documents/Analisis-CC-PyCEFR/python-algorithms/algorithms/src/graph_algorithms/dijkstras_algorithm/dijkstras_algorithm_with_min_heap.py,dijkstras_algorithm_with_min_heap.py,function,dijkstra,5,A,1,31,45,0,,0,/home/juan/Documents/Analisis-CC-PyCEFR/data/processed/python-algorithms/radon_output_python-algorithms.json
python-algorithms,python-algorithms,/home/juan/Documents/Analisis-CC-PyCEFR/python-algorithms/algorithms/src/graph_algorithms/dijkstras_algorithm/dijkstras_algorithm_with_sorted_set.py,dijkstras_algorithm_with_sorted_set.py,function,dijkstra,6,B,2,3,21,0,,0,/home/juan/Documents/Analisis-CC-PyCEFR/data/processed/python-algorithms/radon_output_python-algorithms.json
python-algorithms,python-algorithms,/home/juan/Documents/Analisis-CC-PyCEFR/python-algorithms/algorithms/src/graph_algorithms/kosarajus_algorithm/kosarajus_algorithm.py,kosarajus_algorithm.py,function,get_strongly_connected_components,5,A,1,1,17,0,,0,/home/juan/Documents/Analisis-CC-PyCEFR/data/processed/python-algorithms/radon_output_python-algorithms.json
python-algorithms,python-algorithms,/home/juan/Documents/Analisis-CC-PyCEFR/python-algorithms/algorithms/src/graph_algorithms/kosarajus_algorithm/kosarajus_algorithm.py,kosarajus_algorithm.py,function,transpose_graph,4,A,1,26,33,0,,0,/home/juan/Documents/Analisis-CC-PyCEFR/data/processed/python-algorithms/radon_output_python-algorithms.json
python-algorithms,python-algorithms,/home/juan/Documents/Analisis-CC-PyCEFR/python-algorithms/algorithms/src/graph_algorithms/kosarajus_algorithm/kosarajus_algorithm.py,kosarajus_algorithm.py,function,top_sort,3,A,1,19,24,0,,0,/home/juan/Documents/Analisis-CC-PyCEFR/data/processed/python-algorithms/radon_output_python-algorithms.json
python-algorithms,python-algorithms,/home/juan/Documents/Analisis-CC-PyCEFR/python-algorithms/algorithms/src/graph_algorithms/kosarajus_algorithm/kosarajus_algorithm.py,kosarajus_algorithm.py,function,get_components,3,A,1,35,41,0,,0,/home/juan/Documents/Analisis-CC-PyCEFR/data/processed/python-algorithms/radon_output_python-algorithms.json
python-algorithms,python-algorithms,/home/juan/Documents/Analisis-CC-PyCEFR/python-algorithms/algorithms/src/graph_algorithms/topological_sort/topological_sort_recursion.py,topological_sort_recursion.py,class,Graph,3,A,1,3,29,0,,0,/home/juan/Documents/Analisis-CC-PyCEFR/data/processed/python-algorithms/radon_output_python-algorithms.json
python-algorithms,python-algorithms,/home/juan/Documents/Analisis-CC-PyCEFR/python-algorithms/algorithms/src/graph_algorithms/topological_sort/topological_sort_recursion.py,topological_sort_recursion.py,method,topological_sort_util,3,A,1,11,18,4,,0,/home/juan/Documents/Analisis-CC-PyCEFR/data/processed/python-algorithms/radon_output_python-algorithms.json
python-algorithms,python-algorithms,/home/juan/Documents/Analisis-CC-PyCEFR/python-algorithms/algorithms/src/graph_algorithms/topological_sort/topological_sort_recursion.py,topological_sort_recursion.py,method,topological_sort,3,A,1,20,29,4,,0,/home/juan/Documents/Analisis-CC-PyCEFR/data/processed/python-algorithms/radon_output_python-algorithms.json
python-algorithms,python-algorithms,/home/juan/Documents/Analisis-CC-PyCEFR/python-algorithms/algorithms/src/graph_algorithms/topological_sort/topological_sort_recursion.py,topological_sort_recursion.py,method,__init__,1,A,1,4,5,4,,0,/home/juan/Documents/Analisis-CC-PyCEFR/data/processed/python-algorithms/radon_output_python-algorithms.json
python-algorithms,python-algorithms,/home/juan/Documents/Analisis-CC-PyCEFR/python-algorithms/algorithms/src/graph_algorithms/topological_sort/topological_sort_recursion.py,topological_sort_recursion.py,method,add_edge,1,A,1,8,9,4,,0,/home/juan/Documents/Analisis-CC-PyCEFR/data/processed/python-algorithms/radon_output_python-algorithms.json
python-algorithms,python-algorithms,/home/juan/Documents/Analisis-CC-PyCEFR/python-algorithms/algorithms/src/graph_algorithms/topological_sort/topological_sort_bfs.py,topological_sort_bfs.py,function,topological_sort,10,B,2,13,45,0,,0,/home/juan/Documents/Analisis-CC-PyCEFR/data/processed/python-algorithms/radon_output_python-algorithms.json
python-algorithms,python-algorithms,/home/juan/Documents/Analisis-CC-PyCEFR/python-algorithms/algorithms/src/graph_algorithms/topological_sort/topological_sort_bfs.py,topological_sort_bfs.py,function,main,1,A,1,47,53,0,,0,/home/juan/Documents/Analisis-CC-PyCEFR/data/processed/python-algorithms/radon_output_python-algorithms.json
python-algorithms,python-algorithms,/home/juan/Documents/Analisis-CC-PyCEFR/python-algorithms/algorithms/src/graph_algorithms/single_source_shortest_path_problem/sss_path_bfs.py,sss_path_bfs.py,method,find_shortest_path,4,A,1,15,29,4,,0,/home/juan/Documents/Analisis-CC-PyCEFR/data/processed/python-algorithms/radon_output_python-algorithms.json
python-algorithms,python-algorithms,/home/juan/Documents/Analisis-CC-PyCEFR/python-algorithms/algorithms/src/graph_algorithms/single_source_shortest_path_problem/sss_path_bfs.py,sss_path_bfs.py,class,Graph,3,A,1,6,29,0,,0,/home/juan/Documents/Analisis-CC-PyCEFR/data/processed/python-algorithms/radon_output_python-algorithms.json
python-algorithms,python-algorithms,/home/juan/Documents/Analisis-CC-PyCEFR/python-algorithms/algorithms/src/graph_algorithms/single_source_shortest_path_problem/sss_path_bfs.py,sss_path_bfs.py,method,__init__,2,A,1,7,10,4,,0,/home/juan/Documents/Analisis-CC-PyCEFR/data/processed/python-algorithms/radon_output_python-algorithms.json
python-algorithms,python-algorithms,/home/juan/Documents/Analisis-CC-PyCEFR/python-algorithms/algorithms/src/graph_algorithms/single_source_shortest_path_problem/sss_path_bfs.py,sss_path_bfs.py,method,add_edge,1,A,1,12,13,4,,0,/home/juan/Documents/Analisis-CC-PyCEFR/data/processed/python-algorithms/radon_output_python-algorithms.json
python-algorithms,python-algorithms,/home/juan/Documents/Analisis-CC-PyCEFR/python-algorithms/algorithms/src/graph_algorithms/dfs/depth_first_search.py,depth_first_search.py,function,dfs,5,A,1,2,15,0,,0,/home/juan/Documents/Analisis-CC-PyCEFR/data/processed/python-algorithms/radon_output_python-algorithms.json
python-algorithms,python-algorithms,/home/juan/Documents/Analisis-CC-PyCEFR/python-algorithms/algorithms/src/graph_algorithms/floyd_warshall_algorithm/floyd_warshall_algorithm.py,floyd_warshall_algorithm.py,function,floyd_warshall,11,C,3,2,20,0,,0,/home/juan/Documents/Analisis-CC-PyCEFR/data/processed/python-algorithms/radon_output_python-algorithms.json
python-algorithms,python-algorithms,/home/juan/Documents/Analisis-CC-PyCEFR/python-algorithms/algorithms/src/graph_algorithms/minimum_spanning_trees/kruskals_algorithm/krusals_algorithm.py,krusals_algorithm.py,function,kruskals_algo,4,A,1,33,48,0,,0,/home/juan/Documents/Analisis-CC-PyCEFR/data/processed/python-algorithms/radon_output_python-algorithms.json
python-algorithms,python-algorithms,/home/juan/Documents/Analisis-CC-PyCEFR/python-algorithms/algorithms/src/graph_algorithms/minimum_spanning_trees/kruskals_algorithm/krusals_algorithm.py,krusals_algorithm.py,function,union,3,A,1,5,14,0,,0,/home/juan/Documents/Analisis-CC-PyCEFR/data/processed/python-algorithms/radon_output_python-algorithms.json
python-algorithms,python-algorithms,/home/juan/Documents/Analisis-CC-PyCEFR/python-algorithms/algorithms/src/graph_algorithms/minimum_spanning_trees/kruskals_algorithm/krusals_algorithm.py,krusals_algorithm.py,function,find_parent,2,A,1,1,3,0,,0,/home/juan/Documents/Analisis-CC-PyCEFR/data/processed/python-algorithms/radon_output_python-algorithms.json
python-algorithms,python-algorithms,/home/juan/Documents/Analisis-CC-PyCEFR/python-algorithms/algorithms/src/graph_algorithms/minimum_spanning_trees/prims_algorithm/prims_2.py,prims_2.py,function,prims_algo,6,B,2,3,21,0,,0,/home/juan/Documents/Analisis-CC-PyCEFR/data/processed/python-algorithms/radon_output_python-algorithms.json
python-algorithms,python-algorithms,/home/juan/Documents/Analisis-CC-PyCEFR/python-algorithms/algorithms/src/graph_algorithms/minimum_spanning_trees/prims_algorithm/prims.py,prims.py,function,prims_algo,5,A,1,3,17,0,,0,/home/juan/Documents/Analisis-CC-PyCEFR/data/processed/python-algorithms/radon_output_python-algorithms.json
python-algorithms,python-algorithms,/home/juan/Documents/Analisis-CC-PyCEFR/python-algorithms/algorithms/src/sorting_algorithms/insertion_sort.py,insertion_sort.py,function,insertion_sort,4,A,1,4,11,0,,0,/home/juan/Documents/Analisis-CC-PyCEFR/data/processed/python-algorithms/radon_output_python-algorithms.json
python-algorithms,python-algorithms,/home/juan/Documents/Analisis-CC-PyCEFR/python-algorithms/algorithms/src/sorting_algorithms/insertion_sort.py,insertion_sort.py,function,swap,1,A,1,14,15,0,,0,/home/juan/Documents/Analisis-CC-PyCEFR/data/processed/python-algorithms/radon_output_python-algorithms.json
python-algorithms,python-algorithms,/home/juan/Documents/Analisis-CC-PyCEFR/python-algorithms/algorithms/src/sorting_algorithms/selection_sort.py,selection_sort.py,function,selection_sort,4,A,1,4,15,0,,0,/home/juan/Documents/Analisis-CC-PyCEFR/data/processed/python-algorithms/radon_output_python-algorithms.json
python-algorithms,python-algorithms,/home/juan/Documents/Analisis-CC-PyCEFR/python-algorithms/algorithms/src/sorting_algorithms/selection_sort.py,selection_sort.py,function,swap,1,A,1,18,19,0,,0,/home/juan/Documents/Analisis-CC-PyCEFR/data/processed/python-algorithms/radon_output_python-algorithms.json
python-algorithms,python-algorithms,/home/juan/Documents/Analisis-CC-PyCEFR/python-algorithms/algorithms/src/sorting_algorithms/merge_sort.py,merge_sort.py,function,merge_sort_helper,6,B,2,12,35,0,,0,/home/juan/Documents/Analisis-CC-PyCEFR/data/processed/python-algorithms/radon_output_python-algorithms.json
python-algorithms,python-algorithms,/home/juan/Documents/Analisis-CC-PyCEFR/python-algorithms/algorithms/src/sorting_algorithms/merge_sort.py,merge_sort.py,function,merge_sort,2,A,1,1,10,0,,0,/home/juan/Documents/Analisis-CC-PyCEFR/data/processed/python-algorithms/radon_output_python-algorithms.json
python-algorithms,python-algorithms,/home/juan/Documents/Analisis-CC-PyCEFR/python-algorithms/algorithms/src/sorting_algorithms/bubble_sort.py,bubble_sort.py,function,bubble_sort,4,A,1,4,14,0,,0,/home/juan/Documents/Analisis-CC-PyCEFR/data/processed/python-algorithms/radon_output_python-algorithms.json
python-algorithms,python-algorithms,/home/juan/Documents/Analisis-CC-PyCEFR/python-algorithms/algorithms/src/sorting_algorithms/bubble_sort.py,bubble_sort.py,function,swap,1,A,1,17,18,0,,0,/home/juan/Documents/Analisis-CC-PyCEFR/data/processed/python-algorithms/radon_output_python-algorithms.json
python-algorithms,python-algorithms,/home/juan/Documents/Analisis-CC-PyCEFR/python-algorithms/algorithms/src/sorting_algorithms/quick_sort.py,quick_sort.py,function,quick_sort_helper,7,B,2,8,28,0,,0,/home/juan/Documents/Analisis-CC-PyCEFR/data/processed/python-algorithms/radon_output_python-algorithms.json
python-algorithms,python-algorithms,/home/juan/Documents/Analisis-CC-PyCEFR/python-algorithms/algorithms/src/sorting_algorithms/quick_sort.py,quick_sort.py,function,quick_sort,1,A,1,4,6,0,,0,/home/juan/Documents/Analisis-CC-PyCEFR/data/processed/python-algorithms/radon_output_python-algorithms.json
python-algorithms,python-algorithms,/home/juan/Documents/Analisis-CC-PyCEFR/python-algorithms/algorithms/src/sorting_algorithms/quick_sort.py,quick_sort.py,function,swap,1,A,1,31,32,0,,0,/home/juan/Documents/Analisis-CC-PyCEFR/data/processed/python-algorithms/radon_output_python-algorithms.json
python-algorithms,python-algorithms,/home/juan/Documents/Analisis-CC-PyCEFR/python-algorithms/algorithms/src/general_algorithms/kadanes_algorithm.py,kadanes_algorithm.py,function,kadanes_algorithm_2,5,A,1,13,27,0,,0,/home/juan/Documents/Analisis-CC-PyCEFR/data/processed/python-algorithms/radon_output_python-algorithms.json
python-algorithms,python-algorithms,/home/juan/Documents/Analisis-CC-PyCEFR/python-algorithms/algorithms/src/general_algorithms/kadanes_algorithm.py,kadanes_algorithm.py,function,kadanes_algorithm,2,A,1,2,9,0,,0,/home/juan/Documents/Analisis-CC-PyCEFR/data/processed/python-algorithms/radon_output_python-algorithms.json
python-algorithms,python-algorithms,/home/juan/Documents/Analisis-CC-PyCEFR/python-algorithms/blind_75/src/arrays/contains_duplicate/contains_duplicate.py,contains_duplicate.py,function,contains_duplicate,3,A,1,1,9,0,,0,/home/juan/Documents/Analisis-CC-PyCEFR/data/processed/python-algorithms/radon_output_python-algorithms.json
python-algorithms,python-algorithms,/home/juan/Documents/Analisis-CC-PyCEFR/python-algorithms/blind_75/src/arrays/contains_duplicate/contains_duplicate.py,contains_duplicate.py,function,contains_duplicate_2,3,A,1,12,20,0,,0,/home/juan/Documents/Analisis-CC-PyCEFR/data/processed/python-algorithms/radon_output_python-algorithms.json
python-algorithms,python-algorithms,/home/juan/Documents/Analisis-CC-PyCEFR/python-algorithms/blind_75/src/arrays/product_of_array_except_self/product_of_array_except_self.py,product_of_array_except_self.py,function,product_except_self,3,A,1,4,17,0,,0,/home/juan/Documents/Analisis-CC-PyCEFR/data/processed/python-algorithms/radon_output_python-algorithms.json
python-algorithms,python-algorithms,/home/juan/Documents/Analisis-CC-PyCEFR/python-algorithms/blind_75/src/arrays/buy_and_sell_stock/buy_and_sell_stock.py,buy_and_sell_stock.py,function,max_profit,3,A,1,1,14,0,,0,/home/juan/Documents/Analisis-CC-PyCEFR/data/processed/python-algorithms/radon_output_python-algorithms.json
python-algorithms,python-algorithms,/home/juan/Documents/Analisis-CC-PyCEFR/python-algorithms/blind_75/src/arrays/two_sum/two_sum.py,two_sum.py,function,two_sum,3,A,1,1,12,0,,0,/home/juan/Documents/Analisis-CC-PyCEFR/data/processed/python-algorithms/radon_output_python-algorithms.json
python-algorithms,python-algorithms,/home/juan/Documents/Analisis-CC-PyCEFR/python-algorithms/blind_75/src/linkedlists/lc_23_merge_k_sorted_lists/merge_k_sorted_lists.py,merge_k_sorted_lists.py,function,mergeKLists,5,A,1,18,28,0,,0,/home/juan/Documents/Analisis-CC-PyCEFR/data/processed/python-algorithms/radon_output_python-algorithms.json
python-algorithms,python-algorithms,/home/juan/Documents/Analisis-CC-PyCEFR/python-algorithms/blind_75/src/linkedlists/lc_23_merge_k_sorted_lists/merge_k_sorted_lists.py,merge_k_sorted_lists.py,function,mergeTwoLists,5,A,1,30,40,0,,0,/home/juan/Documents/Analisis-CC-PyCEFR/data/processed/python-algorithms/radon_output_python-algorithms.json
python-algorithms,python-algorithms,/home/juan/Documents/Analisis-CC-PyCEFR/python-algorithms/blind_75/src/linkedlists/lc_23_merge_k_sorted_lists/merge_k_sorted_lists.py,merge_k_sorted_lists.py,function,mergeKLists2,4,A,1,54,68,0,,0,/home/juan/Documents/Analisis-CC-PyCEFR/data/processed/python-algorithms/radon_output_python-algorithms.json
python-algorithms,python-algorithms,/home/juan/Documents/Analisis-CC-PyCEFR/python-algorithms/blind_75/src/linkedlists/lc_23_merge_k_sorted_lists/merge_k_sorted_lists.py,merge_k_sorted_lists.py,function,print_list,2,A,1,75,78,0,,0,/home/juan/Documents/Analisis-CC-PyCEFR/data/processed/python-algorithms/radon_output_python-algorithms.json
python-algorithms,python-algorithms,/home/juan/Documents/Analisis-CC-PyCEFR/python-algorithms/blind_75/src/linkedlists/lc_23_merge_k_sorted_lists/merge_k_sorted_lists.py,merge_k_sorted_lists.py,class,ListNode,2,A,1,4,10,0,,0,/home/juan/Documents/Analisis-CC-PyCEFR/data/processed/python-algorithms/radon_output_python-algorithms.json
python-algorithms,python-algorithms,/home/juan/Documents/Analisis-CC-PyCEFR/python-algorithms/blind_75/src/linkedlists/lc_23_merge_k_sorted_lists/merge_k_sorted_lists.py,merge_k_sorted_lists.py,method,__init__,1,A,1,5,7,4,,0,/home/juan/Documents/Analisis-CC-PyCEFR/data/processed/python-algorithms/radon_output_python-algorithms.json
python-algorithms,python-algorithms,/home/juan/Documents/Analisis-CC-PyCEFR/python-algorithms/blind_75/src/linkedlists/lc_23_merge_k_sorted_lists/merge_k_sorted_lists.py,merge_k_sorted_lists.py,method,__lt__,1,A,1,9,10,4,,0,/home/juan/Documents/Analisis-CC-PyCEFR/data/processed/python-algorithms/radon_output_python-algorithms.json
python-algorithms,python-algorithms,/home/juan/Documents/Analisis-CC-PyCEFR/python-algorithms/blind_75/src/linkedlists/lc_21_merge_two_sorted_lists/merge_two_sorted_lists.py,merge_two_sorted_lists.py,function,mergeTwoLists,5,A,1,11,21,0,,0,/home/juan/Documents/Analisis-CC-PyCEFR/data/processed/python-algorithms/radon_output_python-algorithms.json
python-algorithms,python-algorithms,/home/juan/Documents/Analisis-CC-PyCEFR/python-algorithms/blind_75/src/linkedlists/lc_21_merge_two_sorted_lists/merge_two_sorted_lists.py,merge_two_sorted_lists.py,class,ListNode,2,A,1,2,5,0,,0,/home/juan/Documents/Analisis-CC-PyCEFR/data/processed/python-algorithms/radon_output_python-algorithms.json
python-algorithms,python-algorithms,/home/juan/Documents/Analisis-CC-PyCEFR/python-algorithms/blind_75/src/linkedlists/lc_21_merge_two_sorted_lists/merge_two_sorted_lists.py,merge_two_sorted_lists.py,method,__init__,1,A,1,3,5,4,,0,/home/juan/Documents/Analisis-CC-PyCEFR/data/processed/python-algorithms/radon_output_python-algorithms.json
python-algorithms,python-algorithms,/home/juan/Documents/Analisis-CC-PyCEFR/python-algorithms/blind_75/src/linkedlists/lc_19_remove_nth_node_from_list/remove_nth_node_from_list.py,remove_nth_node_from_list.py,function,removeNthFromEnd,4,A,1,7,19,0,,0,/home/juan/Documents/Analisis-CC-PyCEFR/data/processed/python-algorithms/radon_output_python-algorithms.json
python-algorithms,python-algorithms,/home/juan/Documents/Analisis-CC-PyCEFR/python-algorithms/blind_75/src/linkedlists/lc_19_remove_nth_node_from_list/remove_nth_node_from_list.py,remove_nth_node_from_list.py,class,ListNode,2,A,1,2,5,0,,0,/home/juan/Documents/Analisis-CC-PyCEFR/data/processed/python-algorithms/radon_output_python-algorithms.json
python-algorithms,python-algorithms,/home/juan/Documents/Analisis-CC-PyCEFR/python-algorithms/blind_75/src/linkedlists/lc_19_remove_nth_node_from_list/remove_nth_node_from_list.py,remove_nth_node_from_list.py,method,__init__,1,A,1,3,5,4,,0,/home/juan/Documents/Analisis-CC-PyCEFR/data/processed/python-algorithms/radon_output_python-algorithms.json
python-algorithms,python-algorithms,/home/juan/Documents/Analisis-CC-PyCEFR/python-algorithms/blind_75/src/linkedlists/lc_143_reorder_list/reorder_list.py,reorder_list.py,function,reorderList,8,B,2,7,7,0,,0,/home/juan/Documents/Analisis-CC-PyCEFR/data/processed/python-algorithms/radon_output_python-algorithms.json
python-algorithms,python-algorithms,/home/juan/Documents/Analisis-CC-PyCEFR/python-algorithms/blind_75/src/linkedlists/lc_143_reorder_list/reorder_list.py,reorder_list.py,function,reverse,2,A,1,26,33,4,reorderList,1,/home/juan/Documents/Analisis-CC-PyCEFR/data/processed/python-algorithms/radon_output_python-algorithms.json
python-algorithms,python-algorithms,/home/juan/Documents/Analisis-CC-PyCEFR/python-algorithms/blind_75/src/linkedlists/lc_143_reorder_list/reorder_list.py,reorder_list.py,class,ListNode,2,A,1,2,5,0,,0,/home/juan/Documents/Analisis-CC-PyCEFR/data/processed/python-algorithms/radon_output_python-algorithms.json
python-algorithms,python-algorithms,/home/juan/Documents/Analisis-CC-PyCEFR/python-algorithms/blind_75/src/linkedlists/lc_143_reorder_list/reorder_list.py,reorder_list.py,method,__init__,1,A,1,3,5,4,,0,/home/juan/Documents/Analisis-CC-PyCEFR/data/processed/python-algorithms/radon_output_python-algorithms.json
python-algorithms,python-algorithms,/home/juan/Documents/Analisis-CC-PyCEFR/python-algorithms/blind_75/src/linkedlists/lc_141_linkedlist_cycle/linkedlist_cycle.py,linkedlist_cycle.py,function,has_cycle,5,A,1,1,10,0,,0,/home/juan/Documents/Analisis-CC-PyCEFR/data/processed/python-algorithms/radon_output_python-algorithms.json
python-algorithms,python-algorithms,/home/juan/Documents/Analisis-CC-PyCEFR/python-algorithms/blind_75/src/linkedlists/lc_206_reverse_linkedlist/reverse_linkedlist.py,reverse_linkedlist.py,function,reverse_list,2,A,1,1,8,0,,0,/home/juan/Documents/Analisis-CC-PyCEFR/data/processed/python-algorithms/radon_output_python-algorithms.json
python-algorithms,python-algorithms,/home/juan/Documents/Analisis-CC-PyCEFR/python-algorithms/blind_75/src/trees/lc_226_invert_binary_tree/invert_binary_tree.py,invert_binary_tree.py,function,invert_binary_tree,1,A,1,1,11,0,,0,/home/juan/Documents/Analisis-CC-PyCEFR/data/processed/python-algorithms/radon_output_python-algorithms.json
python-algorithms,python-algorithms,/home/juan/Documents/Analisis-CC-PyCEFR/python-algorithms/blind_75/src/trees/lc_226_invert_binary_tree/invert_binary_tree.py,invert_binary_tree.py,function,invert_tree_helper,2,A,1,2,9,4,invert_binary_tree,1,/home/juan/Documents/Analisis-CC-PyCEFR/data/processed/python-algorithms/radon_output_python-algorithms.json
python-algorithms,python-algorithms,/home/juan/Documents/Analisis-CC-PyCEFR/python-algorithms/blind_75/src/trees/lc_572_subtree_of_another_tree/subtree_of_another_tree.py,subtree_of_another_tree.py,function,same_tree,7,B,2,12,18,0,,0,/home/juan/Documents/Analisis-CC-PyCEFR/data/processed/python-algorithms/radon_output_python-algorithms.json
python-algorithms,python-algorithms,/home/juan/Documents/Analisis-CC-PyCEFR/python-algorithms/blind_75/src/trees/lc_572_subtree_of_another_tree/subtree_of_another_tree.py,subtree_of_another_tree.py,function,subtree_of_another_tree,5,A,1,1,9,0,,0,/home/juan/Documents/Analisis-CC-PyCEFR/data/processed/python-algorithms/radon_output_python-algorithms.json
python-algorithms,python-algorithms,/home/juan/Documents/Analisis-CC-PyCEFR/python-algorithms/blind_75/src/trees/lc_104_max_depth_of_binary_tree/max_depth_of_binary_tree.py,max_depth_of_binary_tree.py,function,max_depth_of_tree,2,A,1,1,7,0,,0,/home/juan/Documents/Analisis-CC-PyCEFR/data/processed/python-algorithms/radon_output_python-algorithms.json
python-algorithms,python-algorithms,/home/juan/Documents/Analisis-CC-PyCEFR/python-algorithms/blind_75/src/trees/lc_235_lca_of_binary_search_tree/lca_bst.py,lca_bst.py,function,lca_bst,6,B,2,1,8,0,,0,/home/juan/Documents/Analisis-CC-PyCEFR/data/processed/python-algorithms/radon_output_python-algorithms.json
python-algorithms,python-algorithms,/home/juan/Documents/Analisis-CC-PyCEFR/python-algorithms/blind_75/src/trees/lc_105_construct_binary_tree_from_preorder_inorder_traversal/construct_binary_tree_from_preorder_inorder_traversal.py,construct_binary_tree_from_preorder_inorder_traversal.py,function,construct_tree,2,A,1,6,22,0,,0,/home/juan/Documents/Analisis-CC-PyCEFR/data/processed/python-algorithms/radon_output_python-algorithms.json
python-algorithms,python-algorithms,/home/juan/Documents/Analisis-CC-PyCEFR/python-algorithms/blind_75/src/trees/lc_105_construct_binary_tree_from_preorder_inorder_traversal/construct_binary_tree_from_preorder_inorder_traversal.py,construct_binary_tree_from_preorder_inorder_traversal.py,function,construct_tree_helper,3,A,1,9,21,4,construct_tree,1,/home/juan/Documents/Analisis-CC-PyCEFR/data/processed/python-algorithms/radon_output_python-algorithms.json
python-algorithms,python-algorithms,/home/juan/Documents/Analisis-CC-PyCEFR/python-algorithms/blind_75/src/trees/lc_105_construct_binary_tree_from_preorder_inorder_traversal/construct_binary_tree_from_preorder_inorder_traversal.py,construct_binary_tree_from_preorder_inorder_traversal.py,class,TreeNode,2,A,1,1,4,0,,0,/home/juan/Documents/Analisis-CC-PyCEFR/data/processed/python-algorithms/radon_output_python-algorithms.json
python-algorithms,python-algorithms,/home/juan/Documents/Analisis-CC-PyCEFR/python-algorithms/blind_75/src/trees/lc_105_construct_binary_tree_from_preorder_inorder_traversal/construct_binary_tree_from_preorder_inorder_traversal.py,construct_binary_tree_from_preorder_inorder_traversal.py,method,__init__,1,A,1,2,4,4,,0,/home/juan/Documents/Analisis-CC-PyCEFR/data/processed/python-algorithms/radon_output_python-algorithms.json
python-algorithms,python-algorithms,/home/juan/Documents/Analisis-CC-PyCEFR/python-algorithms/blind_75/src/trees/lc_102_binary_tree_level_order_traversal/binary_tree_level_order_traversal.py,binary_tree_level_order_traversal.py,function,level_order_traversal,6,B,2,3,17,0,,0,/home/juan/Documents/Analisis-CC-PyCEFR/data/processed/python-algorithms/radon_output_python-algorithms.json
python-algorithms,python-algorithms,/home/juan/Documents/Analisis-CC-PyCEFR/python-algorithms/blind_75/src/trees/lc_100_same_tree/same_tree.py,same_tree.py,function,same_tree,7,B,2,1,8,0,,0,/home/juan/Documents/Analisis-CC-PyCEFR/data/processed/python-algorithms/radon_output_python-algorithms.json
python-algorithms,python-algorithms,/home/juan/Documents/Analisis-CC-PyCEFR/python-algorithms/blind_75/src/trees/lc_230_kth_smallest_in_bst/kth_smallest_in_bst.py,kth_smallest_in_bst.py,function,kth_smallest_in_bst,1,A,1,1,19,0,,0,/home/juan/Documents/Analisis-CC-PyCEFR/data/processed/python-algorithms/radon_output_python-algorithms.json
python-algorithms,python-algorithms,/home/juan/Documents/Analisis-CC-PyCEFR/python-algorithms/blind_75/src/trees/lc_230_kth_smallest_in_bst/kth_smallest_in_bst.py,kth_smallest_in_bst.py,function,kth_smallest_helper,4,A,1,2,14,4,kth_smallest_in_bst,1,/home/juan/Documents/Analisis-CC-PyCEFR/data/processed/python-algorithms/radon_output_python-algorithms.json
python-algorithms,python-algorithms,/home/juan/Documents/Analisis-CC-PyCEFR/python-algorithms/blind_75/src/trees/lc_124_binary_tree_maximum_path_sum/binary_tree_maximum_path_sum.py,binary_tree_maximum_path_sum.py,function,max_path_sum,1,A,1,1,18,0,,0,/home/juan/Documents/Analisis-CC-PyCEFR/data/processed/python-algorithms/radon_output_python-algorithms.json
python-algorithms,python-algorithms,/home/juan/Documents/Analisis-CC-PyCEFR/python-algorithms/blind_75/src/trees/lc_124_binary_tree_maximum_path_sum/binary_tree_maximum_path_sum.py,binary_tree_maximum_path_sum.py,function,max_path_helper,2,A,1,2,13,4,max_path_sum,1,/home/juan/Documents/Analisis-CC-PyCEFR/data/processed/python-algorithms/radon_output_python-algorithms.json
python-algorithms,python-algorithms,/home/juan/Documents/Analisis-CC-PyCEFR/python-algorithms/blind_75/src/trees/lc_98_validate_binary_search_tree/validate_binary_search_tree.py,validate_binary_search_tree.py,function,valid_bst,1,A,1,1,11,0,,0,/home/juan/Documents/Analisis-CC-PyCEFR/data/processed/python-algorithms/radon_output_python-algorithms.json
python-algorithms,python-algorithms,/home/juan/Documents/Analisis-CC-PyCEFR/python-algorithms/blind_75/src/trees/lc_98_validate_binary_search_tree/validate_binary_search_tree.py,validate_binary_search_tree.py,function,valid_bst_helper,4,A,1,2,9,4,valid_bst,1,/home/juan/Documents/Analisis-CC-PyCEFR/data/processed/python-algorithms/radon_output_python-algorithms.json
python-algorithms,python-algorithms,/home/juan/Documents/Analisis-CC-PyCEFR/python-algorithms/blind_75/src/trees/lc_297_serialize_and_deserialize_binary_tree/serialize_and_deserialize_binary_tree.py,serialize_and_deserialize_binary_tree.py,class,TreeNode,2,A,1,1,5,0,,0,/home/juan/Documents/Analisis-CC-PyCEFR/data/processed/python-algorithms/radon_output_python-algorithms.json
python-algorithms,python-algorithms,/home/juan/Documents/Analisis-CC-PyCEFR/python-algorithms/blind_75/src/trees/lc_297_serialize_and_deserialize_binary_tree/serialize_and_deserialize_binary_tree.py,serialize_and_deserialize_binary_tree.py,class,Codec,2,A,1,7,45,0,,0,/home/juan/Documents/Analisis-CC-PyCEFR/data/processed/python-algorithms/radon_output_python-algorithms.json
python-algorithms,python-algorithms,/home/juan/Documents/Analisis-CC-PyCEFR/python-algorithms/blind_75/src/trees/lc_297_serialize_and_deserialize_binary_tree/serialize_and_deserialize_binary_tree.py,serialize_and_deserialize_binary_tree.py,method,__init__,1,A,1,2,5,4,,0,/home/juan/Documents/Analisis-CC-PyCEFR/data/processed/python-algorithms/radon_output_python-algorithms.json
python-algorithms,python-algorithms,/home/juan/Documents/Analisis-CC-PyCEFR/python-algorithms/blind_75/src/trees/lc_297_serialize_and_deserialize_binary_tree/serialize_and_deserialize_binary_tree.py,serialize_and_deserialize_binary_tree.py,method,serialize,1,A,1,9,26,4,,0,/home/juan/Documents/Analisis-CC-PyCEFR/data/processed/python-algorithms/radon_output_python-algorithms.json
python-algorithms,python-algorithms,/home/juan/Documents/Analisis-CC-PyCEFR/python-algorithms/blind_75/src/trees/lc_297_serialize_and_deserialize_binary_tree/serialize_and_deserialize_binary_tree.py,serialize_and_deserialize_binary_tree.py,function,serialize_helper,2,A,1,14,21,8,serialize,1,/home/juan/Documents/Analisis-CC-PyCEFR/data/processed/python-algorithms/radon_output_python-algorithms.json
python-algorithms,python-algorithms,/home/juan/Documents/Analisis-CC-PyCEFR/python-algorithms/blind_75/src/trees/lc_297_serialize_and_deserialize_binary_tree/serialize_and_deserialize_binary_tree.py,serialize_and_deserialize_binary_tree.py,method,deserialize,1,A,1,29,45,4,,0,/home/juan/Documents/Analisis-CC-PyCEFR/data/processed/python-algorithms/radon_output_python-algorithms.json
python-algorithms,python-algorithms,/home/juan/Documents/Analisis-CC-PyCEFR/python-algorithms/blind_75/src/trees/lc_297_serialize_and_deserialize_binary_tree/serialize_and_deserialize_binary_tree.py,serialize_and_deserialize_binary_tree.py,function,deserialize_helper,2,A,1,32,43,8,deserialize,1,/home/juan/Documents/Analisis-CC-PyCEFR/data/processed/python-algorithms/radon_output_python-algorithms.json
python-algorithms,python-algorithms,/home/juan/Documents/Analisis-CC-PyCEFR/python-algorithms/leetcode/src/array&hashing/lc_152_max_product_subarray/max_product_brute_force.py,max_product_brute_force.py,function,max_product,4,A,1,1,14,0,,0,/home/juan/Documents/Analisis-CC-PyCEFR/data/processed/python-algorithms/radon_output_python-algorithms.json
python-algorithms,python-algorithms,/home/juan/Documents/Analisis-CC-PyCEFR/python-algorithms/leetcode/src/array&hashing/lc_152_max_product_subarray/max_product_subarray.py,max_product_subarray.py,function,max_product,4,A,1,1,12,0,,0,/home/juan/Documents/Analisis-CC-PyCEFR/data/processed/python-algorithms/radon_output_python-algorithms.json
python-algorithms,python-algorithms,/home/juan/Documents/Analisis-CC-PyCEFR/python-algorithms/leetcode/src/array&hashing/lc_1_two_sum/two_sum.py,two_sum.py,function,two_sum,3,A,1,1,10,0,,0,/home/juan/Documents/Analisis-CC-PyCEFR/data/processed/python-algorithms/radon_output_python-algorithms.json
python-algorithms,python-algorithms,/home/juan/Documents/Analisis-CC-PyCEFR/python-algorithms/leetcode/src/array&hashing/lc_238_product_of_array_except_itself/product_of_array.py,product_of_array.py,function,productExceptSelf,3,A,1,1,13,0,,0,/home/juan/Documents/Analisis-CC-PyCEFR/data/processed/python-algorithms/radon_output_python-algorithms.json
python-algorithms,python-algorithms,/home/juan/Documents/Analisis-CC-PyCEFR/python-algorithms/leetcode/src/array&hashing/lc_242_valid_anagram/valid_anagram.py,valid_anagram.py,function,isAnagram,8,B,2,1,15,0,,0,/home/juan/Documents/Analisis-CC-PyCEFR/data/processed/python-algorithms/radon_output_python-algorithms.json
python-algorithms,python-algorithms,/home/juan/Documents/Analisis-CC-PyCEFR/python-algorithms/leetcode/src/array&hashing/lc_242_valid_anagram/valid_anagram.py,valid_anagram.py,function,isAnagram2,5,A,1,18,29,0,,0,/home/juan/Documents/Analisis-CC-PyCEFR/data/processed/python-algorithms/radon_output_python-algorithms.json
python-algorithms,python-algorithms,/home/juan/Documents/Analisis-CC-PyCEFR/python-algorithms/leetcode/src/array&hashing/lc_217_contains_duplicate/contains_duplicate.py,contains_duplicate.py,function,containsDuplicate,3,A,1,4,11,0,,0,/home/juan/Documents/Analisis-CC-PyCEFR/data/processed/python-algorithms/radon_output_python-algorithms.json
python-algorithms,python-algorithms,/home/juan/Documents/Analisis-CC-PyCEFR/python-algorithms/leetcode/src/array&hashing/lc_217_contains_duplicate/contains_duplicate.py,contains_duplicate.py,function,containsDuplicate2,3,A,1,16,23,0,,0,/home/juan/Documents/Analisis-CC-PyCEFR/data/processed/python-algorithms/radon_output_python-algorithms.json
python-algorithms,python-algorithms,/home/juan/Documents/Analisis-CC-PyCEFR/python-algorithms/leetcode/src/array&hashing/lc_347_top_k_frequent_elements/top_k.py,top_k.py,function,topKFrequent,7,B,2,5,20,0,,0,/home/juan/Documents/Analisis-CC-PyCEFR/data/processed/python-algorithms/radon_output_python-algorithms.json
python-algorithms,python-algorithms,/home/juan/Documents/Analisis-CC-PyCEFR/python-algorithms/leetcode/src/array&hashing/lc_347_top_k_frequent_elements/top_k.py,top_k.py,function,topKFrequent2,5,A,1,26,41,0,,0,/home/juan/Documents/Analisis-CC-PyCEFR/data/processed/python-algorithms/radon_output_python-algorithms.json
python-algorithms,python-algorithms,/home/juan/Documents/Analisis-CC-PyCEFR/python-algorithms/leetcode/src/hash_tables/lc_676_implement_magic_dictionary/implement_magic_dictionary.py,implement_magic_dictionary.py,method,search,7,B,2,12,22,4,,0,/home/juan/Documents/Analisis-CC-PyCEFR/data/processed/python-algorithms/radon_output_python-algorithms.json
python-algorithms,python-algorithms,/home/juan/Documents/Analisis-CC-PyCEFR/python-algorithms/leetcode/src/hash_tables/lc_676_implement_magic_dictionary/implement_magic_dictionary.py,implement_magic_dictionary.py,class,MagicDictionary,4,A,1,3,22,0,,0,/home/juan/Documents/Analisis-CC-PyCEFR/data/processed/python-algorithms/radon_output_python-algorithms.json
python-algorithms,python-algorithms,/home/juan/Documents/Analisis-CC-PyCEFR/python-algorithms/leetcode/src/hash_tables/lc_676_implement_magic_dictionary/implement_magic_dictionary.py,implement_magic_dictionary.py,method,buildDict,2,A,1,7,10,4,,0,/home/juan/Documents/Analisis-CC-PyCEFR/data/processed/python-algorithms/radon_output_python-algorithms.json
python-algorithms,python-algorithms,/home/juan/Documents/Analisis-CC-PyCEFR/python-algorithms/leetcode/src/hash_tables/lc_676_implement_magic_dictionary/implement_magic_dictionary.py,implement_magic_dictionary.py,method,__init__,1,A,1,4,5,4,,0,/home/juan/Documents/Analisis-CC-PyCEFR/data/processed/python-algorithms/radon_output_python-algorithms.json
python-algorithms,python-algorithms,/home/juan/Documents/Analisis-CC-PyCEFR/python-algorithms/leetcode/src/recursion/subset_sum/subset_sum.py,subset_sum.py,function,subset_sum_helper,2,A,1,7,13,0,,0,/home/juan/Documents/Analisis-CC-PyCEFR/data/processed/python-algorithms/radon_output_python-algorithms.json
python-algorithms,python-algorithms,/home/juan/Documents/Analisis-CC-PyCEFR/python-algorithms/leetcode/src/recursion/subset_sum/subset_sum.py,subset_sum.py,function,subset_sum,1,A,1,1,5,0,,0,/home/juan/Documents/Analisis-CC-PyCEFR/data/processed/python-algorithms/radon_output_python-algorithms.json
python-algorithms,python-algorithms,/home/juan/Documents/Analisis-CC-PyCEFR/python-algorithms/leetcode/src/recursion/lc_687_longest_univalue_path/longest_univalue_path.py,longest_univalue_path.py,function,longest_univalue_path,2,A,1,8,37,0,,0,/home/juan/Documents/Analisis-CC-PyCEFR/data/processed/python-algorithms/radon_output_python-algorithms.json
python-algorithms,python-algorithms,/home/juan/Documents/Analisis-CC-PyCEFR/python-algorithms/leetcode/src/recursion/lc_687_longest_univalue_path/longest_univalue_path.py,longest_univalue_path.py,function,longest_univalue_path_helper,6,B,2,11,32,4,longest_univalue_path,1,/home/juan/Documents/Analisis-CC-PyCEFR/data/processed/python-algorithms/radon_output_python-algorithms.json
python-algorithms,python-algorithms,/home/juan/Documents/Analisis-CC-PyCEFR/python-algorithms/leetcode/src/recursion/lc_687_longest_univalue_path/longest_univalue_path.py,longest_univalue_path.py,class,TreeNode,2,A,1,1,5,0,,0,/home/juan/Documents/Analisis-CC-PyCEFR/data/processed/python-algorithms/radon_output_python-algorithms.json
python-algorithms,python-algorithms,/home/juan/Documents/Analisis-CC-PyCEFR/python-algorithms/leetcode/src/recursion/lc_687_longest_univalue_path/longest_univalue_path.py,longest_univalue_path.py,method,__init__,1,A,1,2,5,4,,0,/home/juan/Documents/Analisis-CC-PyCEFR/data/processed/python-algorithms/radon_output_python-algorithms.json
python-algorithms,python-algorithms,/home/juan/Documents/Analisis-CC-PyCEFR/python-algorithms/leetcode/src/recursion/lc_60_permutation_sequence/permutation_sequence.py,permutation_sequence.py,function,getPermutation,4,A,1,1,19,0,,0,/home/juan/Documents/Analisis-CC-PyCEFR/data/processed/python-algorithms/radon_output_python-algorithms.json
python-algorithms,python-algorithms,/home/juan/Documents/Analisis-CC-PyCEFR/python-algorithms/leetcode/src/recursion/lc_698_partition_to_k_equal_sum_subsets/partition_to_k.py,partition_to_k.py,function,can_partion_k_subsets,2,A,1,1,28,0,,0,/home/juan/Documents/Analisis-CC-PyCEFR/data/processed/python-algorithms/radon_output_python-algorithms.json
python-algorithms,python-algorithms,/home/juan/Documents/Analisis-CC-PyCEFR/python-algorithms/leetcode/src/recursion/lc_698_partition_to_k_equal_sum_subsets/partition_to_k.py,partition_to_k.py,function,backtrack,7,B,2,8,26,4,can_partion_k_subsets,1,/home/juan/Documents/Analisis-CC-PyCEFR/data/processed/python-algorithms/radon_output_python-algorithms.json
python-algorithms,python-algorithms,/home/juan/Documents/Analisis-CC-PyCEFR/python-algorithms/leetcode/src/backtracking/lc_39_combination_sum_I/combination_sum.py,combination_sum.py,function,combination_sum,1,A,1,1,17,0,,0,/home/juan/Documents/Analisis-CC-PyCEFR/data/processed/python-algorithms/radon_output_python-algorithms.json
python-algorithms,python-algorithms,/home/juan/Documents/Analisis-CC-PyCEFR/python-algorithms/leetcode/src/backtracking/lc_39_combination_sum_I/combination_sum.py,combination_sum.py,function,combination_helper,4,A,1,2,13,4,combination_sum,1,/home/juan/Documents/Analisis-CC-PyCEFR/data/processed/python-algorithms/radon_output_python-algorithms.json
python-algorithms,python-algorithms,/home/juan/Documents/Analisis-CC-PyCEFR/python-algorithms/leetcode/src/backtracking/lc_115_distinct_subsequences/distinct_subs.py,distinct_subs.py,function,numDistinct,1,A,1,1,18,0,,0,/home/juan/Documents/Analisis-CC-PyCEFR/data/processed/python-algorithms/radon_output_python-algorithms.json
python-algorithms,python-algorithms,/home/juan/Documents/Analisis-CC-PyCEFR/python-algorithms/leetcode/src/backtracking/lc_115_distinct_subsequences/distinct_subs.py,distinct_subs.py,function,count,3,A,1,2,16,4,numDistinct,1,/home/juan/Documents/Analisis-CC-PyCEFR/data/processed/python-algorithms/radon_output_python-algorithms.json
python-algorithms,python-algorithms,/home/juan/Documents/Analisis-CC-PyCEFR/python-algorithms/leetcode/src/backtracking/lc_131_palindrom_partitioning/palindrome_partition.py,palindrome_partition.py,function,partition_helper,4,A,1,7,16,0,,0,/home/juan/Documents/Analisis-CC-PyCEFR/data/processed/python-algorithms/radon_output_python-algorithms.json
python-algorithms,python-algorithms,/home/juan/Documents/Analisis-CC-PyCEFR/python-algorithms/leetcode/src/backtracking/lc_131_palindrom_partitioning/palindrome_partition.py,palindrome_partition.py,function,isPalindrome,3,A,1,18,26,0,,0,/home/juan/Documents/Analisis-CC-PyCEFR/data/processed/python-algorithms/radon_output_python-algorithms.json
python-algorithms,python-algorithms,/home/juan/Documents/Analisis-CC-PyCEFR/python-algorithms/leetcode/src/backtracking/lc_131_palindrom_partitioning/palindrome_partition.py,palindrome_partition.py,function,partition,1,A,1,1,4,0,,0,/home/juan/Documents/Analisis-CC-PyCEFR/data/processed/python-algorithms/radon_output_python-algorithms.json
python-algorithms,python-algorithms,/home/juan/Documents/Analisis-CC-PyCEFR/python-algorithms/leetcode/src/backtracking/lc_40_combination_sum_II/combination_sum.py,combination_sum.py,function,combination_sum_helper,6,B,2,9,21,0,,0,/home/juan/Documents/Analisis-CC-PyCEFR/data/processed/python-algorithms/radon_output_python-algorithms.json
python-algorithms,python-algorithms,/home/juan/Documents/Analisis-CC-PyCEFR/python-algorithms/leetcode/src/backtracking/lc_40_combination_sum_II/combination_sum.py,combination_sum.py,function,combination_sum,1,A,1,1,6,0,,0,/home/juan/Documents/Analisis-CC-PyCEFR/data/processed/python-algorithms/radon_output_python-algorithms.json
python-algorithms,python-algorithms,/home/juan/Documents/Analisis-CC-PyCEFR/python-algorithms/leetcode/src/backtracking/lc_784_letter_code_permutation/letter_code_permutation.py,letter_code_permutation.py,function,letter_code_perm,1,A,1,1,24,0,,0,/home/juan/Documents/Analisis-CC-PyCEFR/data/processed/python-algorithms/radon_output_python-algorithms.json
python-algorithms,python-algorithms,/home/juan/Documents/Analisis-CC-PyCEFR/python-algorithms/leetcode/src/backtracking/lc_784_letter_code_permutation/letter_code_permutation.py,letter_code_permutation.py,function,letter_code_perm_helper,3,A,1,2,20,4,letter_code_perm,1,/home/juan/Documents/Analisis-CC-PyCEFR/data/processed/python-algorithms/radon_output_python-algorithms.json
python-algorithms,python-algorithms,/home/juan/Documents/Analisis-CC-PyCEFR/python-algorithms/leetcode/src/backtracking/lc_90_subsets_II/subsets.py,subsets.py,function,subset_helper,4,A,1,12,21,0,,0,/home/juan/Documents/Analisis-CC-PyCEFR/data/processed/python-algorithms/radon_output_python-algorithms.json
python-algorithms,python-algorithms,/home/juan/Documents/Analisis-CC-PyCEFR/python-algorithms/leetcode/src/backtracking/lc_90_subsets_II/subsets.py,subsets.py,function,subsets,1,A,1,6,10,0,,0,/home/juan/Documents/Analisis-CC-PyCEFR/data/processed/python-algorithms/radon_output_python-algorithms.json
python-algorithms,python-algorithms,/home/juan/Documents/Analisis-CC-PyCEFR/python-algorithms/leetcode/src/backtracking/lc_78_subsets/subsets.py,subsets.py,function,subsets,3,A,1,1,11,0,,0,/home/juan/Documents/Analisis-CC-PyCEFR/data/processed/python-algorithms/radon_output_python-algorithms.json
python-algorithms,python-algorithms,/home/juan/Documents/Analisis-CC-PyCEFR/python-algorithms/leetcode/src/backtracking/lc_78_subsets/subsets.py,subsets.py,function,gen_subsets,2,A,1,19,28,0,,0,/home/juan/Documents/Analisis-CC-PyCEFR/data/processed/python-algorithms/radon_output_python-algorithms.json
python-algorithms,python-algorithms,/home/juan/Documents/Analisis-CC-PyCEFR/python-algorithms/leetcode/src/backtracking/lc_78_subsets/subsets.py,subsets.py,function,subsets_recursive,1,A,1,13,17,0,,0,/home/juan/Documents/Analisis-CC-PyCEFR/data/processed/python-algorithms/radon_output_python-algorithms.json
python-algorithms,python-algorithms,/home/juan/Documents/Analisis-CC-PyCEFR/python-algorithms/leetcode/src/binary_trees/lc_226_invert_binary_tree/invert_binary_tree.py,invert_binary_tree.py,class,Node,2,A,1,1,4,0,,0,/home/juan/Documents/Analisis-CC-PyCEFR/data/processed/python-algorithms/radon_output_python-algorithms.json
python-algorithms,python-algorithms,/home/juan/Documents/Analisis-CC-PyCEFR/python-algorithms/leetcode/src/binary_trees/lc_226_invert_binary_tree/invert_binary_tree.py,invert_binary_tree.py,function,invert_binary_tree,1,A,1,9,22,0,,0,/home/juan/Documents/Analisis-CC-PyCEFR/data/processed/python-algorithms/radon_output_python-algorithms.json
python-algorithms,python-algorithms,/home/juan/Documents/Analisis-CC-PyCEFR/python-algorithms/leetcode/src/binary_trees/lc_226_invert_binary_tree/invert_binary_tree.py,invert_binary_tree.py,function,invert_binary_tree_helper,2,A,1,10,20,4,invert_binary_tree,1,/home/juan/Documents/Analisis-CC-PyCEFR/data/processed/python-algorithms/radon_output_python-algorithms.json
python-algorithms,python-algorithms,/home/juan/Documents/Analisis-CC-PyCEFR/python-algorithms/leetcode/src/binary_trees/lc_226_invert_binary_tree/invert_binary_tree.py,invert_binary_tree.py,method,__init__,1,A,1,2,4,4,,0,/home/juan/Documents/Analisis-CC-PyCEFR/data/processed/python-algorithms/radon_output_python-algorithms.json
python-algorithms,python-algorithms,/home/juan/Documents/Analisis-CC-PyCEFR/python-algorithms/leetcode/src/binary_trees/lc_538_convert_bst_to_greater_tree/convert_bst_to_greater_tree.py,convert_bst_to_greater_tree.py,function,convertBST,1,A,1,1,15,0,,0,/home/juan/Documents/Analisis-CC-PyCEFR/data/processed/python-algorithms/radon_output_python-algorithms.json
python-algorithms,python-algorithms,/home/juan/Documents/Analisis-CC-PyCEFR/python-algorithms/leetcode/src/binary_trees/lc_538_convert_bst_to_greater_tree/convert_bst_to_greater_tree.py,convert_bst_to_greater_tree.py,function,convertBstHelper,2,A,1,2,11,4,convertBST,1,/home/juan/Documents/Analisis-CC-PyCEFR/data/processed/python-algorithms/radon_output_python-algorithms.json
python-algorithms,python-algorithms,/home/juan/Documents/Analisis-CC-PyCEFR/python-algorithms/leetcode/src/binary_trees/lc_508_most_frequent_subtree_sum/most_frequent_subtree_sum.py,most_frequent_subtree_sum.py,function,findFrequentTreeSum2,3,A,1,31,53,0,,0,/home/juan/Documents/Analisis-CC-PyCEFR/data/processed/python-algorithms/radon_output_python-algorithms.json
python-algorithms,python-algorithms,/home/juan/Documents/Analisis-CC-PyCEFR/python-algorithms/leetcode/src/binary_trees/lc_508_most_frequent_subtree_sum/most_frequent_subtree_sum.py,most_frequent_subtree_sum.py,function,treeSumHelper,2,A,1,32,44,4,findFrequentTreeSum2,1,/home/juan/Documents/Analisis-CC-PyCEFR/data/processed/python-algorithms/radon_output_python-algorithms.json
python-algorithms,python-algorithms,/home/juan/Documents/Analisis-CC-PyCEFR/python-algorithms/leetcode/src/binary_trees/lc_508_most_frequent_subtree_sum/most_frequent_subtree_sum.py,most_frequent_subtree_sum.py,function,findFrequentTreeSum,1,A,1,5,26,0,,0,/home/juan/Documents/Analisis-CC-PyCEFR/data/processed/python-algorithms/radon_output_python-algorithms.json
python-algorithms,python-algorithms,/home/juan/Documents/Analisis-CC-PyCEFR/python-algorithms/leetcode/src/binary_trees/lc_508_most_frequent_subtree_sum/most_frequent_subtree_sum.py,most_frequent_subtree_sum.py,function,treeSumHelper,2,A,1,6,19,4,findFrequentTreeSum,1,/home/juan/Documents/Analisis-CC-PyCEFR/data/processed/python-algorithms/radon_output_python-algorithms.json
python-algorithms,python-algorithms,/home/juan/Documents/Analisis-CC-PyCEFR/python-algorithms/leetcode/src/binary_trees/lc_112_path_sum/path_sum.py,path_sum.py,class,Node,2,A,1,1,4,0,,0,/home/juan/Documents/Analisis-CC-PyCEFR/data/processed/python-algorithms/radon_output_python-algorithms.json
python-algorithms,python-algorithms,/home/juan/Documents/Analisis-CC-PyCEFR/python-algorithms/leetcode/src/binary_trees/lc_112_path_sum/path_sum.py,path_sum.py,function,path_sum,1,A,1,7,21,0,,0,/home/juan/Documents/Analisis-CC-PyCEFR/data/processed/python-algorithms/radon_output_python-algorithms.json
python-algorithms,python-algorithms,/home/juan/Documents/Analisis-CC-PyCEFR/python-algorithms/leetcode/src/binary_trees/lc_112_path_sum/path_sum.py,path_sum.py,function,path_sum_helper,6,B,2,8,19,4,path_sum,1,/home/juan/Documents/Analisis-CC-PyCEFR/data/processed/python-algorithms/radon_output_python-algorithms.json
python-algorithms,python-algorithms,/home/juan/Documents/Analisis-CC-PyCEFR/python-algorithms/leetcode/src/binary_trees/lc_112_path_sum/path_sum.py,path_sum.py,function,path_sum_2,1,A,1,26,44,0,,0,/home/juan/Documents/Analisis-CC-PyCEFR/data/processed/python-algorithms/radon_output_python-algorithms.json
python-algorithms,python-algorithms,/home/juan/Documents/Analisis-CC-PyCEFR/python-algorithms/leetcode/src/binary_trees/lc_112_path_sum/path_sum.py,path_sum.py,function,path_sum_helper,8,B,2,27,42,4,path_sum_2,1,/home/juan/Documents/Analisis-CC-PyCEFR/data/processed/python-algorithms/radon_output_python-algorithms.json
python-algorithms,python-algorithms,/home/juan/Documents/Analisis-CC-PyCEFR/python-algorithms/leetcode/src/binary_trees/lc_112_path_sum/path_sum.py,path_sum.py,method,__init__,1,A,1,2,4,4,,0,/home/juan/Documents/Analisis-CC-PyCEFR/data/processed/python-algorithms/radon_output_python-algorithms.json
python-algorithms,python-algorithms,/home/juan/Documents/Analisis-CC-PyCEFR/python-algorithms/leetcode/src/binary_trees/lc_572_subtree_of_another_tree/subtree_of_another_tree.py,subtree_of_another_tree.py,function,is_same_tree,7,B,2,11,16,0,,0,/home/juan/Documents/Analisis-CC-PyCEFR/data/processed/python-algorithms/radon_output_python-algorithms.json
python-algorithms,python-algorithms,/home/juan/Documents/Analisis-CC-PyCEFR/python-algorithms/leetcode/src/binary_trees/lc_572_subtree_of_another_tree/subtree_of_another_tree.py,subtree_of_another_tree.py,function,is_subtree,5,A,1,2,9,0,,0,/home/juan/Documents/Analisis-CC-PyCEFR/data/processed/python-algorithms/radon_output_python-algorithms.json
python-algorithms,python-algorithms,/home/juan/Documents/Analisis-CC-PyCEFR/python-algorithms/leetcode/src/binary_trees/lc_652_find_duplicate_subtrees/find_duplicate_subtrees.py,find_duplicate_subtrees.py,function,findDuplicateSubtrees,1,A,1,1,22,0,,0,/home/juan/Documents/Analisis-CC-PyCEFR/data/processed/python-algorithms/radon_output_python-algorithms.json
python-algorithms,python-algorithms,/home/juan/Documents/Analisis-CC-PyCEFR/python-algorithms/leetcode/src/binary_trees/lc_652_find_duplicate_subtrees/find_duplicate_subtrees.py,find_duplicate_subtrees.py,function,findDups,4,A,1,2,17,4,findDuplicateSubtrees,1,/home/juan/Documents/Analisis-CC-PyCEFR/data/processed/python-algorithms/radon_output_python-algorithms.json
python-algorithms,python-algorithms,/home/juan/Documents/Analisis-CC-PyCEFR/python-algorithms/leetcode/src/binary_trees/lc_94_inorder_traversal/inorder_iterative.py,inorder_iterative.py,function,inorder_traversal,5,A,1,7,20,0,,0,/home/juan/Documents/Analisis-CC-PyCEFR/data/processed/python-algorithms/radon_output_python-algorithms.json
python-algorithms,python-algorithms,/home/juan/Documents/Analisis-CC-PyCEFR/python-algorithms/leetcode/src/binary_trees/lc_94_inorder_traversal/inorder_iterative.py,inorder_iterative.py,class,Node,2,A,1,1,4,0,,0,/home/juan/Documents/Analisis-CC-PyCEFR/data/processed/python-algorithms/radon_output_python-algorithms.json
python-algorithms,python-algorithms,/home/juan/Documents/Analisis-CC-PyCEFR/python-algorithms/leetcode/src/binary_trees/lc_94_inorder_traversal/inorder_iterative.py,inorder_iterative.py,method,__init__,1,A,1,2,4,4,,0,/home/juan/Documents/Analisis-CC-PyCEFR/data/processed/python-algorithms/radon_output_python-algorithms.json
python-algorithms,python-algorithms,/home/juan/Documents/Analisis-CC-PyCEFR/python-algorithms/leetcode/src/binary_trees/lc_94_inorder_traversal/inorder_traversal.py,inorder_traversal.py,class,Node,2,A,1,1,4,0,,0,/home/juan/Documents/Analisis-CC-PyCEFR/data/processed/python-algorithms/radon_output_python-algorithms.json
python-algorithms,python-algorithms,/home/juan/Documents/Analisis-CC-PyCEFR/python-algorithms/leetcode/src/binary_trees/lc_94_inorder_traversal/inorder_traversal.py,inorder_traversal.py,function,inorder_traversal,1,A,1,7,19,0,,0,/home/juan/Documents/Analisis-CC-PyCEFR/data/processed/python-algorithms/radon_output_python-algorithms.json
python-algorithms,python-algorithms,/home/juan/Documents/Analisis-CC-PyCEFR/python-algorithms/leetcode/src/binary_trees/lc_94_inorder_traversal/inorder_traversal.py,inorder_traversal.py,function,inorder_traversal_helper,2,A,1,8,14,4,inorder_traversal,1,/home/juan/Documents/Analisis-CC-PyCEFR/data/processed/python-algorithms/radon_output_python-algorithms.json
python-algorithms,python-algorithms,/home/juan/Documents/Analisis-CC-PyCEFR/python-algorithms/leetcode/src/binary_trees/lc_94_inorder_traversal/inorder_traversal.py,inorder_traversal.py,method,__init__,1,A,1,2,4,4,,0,/home/juan/Documents/Analisis-CC-PyCEFR/data/processed/python-algorithms/radon_output_python-algorithms.json
python-algorithms,python-algorithms,/home/juan/Documents/Analisis-CC-PyCEFR/python-algorithms/leetcode/src/binary_trees/lc_501_find_mode_in_bst/find_mode_in_bst.py,find_mode_in_bst.py,function,find_mode_in_bst,1,A,1,6,33,0,,0,/home/juan/Documents/Analisis-CC-PyCEFR/data/processed/python-algorithms/radon_output_python-algorithms.json
python-algorithms,python-algorithms,/home/juan/Documents/Analisis-CC-PyCEFR/python-algorithms/leetcode/src/binary_trees/lc_501_find_mode_in_bst/find_mode_in_bst.py,find_mode_in_bst.py,function,find_mode_in_bst_helper,6,B,2,7,26,4,find_mode_in_bst,1,/home/juan/Documents/Analisis-CC-PyCEFR/data/processed/python-algorithms/radon_output_python-algorithms.json
python-algorithms,python-algorithms,/home/juan/Documents/Analisis-CC-PyCEFR/python-algorithms/leetcode/src/binary_trees/lc_501_find_mode_in_bst/find_mode_in_bst.py,find_mode_in_bst.py,function,find_mode_in_bst_preorder,1,A,1,38,54,0,,0,/home/juan/Documents/Analisis-CC-PyCEFR/data/processed/python-algorithms/radon_output_python-algorithms.json
python-algorithms,python-algorithms,/home/juan/Documents/Analisis-CC-PyCEFR/python-algorithms/leetcode/src/binary_trees/lc_501_find_mode_in_bst/find_mode_in_bst.py,find_mode_in_bst.py,function,find_mode_in_bst_helper,2,A,1,39,48,4,find_mode_in_bst_preorder,1,/home/juan/Documents/Analisis-CC-PyCEFR/data/processed/python-algorithms/radon_output_python-algorithms.json
python-algorithms,python-algorithms,/home/juan/Documents/Analisis-CC-PyCEFR/python-algorithms/leetcode/src/binary_trees/lc_104_max_depth_of_binary_tree/max_depth_of_binary_tree.py,max_depth_of_binary_tree.py,function,max_depth,2,A,1,7,14,0,,0,/home/juan/Documents/Analisis-CC-PyCEFR/data/processed/python-algorithms/radon_output_python-algorithms.json
python-algorithms,python-algorithms,/home/juan/Documents/Analisis-CC-PyCEFR/python-algorithms/leetcode/src/binary_trees/lc_104_max_depth_of_binary_tree/max_depth_of_binary_tree.py,max_depth_of_binary_tree.py,class,Node,2,A,1,1,4,0,,0,/home/juan/Documents/Analisis-CC-PyCEFR/data/processed/python-algorithms/radon_output_python-algorithms.json
python-algorithms,python-algorithms,/home/juan/Documents/Analisis-CC-PyCEFR/python-algorithms/leetcode/src/binary_trees/lc_104_max_depth_of_binary_tree/max_depth_of_binary_tree.py,max_depth_of_binary_tree.py,method,__init__,1,A,1,2,4,4,,0,/home/juan/Documents/Analisis-CC-PyCEFR/data/processed/python-algorithms/radon_output_python-algorithms.json
python-algorithms,python-algorithms,/home/juan/Documents/Analisis-CC-PyCEFR/python-algorithms/leetcode/src/binary_trees/lc_450_delete_bst_node/delete_bst_node.py,delete_bst_node.py,function,delete_node,11,C,3,5,26,0,,0,/home/juan/Documents/Analisis-CC-PyCEFR/data/processed/python-algorithms/radon_output_python-algorithms.json
python-algorithms,python-algorithms,/home/juan/Documents/Analisis-CC-PyCEFR/python-algorithms/leetcode/src/binary_trees/lc_450_delete_bst_node/delete_bst_node.py,delete_bst_node.py,function,delete_node_2,11,C,3,32,53,0,,0,/home/juan/Documents/Analisis-CC-PyCEFR/data/processed/python-algorithms/radon_output_python-algorithms.json
python-algorithms,python-algorithms,/home/juan/Documents/Analisis-CC-PyCEFR/python-algorithms/leetcode/src/binary_trees/lc_404_sum_of_left_leaves/sum_of_left_leaves.py,sum_of_left_leaves.py,class,TreeNode,2,A,1,1,5,0,,0,/home/juan/Documents/Analisis-CC-PyCEFR/data/processed/python-algorithms/radon_output_python-algorithms.json
python-algorithms,python-algorithms,/home/juan/Documents/Analisis-CC-PyCEFR/python-algorithms/leetcode/src/binary_trees/lc_404_sum_of_left_leaves/sum_of_left_leaves.py,sum_of_left_leaves.py,function,sum_of_left_leaves,1,A,1,7,24,0,,0,/home/juan/Documents/Analisis-CC-PyCEFR/data/processed/python-algorithms/radon_output_python-algorithms.json
python-algorithms,python-algorithms,/home/juan/Documents/Analisis-CC-PyCEFR/python-algorithms/leetcode/src/binary_trees/lc_404_sum_of_left_leaves/sum_of_left_leaves.py,sum_of_left_leaves.py,function,sum_left_leaves_helper,5,A,1,8,19,4,sum_of_left_leaves,1,/home/juan/Documents/Analisis-CC-PyCEFR/data/processed/python-algorithms/radon_output_python-algorithms.json
python-algorithms,python-algorithms,/home/juan/Documents/Analisis-CC-PyCEFR/python-algorithms/leetcode/src/binary_trees/lc_404_sum_of_left_leaves/sum_of_left_leaves.py,sum_of_left_leaves.py,function,sumOfLeftLeaves,1,A,1,29,46,0,,0,/home/juan/Documents/Analisis-CC-PyCEFR/data/processed/python-algorithms/radon_output_python-algorithms.json
python-algorithms,python-algorithms,/home/juan/Documents/Analisis-CC-PyCEFR/python-algorithms/leetcode/src/binary_trees/lc_404_sum_of_left_leaves/sum_of_left_leaves.py,sum_of_left_leaves.py,function,sumOfLeftLeavesHelper,5,A,1,30,41,4,sumOfLeftLeaves,1,/home/juan/Documents/Analisis-CC-PyCEFR/data/processed/python-algorithms/radon_output_python-algorithms.json
python-algorithms,python-algorithms,/home/juan/Documents/Analisis-CC-PyCEFR/python-algorithms/leetcode/src/binary_trees/lc_404_sum_of_left_leaves/sum_of_left_leaves.py,sum_of_left_leaves.py,method,__init__,1,A,1,2,5,4,,0,/home/juan/Documents/Analisis-CC-PyCEFR/data/processed/python-algorithms/radon_output_python-algorithms.json
python-algorithms,python-algorithms,/home/juan/Documents/Analisis-CC-PyCEFR/python-algorithms/leetcode/src/binary_trees/lc_543_diameter_of_a_tree/tree_diameter.py,tree_diameter.py,class,TreeNode,2,A,1,1,5,0,,0,/home/juan/Documents/Analisis-CC-PyCEFR/data/processed/python-algorithms/radon_output_python-algorithms.json
python-algorithms,python-algorithms,/home/juan/Documents/Analisis-CC-PyCEFR/python-algorithms/leetcode/src/binary_trees/lc_543_diameter_of_a_tree/tree_diameter.py,tree_diameter.py,function,tree_diameter,1,A,1,8,24,0,,0,/home/juan/Documents/Analisis-CC-PyCEFR/data/processed/python-algorithms/radon_output_python-algorithms.json
python-algorithms,python-algorithms,/home/juan/Documents/Analisis-CC-PyCEFR/python-algorithms/leetcode/src/binary_trees/lc_543_diameter_of_a_tree/tree_diameter.py,tree_diameter.py,function,tree_diameter_helper,2,A,1,9,19,4,tree_diameter,1,/home/juan/Documents/Analisis-CC-PyCEFR/data/processed/python-algorithms/radon_output_python-algorithms.json
python-algorithms,python-algorithms,/home/juan/Documents/Analisis-CC-PyCEFR/python-algorithms/leetcode/src/binary_trees/lc_543_diameter_of_a_tree/tree_diameter.py,tree_diameter.py,method,__init__,1,A,1,2,5,4,,0,/home/juan/Documents/Analisis-CC-PyCEFR/data/processed/python-algorithms/radon_output_python-algorithms.json
python-algorithms,python-algorithms,/home/juan/Documents/Analisis-CC-PyCEFR/python-algorithms/leetcode/src/binary_trees/lc_669_trim_a_binary_search_tree/trim_a_binary_search_tree.py,trim_a_binary_search_tree.py,function,trimBST,1,A,1,1,15,0,,0,/home/juan/Documents/Analisis-CC-PyCEFR/data/processed/python-algorithms/radon_output_python-algorithms.json
python-algorithms,python-algorithms,/home/juan/Documents/Analisis-CC-PyCEFR/python-algorithms/leetcode/src/binary_trees/lc_669_trim_a_binary_search_tree/trim_a_binary_search_tree.py,trim_a_binary_search_tree.py,function,trim,4,A,1,2,13,4,trimBST,1,/home/juan/Documents/Analisis-CC-PyCEFR/data/processed/python-algorithms/radon_output_python-algorithms.json
python-algorithms,python-algorithms,/home/juan/Documents/Analisis-CC-PyCEFR/python-algorithms/leetcode/src/binary_trees/lc_106_construct_binary_tree_from_inorder_postorder_traversal/construct_binary_tree_from_inorder_postorder_traversal.py,construct_binary_tree_from_inorder_postorder_traversal.py,function,build_tree,2,A,1,7,25,0,,0,/home/juan/Documents/Analisis-CC-PyCEFR/data/processed/python-algorithms/radon_output_python-algorithms.json
python-algorithms,python-algorithms,/home/juan/Documents/Analisis-CC-PyCEFR/python-algorithms/leetcode/src/binary_trees/lc_106_construct_binary_tree_from_inorder_postorder_traversal/construct_binary_tree_from_inorder_postorder_traversal.py,construct_binary_tree_from_inorder_postorder_traversal.py,function,buildTreeHelper,3,A,1,9,23,4,build_tree,1,/home/juan/Documents/Analisis-CC-PyCEFR/data/processed/python-algorithms/radon_output_python-algorithms.json
python-algorithms,python-algorithms,/home/juan/Documents/Analisis-CC-PyCEFR/python-algorithms/leetcode/src/binary_trees/lc_106_construct_binary_tree_from_inorder_postorder_traversal/construct_binary_tree_from_inorder_postorder_traversal.py,construct_binary_tree_from_inorder_postorder_traversal.py,class,TreeNode,2,A,1,1,5,0,,0,/home/juan/Documents/Analisis-CC-PyCEFR/data/processed/python-algorithms/radon_output_python-algorithms.json
python-algorithms,python-algorithms,/home/juan/Documents/Analisis-CC-PyCEFR/python-algorithms/leetcode/src/binary_trees/lc_106_construct_binary_tree_from_inorder_postorder_traversal/construct_binary_tree_from_inorder_postorder_traversal.py,construct_binary_tree_from_inorder_postorder_traversal.py,method,__init__,1,A,1,2,5,4,,0,/home/juan/Documents/Analisis-CC-PyCEFR/data/processed/python-algorithms/radon_output_python-algorithms.json
python-algorithms,python-algorithms,/home/juan/Documents/Analisis-CC-PyCEFR/python-algorithms/leetcode/src/binary_trees/lc_113_path_sum_II/path_sum.py,path_sum.py,function,path_sum,1,A,1,1,18,0,,0,/home/juan/Documents/Analisis-CC-PyCEFR/data/processed/python-algorithms/radon_output_python-algorithms.json
python-algorithms,python-algorithms,/home/juan/Documents/Analisis-CC-PyCEFR/python-algorithms/leetcode/src/binary_trees/lc_113_path_sum_II/path_sum.py,path_sum.py,function,path_sum_helper,5,A,1,2,13,4,path_sum,1,/home/juan/Documents/Analisis-CC-PyCEFR/data/processed/python-algorithms/radon_output_python-algorithms.json
python-algorithms,python-algorithms,/home/juan/Documents/Analisis-CC-PyCEFR/python-algorithms/leetcode/src/binary_trees/lc_108_converted_sorted_array_to_bst/converted_sorted_array_to_bst.py,converted_sorted_array_to_bst.py,function,convert_to_bst,2,A,1,7,23,0,,0,/home/juan/Documents/Analisis-CC-PyCEFR/data/processed/python-algorithms/radon_output_python-algorithms.json
python-algorithms,python-algorithms,/home/juan/Documents/Analisis-CC-PyCEFR/python-algorithms/leetcode/src/binary_trees/lc_108_converted_sorted_array_to_bst/converted_sorted_array_to_bst.py,converted_sorted_array_to_bst.py,function,convert_to_bst_helper,3,A,1,12,21,4,convert_to_bst,1,/home/juan/Documents/Analisis-CC-PyCEFR/data/processed/python-algorithms/radon_output_python-algorithms.json
python-algorithms,python-algorithms,/home/juan/Documents/Analisis-CC-PyCEFR/python-algorithms/leetcode/src/binary_trees/lc_108_converted_sorted_array_to_bst/converted_sorted_array_to_bst.py,converted_sorted_array_to_bst.py,function,inorder,2,A,1,26,32,0,,0,/home/juan/Documents/Analisis-CC-PyCEFR/data/processed/python-algorithms/radon_output_python-algorithms.json
python-algorithms,python-algorithms,/home/juan/Documents/Analisis-CC-PyCEFR/python-algorithms/leetcode/src/binary_trees/lc_108_converted_sorted_array_to_bst/converted_sorted_array_to_bst.py,converted_sorted_array_to_bst.py,class,Node,2,A,1,1,4,0,,0,/home/juan/Documents/Analisis-CC-PyCEFR/data/processed/python-algorithms/radon_output_python-algorithms.json
python-algorithms,python-algorithms,/home/juan/Documents/Analisis-CC-PyCEFR/python-algorithms/leetcode/src/binary_trees/lc_108_converted_sorted_array_to_bst/converted_sorted_array_to_bst.py,converted_sorted_array_to_bst.py,method,__init__,1,A,1,2,4,4,,0,/home/juan/Documents/Analisis-CC-PyCEFR/data/processed/python-algorithms/radon_output_python-algorithms.json
python-algorithms,python-algorithms,/home/juan/Documents/Analisis-CC-PyCEFR/python-algorithms/leetcode/src/binary_trees/lc_653_two_sum_IV/two_sum.py,two_sum.py,function,two_sum_bst,1,A,1,2,25,0,,0,/home/juan/Documents/Analisis-CC-PyCEFR/data/processed/python-algorithms/radon_output_python-algorithms.json
python-algorithms,python-algorithms,/home/juan/Documents/Analisis-CC-PyCEFR/python-algorithms/leetcode/src/binary_trees/lc_653_two_sum_IV/two_sum.py,two_sum.py,function,two_sum_helper,5,A,1,3,21,4,two_sum_bst,1,/home/juan/Documents/Analisis-CC-PyCEFR/data/processed/python-algorithms/radon_output_python-algorithms.json
python-algorithms,python-algorithms,/home/juan/Documents/Analisis-CC-PyCEFR/python-algorithms/leetcode/src/binary_trees/root_to_node_path_in_binary_tree/root_to_node.py,root_to_node.py,class,Node,2,A,1,2,5,0,,0,/home/juan/Documents/Analisis-CC-PyCEFR/data/processed/python-algorithms/radon_output_python-algorithms.json
python-algorithms,python-algorithms,/home/juan/Documents/Analisis-CC-PyCEFR/python-algorithms/leetcode/src/binary_trees/root_to_node_path_in_binary_tree/root_to_node.py,root_to_node.py,function,findPath,1,A,1,7,28,0,,0,/home/juan/Documents/Analisis-CC-PyCEFR/data/processed/python-algorithms/radon_output_python-algorithms.json
python-algorithms,python-algorithms,/home/juan/Documents/Analisis-CC-PyCEFR/python-algorithms/leetcode/src/binary_trees/root_to_node_path_in_binary_tree/root_to_node.py,root_to_node.py,function,solvePath,5,A,1,9,23,4,findPath,1,/home/juan/Documents/Analisis-CC-PyCEFR/data/processed/python-algorithms/radon_output_python-algorithms.json
python-algorithms,python-algorithms,/home/juan/Documents/Analisis-CC-PyCEFR/python-algorithms/leetcode/src/binary_trees/root_to_node_path_in_binary_tree/root_to_node.py,root_to_node.py,method,__init__,1,A,1,3,5,4,,0,/home/juan/Documents/Analisis-CC-PyCEFR/data/processed/python-algorithms/radon_output_python-algorithms.json
python-algorithms,python-algorithms,/home/juan/Documents/Analisis-CC-PyCEFR/python-algorithms/leetcode/src/binary_trees/lc_998_maximum_binary_tree_II/maximum_binary_tree.py,maximum_binary_tree.py,function,insertIntoMaxTree2,2,A,1,23,40,0,,0,/home/juan/Documents/Analisis-CC-PyCEFR/data/processed/python-algorithms/radon_output_python-algorithms.json
python-algorithms,python-algorithms,/home/juan/Documents/Analisis-CC-PyCEFR/python-algorithms/leetcode/src/binary_trees/lc_998_maximum_binary_tree_II/maximum_binary_tree.py,maximum_binary_tree.py,function,buildTree,2,A,1,29,38,8,insertIntoMaxTree2,1,/home/juan/Documents/Analisis-CC-PyCEFR/data/processed/python-algorithms/radon_output_python-algorithms.json
python-algorithms,python-algorithms,/home/juan/Documents/Analisis-CC-PyCEFR/python-algorithms/leetcode/src/binary_trees/lc_998_maximum_binary_tree_II/maximum_binary_tree.py,maximum_binary_tree.py,function,inorder,2,A,1,42,47,0,,0,/home/juan/Documents/Analisis-CC-PyCEFR/data/processed/python-algorithms/radon_output_python-algorithms.json
python-algorithms,python-algorithms,/home/juan/Documents/Analisis-CC-PyCEFR/python-algorithms/leetcode/src/binary_trees/lc_998_maximum_binary_tree_II/maximum_binary_tree.py,maximum_binary_tree.py,class,TreeNode,2,A,1,2,6,0,,0,/home/juan/Documents/Analisis-CC-PyCEFR/data/processed/python-algorithms/radon_output_python-algorithms.json
python-algorithms,python-algorithms,/home/juan/Documents/Analisis-CC-PyCEFR/python-algorithms/leetcode/src/binary_trees/lc_998_maximum_binary_tree_II/maximum_binary_tree.py,maximum_binary_tree.py,function,insertIntoMaxTree,1,A,1,9,19,0,,0,/home/juan/Documents/Analisis-CC-PyCEFR/data/processed/python-algorithms/radon_output_python-algorithms.json
python-algorithms,python-algorithms,/home/juan/Documents/Analisis-CC-PyCEFR/python-algorithms/leetcode/src/binary_trees/lc_998_maximum_binary_tree_II/maximum_binary_tree.py,maximum_binary_tree.py,function,buildTree,3,A,1,10,17,4,insertIntoMaxTree,1,/home/juan/Documents/Analisis-CC-PyCEFR/data/processed/python-algorithms/radon_output_python-algorithms.json
python-algorithms,python-algorithms,/home/juan/Documents/Analisis-CC-PyCEFR/python-algorithms/leetcode/src/binary_trees/lc_998_maximum_binary_tree_II/maximum_binary_tree.py,maximum_binary_tree.py,method,__init__,1,A,1,3,6,4,,0,/home/juan/Documents/Analisis-CC-PyCEFR/data/processed/python-algorithms/radon_output_python-algorithms.json
python-algorithms,python-algorithms,/home/juan/Documents/Analisis-CC-PyCEFR/python-algorithms/leetcode/src/binary_trees/lc_606_construct_string_from_tree/construct_string_from_tree.py,construct_string_from_tree.py,class,TreeNode,2,A,1,1,5,0,,0,/home/juan/Documents/Analisis-CC-PyCEFR/data/processed/python-algorithms/radon_output_python-algorithms.json
python-algorithms,python-algorithms,/home/juan/Documents/Analisis-CC-PyCEFR/python-algorithms/leetcode/src/binary_trees/lc_606_construct_string_from_tree/construct_string_from_tree.py,construct_string_from_tree.py,function,treeStr,1,A,1,7,22,0,,0,/home/juan/Documents/Analisis-CC-PyCEFR/data/processed/python-algorithms/radon_output_python-algorithms.json
python-algorithms,python-algorithms,/home/juan/Documents/Analisis-CC-PyCEFR/python-algorithms/leetcode/src/binary_trees/lc_606_construct_string_from_tree/construct_string_from_tree.py,construct_string_from_tree.py,function,treeStrHelper,4,A,1,8,20,4,treeStr,1,/home/juan/Documents/Analisis-CC-PyCEFR/data/processed/python-algorithms/radon_output_python-algorithms.json
python-algorithms,python-algorithms,/home/juan/Documents/Analisis-CC-PyCEFR/python-algorithms/leetcode/src/binary_trees/lc_606_construct_string_from_tree/construct_string_from_tree.py,construct_string_from_tree.py,method,__init__,1,A,1,2,5,4,,0,/home/juan/Documents/Analisis-CC-PyCEFR/data/processed/python-algorithms/radon_output_python-algorithms.json
python-algorithms,python-algorithms,/home/juan/Documents/Analisis-CC-PyCEFR/python-algorithms/leetcode/src/binary_trees/preorder_inorder_postorder_in_one_traversal/traversals_recursive.py,traversals_recursive.py,class,Node,2,A,1,1,4,0,,0,/home/juan/Documents/Analisis-CC-PyCEFR/data/processed/python-algorithms/radon_output_python-algorithms.json
python-algorithms,python-algorithms,/home/juan/Documents/Analisis-CC-PyCEFR/python-algorithms/leetcode/src/binary_trees/preorder_inorder_postorder_in_one_traversal/traversals_recursive.py,traversals_recursive.py,function,traversals,1,A,1,6,20,0,,0,/home/juan/Documents/Analisis-CC-PyCEFR/data/processed/python-algorithms/radon_output_python-algorithms.json
python-algorithms,python-algorithms,/home/juan/Documents/Analisis-CC-PyCEFR/python-algorithms/leetcode/src/binary_trees/preorder_inorder_postorder_in_one_traversal/traversals_recursive.py,traversals_recursive.py,function,traverse_helper,2,A,1,7,16,4,traversals,1,/home/juan/Documents/Analisis-CC-PyCEFR/data/processed/python-algorithms/radon_output_python-algorithms.json
python-algorithms,python-algorithms,/home/juan/Documents/Analisis-CC-PyCEFR/python-algorithms/leetcode/src/binary_trees/preorder_inorder_postorder_in_one_traversal/traversals_recursive.py,traversals_recursive.py,method,__init__,1,A,1,2,4,4,,0,/home/juan/Documents/Analisis-CC-PyCEFR/data/processed/python-algorithms/radon_output_python-algorithms.json
python-algorithms,python-algorithms,/home/juan/Documents/Analisis-CC-PyCEFR/python-algorithms/leetcode/src/binary_trees/preorder_inorder_postorder_in_one_traversal/traversals_iterative.py,traversals_iterative.py,function,traversals,7,B,2,6,27,0,,0,/home/juan/Documents/Analisis-CC-PyCEFR/data/processed/python-algorithms/radon_output_python-algorithms.json
python-algorithms,python-algorithms,/home/juan/Documents/Analisis-CC-PyCEFR/python-algorithms/leetcode/src/binary_trees/preorder_inorder_postorder_in_one_traversal/traversals_iterative.py,traversals_iterative.py,class,Node,2,A,1,1,4,0,,0,/home/juan/Documents/Analisis-CC-PyCEFR/data/processed/python-algorithms/radon_output_python-algorithms.json
python-algorithms,python-algorithms,/home/juan/Documents/Analisis-CC-PyCEFR/python-algorithms/leetcode/src/binary_trees/preorder_inorder_postorder_in_one_traversal/traversals_iterative.py,traversals_iterative.py,method,__init__,1,A,1,2,4,4,,0,/home/juan/Documents/Analisis-CC-PyCEFR/data/processed/python-algorithms/radon_output_python-algorithms.json
python-algorithms,python-algorithms,/home/juan/Documents/Analisis-CC-PyCEFR/python-algorithms/leetcode/src/binary_trees/lc_662_maximum_width_of_binary_tree/maximum_width_of_binary_tree.py,maximum_width_of_binary_tree.py,function,widthOfBinaryTree,6,B,2,3,21,0,,0,/home/juan/Documents/Analisis-CC-PyCEFR/data/processed/python-algorithms/radon_output_python-algorithms.json
python-algorithms,python-algorithms,/home/juan/Documents/Analisis-CC-PyCEFR/python-algorithms/leetcode/src/binary_trees/lc_99_recover_binary_search_trees/recover_binary_search_trees.py,recover_binary_search_trees.py,function,recover_bst,5,A,1,1,22,0,,0,/home/juan/Documents/Analisis-CC-PyCEFR/data/processed/python-algorithms/radon_output_python-algorithms.json
python-algorithms,python-algorithms,/home/juan/Documents/Analisis-CC-PyCEFR/python-algorithms/leetcode/src/binary_trees/lc_99_recover_binary_search_trees/recover_binary_search_trees.py,recover_binary_search_trees.py,function,recover_bst_helper,5,A,1,2,14,4,recover_bst,1,/home/juan/Documents/Analisis-CC-PyCEFR/data/processed/python-algorithms/radon_output_python-algorithms.json
python-algorithms,python-algorithms,/home/juan/Documents/Analisis-CC-PyCEFR/python-algorithms/leetcode/src/binary_trees/lc_107_binary_tree_level_order_traversal_II/binary_tree_level_order_traversal.py,binary_tree_level_order_traversal.py,function,level_order_bottom,6,B,2,3,23,0,,0,/home/juan/Documents/Analisis-CC-PyCEFR/data/processed/python-algorithms/radon_output_python-algorithms.json
python-algorithms,python-algorithms,/home/juan/Documents/Analisis-CC-PyCEFR/python-algorithms/leetcode/src/binary_trees/lc_111_min_depth_of_binary_tree/min_depth_of_binary_tree.py,min_depth_of_binary_tree.py,function,min_depth_bfs,8,B,2,10,31,0,,0,/home/juan/Documents/Analisis-CC-PyCEFR/data/processed/python-algorithms/radon_output_python-algorithms.json
python-algorithms,python-algorithms,/home/juan/Documents/Analisis-CC-PyCEFR/python-algorithms/leetcode/src/binary_trees/lc_111_min_depth_of_binary_tree/min_depth_of_binary_tree.py,min_depth_of_binary_tree.py,function,min_depth_of_tree,2,A,1,35,55,0,,0,/home/juan/Documents/Analisis-CC-PyCEFR/data/processed/python-algorithms/radon_output_python-algorithms.json
python-algorithms,python-algorithms,/home/juan/Documents/Analisis-CC-PyCEFR/python-algorithms/leetcode/src/binary_trees/lc_111_min_depth_of_binary_tree/min_depth_of_binary_tree.py,min_depth_of_binary_tree.py,function,min_depth_helper,6,B,2,37,50,4,min_depth_of_tree,1,/home/juan/Documents/Analisis-CC-PyCEFR/data/processed/python-algorithms/radon_output_python-algorithms.json
python-algorithms,python-algorithms,/home/juan/Documents/Analisis-CC-PyCEFR/python-algorithms/leetcode/src/binary_trees/lc_111_min_depth_of_binary_tree/min_depth_of_binary_tree.py,min_depth_of_binary_tree.py,class,Node,2,A,1,2,5,0,,0,/home/juan/Documents/Analisis-CC-PyCEFR/data/processed/python-algorithms/radon_output_python-algorithms.json
python-algorithms,python-algorithms,/home/juan/Documents/Analisis-CC-PyCEFR/python-algorithms/leetcode/src/binary_trees/lc_111_min_depth_of_binary_tree/min_depth_of_binary_tree.py,min_depth_of_binary_tree.py,method,__init__,1,A,1,3,5,4,,0,/home/juan/Documents/Analisis-CC-PyCEFR/data/processed/python-algorithms/radon_output_python-algorithms.json
python-algorithms,python-algorithms,/home/juan/Documents/Analisis-CC-PyCEFR/python-algorithms/leetcode/src/binary_trees/lc_236_lowest_common_ancestor_of_binary_tree/lowest_common_ancestor_of_binary_tree.py,lowest_common_ancestor_of_binary_tree.py,function,lca,1,A,1,4,20,0,,0,/home/juan/Documents/Analisis-CC-PyCEFR/data/processed/python-algorithms/radon_output_python-algorithms.json
python-algorithms,python-algorithms,/home/juan/Documents/Analisis-CC-PyCEFR/python-algorithms/leetcode/src/binary_trees/lc_236_lowest_common_ancestor_of_binary_tree/lowest_common_ancestor_of_binary_tree.py,lowest_common_ancestor_of_binary_tree.py,function,lca_helper,5,A,1,6,18,4,lca,1,/home/juan/Documents/Analisis-CC-PyCEFR/data/processed/python-algorithms/radon_output_python-algorithms.json
python-algorithms,python-algorithms,/home/juan/Documents/Analisis-CC-PyCEFR/python-algorithms/leetcode/src/binary_trees/lc_513_find_bottom_left_tree_value/find_bottom_left_tree_value.py,find_bottom_left_tree_value.py,function,findBottomLeftValue,6,B,2,3,19,0,,0,/home/juan/Documents/Analisis-CC-PyCEFR/data/processed/python-algorithms/radon_output_python-algorithms.json
python-algorithms,python-algorithms,/home/juan/Documents/Analisis-CC-PyCEFR/python-algorithms/leetcode/src/binary_trees/lc_863_all_nodes_distance_k_binary_tree/all_nodes_distance_k_binary_tree.py,all_nodes_distance_k_binary_tree.py,function,build_graph,4,A,1,13,24,0,,0,/home/juan/Documents/Analisis-CC-PyCEFR/data/processed/python-algorithms/radon_output_python-algorithms.json
python-algorithms,python-algorithms,/home/juan/Documents/Analisis-CC-PyCEFR/python-algorithms/leetcode/src/binary_trees/lc_863_all_nodes_distance_k_binary_tree/all_nodes_distance_k_binary_tree.py,all_nodes_distance_k_binary_tree.py,function,bfs,4,A,1,26,34,0,,0,/home/juan/Documents/Analisis-CC-PyCEFR/data/processed/python-algorithms/radon_output_python-algorithms.json
python-algorithms,python-algorithms,/home/juan/Documents/Analisis-CC-PyCEFR/python-algorithms/leetcode/src/binary_trees/lc_863_all_nodes_distance_k_binary_tree/all_nodes_distance_k_binary_tree.py,all_nodes_distance_k_binary_tree.py,function,distanceK,3,A,1,2,11,0,,0,/home/juan/Documents/Analisis-CC-PyCEFR/data/processed/python-algorithms/radon_output_python-algorithms.json
python-algorithms,python-algorithms,/home/juan/Documents/Analisis-CC-PyCEFR/python-algorithms/leetcode/src/binary_trees/lc_235_lca_of_binary_search_tree/lca_bst.py,lca_bst.py,class,TreeNode,2,A,1,1,5,0,,0,/home/juan/Documents/Analisis-CC-PyCEFR/data/processed/python-algorithms/radon_output_python-algorithms.json
python-algorithms,python-algorithms,/home/juan/Documents/Analisis-CC-PyCEFR/python-algorithms/leetcode/src/binary_trees/lc_235_lca_of_binary_search_tree/lca_bst.py,lca_bst.py,function,lca_bst,1,A,1,7,19,0,,0,/home/juan/Documents/Analisis-CC-PyCEFR/data/processed/python-algorithms/radon_output_python-algorithms.json
python-algorithms,python-algorithms,/home/juan/Documents/Analisis-CC-PyCEFR/python-algorithms/leetcode/src/binary_trees/lc_235_lca_of_binary_search_tree/lca_bst.py,lca_bst.py,function,lca_helper,6,B,2,8,17,4,lca_bst,1,/home/juan/Documents/Analisis-CC-PyCEFR/data/processed/python-algorithms/radon_output_python-algorithms.json
python-algorithms,python-algorithms,/home/juan/Documents/Analisis-CC-PyCEFR/python-algorithms/leetcode/src/binary_trees/lc_235_lca_of_binary_search_tree/lca_bst.py,lca_bst.py,method,__init__,1,A,1,2,5,4,,0,/home/juan/Documents/Analisis-CC-PyCEFR/data/processed/python-algorithms/radon_output_python-algorithms.json
python-algorithms,python-algorithms,/home/juan/Documents/Analisis-CC-PyCEFR/python-algorithms/leetcode/src/binary_trees/lc_105_construct_binary_tree_from_preorder_inorder_traversal/construct_binary_tree_from_preorder_inorder_traversal.py,construct_binary_tree_from_preorder_inorder_traversal.py,function,buildTree,2,A,1,7,24,0,,0,/home/juan/Documents/Analisis-CC-PyCEFR/data/processed/python-algorithms/radon_output_python-algorithms.json
python-algorithms,python-algorithms,/home/juan/Documents/Analisis-CC-PyCEFR/python-algorithms/leetcode/src/binary_trees/lc_105_construct_binary_tree_from_preorder_inorder_traversal/construct_binary_tree_from_preorder_inorder_traversal.py,construct_binary_tree_from_preorder_inorder_traversal.py,function,buildTreeHelper,3,A,1,9,22,4,buildTree,1,/home/juan/Documents/Analisis-CC-PyCEFR/data/processed/python-algorithms/radon_output_python-algorithms.json
python-algorithms,python-algorithms,/home/juan/Documents/Analisis-CC-PyCEFR/python-algorithms/leetcode/src/binary_trees/lc_105_construct_binary_tree_from_preorder_inorder_traversal/construct_binary_tree_from_preorder_inorder_traversal.py,construct_binary_tree_from_preorder_inorder_traversal.py,class,TreeNode,2,A,1,1,4,0,,0,/home/juan/Documents/Analisis-CC-PyCEFR/data/processed/python-algorithms/radon_output_python-algorithms.json
python-algorithms,python-algorithms,/home/juan/Documents/Analisis-CC-PyCEFR/python-algorithms/leetcode/src/binary_trees/lc_105_construct_binary_tree_from_preorder_inorder_traversal/construct_binary_tree_from_preorder_inorder_traversal.py,construct_binary_tree_from_preorder_inorder_traversal.py,method,__init__,1,A,1,2,4,4,,0,/home/juan/Documents/Analisis-CC-PyCEFR/data/processed/python-algorithms/radon_output_python-algorithms.json
python-algorithms,python-algorithms,/home/juan/Documents/Analisis-CC-PyCEFR/python-algorithms/leetcode/src/binary_trees/lc_117_populate_next_right_pointer_in_each_node_II/populate_next_right_pointers.py,populate_next_right_pointers.py,function,connect,7,B,2,4,25,0,,0,/home/juan/Documents/Analisis-CC-PyCEFR/data/processed/python-algorithms/radon_output_python-algorithms.json
python-algorithms,python-algorithms,/home/juan/Documents/Analisis-CC-PyCEFR/python-algorithms/leetcode/src/binary_trees/lc_563_binary_tree_tilt/binary_tree_tilt.py,binary_tree_tilt.py,class,TreeNode,2,A,1,2,6,0,,0,/home/juan/Documents/Analisis-CC-PyCEFR/data/processed/python-algorithms/radon_output_python-algorithms.json
python-algorithms,python-algorithms,/home/juan/Documents/Analisis-CC-PyCEFR/python-algorithms/leetcode/src/binary_trees/lc_563_binary_tree_tilt/binary_tree_tilt.py,binary_tree_tilt.py,function,binary_tree_tilt_simple,1,A,1,10,25,0,,0,/home/juan/Documents/Analisis-CC-PyCEFR/data/processed/python-algorithms/radon_output_python-algorithms.json
python-algorithms,python-algorithms,/home/juan/Documents/Analisis-CC-PyCEFR/python-algorithms/leetcode/src/binary_trees/lc_563_binary_tree_tilt/binary_tree_tilt.py,binary_tree_tilt.py,function,binary_tree_tilt_helper,2,A,1,11,20,4,binary_tree_tilt_simple,1,/home/juan/Documents/Analisis-CC-PyCEFR/data/processed/python-algorithms/radon_output_python-algorithms.json
python-algorithms,python-algorithms,/home/juan/Documents/Analisis-CC-PyCEFR/python-algorithms/leetcode/src/binary_trees/lc_563_binary_tree_tilt/binary_tree_tilt.py,binary_tree_tilt.py,function,binary_tree_tilt,1,A,1,30,53,0,,0,/home/juan/Documents/Analisis-CC-PyCEFR/data/processed/python-algorithms/radon_output_python-algorithms.json
python-algorithms,python-algorithms,/home/juan/Documents/Analisis-CC-PyCEFR/python-algorithms/leetcode/src/binary_trees/lc_563_binary_tree_tilt/binary_tree_tilt.py,binary_tree_tilt.py,function,binary_tree_tilt_helper,4,A,1,32,48,4,binary_tree_tilt,1,/home/juan/Documents/Analisis-CC-PyCEFR/data/processed/python-algorithms/radon_output_python-algorithms.json
python-algorithms,python-algorithms,/home/juan/Documents/Analisis-CC-PyCEFR/python-algorithms/leetcode/src/binary_trees/lc_563_binary_tree_tilt/binary_tree_tilt.py,binary_tree_tilt.py,method,__init__,1,A,1,3,6,4,,0,/home/juan/Documents/Analisis-CC-PyCEFR/data/processed/python-algorithms/radon_output_python-algorithms.json
python-algorithms,python-algorithms,/home/juan/Documents/Analisis-CC-PyCEFR/python-algorithms/leetcode/src/binary_trees/lc_102_binary_tree_level_order_traversal/binary_tree_level_order_traversal.py,binary_tree_level_order_traversal.py,function,level_order_traversal,6,B,2,3,21,0,,0,/home/juan/Documents/Analisis-CC-PyCEFR/data/processed/python-algorithms/radon_output_python-algorithms.json
python-algorithms,python-algorithms,/home/juan/Documents/Analisis-CC-PyCEFR/python-algorithms/leetcode/src/binary_trees/lc_687_longest_univalue_path/longest_univalue_path.py,longest_univalue_path.py,function,longest_univalue_path,1,A,1,3,24,0,,0,/home/juan/Documents/Analisis-CC-PyCEFR/data/processed/python-algorithms/radon_output_python-algorithms.json
python-algorithms,python-algorithms,/home/juan/Documents/Analisis-CC-PyCEFR/python-algorithms/leetcode/src/binary_trees/lc_687_longest_univalue_path/longest_univalue_path.py,longest_univalue_path.py,function,longest_univalue_path_helper,6,B,2,6,20,4,longest_univalue_path,1,/home/juan/Documents/Analisis-CC-PyCEFR/data/processed/python-algorithms/radon_output_python-algorithms.json
python-algorithms,python-algorithms,/home/juan/Documents/Analisis-CC-PyCEFR/python-algorithms/leetcode/src/binary_trees/lc_114_flatten_binary_tree_to_linkedlist/flatten_binary_tree_to_linkedlist.py,flatten_binary_tree_to_linkedlist.py,function,flatten,1,A,1,3,22,0,,0,/home/juan/Documents/Analisis-CC-PyCEFR/data/processed/python-algorithms/radon_output_python-algorithms.json
python-algorithms,python-algorithms,/home/juan/Documents/Analisis-CC-PyCEFR/python-algorithms/leetcode/src/binary_trees/lc_114_flatten_binary_tree_to_linkedlist/flatten_binary_tree_to_linkedlist.py,flatten_binary_tree_to_linkedlist.py,function,flatten_helper,4,A,1,4,19,4,flatten,1,/home/juan/Documents/Analisis-CC-PyCEFR/data/processed/python-algorithms/radon_output_python-algorithms.json
python-algorithms,python-algorithms,/home/juan/Documents/Analisis-CC-PyCEFR/python-algorithms/leetcode/src/binary_trees/lc_114_flatten_binary_tree_to_linkedlist/flatten_binary_tree_to_linkedlist.py,flatten_binary_tree_to_linkedlist.py,function,flatten,1,A,1,29,43,0,,0,/home/juan/Documents/Analisis-CC-PyCEFR/data/processed/python-algorithms/radon_output_python-algorithms.json
python-algorithms,python-algorithms,/home/juan/Documents/Analisis-CC-PyCEFR/python-algorithms/leetcode/src/binary_trees/lc_114_flatten_binary_tree_to_linkedlist/flatten_binary_tree_to_linkedlist.py,flatten_binary_tree_to_linkedlist.py,function,flatten_helper,5,A,1,30,41,4,flatten,1,/home/juan/Documents/Analisis-CC-PyCEFR/data/processed/python-algorithms/radon_output_python-algorithms.json
python-algorithms,python-algorithms,/home/juan/Documents/Analisis-CC-PyCEFR/python-algorithms/leetcode/src/binary_trees/lc_199_binary_tree_right_side_view/binary_tree_right_side_view.py,binary_tree_right_side_view.py,function,rightSideView,7,B,2,3,21,0,,0,/home/juan/Documents/Analisis-CC-PyCEFR/data/processed/python-algorithms/radon_output_python-algorithms.json
python-algorithms,python-algorithms,/home/juan/Documents/Analisis-CC-PyCEFR/python-algorithms/leetcode/src/binary_trees/lc_199_binary_tree_right_side_view/binary_tree_right_side_view.py,binary_tree_right_side_view.py,function,rightSideViewRecursive,1,A,1,24,37,0,,0,/home/juan/Documents/Analisis-CC-PyCEFR/data/processed/python-algorithms/radon_output_python-algorithms.json
python-algorithms,python-algorithms,/home/juan/Documents/Analisis-CC-PyCEFR/python-algorithms/leetcode/src/binary_trees/lc_199_binary_tree_right_side_view/binary_tree_right_side_view.py,binary_tree_right_side_view.py,function,rightSideViewHelper,3,A,1,25,32,4,rightSideViewRecursive,1,/home/juan/Documents/Analisis-CC-PyCEFR/data/processed/python-algorithms/radon_output_python-algorithms.json
python-algorithms,python-algorithms,/home/juan/Documents/Analisis-CC-PyCEFR/python-algorithms/leetcode/src/binary_trees/lc_173_binary_search_tree_iterator/binary_search_tree_iterator.py,binary_search_tree_iterator.py,class,BSTIterator,3,A,1,2,24,0,,0,/home/juan/Documents/Analisis-CC-PyCEFR/data/processed/python-algorithms/radon_output_python-algorithms.json
python-algorithms,python-algorithms,/home/juan/Documents/Analisis-CC-PyCEFR/python-algorithms/leetcode/src/binary_trees/lc_173_binary_search_tree_iterator/binary_search_tree_iterator.py,binary_search_tree_iterator.py,method,hasNext,3,A,1,14,17,4,,0,/home/juan/Documents/Analisis-CC-PyCEFR/data/processed/python-algorithms/radon_output_python-algorithms.json
python-algorithms,python-algorithms,/home/juan/Documents/Analisis-CC-PyCEFR/python-algorithms/leetcode/src/binary_trees/lc_173_binary_search_tree_iterator/binary_search_tree_iterator.py,binary_search_tree_iterator.py,class,BSTIterator2,3,A,1,29,49,0,,0,/home/juan/Documents/Analisis-CC-PyCEFR/data/processed/python-algorithms/radon_output_python-algorithms.json
python-algorithms,python-algorithms,/home/juan/Documents/Analisis-CC-PyCEFR/python-algorithms/leetcode/src/binary_trees/lc_173_binary_search_tree_iterator/binary_search_tree_iterator.py,binary_search_tree_iterator.py,method,__init__,2,A,1,3,6,4,,0,/home/juan/Documents/Analisis-CC-PyCEFR/data/processed/python-algorithms/radon_output_python-algorithms.json
python-algorithms,python-algorithms,/home/juan/Documents/Analisis-CC-PyCEFR/python-algorithms/leetcode/src/binary_trees/lc_173_binary_search_tree_iterator/binary_search_tree_iterator.py,binary_search_tree_iterator.py,method,next,2,A,1,8,12,4,,0,/home/juan/Documents/Analisis-CC-PyCEFR/data/processed/python-algorithms/radon_output_python-algorithms.json
python-algorithms,python-algorithms,/home/juan/Documents/Analisis-CC-PyCEFR/python-algorithms/leetcode/src/binary_trees/lc_173_binary_search_tree_iterator/binary_search_tree_iterator.py,binary_search_tree_iterator.py,method,inorder,2,A,1,19,24,4,,0,/home/juan/Documents/Analisis-CC-PyCEFR/data/processed/python-algorithms/radon_output_python-algorithms.json
python-algorithms,python-algorithms,/home/juan/Documents/Analisis-CC-PyCEFR/python-algorithms/leetcode/src/binary_trees/lc_173_binary_search_tree_iterator/binary_search_tree_iterator.py,binary_search_tree_iterator.py,method,next,2,A,1,34,37,4,,0,/home/juan/Documents/Analisis-CC-PyCEFR/data/processed/python-algorithms/radon_output_python-algorithms.json
python-algorithms,python-algorithms,/home/juan/Documents/Analisis-CC-PyCEFR/python-algorithms/leetcode/src/binary_trees/lc_173_binary_search_tree_iterator/binary_search_tree_iterator.py,binary_search_tree_iterator.py,method,hasNext,2,A,1,39,42,4,,0,/home/juan/Documents/Analisis-CC-PyCEFR/data/processed/python-algorithms/radon_output_python-algorithms.json
python-algorithms,python-algorithms,/home/juan/Documents/Analisis-CC-PyCEFR/python-algorithms/leetcode/src/binary_trees/lc_173_binary_search_tree_iterator/binary_search_tree_iterator.py,binary_search_tree_iterator.py,method,inorder,2,A,1,44,49,4,,0,/home/juan/Documents/Analisis-CC-PyCEFR/data/processed/python-algorithms/radon_output_python-algorithms.json
python-algorithms,python-algorithms,/home/juan/Documents/Analisis-CC-PyCEFR/python-algorithms/leetcode/src/binary_trees/lc_173_binary_search_tree_iterator/binary_search_tree_iterator.py,binary_search_tree_iterator.py,method,__init__,1,A,1,30,32,4,,0,/home/juan/Documents/Analisis-CC-PyCEFR/data/processed/python-algorithms/radon_output_python-algorithms.json
python-algorithms,python-algorithms,/home/juan/Documents/Analisis-CC-PyCEFR/python-algorithms/leetcode/src/binary_trees/lc_530_minimum_absolute_diff_in_bst/min_absolute_diff_in_bst.py,min_absolute_diff_in_bst.py,class,TreeNode,2,A,1,1,5,0,,0,/home/juan/Documents/Analisis-CC-PyCEFR/data/processed/python-algorithms/radon_output_python-algorithms.json
python-algorithms,python-algorithms,/home/juan/Documents/Analisis-CC-PyCEFR/python-algorithms/leetcode/src/binary_trees/lc_530_minimum_absolute_diff_in_bst/min_absolute_diff_in_bst.py,min_absolute_diff_in_bst.py,function,min_absolute_diff,1,A,1,8,24,0,,0,/home/juan/Documents/Analisis-CC-PyCEFR/data/processed/python-algorithms/radon_output_python-algorithms.json
python-algorithms,python-algorithms,/home/juan/Documents/Analisis-CC-PyCEFR/python-algorithms/leetcode/src/binary_trees/lc_530_minimum_absolute_diff_in_bst/min_absolute_diff_in_bst.py,min_absolute_diff_in_bst.py,function,min_absolute_diff_helper,3,A,1,10,21,4,min_absolute_diff,1,/home/juan/Documents/Analisis-CC-PyCEFR/data/processed/python-algorithms/radon_output_python-algorithms.json
python-algorithms,python-algorithms,/home/juan/Documents/Analisis-CC-PyCEFR/python-algorithms/leetcode/src/binary_trees/lc_530_minimum_absolute_diff_in_bst/min_absolute_diff_in_bst.py,min_absolute_diff_in_bst.py,method,__init__,1,A,1,2,5,4,,0,/home/juan/Documents/Analisis-CC-PyCEFR/data/processed/python-algorithms/radon_output_python-algorithms.json
python-algorithms,python-algorithms,/home/juan/Documents/Analisis-CC-PyCEFR/python-algorithms/leetcode/src/binary_trees/lc_623_add_one_row_to_tree/add_one_row_to_tree.py,add_one_row_to_tree.py,function,addOneRow,9,B,2,9,34,0,,0,/home/juan/Documents/Analisis-CC-PyCEFR/data/processed/python-algorithms/radon_output_python-algorithms.json
python-algorithms,python-algorithms,/home/juan/Documents/Analisis-CC-PyCEFR/python-algorithms/leetcode/src/binary_trees/lc_623_add_one_row_to_tree/add_one_row_to_tree.py,add_one_row_to_tree.py,class,TreeNode,2,A,1,3,7,0,,0,/home/juan/Documents/Analisis-CC-PyCEFR/data/processed/python-algorithms/radon_output_python-algorithms.json
python-algorithms,python-algorithms,/home/juan/Documents/Analisis-CC-PyCEFR/python-algorithms/leetcode/src/binary_trees/lc_623_add_one_row_to_tree/add_one_row_to_tree.py,add_one_row_to_tree.py,method,__init__,1,A,1,4,7,4,,0,/home/juan/Documents/Analisis-CC-PyCEFR/data/processed/python-algorithms/radon_output_python-algorithms.json
python-algorithms,python-algorithms,/home/juan/Documents/Analisis-CC-PyCEFR/python-algorithms/leetcode/src/binary_trees/lc_988_smallest_string_starting_from_leaf/smallest_string_starting_from_leaf.py,smallest_string_starting_from_leaf.py,class,Solution,3,A,1,4,28,0,,0,/home/juan/Documents/Analisis-CC-PyCEFR/data/processed/python-algorithms/radon_output_python-algorithms.json
python-algorithms,python-algorithms,/home/juan/Documents/Analisis-CC-PyCEFR/python-algorithms/leetcode/src/binary_trees/lc_988_smallest_string_starting_from_leaf/smallest_string_starting_from_leaf.py,smallest_string_starting_from_leaf.py,method,smallestFromLeaf,2,A,1,5,25,4,,0,/home/juan/Documents/Analisis-CC-PyCEFR/data/processed/python-algorithms/radon_output_python-algorithms.json
python-algorithms,python-algorithms,/home/juan/Documents/Analisis-CC-PyCEFR/python-algorithms/leetcode/src/binary_trees/lc_988_smallest_string_starting_from_leaf/smallest_string_starting_from_leaf.py,smallest_string_starting_from_leaf.py,function,helper,4,A,1,7,18,8,smallestFromLeaf,1,/home/juan/Documents/Analisis-CC-PyCEFR/data/processed/python-algorithms/radon_output_python-algorithms.json
python-algorithms,python-algorithms,/home/juan/Documents/Analisis-CC-PyCEFR/python-algorithms/leetcode/src/binary_trees/lc_988_smallest_string_starting_from_leaf/smallest_string_starting_from_leaf.py,smallest_string_starting_from_leaf.py,method,num_to_char,1,A,1,27,28,4,,0,/home/juan/Documents/Analisis-CC-PyCEFR/data/processed/python-algorithms/radon_output_python-algorithms.json
python-algorithms,python-algorithms,/home/juan/Documents/Analisis-CC-PyCEFR/python-algorithms/leetcode/src/binary_trees/lc_637_average_of_levels_in_binary_tree/average_of_levels_in_binary_tree.py,average_of_levels_in_binary_tree.py,function,average_of_levels,5,A,1,3,23,0,,0,/home/juan/Documents/Analisis-CC-PyCEFR/data/processed/python-algorithms/radon_output_python-algorithms.json
python-algorithms,python-algorithms,/home/juan/Documents/Analisis-CC-PyCEFR/python-algorithms/leetcode/src/binary_trees/lc_110_balanced_binary_tree/balanced_binary_tree.py,balanced_binary_tree.py,class,Node,2,A,1,4,7,0,,0,/home/juan/Documents/Analisis-CC-PyCEFR/data/processed/python-algorithms/radon_output_python-algorithms.json
python-algorithms,python-algorithms,/home/juan/Documents/Analisis-CC-PyCEFR/python-algorithms/leetcode/src/binary_trees/lc_110_balanced_binary_tree/balanced_binary_tree.py,balanced_binary_tree.py,function,is_balanced,1,A,1,10,30,0,,0,/home/juan/Documents/Analisis-CC-PyCEFR/data/processed/python-algorithms/radon_output_python-algorithms.json
python-algorithms,python-algorithms,/home/juan/Documents/Analisis-CC-PyCEFR/python-algorithms/leetcode/src/binary_trees/lc_110_balanced_binary_tree/balanced_binary_tree.py,balanced_binary_tree.py,function,is_balanced_helper,5,A,1,13,28,4,is_balanced,1,/home/juan/Documents/Analisis-CC-PyCEFR/data/processed/python-algorithms/radon_output_python-algorithms.json
python-algorithms,python-algorithms,/home/juan/Documents/Analisis-CC-PyCEFR/python-algorithms/leetcode/src/binary_trees/lc_110_balanced_binary_tree/balanced_binary_tree.py,balanced_binary_tree.py,method,__init__,1,A,1,5,7,4,,0,/home/juan/Documents/Analisis-CC-PyCEFR/data/processed/python-algorithms/radon_output_python-algorithms.json
python-algorithms,python-algorithms,/home/juan/Documents/Analisis-CC-PyCEFR/python-algorithms/leetcode/src/binary_trees/lc_654_maximum_binary_tree/maximum_binary_tree.py,maximum_binary_tree.py,function,getMax,3,A,1,46,53,0,,0,/home/juan/Documents/Analisis-CC-PyCEFR/data/processed/python-algorithms/radon_output_python-algorithms.json
python-algorithms,python-algorithms,/home/juan/Documents/Analisis-CC-PyCEFR/python-algorithms/leetcode/src/binary_trees/lc_654_maximum_binary_tree/maximum_binary_tree.py,maximum_binary_tree.py,class,TreeNode,2,A,1,1,5,0,,0,/home/juan/Documents/Analisis-CC-PyCEFR/data/processed/python-algorithms/radon_output_python-algorithms.json
python-algorithms,python-algorithms,/home/juan/Documents/Analisis-CC-PyCEFR/python-algorithms/leetcode/src/binary_trees/lc_654_maximum_binary_tree/maximum_binary_tree.py,maximum_binary_tree.py,function,construct_max_binary_tree,1,A,1,9,21,0,,0,/home/juan/Documents/Analisis-CC-PyCEFR/data/processed/python-algorithms/radon_output_python-algorithms.json
python-algorithms,python-algorithms,/home/juan/Documents/Analisis-CC-PyCEFR/python-algorithms/leetcode/src/binary_trees/lc_654_maximum_binary_tree/maximum_binary_tree.py,maximum_binary_tree.py,function,construct_tree,2,A,1,10,19,8,construct_max_binary_tree,1,/home/juan/Documents/Analisis-CC-PyCEFR/data/processed/python-algorithms/radon_output_python-algorithms.json
python-algorithms,python-algorithms,/home/juan/Documents/Analisis-CC-PyCEFR/python-algorithms/leetcode/src/binary_trees/lc_654_maximum_binary_tree/maximum_binary_tree.py,maximum_binary_tree.py,function,constructMaximumBinaryTree,1,A,1,26,43,0,,0,/home/juan/Documents/Analisis-CC-PyCEFR/data/processed/python-algorithms/radon_output_python-algorithms.json
python-algorithms,python-algorithms,/home/juan/Documents/Analisis-CC-PyCEFR/python-algorithms/leetcode/src/binary_trees/lc_654_maximum_binary_tree/maximum_binary_tree.py,maximum_binary_tree.py,function,buildTree,2,A,1,28,36,4,constructMaximumBinaryTree,1,/home/juan/Documents/Analisis-CC-PyCEFR/data/processed/python-algorithms/radon_output_python-algorithms.json
python-algorithms,python-algorithms,/home/juan/Documents/Analisis-CC-PyCEFR/python-algorithms/leetcode/src/binary_trees/lc_654_maximum_binary_tree/maximum_binary_tree.py,maximum_binary_tree.py,method,__init__,1,A,1,2,5,4,,0,/home/juan/Documents/Analisis-CC-PyCEFR/data/processed/python-algorithms/radon_output_python-algorithms.json
python-algorithms,python-algorithms,/home/juan/Documents/Analisis-CC-PyCEFR/python-algorithms/leetcode/src/binary_trees/lc_222_count_complete_tree_nodes/count_complete_tree_nodes.py,count_complete_tree_nodes.py,function,countNodes,2,A,1,1,14,0,,0,/home/juan/Documents/Analisis-CC-PyCEFR/data/processed/python-algorithms/radon_output_python-algorithms.json
python-algorithms,python-algorithms,/home/juan/Documents/Analisis-CC-PyCEFR/python-algorithms/leetcode/src/binary_trees/lc_222_count_complete_tree_nodes/count_complete_tree_nodes.py,count_complete_tree_nodes.py,function,countNodesHelper,2,A,1,2,8,4,countNodes,1,/home/juan/Documents/Analisis-CC-PyCEFR/data/processed/python-algorithms/radon_output_python-algorithms.json
python-algorithms,python-algorithms,/home/juan/Documents/Analisis-CC-PyCEFR/python-algorithms/leetcode/src/binary_trees/lc_129_sum_root_to_leaf_numbers/sum_root_to_leaf_numbers.py,sum_root_to_leaf_numbers.py,function,sum_numbers,1,A,1,1,11,0,,0,/home/juan/Documents/Analisis-CC-PyCEFR/data/processed/python-algorithms/radon_output_python-algorithms.json
python-algorithms,python-algorithms,/home/juan/Documents/Analisis-CC-PyCEFR/python-algorithms/leetcode/src/binary_trees/lc_129_sum_root_to_leaf_numbers/sum_root_to_leaf_numbers.py,sum_root_to_leaf_numbers.py,function,sum_numbers_helper,4,A,1,2,9,4,sum_numbers,1,/home/juan/Documents/Analisis-CC-PyCEFR/data/processed/python-algorithms/radon_output_python-algorithms.json
python-algorithms,python-algorithms,/home/juan/Documents/Analisis-CC-PyCEFR/python-algorithms/leetcode/src/binary_trees/lc_100_same_tree/same_tree.py,same_tree.py,class,Node,2,A,1,1,4,0,,0,/home/juan/Documents/Analisis-CC-PyCEFR/data/processed/python-algorithms/radon_output_python-algorithms.json
python-algorithms,python-algorithms,/home/juan/Documents/Analisis-CC-PyCEFR/python-algorithms/leetcode/src/binary_trees/lc_100_same_tree/same_tree.py,same_tree.py,function,same_tree,1,A,1,7,20,0,,0,/home/juan/Documents/Analisis-CC-PyCEFR/data/processed/python-algorithms/radon_output_python-algorithms.json
python-algorithms,python-algorithms,/home/juan/Documents/Analisis-CC-PyCEFR/python-algorithms/leetcode/src/binary_trees/lc_100_same_tree/same_tree.py,same_tree.py,function,same_tree_helper,7,B,2,8,18,4,same_tree,1,/home/juan/Documents/Analisis-CC-PyCEFR/data/processed/python-algorithms/radon_output_python-algorithms.json
python-algorithms,python-algorithms,/home/juan/Documents/Analisis-CC-PyCEFR/python-algorithms/leetcode/src/binary_trees/lc_100_same_tree/same_tree.py,same_tree.py,function,same_tree_concise,1,A,1,24,35,0,,0,/home/juan/Documents/Analisis-CC-PyCEFR/data/processed/python-algorithms/radon_output_python-algorithms.json
python-algorithms,python-algorithms,/home/juan/Documents/Analisis-CC-PyCEFR/python-algorithms/leetcode/src/binary_trees/lc_100_same_tree/same_tree.py,same_tree.py,function,same_tree_helper,7,B,2,25,33,4,same_tree_concise,1,/home/juan/Documents/Analisis-CC-PyCEFR/data/processed/python-algorithms/radon_output_python-algorithms.json
python-algorithms,python-algorithms,/home/juan/Documents/Analisis-CC-PyCEFR/python-algorithms/leetcode/src/binary_trees/lc_100_same_tree/same_tree.py,same_tree.py,method,__init__,1,A,1,2,4,4,,0,/home/juan/Documents/Analisis-CC-PyCEFR/data/processed/python-algorithms/radon_output_python-algorithms.json
python-algorithms,python-algorithms,/home/juan/Documents/Analisis-CC-PyCEFR/python-algorithms/leetcode/src/binary_trees/lc_230_kth_smallest_in_bst/kth_smallest_in_bst.py,kth_smallest_in_bst.py,function,kthSmallest,1,A,1,1,18,0,,0,/home/juan/Documents/Analisis-CC-PyCEFR/data/processed/python-algorithms/radon_output_python-algorithms.json
python-algorithms,python-algorithms,/home/juan/Documents/Analisis-CC-PyCEFR/python-algorithms/leetcode/src/binary_trees/lc_230_kth_smallest_in_bst/kth_smallest_in_bst.py,kth_smallest_in_bst.py,function,kthSmallestBstHelper,4,A,1,2,14,4,kthSmallest,1,/home/juan/Documents/Analisis-CC-PyCEFR/data/processed/python-algorithms/radon_output_python-algorithms.json
python-algorithms,python-algorithms,/home/juan/Documents/Analisis-CC-PyCEFR/python-algorithms/leetcode/src/binary_trees/lc_145_postorder_traversal/post_traversal.py,post_traversal.py,class,Node,2,A,1,1,4,0,,0,/home/juan/Documents/Analisis-CC-PyCEFR/data/processed/python-algorithms/radon_output_python-algorithms.json
python-algorithms,python-algorithms,/home/juan/Documents/Analisis-CC-PyCEFR/python-algorithms/leetcode/src/binary_trees/lc_145_postorder_traversal/post_traversal.py,post_traversal.py,function,postorder_traversal,1,A,1,7,19,0,,0,/home/juan/Documents/Analisis-CC-PyCEFR/data/processed/python-algorithms/radon_output_python-algorithms.json
python-algorithms,python-algorithms,/home/juan/Documents/Analisis-CC-PyCEFR/python-algorithms/leetcode/src/binary_trees/lc_145_postorder_traversal/post_traversal.py,post_traversal.py,function,postorder_traversal_helper,2,A,1,8,14,4,postorder_traversal,1,/home/juan/Documents/Analisis-CC-PyCEFR/data/processed/python-algorithms/radon_output_python-algorithms.json
python-algorithms,python-algorithms,/home/juan/Documents/Analisis-CC-PyCEFR/python-algorithms/leetcode/src/binary_trees/lc_145_postorder_traversal/post_traversal.py,post_traversal.py,method,__init__,1,A,1,2,4,4,,0,/home/juan/Documents/Analisis-CC-PyCEFR/data/processed/python-algorithms/radon_output_python-algorithms.json
python-algorithms,python-algorithms,/home/juan/Documents/Analisis-CC-PyCEFR/python-algorithms/leetcode/src/binary_trees/lc_145_postorder_traversal/post_order_iterative.py,post_order_iterative.py,function,postorder_traversal,7,B,2,7,24,0,,0,/home/juan/Documents/Analisis-CC-PyCEFR/data/processed/python-algorithms/radon_output_python-algorithms.json
python-algorithms,python-algorithms,/home/juan/Documents/Analisis-CC-PyCEFR/python-algorithms/leetcode/src/binary_trees/lc_145_postorder_traversal/post_order_iterative.py,post_order_iterative.py,class,Node,2,A,1,1,4,0,,0,/home/juan/Documents/Analisis-CC-PyCEFR/data/processed/python-algorithms/radon_output_python-algorithms.json
python-algorithms,python-algorithms,/home/juan/Documents/Analisis-CC-PyCEFR/python-algorithms/leetcode/src/binary_trees/lc_145_postorder_traversal/post_order_iterative.py,post_order_iterative.py,method,__init__,1,A,1,2,4,4,,0,/home/juan/Documents/Analisis-CC-PyCEFR/data/processed/python-algorithms/radon_output_python-algorithms.json
python-algorithms,python-algorithms,/home/juan/Documents/Analisis-CC-PyCEFR/python-algorithms/leetcode/src/binary_trees/lc_515_find_largest_value_in_each_tree_row/find_largest_value_in_each_tree_row.py,find_largest_value_in_each_tree_row.py,function,largestValues,6,B,2,3,19,0,,0,/home/juan/Documents/Analisis-CC-PyCEFR/data/processed/python-algorithms/radon_output_python-algorithms.json
python-algorithms,python-algorithms,/home/juan/Documents/Analisis-CC-PyCEFR/python-algorithms/leetcode/src/binary_trees/lc_257_binary_tree_paths/binary_tree_paths.py,binary_tree_paths.py,class,TreeNode,2,A,1,1,5,0,,0,/home/juan/Documents/Analisis-CC-PyCEFR/data/processed/python-algorithms/radon_output_python-algorithms.json
python-algorithms,python-algorithms,/home/juan/Documents/Analisis-CC-PyCEFR/python-algorithms/leetcode/src/binary_trees/lc_257_binary_tree_paths/binary_tree_paths.py,binary_tree_paths.py,function,binary_tree_paths,1,A,1,10,26,0,,0,/home/juan/Documents/Analisis-CC-PyCEFR/data/processed/python-algorithms/radon_output_python-algorithms.json
python-algorithms,python-algorithms,/home/juan/Documents/Analisis-CC-PyCEFR/python-algorithms/leetcode/src/binary_trees/lc_257_binary_tree_paths/binary_tree_paths.py,binary_tree_paths.py,function,binary_tree_paths_helper,4,A,1,11,22,4,binary_tree_paths,1,/home/juan/Documents/Analisis-CC-PyCEFR/data/processed/python-algorithms/radon_output_python-algorithms.json
python-algorithms,python-algorithms,/home/juan/Documents/Analisis-CC-PyCEFR/python-algorithms/leetcode/src/binary_trees/lc_257_binary_tree_paths/binary_tree_paths.py,binary_tree_paths.py,method,__init__,1,A,1,2,5,4,,0,/home/juan/Documents/Analisis-CC-PyCEFR/data/processed/python-algorithms/radon_output_python-algorithms.json
python-algorithms,python-algorithms,/home/juan/Documents/Analisis-CC-PyCEFR/python-algorithms/leetcode/src/binary_trees/bottom_view_of_binary_tree/bottom_view.py,bottom_view.py,function,bottomView,7,B,2,15,37,0,,0,/home/juan/Documents/Analisis-CC-PyCEFR/data/processed/python-algorithms/radon_output_python-algorithms.json
python-algorithms,python-algorithms,/home/juan/Documents/Analisis-CC-PyCEFR/python-algorithms/leetcode/src/binary_trees/bottom_view_of_binary_tree/bottom_view.py,bottom_view.py,class,Node,2,A,1,2,5,0,,0,/home/juan/Documents/Analisis-CC-PyCEFR/data/processed/python-algorithms/radon_output_python-algorithms.json
python-algorithms,python-algorithms,/home/juan/Documents/Analisis-CC-PyCEFR/python-algorithms/leetcode/src/binary_trees/bottom_view_of_binary_tree/bottom_view.py,bottom_view.py,method,__init__,1,A,1,3,5,4,,0,/home/juan/Documents/Analisis-CC-PyCEFR/data/processed/python-algorithms/radon_output_python-algorithms.json
python-algorithms,python-algorithms,/home/juan/Documents/Analisis-CC-PyCEFR/python-algorithms/leetcode/src/binary_trees/lc_437_path_sum_III/path_sum.py,path_sum.py,function,path_sum,1,A,1,1,20,0,,0,/home/juan/Documents/Analisis-CC-PyCEFR/data/processed/python-algorithms/radon_output_python-algorithms.json
python-algorithms,python-algorithms,/home/juan/Documents/Analisis-CC-PyCEFR/python-algorithms/leetcode/src/binary_trees/lc_437_path_sum_III/path_sum.py,path_sum.py,function,path_sum_helper,4,A,1,2,16,4,path_sum,1,/home/juan/Documents/Analisis-CC-PyCEFR/data/processed/python-algorithms/radon_output_python-algorithms.json
python-algorithms,python-algorithms,/home/juan/Documents/Analisis-CC-PyCEFR/python-algorithms/leetcode/src/binary_trees/lc_116_populate_next_right_pointers_in_each_node/populate_next_right_pointers.py,populate_next_right_pointers.py,function,connect,7,B,2,4,25,0,,0,/home/juan/Documents/Analisis-CC-PyCEFR/data/processed/python-algorithms/radon_output_python-algorithms.json
python-algorithms,python-algorithms,/home/juan/Documents/Analisis-CC-PyCEFR/python-algorithms/leetcode/src/binary_trees/lc_337_house_robber_III/house_robber.py,house_robber.py,function,rob,1,A,1,1,13,0,,0,/home/juan/Documents/Analisis-CC-PyCEFR/data/processed/python-algorithms/radon_output_python-algorithms.json
python-algorithms,python-algorithms,/home/juan/Documents/Analisis-CC-PyCEFR/python-algorithms/leetcode/src/binary_trees/lc_337_house_robber_III/house_robber.py,house_robber.py,function,robHelper,2,A,1,2,11,4,rob,1,/home/juan/Documents/Analisis-CC-PyCEFR/data/processed/python-algorithms/radon_output_python-algorithms.json
python-algorithms,python-algorithms,/home/juan/Documents/Analisis-CC-PyCEFR/python-algorithms/leetcode/src/binary_trees/lc_124_binary_tree_maximum_path_sum/binary_tree_maximum_path_sum.py,binary_tree_maximum_path_sum.py,function,maxPathSum,1,A,1,1,20,0,,0,/home/juan/Documents/Analisis-CC-PyCEFR/data/processed/python-algorithms/radon_output_python-algorithms.json
python-algorithms,python-algorithms,/home/juan/Documents/Analisis-CC-PyCEFR/python-algorithms/leetcode/src/binary_trees/lc_124_binary_tree_maximum_path_sum/binary_tree_maximum_path_sum.py,binary_tree_maximum_path_sum.py,function,maxPathSumHelper,2,A,1,2,15,4,maxPathSum,1,/home/juan/Documents/Analisis-CC-PyCEFR/data/processed/python-algorithms/radon_output_python-algorithms.json
python-algorithms,python-algorithms,/home/juan/Documents/Analisis-CC-PyCEFR/python-algorithms/leetcode/src/binary_trees/lc_101_symmetric_tree/symmetric_tree.py,symmetric_tree.py,function,is_symmetric,2,A,1,7,21,0,,0,/home/juan/Documents/Analisis-CC-PyCEFR/data/processed/python-algorithms/radon_output_python-algorithms.json
python-algorithms,python-algorithms,/home/juan/Documents/Analisis-CC-PyCEFR/python-algorithms/leetcode/src/binary_trees/lc_101_symmetric_tree/symmetric_tree.py,symmetric_tree.py,function,is_symmtric_helper,7,B,2,8,16,4,is_symmetric,1,/home/juan/Documents/Analisis-CC-PyCEFR/data/processed/python-algorithms/radon_output_python-algorithms.json
python-algorithms,python-algorithms,/home/juan/Documents/Analisis-CC-PyCEFR/python-algorithms/leetcode/src/binary_trees/lc_101_symmetric_tree/symmetric_tree.py,symmetric_tree.py,class,Node,2,A,1,1,4,0,,0,/home/juan/Documents/Analisis-CC-PyCEFR/data/processed/python-algorithms/radon_output_python-algorithms.json
python-algorithms,python-algorithms,/home/juan/Documents/Analisis-CC-PyCEFR/python-algorithms/leetcode/src/binary_trees/lc_101_symmetric_tree/symmetric_tree.py,symmetric_tree.py,method,__init__,1,A,1,2,4,4,,0,/home/juan/Documents/Analisis-CC-PyCEFR/data/processed/python-algorithms/radon_output_python-algorithms.json
python-algorithms,python-algorithms,/home/juan/Documents/Analisis-CC-PyCEFR/python-algorithms/leetcode/src/binary_trees/lc_987_vertical_order_traversal/vertical_order_traversal.py,vertical_order_traversal.py,function,verticalTraversal,10,B,2,46,79,0,,0,/home/juan/Documents/Analisis-CC-PyCEFR/data/processed/python-algorithms/radon_output_python-algorithms.json
python-algorithms,python-algorithms,/home/juan/Documents/Analisis-CC-PyCEFR/python-algorithms/leetcode/src/binary_trees/lc_987_vertical_order_traversal/vertical_order_traversal.py,vertical_order_traversal.py,function,verticalTraversal,7,B,2,5,29,0,,0,/home/juan/Documents/Analisis-CC-PyCEFR/data/processed/python-algorithms/radon_output_python-algorithms.json
python-algorithms,python-algorithms,/home/juan/Documents/Analisis-CC-PyCEFR/python-algorithms/leetcode/src/binary_trees/lc_671_second_minimum_node_in_binary_tree/second_minimum_node_in_binary_tree.py,second_minimum_node_in_binary_tree.py,function,find_second_min_val,2,A,1,2,18,0,,0,/home/juan/Documents/Analisis-CC-PyCEFR/data/processed/python-algorithms/radon_output_python-algorithms.json
python-algorithms,python-algorithms,/home/juan/Documents/Analisis-CC-PyCEFR/python-algorithms/leetcode/src/binary_trees/lc_671_second_minimum_node_in_binary_tree/second_minimum_node_in_binary_tree.py,second_minimum_node_in_binary_tree.py,function,find_second_min_val_helper,4,A,1,3,13,4,find_second_min_val,1,/home/juan/Documents/Analisis-CC-PyCEFR/data/processed/python-algorithms/radon_output_python-algorithms.json
python-algorithms,python-algorithms,/home/juan/Documents/Analisis-CC-PyCEFR/python-algorithms/leetcode/src/binary_trees/lc_1008_construct_binary_tree_from_preorder_traversal/construct_binary_tree_from_preorder_traversal.py,construct_binary_tree_from_preorder_traversal.py,class,TreeNode,2,A,1,1,5,0,,0,/home/juan/Documents/Analisis-CC-PyCEFR/data/processed/python-algorithms/radon_output_python-algorithms.json
python-algorithms,python-algorithms,/home/juan/Documents/Analisis-CC-PyCEFR/python-algorithms/leetcode/src/binary_trees/lc_1008_construct_binary_tree_from_preorder_traversal/construct_binary_tree_from_preorder_traversal.py,construct_binary_tree_from_preorder_traversal.py,function,bst_from_preorder,1,A,1,7,23,0,,0,/home/juan/Documents/Analisis-CC-PyCEFR/data/processed/python-algorithms/radon_output_python-algorithms.json
python-algorithms,python-algorithms,/home/juan/Documents/Analisis-CC-PyCEFR/python-algorithms/leetcode/src/binary_trees/lc_1008_construct_binary_tree_from_preorder_traversal/construct_binary_tree_from_preorder_traversal.py,construct_binary_tree_from_preorder_traversal.py,function,bst_from_preorder_helper,3,A,1,8,20,4,bst_from_preorder,1,/home/juan/Documents/Analisis-CC-PyCEFR/data/processed/python-algorithms/radon_output_python-algorithms.json
python-algorithms,python-algorithms,/home/juan/Documents/Analisis-CC-PyCEFR/python-algorithms/leetcode/src/binary_trees/lc_1008_construct_binary_tree_from_preorder_traversal/construct_binary_tree_from_preorder_traversal.py,construct_binary_tree_from_preorder_traversal.py,method,__init__,1,A,1,2,5,4,,0,/home/juan/Documents/Analisis-CC-PyCEFR/data/processed/python-algorithms/radon_output_python-algorithms.json
python-algorithms,python-algorithms,/home/juan/Documents/Analisis-CC-PyCEFR/python-algorithms/leetcode/src/binary_trees/lc_449_serialize_deserialize_bst/serialize_deserialize_bst.py,serialize_deserialize_bst.py,class,TreeNode,2,A,1,2,6,0,,0,/home/juan/Documents/Analisis-CC-PyCEFR/data/processed/python-algorithms/radon_output_python-algorithms.json
python-algorithms,python-algorithms,/home/juan/Documents/Analisis-CC-PyCEFR/python-algorithms/leetcode/src/binary_trees/lc_449_serialize_deserialize_bst/serialize_deserialize_bst.py,serialize_deserialize_bst.py,class,Codec,2,A,1,8,45,0,,0,/home/juan/Documents/Analisis-CC-PyCEFR/data/processed/python-algorithms/radon_output_python-algorithms.json
python-algorithms,python-algorithms,/home/juan/Documents/Analisis-CC-PyCEFR/python-algorithms/leetcode/src/binary_trees/lc_449_serialize_deserialize_bst/serialize_deserialize_bst.py,serialize_deserialize_bst.py,method,__init__,1,A,1,3,6,4,,0,/home/juan/Documents/Analisis-CC-PyCEFR/data/processed/python-algorithms/radon_output_python-algorithms.json
python-algorithms,python-algorithms,/home/juan/Documents/Analisis-CC-PyCEFR/python-algorithms/leetcode/src/binary_trees/lc_449_serialize_deserialize_bst/serialize_deserialize_bst.py,serialize_deserialize_bst.py,method,serialize,1,A,1,9,23,4,,0,/home/juan/Documents/Analisis-CC-PyCEFR/data/processed/python-algorithms/radon_output_python-algorithms.json
python-algorithms,python-algorithms,/home/juan/Documents/Analisis-CC-PyCEFR/python-algorithms/leetcode/src/binary_trees/lc_449_serialize_deserialize_bst/serialize_deserialize_bst.py,serialize_deserialize_bst.py,function,preorder,2,A,1,12,17,8,serialize,1,/home/juan/Documents/Analisis-CC-PyCEFR/data/processed/python-algorithms/radon_output_python-algorithms.json
python-algorithms,python-algorithms,/home/juan/Documents/Analisis-CC-PyCEFR/python-algorithms/leetcode/src/binary_trees/lc_449_serialize_deserialize_bst/serialize_deserialize_bst.py,serialize_deserialize_bst.py,method,deserialize,1,A,1,25,45,4,,0,/home/juan/Documents/Analisis-CC-PyCEFR/data/processed/python-algorithms/radon_output_python-algorithms.json
python-algorithms,python-algorithms,/home/juan/Documents/Analisis-CC-PyCEFR/python-algorithms/leetcode/src/binary_trees/lc_449_serialize_deserialize_bst/serialize_deserialize_bst.py,serialize_deserialize_bst.py,function,deserializeHelper,4,A,1,28,41,8,deserialize,1,/home/juan/Documents/Analisis-CC-PyCEFR/data/processed/python-algorithms/radon_output_python-algorithms.json
python-algorithms,python-algorithms,/home/juan/Documents/Analisis-CC-PyCEFR/python-algorithms/leetcode/src/binary_trees/lc_783_min_distance_between_bst_nodes/min_distance_between_bst_nodes.py,min_distance_between_bst_nodes.py,function,min_diff_in_bst,1,A,1,1,17,0,,0,/home/juan/Documents/Analisis-CC-PyCEFR/data/processed/python-algorithms/radon_output_python-algorithms.json
python-algorithms,python-algorithms,/home/juan/Documents/Analisis-CC-PyCEFR/python-algorithms/leetcode/src/binary_trees/lc_783_min_distance_between_bst_nodes/min_distance_between_bst_nodes.py,min_distance_between_bst_nodes.py,function,min_diff_in_bst_helper,3,A,1,2,12,4,min_diff_in_bst,1,/home/juan/Documents/Analisis-CC-PyCEFR/data/processed/python-algorithms/radon_output_python-algorithms.json
python-algorithms,python-algorithms,/home/juan/Documents/Analisis-CC-PyCEFR/python-algorithms/leetcode/src/binary_trees/lc_144_preorder_traversal/preorder_iterative.py,preorder_iterative.py,function,preorder_traversal,5,A,1,7,20,0,,0,/home/juan/Documents/Analisis-CC-PyCEFR/data/processed/python-algorithms/radon_output_python-algorithms.json
python-algorithms,python-algorithms,/home/juan/Documents/Analisis-CC-PyCEFR/python-algorithms/leetcode/src/binary_trees/lc_144_preorder_traversal/preorder_iterative.py,preorder_iterative.py,class,Node,2,A,1,1,4,0,,0,/home/juan/Documents/Analisis-CC-PyCEFR/data/processed/python-algorithms/radon_output_python-algorithms.json
python-algorithms,python-algorithms,/home/juan/Documents/Analisis-CC-PyCEFR/python-algorithms/leetcode/src/binary_trees/lc_144_preorder_traversal/preorder_iterative.py,preorder_iterative.py,method,__init__,1,A,1,2,4,4,,0,/home/juan/Documents/Analisis-CC-PyCEFR/data/processed/python-algorithms/radon_output_python-algorithms.json
python-algorithms,python-algorithms,/home/juan/Documents/Analisis-CC-PyCEFR/python-algorithms/leetcode/src/binary_trees/lc_144_preorder_traversal/preorder_traversal.py,preorder_traversal.py,class,Node,2,A,1,1,4,0,,0,/home/juan/Documents/Analisis-CC-PyCEFR/data/processed/python-algorithms/radon_output_python-algorithms.json
python-algorithms,python-algorithms,/home/juan/Documents/Analisis-CC-PyCEFR/python-algorithms/leetcode/src/binary_trees/lc_144_preorder_traversal/preorder_traversal.py,preorder_traversal.py,function,preorder_traversal,1,A,1,7,19,0,,0,/home/juan/Documents/Analisis-CC-PyCEFR/data/processed/python-algorithms/radon_output_python-algorithms.json
python-algorithms,python-algorithms,/home/juan/Documents/Analisis-CC-PyCEFR/python-algorithms/leetcode/src/binary_trees/lc_144_preorder_traversal/preorder_traversal.py,preorder_traversal.py,function,preorder_traversal_helper,2,A,1,8,14,4,preorder_traversal,1,/home/juan/Documents/Analisis-CC-PyCEFR/data/processed/python-algorithms/radon_output_python-algorithms.json
python-algorithms,python-algorithms,/home/juan/Documents/Analisis-CC-PyCEFR/python-algorithms/leetcode/src/binary_trees/lc_144_preorder_traversal/preorder_traversal.py,preorder_traversal.py,method,__init__,1,A,1,2,4,4,,0,/home/juan/Documents/Analisis-CC-PyCEFR/data/processed/python-algorithms/radon_output_python-algorithms.json
python-algorithms,python-algorithms,/home/juan/Documents/Analisis-CC-PyCEFR/python-algorithms/leetcode/src/binary_trees/lc_103_binary_tree_zigzag_level_order_traversal/binary_tree_zigzag_level_order_traversal.py,binary_tree_zigzag_level_order_traversal.py,function,zigzag_level_order,7,B,2,3,29,0,,0,/home/juan/Documents/Analisis-CC-PyCEFR/data/processed/python-algorithms/radon_output_python-algorithms.json
python-algorithms,python-algorithms,/home/juan/Documents/Analisis-CC-PyCEFR/python-algorithms/leetcode/src/binary_trees/top_view_of_binary_tree/top_view.py,top_view.py,function,topView,8,B,2,19,42,0,,0,/home/juan/Documents/Analisis-CC-PyCEFR/data/processed/python-algorithms/radon_output_python-algorithms.json
python-algorithms,python-algorithms,/home/juan/Documents/Analisis-CC-PyCEFR/python-algorithms/leetcode/src/binary_trees/top_view_of_binary_tree/top_view.py,top_view.py,class,Node,2,A,1,2,5,0,,0,/home/juan/Documents/Analisis-CC-PyCEFR/data/processed/python-algorithms/radon_output_python-algorithms.json
python-algorithms,python-algorithms,/home/juan/Documents/Analisis-CC-PyCEFR/python-algorithms/leetcode/src/binary_trees/top_view_of_binary_tree/top_view.py,top_view.py,method,__init__,1,A,1,3,5,4,,0,/home/juan/Documents/Analisis-CC-PyCEFR/data/processed/python-algorithms/radon_output_python-algorithms.json
python-algorithms,python-algorithms,/home/juan/Documents/Analisis-CC-PyCEFR/python-algorithms/leetcode/src/binary_trees/lc_98_validate_binary_search_tree/validate_binary_search_tree.py,validate_binary_search_tree.py,function,valid_bst,1,A,1,1,11,0,,0,/home/juan/Documents/Analisis-CC-PyCEFR/data/processed/python-algorithms/radon_output_python-algorithms.json
python-algorithms,python-algorithms,/home/juan/Documents/Analisis-CC-PyCEFR/python-algorithms/leetcode/src/binary_trees/lc_98_validate_binary_search_tree/validate_binary_search_tree.py,validate_binary_search_tree.py,function,valid_bst_helper,4,A,1,2,9,4,valid_bst,1,/home/juan/Documents/Analisis-CC-PyCEFR/data/processed/python-algorithms/radon_output_python-algorithms.json
python-algorithms,python-algorithms,/home/juan/Documents/Analisis-CC-PyCEFR/python-algorithms/leetcode/src/binary_trees/lc_655_print_binary_tree/print_binary_tree.py,print_binary_tree.py,class,Solution,4,A,1,3,30,0,,0,/home/juan/Documents/Analisis-CC-PyCEFR/data/processed/python-algorithms/radon_output_python-algorithms.json
python-algorithms,python-algorithms,/home/juan/Documents/Analisis-CC-PyCEFR/python-algorithms/leetcode/src/binary_trees/lc_655_print_binary_tree/print_binary_tree.py,print_binary_tree.py,method,printTree,3,A,1,4,21,4,,0,/home/juan/Documents/Analisis-CC-PyCEFR/data/processed/python-algorithms/radon_output_python-algorithms.json
python-algorithms,python-algorithms,/home/juan/Documents/Analisis-CC-PyCEFR/python-algorithms/leetcode/src/binary_trees/lc_655_print_binary_tree/print_binary_tree.py,print_binary_tree.py,function,fillMatrix,2,A,1,10,17,8,printTree,1,/home/juan/Documents/Analisis-CC-PyCEFR/data/processed/python-algorithms/radon_output_python-algorithms.json
python-algorithms,python-algorithms,/home/juan/Documents/Analisis-CC-PyCEFR/python-algorithms/leetcode/src/binary_trees/lc_655_print_binary_tree/print_binary_tree.py,print_binary_tree.py,method,getTreeHeight,2,A,1,24,30,4,,0,/home/juan/Documents/Analisis-CC-PyCEFR/data/processed/python-algorithms/radon_output_python-algorithms.json
python-algorithms,python-algorithms,/home/juan/Documents/Analisis-CC-PyCEFR/python-algorithms/leetcode/src/binary_trees/lc_617_merge_two_binary_trees/merge_two_binary_trees.py,merge_two_binary_trees.py,class,TreeNode,2,A,1,1,5,0,,0,/home/juan/Documents/Analisis-CC-PyCEFR/data/processed/python-algorithms/radon_output_python-algorithms.json
python-algorithms,python-algorithms,/home/juan/Documents/Analisis-CC-PyCEFR/python-algorithms/leetcode/src/binary_trees/lc_617_merge_two_binary_trees/merge_two_binary_trees.py,merge_two_binary_trees.py,function,merge_trees,1,A,1,8,25,0,,0,/home/juan/Documents/Analisis-CC-PyCEFR/data/processed/python-algorithms/radon_output_python-algorithms.json
python-algorithms,python-algorithms,/home/juan/Documents/Analisis-CC-PyCEFR/python-algorithms/leetcode/src/binary_trees/lc_617_merge_two_binary_trees/merge_two_binary_trees.py,merge_two_binary_trees.py,function,mergeTreesHelper,13,C,3,9,23,4,merge_trees,1,/home/juan/Documents/Analisis-CC-PyCEFR/data/processed/python-algorithms/radon_output_python-algorithms.json
python-algorithms,python-algorithms,/home/juan/Documents/Analisis-CC-PyCEFR/python-algorithms/leetcode/src/binary_trees/lc_617_merge_two_binary_trees/merge_two_binary_trees.py,merge_two_binary_trees.py,method,__init__,1,A,1,2,5,4,,0,/home/juan/Documents/Analisis-CC-PyCEFR/data/processed/python-algorithms/radon_output_python-algorithms.json
python-algorithms,python-algorithms,/home/juan/Documents/Analisis-CC-PyCEFR/python-algorithms/leetcode/src/binary_trees/lc_297_serialize_and_deserialize_binary_tree/serialize_and_deserialize_binary_tree.py,serialize_and_deserialize_binary_tree.py,class,TreeNode,2,A,1,2,6,0,,0,/home/juan/Documents/Analisis-CC-PyCEFR/data/processed/python-algorithms/radon_output_python-algorithms.json
python-algorithms,python-algorithms,/home/juan/Documents/Analisis-CC-PyCEFR/python-algorithms/leetcode/src/binary_trees/lc_297_serialize_and_deserialize_binary_tree/serialize_and_deserialize_binary_tree.py,serialize_and_deserialize_binary_tree.py,class,Codec,2,A,1,8,53,0,,0,/home/juan/Documents/Analisis-CC-PyCEFR/data/processed/python-algorithms/radon_output_python-algorithms.json
python-algorithms,python-algorithms,/home/juan/Documents/Analisis-CC-PyCEFR/python-algorithms/leetcode/src/binary_trees/lc_297_serialize_and_deserialize_binary_tree/serialize_and_deserialize_binary_tree.py,serialize_and_deserialize_binary_tree.py,method,__init__,1,A,1,3,6,4,,0,/home/juan/Documents/Analisis-CC-PyCEFR/data/processed/python-algorithms/radon_output_python-algorithms.json
python-algorithms,python-algorithms,/home/juan/Documents/Analisis-CC-PyCEFR/python-algorithms/leetcode/src/binary_trees/lc_297_serialize_and_deserialize_binary_tree/serialize_and_deserialize_binary_tree.py,serialize_and_deserialize_binary_tree.py,method,serialize,1,A,1,10,27,4,,0,/home/juan/Documents/Analisis-CC-PyCEFR/data/processed/python-algorithms/radon_output_python-algorithms.json
python-algorithms,python-algorithms,/home/juan/Documents/Analisis-CC-PyCEFR/python-algorithms/leetcode/src/binary_trees/lc_297_serialize_and_deserialize_binary_tree/serialize_and_deserialize_binary_tree.py,serialize_and_deserialize_binary_tree.py,function,preorder,2,A,1,15,22,8,serialize,1,/home/juan/Documents/Analisis-CC-PyCEFR/data/processed/python-algorithms/radon_output_python-algorithms.json
python-algorithms,python-algorithms,/home/juan/Documents/Analisis-CC-PyCEFR/python-algorithms/leetcode/src/binary_trees/lc_297_serialize_and_deserialize_binary_tree/serialize_and_deserialize_binary_tree.py,serialize_and_deserialize_binary_tree.py,method,deserialize,1,A,1,31,53,4,,0,/home/juan/Documents/Analisis-CC-PyCEFR/data/processed/python-algorithms/radon_output_python-algorithms.json
python-algorithms,python-algorithms,/home/juan/Documents/Analisis-CC-PyCEFR/python-algorithms/leetcode/src/binary_trees/lc_297_serialize_and_deserialize_binary_tree/serialize_and_deserialize_binary_tree.py,serialize_and_deserialize_binary_tree.py,function,deserializeHelper,2,A,1,38,50,8,deserialize,1,/home/juan/Documents/Analisis-CC-PyCEFR/data/processed/python-algorithms/radon_output_python-algorithms.json
python-algorithms,python-algorithms,/home/juan/Documents/Analisis-CC-PyCEFR/python-algorithms/leetcode/src/graph/lc_399_evaluate_division/evaluate_division.py,evaluate_division.py,function,dfs,5,A,1,28,37,0,,0,/home/juan/Documents/Analisis-CC-PyCEFR/data/processed/python-algorithms/radon_output_python-algorithms.json
python-algorithms,python-algorithms,/home/juan/Documents/Analisis-CC-PyCEFR/python-algorithms/leetcode/src/graph/lc_399_evaluate_division/evaluate_division.py,evaluate_division.py,function,calcEquation,4,A,1,7,20,0,,0,/home/juan/Documents/Analisis-CC-PyCEFR/data/processed/python-algorithms/radon_output_python-algorithms.json
python-algorithms,python-algorithms,/home/juan/Documents/Analisis-CC-PyCEFR/python-algorithms/leetcode/src/graph/lc_399_evaluate_division/evaluate_division.py,evaluate_division.py,function,build_graph,2,A,1,22,26,0,,0,/home/juan/Documents/Analisis-CC-PyCEFR/data/processed/python-algorithms/radon_output_python-algorithms.json
python-algorithms,python-algorithms,/home/juan/Documents/Analisis-CC-PyCEFR/python-algorithms/leetcode/src/graph/lc_399_evaluate_division/evaluate_division.py,evaluate_division.py,class,Node,2,A,1,3,5,0,,0,/home/juan/Documents/Analisis-CC-PyCEFR/data/processed/python-algorithms/radon_output_python-algorithms.json
python-algorithms,python-algorithms,/home/juan/Documents/Analisis-CC-PyCEFR/python-algorithms/leetcode/src/graph/lc_399_evaluate_division/evaluate_division.py,evaluate_division.py,method,__init__,1,A,1,4,5,4,,0,/home/juan/Documents/Analisis-CC-PyCEFR/data/processed/python-algorithms/radon_output_python-algorithms.json
python-algorithms,python-algorithms,/home/juan/Documents/Analisis-CC-PyCEFR/python-algorithms/leetcode/src/graph/bellman_ford_algorithm/bellman_ford_algorithm.py,bellman_ford_algorithm.py,function,bellmanFord,8,B,2,5,23,0,,0,/home/juan/Documents/Analisis-CC-PyCEFR/data/processed/python-algorithms/radon_output_python-algorithms.json
python-algorithms,python-algorithms,/home/juan/Documents/Analisis-CC-PyCEFR/python-algorithms/leetcode/src/graph/detect_cycle_in_undirected_graph/detect_cycle_dfs.py,detect_cycle_dfs.py,function,detect_cycle,5,A,1,20,29,0,,0,/home/juan/Documents/Analisis-CC-PyCEFR/data/processed/python-algorithms/radon_output_python-algorithms.json
python-algorithms,python-algorithms,/home/juan/Documents/Analisis-CC-PyCEFR/python-algorithms/leetcode/src/graph/detect_cycle_in_undirected_graph/detect_cycle_dfs.py,detect_cycle_dfs.py,function,is_cycle,4,A,1,10,17,0,,0,/home/juan/Documents/Analisis-CC-PyCEFR/data/processed/python-algorithms/radon_output_python-algorithms.json
python-algorithms,python-algorithms,/home/juan/Documents/Analisis-CC-PyCEFR/python-algorithms/leetcode/src/graph/detect_cycle_in_undirected_graph/detect_cycle_bfs.py,detect_cycle_bfs.py,function,detect_cycle,5,A,1,19,33,0,,0,/home/juan/Documents/Analisis-CC-PyCEFR/data/processed/python-algorithms/radon_output_python-algorithms.json
python-algorithms,python-algorithms,/home/juan/Documents/Analisis-CC-PyCEFR/python-algorithms/leetcode/src/graph/detect_cycle_in_undirected_graph/detect_cycle_bfs.py,detect_cycle_bfs.py,function,is_cycle,4,A,1,10,17,0,,0,/home/juan/Documents/Analisis-CC-PyCEFR/data/processed/python-algorithms/radon_output_python-algorithms.json
python-algorithms,python-algorithms,/home/juan/Documents/Analisis-CC-PyCEFR/python-algorithms/leetcode/src/graph/lc_310_minimum_height_trees/minimum_height_trees.py,minimum_height_trees.py,function,findMinHeightTrees,11,C,3,2,35,0,,0,/home/juan/Documents/Analisis-CC-PyCEFR/data/processed/python-algorithms/radon_output_python-algorithms.json
python-algorithms,python-algorithms,/home/juan/Documents/Analisis-CC-PyCEFR/python-algorithms/leetcode/src/graph/lc_785_is_graph_bipartite/bipartite_graph_dfs.py,bipartite_graph_dfs.py,function,dfs,6,B,2,11,23,0,,0,/home/juan/Documents/Analisis-CC-PyCEFR/data/processed/python-algorithms/radon_output_python-algorithms.json
python-algorithms,python-algorithms,/home/juan/Documents/Analisis-CC-PyCEFR/python-algorithms/leetcode/src/graph/lc_785_is_graph_bipartite/bipartite_graph_dfs.py,bipartite_graph_dfs.py,function,isBipartite,4,A,1,3,9,0,,0,/home/juan/Documents/Analisis-CC-PyCEFR/data/processed/python-algorithms/radon_output_python-algorithms.json
python-algorithms,python-algorithms,/home/juan/Documents/Analisis-CC-PyCEFR/python-algorithms/leetcode/src/graph/lc_785_is_graph_bipartite/bipartite_graph_bfs.py,bipartite_graph_bfs.py,function,isBipartite,5,A,1,3,11,0,,0,/home/juan/Documents/Analisis-CC-PyCEFR/data/processed/python-algorithms/radon_output_python-algorithms.json
python-algorithms,python-algorithms,/home/juan/Documents/Analisis-CC-PyCEFR/python-algorithms/leetcode/src/graph/lc_785_is_graph_bipartite/bipartite_graph_bfs.py,bipartite_graph_bfs.py,function,bfs,5,A,1,13,26,0,,0,/home/juan/Documents/Analisis-CC-PyCEFR/data/processed/python-algorithms/radon_output_python-algorithms.json
python-algorithms,python-algorithms,/home/juan/Documents/Analisis-CC-PyCEFR/python-algorithms/leetcode/src/graph/dijkstras_algorithm/dijkstras_algorithm_with_min_heap.py,dijkstras_algorithm_with_min_heap.py,function,dijkstra,5,A,1,31,45,0,,0,/home/juan/Documents/Analisis-CC-PyCEFR/data/processed/python-algorithms/radon_output_python-algorithms.json
python-algorithms,python-algorithms,/home/juan/Documents/Analisis-CC-PyCEFR/python-algorithms/leetcode/src/graph/dijkstras_algorithm/dijkstras_algorithm_with_sorted_set.py,dijkstras_algorithm_with_sorted_set.py,function,dijkstra,6,B,2,3,21,0,,0,/home/juan/Documents/Analisis-CC-PyCEFR/data/processed/python-algorithms/radon_output_python-algorithms.json
python-algorithms,python-algorithms,/home/juan/Documents/Analisis-CC-PyCEFR/python-algorithms/leetcode/src/graph/topological_sorting/bfs_khans_algorithm.py,bfs_khans_algorithm.py,function,top_sort,10,B,2,3,25,0,,0,/home/juan/Documents/Analisis-CC-PyCEFR/data/processed/python-algorithms/radon_output_python-algorithms.json
python-algorithms,python-algorithms,/home/juan/Documents/Analisis-CC-PyCEFR/python-algorithms/leetcode/src/graph/topological_sorting/dfs.py,dfs.py,function,top_sort,3,A,1,1,8,0,,0,/home/juan/Documents/Analisis-CC-PyCEFR/data/processed/python-algorithms/radon_output_python-algorithms.json
python-algorithms,python-algorithms,/home/juan/Documents/Analisis-CC-PyCEFR/python-algorithms/leetcode/src/graph/topological_sorting/dfs.py,dfs.py,function,dfs,3,A,1,10,16,0,,0,/home/juan/Documents/Analisis-CC-PyCEFR/data/processed/python-algorithms/radon_output_python-algorithms.json
python-algorithms,python-algorithms,/home/juan/Documents/Analisis-CC-PyCEFR/python-algorithms/leetcode/src/graph/detect_cycle_in_directed_graph/detect_cycle_dfs.py,detect_cycle_dfs.py,function,dfs,5,A,1,10,21,0,,0,/home/juan/Documents/Analisis-CC-PyCEFR/data/processed/python-algorithms/radon_output_python-algorithms.json
python-algorithms,python-algorithms,/home/juan/Documents/Analisis-CC-PyCEFR/python-algorithms/leetcode/src/graph/detect_cycle_in_directed_graph/detect_cycle_dfs.py,detect_cycle_dfs.py,function,is_cycle,4,A,1,1,8,0,,0,/home/juan/Documents/Analisis-CC-PyCEFR/data/processed/python-algorithms/radon_output_python-algorithms.json
python-algorithms,python-algorithms,/home/juan/Documents/Analisis-CC-PyCEFR/python-algorithms/leetcode/src/graph/detect_cycle_in_directed_graph/detect_cycle_bfs.py,detect_cycle_bfs.py,function,is_cycle,11,C,3,6,29,0,,0,/home/juan/Documents/Analisis-CC-PyCEFR/data/processed/python-algorithms/radon_output_python-algorithms.json
python-algorithms,python-algorithms,/home/juan/Documents/Analisis-CC-PyCEFR/python-algorithms/leetcode/src/graph/shortest_path_in_weighted_undirected_graph/shortest_path_1.py,shortest_path_1.py,function,shortest_path,8,B,2,6,41,0,,0,/home/juan/Documents/Analisis-CC-PyCEFR/data/processed/python-algorithms/radon_output_python-algorithms.json
python-algorithms,python-algorithms,/home/juan/Documents/Analisis-CC-PyCEFR/python-algorithms/leetcode/src/graph/shortest_path_in_weighted_undirected_graph/shortest_path_2.py,shortest_path_2.py,function,shortest_path,6,B,2,3,32,0,,0,/home/juan/Documents/Analisis-CC-PyCEFR/data/processed/python-algorithms/radon_output_python-algorithms.json
python-algorithms,python-algorithms,/home/juan/Documents/Analisis-CC-PyCEFR/python-algorithms/leetcode/src/graph/strongly_connected_components/kosarajus_algorithm.py,kosarajus_algorithm.py,function,get_strongly_connected_components,5,A,1,1,17,0,,0,/home/juan/Documents/Analisis-CC-PyCEFR/data/processed/python-algorithms/radon_output_python-algorithms.json
python-algorithms,python-algorithms,/home/juan/Documents/Analisis-CC-PyCEFR/python-algorithms/leetcode/src/graph/strongly_connected_components/kosarajus_algorithm.py,kosarajus_algorithm.py,function,transpose_graph,4,A,1,26,33,0,,0,/home/juan/Documents/Analisis-CC-PyCEFR/data/processed/python-algorithms/radon_output_python-algorithms.json
python-algorithms,python-algorithms,/home/juan/Documents/Analisis-CC-PyCEFR/python-algorithms/leetcode/src/graph/strongly_connected_components/kosarajus_algorithm.py,kosarajus_algorithm.py,function,top_sort,3,A,1,19,24,0,,0,/home/juan/Documents/Analisis-CC-PyCEFR/data/processed/python-algorithms/radon_output_python-algorithms.json
python-algorithms,python-algorithms,/home/juan/Documents/Analisis-CC-PyCEFR/python-algorithms/leetcode/src/graph/strongly_connected_components/kosarajus_algorithm.py,kosarajus_algorithm.py,function,get_components,3,A,1,35,41,0,,0,/home/juan/Documents/Analisis-CC-PyCEFR/data/processed/python-algorithms/radon_output_python-algorithms.json
python-algorithms,python-algorithms,/home/juan/Documents/Analisis-CC-PyCEFR/python-algorithms/leetcode/src/graph/lc_200_number_of_islands/number_of_islands_bfs.py,number_of_islands_bfs.py,function,bfs,7,B,2,14,28,0,,0,/home/juan/Documents/Analisis-CC-PyCEFR/data/processed/python-algorithms/radon_output_python-algorithms.json
python-algorithms,python-algorithms,/home/juan/Documents/Analisis-CC-PyCEFR/python-algorithms/leetcode/src/graph/lc_200_number_of_islands/number_of_islands_bfs.py,number_of_islands_bfs.py,function,number_of_islands,5,A,1,3,12,0,,0,/home/juan/Documents/Analisis-CC-PyCEFR/data/processed/python-algorithms/radon_output_python-algorithms.json
python-algorithms,python-algorithms,/home/juan/Documents/Analisis-CC-PyCEFR/python-algorithms/leetcode/src/dp/ninja_training/ninja_training_top_down.py,ninja_training_top_down.py,function,solve,7,B,2,9,25,0,,0,/home/juan/Documents/Analisis-CC-PyCEFR/data/processed/python-algorithms/radon_output_python-algorithms.json
python-algorithms,python-algorithms,/home/juan/Documents/Analisis-CC-PyCEFR/python-algorithms/leetcode/src/dp/ninja_training/ninja_training_top_down.py,ninja_training_top_down.py,function,ninja_training,1,A,1,3,6,0,,0,/home/juan/Documents/Analisis-CC-PyCEFR/data/processed/python-algorithms/radon_output_python-algorithms.json
python-algorithms,python-algorithms,/home/juan/Documents/Analisis-CC-PyCEFR/python-algorithms/leetcode/src/dp/ninja_training/ninja_training_bottom_up.py,ninja_training_bottom_up.py,function,ninja_training,1,A,1,1,2,0,,0,/home/juan/Documents/Analisis-CC-PyCEFR/data/processed/python-algorithms/radon_output_python-algorithms.json
python-algorithms,python-algorithms,/home/juan/Documents/Analisis-CC-PyCEFR/python-algorithms/leetcode/src/dp/lc_509_fibonacci_number/fibonacci_bottom_up.py,fibonacci_bottom_up.py,function,fib,3,A,1,3,11,0,,0,/home/juan/Documents/Analisis-CC-PyCEFR/data/processed/python-algorithms/radon_output_python-algorithms.json
python-algorithms,python-algorithms,/home/juan/Documents/Analisis-CC-PyCEFR/python-algorithms/leetcode/src/dp/lc_509_fibonacci_number/fibonacci_bottom_up.py,fibonacci_bottom_up.py,function,fib_optimized,3,A,1,16,24,0,,0,/home/juan/Documents/Analisis-CC-PyCEFR/data/processed/python-algorithms/radon_output_python-algorithms.json
python-algorithms,python-algorithms,/home/juan/Documents/Analisis-CC-PyCEFR/python-algorithms/leetcode/src/dp/lc_509_fibonacci_number/fibonacci_top_down_recursion.py,fibonacci_top_down_recursion.py,function,fib_top_down,4,A,1,10,19,0,,0,/home/juan/Documents/Analisis-CC-PyCEFR/data/processed/python-algorithms/radon_output_python-algorithms.json
python-algorithms,python-algorithms,/home/juan/Documents/Analisis-CC-PyCEFR/python-algorithms/leetcode/src/dp/lc_509_fibonacci_number/fibonacci_top_down_recursion.py,fibonacci_top_down_recursion.py,function,fib,1,A,1,3,7,0,,0,/home/juan/Documents/Analisis-CC-PyCEFR/data/processed/python-algorithms/radon_output_python-algorithms.json
python-algorithms,python-algorithms,/home/juan/Documents/Analisis-CC-PyCEFR/python-algorithms/leetcode/src/dp/frog_jump/frog_jump_bottom_up.py,frog_jump_bottom_up.py,function,frog_jump,4,A,1,4,16,0,,0,/home/juan/Documents/Analisis-CC-PyCEFR/data/processed/python-algorithms/radon_output_python-algorithms.json
python-algorithms,python-algorithms,/home/juan/Documents/Analisis-CC-PyCEFR/python-algorithms/leetcode/src/dp/frog_jump/frog_jump_top_down.py,frog_jump_top_down.py,function,frog_jump,1,A,1,3,15,0,,0,/home/juan/Documents/Analisis-CC-PyCEFR/data/processed/python-algorithms/radon_output_python-algorithms.json
python-algorithms,python-algorithms,/home/juan/Documents/Analisis-CC-PyCEFR/python-algorithms/leetcode/src/dp/frog_jump/frog_jump_top_down.py,frog_jump_top_down.py,function,jump_recursive,3,A,1,5,13,4,frog_jump,1,/home/juan/Documents/Analisis-CC-PyCEFR/data/processed/python-algorithms/radon_output_python-algorithms.json
python-algorithms,python-algorithms,/home/juan/Documents/Analisis-CC-PyCEFR/python-algorithms/leetcode/src/dp/frog_jump/frog_jump_top_down.py,frog_jump_top_down.py,function,frog_jump_memo,1,A,1,26,44,0,,0,/home/juan/Documents/Analisis-CC-PyCEFR/data/processed/python-algorithms/radon_output_python-algorithms.json
python-algorithms,python-algorithms,/home/juan/Documents/Analisis-CC-PyCEFR/python-algorithms/leetcode/src/dp/frog_jump/frog_jump_top_down.py,frog_jump_top_down.py,function,jump_recursive,4,A,1,28,40,4,frog_jump_memo,1,/home/juan/Documents/Analisis-CC-PyCEFR/data/processed/python-algorithms/radon_output_python-algorithms.json
python-algorithms,python-algorithms,/home/juan/Documents/Analisis-CC-PyCEFR/python-algorithms/leetcode/src/dp/lc_152_max_product_subarray/max_product_brute_force.py,max_product_brute_force.py,function,max_product,4,A,1,1,14,0,,0,/home/juan/Documents/Analisis-CC-PyCEFR/data/processed/python-algorithms/radon_output_python-algorithms.json
python-algorithms,python-algorithms,/home/juan/Documents/Analisis-CC-PyCEFR/python-algorithms/leetcode/src/dp/lc_152_max_product_subarray/max_product_subarray.py,max_product_subarray.py,function,max_product,3,A,1,1,14,0,,0,/home/juan/Documents/Analisis-CC-PyCEFR/data/processed/python-algorithms/radon_output_python-algorithms.json
python-algorithms,python-algorithms,/home/juan/Documents/Analisis-CC-PyCEFR/python-algorithms/leetcode/src/dp/lc_213_house_robber_2/house_robber_top_down.py,house_robber_top_down.py,function,house_robber,5,A,1,3,17,0,,0,/home/juan/Documents/Analisis-CC-PyCEFR/data/processed/python-algorithms/radon_output_python-algorithms.json
python-algorithms,python-algorithms,/home/juan/Documents/Analisis-CC-PyCEFR/python-algorithms/leetcode/src/dp/lc_213_house_robber_2/house_robber_top_down.py,house_robber_top_down.py,function,solve,4,A,1,20,29,0,,0,/home/juan/Documents/Analisis-CC-PyCEFR/data/processed/python-algorithms/radon_output_python-algorithms.json
python-algorithms,python-algorithms,/home/juan/Documents/Analisis-CC-PyCEFR/python-algorithms/leetcode/src/dp/lc_213_house_robber_2/house_robber_bottom_up.py,house_robber_bottom_up.py,function,house_robber,6,B,2,3,12,0,,0,/home/juan/Documents/Analisis-CC-PyCEFR/data/processed/python-algorithms/radon_output_python-algorithms.json
python-algorithms,python-algorithms,/home/juan/Documents/Analisis-CC-PyCEFR/python-algorithms/leetcode/src/dp/lc_213_house_robber_2/house_robber_bottom_up.py,house_robber_bottom_up.py,function,solve,3,A,1,14,24,0,,0,/home/juan/Documents/Analisis-CC-PyCEFR/data/processed/python-algorithms/radon_output_python-algorithms.json
python-algorithms,python-algorithms,/home/juan/Documents/Analisis-CC-PyCEFR/python-algorithms/leetcode/src/dp/lc_213_house_robber_2/house_robber_bottom_up.py,house_robber_bottom_up.py,function,house_robber_optimal,3,A,1,34,39,0,,0,/home/juan/Documents/Analisis-CC-PyCEFR/data/processed/python-algorithms/radon_output_python-algorithms.json
python-algorithms,python-algorithms,/home/juan/Documents/Analisis-CC-PyCEFR/python-algorithms/leetcode/src/dp/lc_213_house_robber_2/house_robber_bottom_up.py,house_robber_bottom_up.py,function,solve_optimal,3,A,1,41,50,0,,0,/home/juan/Documents/Analisis-CC-PyCEFR/data/processed/python-algorithms/radon_output_python-algorithms.json
python-algorithms,python-algorithms,/home/juan/Documents/Analisis-CC-PyCEFR/python-algorithms/leetcode/src/dp/lc_472_concatenated_words/concatenated_words.py,concatenated_words.py,function,wordBreak,6,B,2,9,21,0,,0,/home/juan/Documents/Analisis-CC-PyCEFR/data/processed/python-algorithms/radon_output_python-algorithms.json
python-algorithms,python-algorithms,/home/juan/Documents/Analisis-CC-PyCEFR/python-algorithms/leetcode/src/dp/lc_472_concatenated_words/concatenated_words.py,concatenated_words.py,function,findAllConcatenatedWordsInADict,3,A,1,1,7,0,,0,/home/juan/Documents/Analisis-CC-PyCEFR/data/processed/python-algorithms/radon_output_python-algorithms.json
python-algorithms,python-algorithms,/home/juan/Documents/Analisis-CC-PyCEFR/python-algorithms/leetcode/src/dp/lc_139_word_break_I/word_break.py,word_break.py,function,wordBreak,6,B,2,1,12,0,,0,/home/juan/Documents/Analisis-CC-PyCEFR/data/processed/python-algorithms/radon_output_python-algorithms.json
python-algorithms,python-algorithms,/home/juan/Documents/Analisis-CC-PyCEFR/python-algorithms/leetcode/src/dp/lc_139_word_break_I/word_break.py,word_break.py,function,wordBreak2,5,A,1,15,28,0,,0,/home/juan/Documents/Analisis-CC-PyCEFR/data/processed/python-algorithms/radon_output_python-algorithms.json
python-algorithms,python-algorithms,/home/juan/Documents/Analisis-CC-PyCEFR/python-algorithms/leetcode/src/dp/lc_98_house_robber/house_robber_top_down_recursion.py,house_robber_top_down_recursion.py,function,house_robber,1,A,1,2,12,0,,0,/home/juan/Documents/Analisis-CC-PyCEFR/data/processed/python-algorithms/radon_output_python-algorithms.json
python-algorithms,python-algorithms,/home/juan/Documents/Analisis-CC-PyCEFR/python-algorithms/leetcode/src/dp/lc_98_house_robber/house_robber_top_down_recursion.py,house_robber_top_down_recursion.py,function,compute,3,A,1,3,10,4,house_robber,1,/home/juan/Documents/Analisis-CC-PyCEFR/data/processed/python-algorithms/radon_output_python-algorithms.json
python-algorithms,python-algorithms,/home/juan/Documents/Analisis-CC-PyCEFR/python-algorithms/leetcode/src/dp/lc_98_house_robber/house_robber_top_down_recursion.py,house_robber_top_down_recursion.py,function,house_robber_memo,1,A,1,22,36,0,,0,/home/juan/Documents/Analisis-CC-PyCEFR/data/processed/python-algorithms/radon_output_python-algorithms.json
python-algorithms,python-algorithms,/home/juan/Documents/Analisis-CC-PyCEFR/python-algorithms/leetcode/src/dp/lc_98_house_robber/house_robber_top_down_recursion.py,house_robber_top_down_recursion.py,function,compute,4,A,1,23,32,4,house_robber_memo,1,/home/juan/Documents/Analisis-CC-PyCEFR/data/processed/python-algorithms/radon_output_python-algorithms.json
python-algorithms,python-algorithms,/home/juan/Documents/Analisis-CC-PyCEFR/python-algorithms/leetcode/src/dp/lc_98_house_robber/house_robber_bottom_up.py,house_robber_bottom_up.py,function,house_robber,3,A,1,3,13,0,,0,/home/juan/Documents/Analisis-CC-PyCEFR/data/processed/python-algorithms/radon_output_python-algorithms.json
python-algorithms,python-algorithms,/home/juan/Documents/Analisis-CC-PyCEFR/python-algorithms/leetcode/src/dp/lc_98_house_robber/house_robber_bottom_up.py,house_robber_bottom_up.py,function,house_robber_space_optimization,3,A,1,22,33,0,,0,/home/juan/Documents/Analisis-CC-PyCEFR/data/processed/python-algorithms/radon_output_python-algorithms.json
python-algorithms,python-algorithms,/home/juan/Documents/Analisis-CC-PyCEFR/python-algorithms/leetcode/src/dp/lc_70_climbing_stairs/climbing_stairs_top_down.py,climbing_stairs_top_down.py,function,climb,1,A,1,3,14,0,,0,/home/juan/Documents/Analisis-CC-PyCEFR/data/processed/python-algorithms/radon_output_python-algorithms.json
python-algorithms,python-algorithms,/home/juan/Documents/Analisis-CC-PyCEFR/python-algorithms/leetcode/src/dp/lc_70_climbing_stairs/climbing_stairs_top_down.py,climbing_stairs_top_down.py,function,solve,4,A,1,5,11,4,climb,1,/home/juan/Documents/Analisis-CC-PyCEFR/data/processed/python-algorithms/radon_output_python-algorithms.json
python-algorithms,python-algorithms,/home/juan/Documents/Analisis-CC-PyCEFR/python-algorithms/leetcode/src/dp/lc_70_climbing_stairs/climbing_stairs_bottom_up.py,climbing_stairs_bottom_up.py,function,climb,3,A,1,3,11,0,,0,/home/juan/Documents/Analisis-CC-PyCEFR/data/processed/python-algorithms/radon_output_python-algorithms.json
python-algorithms,python-algorithms,/home/juan/Documents/Analisis-CC-PyCEFR/python-algorithms/leetcode/src/trie/lc_676_implement_magic_dictionary/implement_magic_dictionary.py,implement_magic_dictionary.py,method,search,7,B,2,12,22,4,,0,/home/juan/Documents/Analisis-CC-PyCEFR/data/processed/python-algorithms/radon_output_python-algorithms.json
python-algorithms,python-algorithms,/home/juan/Documents/Analisis-CC-PyCEFR/python-algorithms/leetcode/src/trie/lc_676_implement_magic_dictionary/implement_magic_dictionary.py,implement_magic_dictionary.py,class,MagicDictionary,4,A,1,3,22,0,,0,/home/juan/Documents/Analisis-CC-PyCEFR/data/processed/python-algorithms/radon_output_python-algorithms.json
python-algorithms,python-algorithms,/home/juan/Documents/Analisis-CC-PyCEFR/python-algorithms/leetcode/src/trie/lc_676_implement_magic_dictionary/implement_magic_dictionary.py,implement_magic_dictionary.py,method,buildDict,2,A,1,7,10,4,,0,/home/juan/Documents/Analisis-CC-PyCEFR/data/processed/python-algorithms/radon_output_python-algorithms.json
python-algorithms,python-algorithms,/home/juan/Documents/Analisis-CC-PyCEFR/python-algorithms/leetcode/src/trie/lc_676_implement_magic_dictionary/implement_magic_dictionary.py,implement_magic_dictionary.py,method,__init__,1,A,1,4,5,4,,0,/home/juan/Documents/Analisis-CC-PyCEFR/data/processed/python-algorithms/radon_output_python-algorithms.json
python-algorithms,python-algorithms,/home/juan/Documents/Analisis-CC-PyCEFR/python-algorithms/leetcode/src/trie/lc_336_palindrome_pairs/palindrome_pairs.py,palindrome_pairs.py,method,search,8,B,2,23,37,4,,0,/home/juan/Documents/Analisis-CC-PyCEFR/data/processed/python-algorithms/radon_output_python-algorithms.json
python-algorithms,python-algorithms,/home/juan/Documents/Analisis-CC-PyCEFR/python-algorithms/leetcode/src/trie/lc_336_palindrome_pairs/palindrome_pairs.py,palindrome_pairs.py,class,Trie,5,A,1,6,44,0,,0,/home/juan/Documents/Analisis-CC-PyCEFR/data/processed/python-algorithms/radon_output_python-algorithms.json
python-algorithms,python-algorithms,/home/juan/Documents/Analisis-CC-PyCEFR/python-algorithms/leetcode/src/trie/lc_336_palindrome_pairs/palindrome_pairs.py,palindrome_pairs.py,method,insert,4,A,1,10,21,4,,0,/home/juan/Documents/Analisis-CC-PyCEFR/data/processed/python-algorithms/radon_output_python-algorithms.json
python-algorithms,python-algorithms,/home/juan/Documents/Analisis-CC-PyCEFR/python-algorithms/leetcode/src/trie/lc_336_palindrome_pairs/palindrome_pairs.py,palindrome_pairs.py,function,palindromePairs,3,A,1,47,57,0,,0,/home/juan/Documents/Analisis-CC-PyCEFR/data/processed/python-algorithms/radon_output_python-algorithms.json
python-algorithms,python-algorithms,/home/juan/Documents/Analisis-CC-PyCEFR/python-algorithms/leetcode/src/trie/lc_336_palindrome_pairs/palindrome_pairs.py,palindrome_pairs.py,method,is_palindrome,3,A,1,39,44,4,,0,/home/juan/Documents/Analisis-CC-PyCEFR/data/processed/python-algorithms/radon_output_python-algorithms.json
python-algorithms,python-algorithms,/home/juan/Documents/Analisis-CC-PyCEFR/python-algorithms/leetcode/src/trie/lc_336_palindrome_pairs/palindrome_pairs.py,palindrome_pairs.py,class,TrieNode,2,A,1,1,4,0,,0,/home/juan/Documents/Analisis-CC-PyCEFR/data/processed/python-algorithms/radon_output_python-algorithms.json
python-algorithms,python-algorithms,/home/juan/Documents/Analisis-CC-PyCEFR/python-algorithms/leetcode/src/trie/lc_336_palindrome_pairs/palindrome_pairs.py,palindrome_pairs.py,method,__init__,1,A,1,2,4,4,,0,/home/juan/Documents/Analisis-CC-PyCEFR/data/processed/python-algorithms/radon_output_python-algorithms.json
python-algorithms,python-algorithms,/home/juan/Documents/Analisis-CC-PyCEFR/python-algorithms/leetcode/src/trie/lc_336_palindrome_pairs/palindrome_pairs.py,palindrome_pairs.py,method,__init__,1,A,1,7,8,4,,0,/home/juan/Documents/Analisis-CC-PyCEFR/data/processed/python-algorithms/radon_output_python-algorithms.json
python-algorithms,python-algorithms,/home/juan/Documents/Analisis-CC-PyCEFR/python-algorithms/leetcode/src/trie/lc_208_implement_trie/implement_trie.py,implement_trie.py,class,Trie,3,A,1,6,36,0,,0,/home/juan/Documents/Analisis-CC-PyCEFR/data/processed/python-algorithms/radon_output_python-algorithms.json
python-algorithms,python-algorithms,/home/juan/Documents/Analisis-CC-PyCEFR/python-algorithms/leetcode/src/trie/lc_208_implement_trie/implement_trie.py,implement_trie.py,method,insert,3,A,1,11,18,4,,0,/home/juan/Documents/Analisis-CC-PyCEFR/data/processed/python-algorithms/radon_output_python-algorithms.json
python-algorithms,python-algorithms,/home/juan/Documents/Analisis-CC-PyCEFR/python-algorithms/leetcode/src/trie/lc_208_implement_trie/implement_trie.py,implement_trie.py,method,search,3,A,1,20,27,4,,0,/home/juan/Documents/Analisis-CC-PyCEFR/data/processed/python-algorithms/radon_output_python-algorithms.json
python-algorithms,python-algorithms,/home/juan/Documents/Analisis-CC-PyCEFR/python-algorithms/leetcode/src/trie/lc_208_implement_trie/implement_trie.py,implement_trie.py,method,startsWith,3,A,1,29,36,4,,0,/home/juan/Documents/Analisis-CC-PyCEFR/data/processed/python-algorithms/radon_output_python-algorithms.json
python-algorithms,python-algorithms,/home/juan/Documents/Analisis-CC-PyCEFR/python-algorithms/leetcode/src/trie/lc_208_implement_trie/implement_trie.py,implement_trie.py,class,TrieNode,2,A,1,1,4,0,,0,/home/juan/Documents/Analisis-CC-PyCEFR/data/processed/python-algorithms/radon_output_python-algorithms.json
python-algorithms,python-algorithms,/home/juan/Documents/Analisis-CC-PyCEFR/python-algorithms/leetcode/src/trie/lc_208_implement_trie/implement_trie.py,implement_trie.py,method,__init__,1,A,1,2,4,4,,0,/home/juan/Documents/Analisis-CC-PyCEFR/data/processed/python-algorithms/radon_output_python-algorithms.json
python-algorithms,python-algorithms,/home/juan/Documents/Analisis-CC-PyCEFR/python-algorithms/leetcode/src/trie/lc_208_implement_trie/implement_trie.py,implement_trie.py,method,__init__,1,A,1,8,9,4,,0,/home/juan/Documents/Analisis-CC-PyCEFR/data/processed/python-algorithms/radon_output_python-algorithms.json
python-algorithms,python-algorithms,/home/juan/Documents/Analisis-CC-PyCEFR/python-algorithms/leetcode/src/trie/lc_139_word_break_I/word_break.py,word_break.py,method,find,6,B,2,18,32,4,,0,/home/juan/Documents/Analisis-CC-PyCEFR/data/processed/python-algorithms/radon_output_python-algorithms.json
python-algorithms,python-algorithms,/home/juan/Documents/Analisis-CC-PyCEFR/python-algorithms/leetcode/src/trie/lc_139_word_break_I/word_break.py,word_break.py,class,Trie,4,A,1,5,32,0,,0,/home/juan/Documents/Analisis-CC-PyCEFR/data/processed/python-algorithms/radon_output_python-algorithms.json
python-algorithms,python-algorithms,/home/juan/Documents/Analisis-CC-PyCEFR/python-algorithms/leetcode/src/trie/lc_139_word_break_I/word_break.py,word_break.py,method,insert,3,A,1,10,16,4,,0,/home/juan/Documents/Analisis-CC-PyCEFR/data/processed/python-algorithms/radon_output_python-algorithms.json
python-algorithms,python-algorithms,/home/juan/Documents/Analisis-CC-PyCEFR/python-algorithms/leetcode/src/trie/lc_139_word_break_I/word_break.py,word_break.py,function,wordBreak,2,A,1,34,39,0,,0,/home/juan/Documents/Analisis-CC-PyCEFR/data/processed/python-algorithms/radon_output_python-algorithms.json
python-algorithms,python-algorithms,/home/juan/Documents/Analisis-CC-PyCEFR/python-algorithms/leetcode/src/trie/lc_139_word_break_I/word_break.py,word_break.py,class,TrieNode,2,A,1,1,3,0,,0,/home/juan/Documents/Analisis-CC-PyCEFR/data/processed/python-algorithms/radon_output_python-algorithms.json
python-algorithms,python-algorithms,/home/juan/Documents/Analisis-CC-PyCEFR/python-algorithms/leetcode/src/trie/lc_139_word_break_I/word_break.py,word_break.py,method,__init__,1,A,1,2,3,4,,0,/home/juan/Documents/Analisis-CC-PyCEFR/data/processed/python-algorithms/radon_output_python-algorithms.json
python-algorithms,python-algorithms,/home/juan/Documents/Analisis-CC-PyCEFR/python-algorithms/leetcode/src/trie/lc_139_word_break_I/word_break.py,word_break.py,method,__init__,1,A,1,6,8,4,,0,/home/juan/Documents/Analisis-CC-PyCEFR/data/processed/python-algorithms/radon_output_python-algorithms.json
python-algorithms,python-algorithms,/home/juan/Documents/Analisis-CC-PyCEFR/python-algorithms/leetcode/src/trie/lc_648_replace_words/replace_words.py,replace_words.py,class,Trie,4,A,1,5,25,0,,0,/home/juan/Documents/Analisis-CC-PyCEFR/data/processed/python-algorithms/radon_output_python-algorithms.json
python-algorithms,python-algorithms,/home/juan/Documents/Analisis-CC-PyCEFR/python-algorithms/leetcode/src/trie/lc_648_replace_words/replace_words.py,replace_words.py,method,replace,4,A,1,17,25,4,,0,/home/juan/Documents/Analisis-CC-PyCEFR/data/processed/python-algorithms/radon_output_python-algorithms.json
python-algorithms,python-algorithms,/home/juan/Documents/Analisis-CC-PyCEFR/python-algorithms/leetcode/src/trie/lc_648_replace_words/replace_words.py,replace_words.py,function,replaceWords,3,A,1,28,37,0,,0,/home/juan/Documents/Analisis-CC-PyCEFR/data/processed/python-algorithms/radon_output_python-algorithms.json
python-algorithms,python-algorithms,/home/juan/Documents/Analisis-CC-PyCEFR/python-algorithms/leetcode/src/trie/lc_648_replace_words/replace_words.py,replace_words.py,method,add_word,3,A,1,9,15,4,,0,/home/juan/Documents/Analisis-CC-PyCEFR/data/processed/python-algorithms/radon_output_python-algorithms.json
python-algorithms,python-algorithms,/home/juan/Documents/Analisis-CC-PyCEFR/python-algorithms/leetcode/src/trie/lc_648_replace_words/replace_words.py,replace_words.py,class,TrieNode,2,A,1,1,3,0,,0,/home/juan/Documents/Analisis-CC-PyCEFR/data/processed/python-algorithms/radon_output_python-algorithms.json
python-algorithms,python-algorithms,/home/juan/Documents/Analisis-CC-PyCEFR/python-algorithms/leetcode/src/trie/lc_648_replace_words/replace_words.py,replace_words.py,method,__init__,1,A,1,2,3,4,,0,/home/juan/Documents/Analisis-CC-PyCEFR/data/processed/python-algorithms/radon_output_python-algorithms.json
python-algorithms,python-algorithms,/home/juan/Documents/Analisis-CC-PyCEFR/python-algorithms/leetcode/src/trie/lc_648_replace_words/replace_words.py,replace_words.py,method,__init__,1,A,1,6,7,4,,0,/home/juan/Documents/Analisis-CC-PyCEFR/data/processed/python-algorithms/radon_output_python-algorithms.json
python-algorithms,python-algorithms,/home/juan/Documents/Analisis-CC-PyCEFR/python-algorithms/leetcode/src/trie/lc_720_longest_word_in_dictionary/longest_word_in_dictionary_2.py,longest_word_in_dictionary_2.py,function,longestWord,5,A,1,1,10,0,,0,/home/juan/Documents/Analisis-CC-PyCEFR/data/processed/python-algorithms/radon_output_python-algorithms.json
python-algorithms,python-algorithms,/home/juan/Documents/Analisis-CC-PyCEFR/python-algorithms/leetcode/src/trie/lc_720_longest_word_in_dictionary/longest_word_in_dictionary.py,longest_word_in_dictionary.py,function,longestWord,7,B,2,27,40,0,,0,/home/juan/Documents/Analisis-CC-PyCEFR/data/processed/python-algorithms/radon_output_python-algorithms.json
python-algorithms,python-algorithms,/home/juan/Documents/Analisis-CC-PyCEFR/python-algorithms/leetcode/src/trie/lc_720_longest_word_in_dictionary/longest_word_in_dictionary.py,longest_word_in_dictionary.py,class,Trie,4,A,1,5,25,0,,0,/home/juan/Documents/Analisis-CC-PyCEFR/data/processed/python-algorithms/radon_output_python-algorithms.json
python-algorithms,python-algorithms,/home/juan/Documents/Analisis-CC-PyCEFR/python-algorithms/leetcode/src/trie/lc_720_longest_word_in_dictionary/longest_word_in_dictionary.py,longest_word_in_dictionary.py,method,search,4,A,1,17,25,4,,0,/home/juan/Documents/Analisis-CC-PyCEFR/data/processed/python-algorithms/radon_output_python-algorithms.json
python-algorithms,python-algorithms,/home/juan/Documents/Analisis-CC-PyCEFR/python-algorithms/leetcode/src/trie/lc_720_longest_word_in_dictionary/longest_word_in_dictionary.py,longest_word_in_dictionary.py,method,insert,3,A,1,9,15,4,,0,/home/juan/Documents/Analisis-CC-PyCEFR/data/processed/python-algorithms/radon_output_python-algorithms.json
python-algorithms,python-algorithms,/home/juan/Documents/Analisis-CC-PyCEFR/python-algorithms/leetcode/src/trie/lc_720_longest_word_in_dictionary/longest_word_in_dictionary.py,longest_word_in_dictionary.py,class,TrieNode,2,A,1,1,3,0,,0,/home/juan/Documents/Analisis-CC-PyCEFR/data/processed/python-algorithms/radon_output_python-algorithms.json
python-algorithms,python-algorithms,/home/juan/Documents/Analisis-CC-PyCEFR/python-algorithms/leetcode/src/trie/lc_720_longest_word_in_dictionary/longest_word_in_dictionary.py,longest_word_in_dictionary.py,method,__init__,1,A,1,2,3,4,,0,/home/juan/Documents/Analisis-CC-PyCEFR/data/processed/python-algorithms/radon_output_python-algorithms.json
python-algorithms,python-algorithms,/home/juan/Documents/Analisis-CC-PyCEFR/python-algorithms/leetcode/src/trie/lc_720_longest_word_in_dictionary/longest_word_in_dictionary.py,longest_word_in_dictionary.py,method,__init__,1,A,1,6,7,4,,0,/home/juan/Documents/Analisis-CC-PyCEFR/data/processed/python-algorithms/radon_output_python-algorithms.json
python-algorithms,python-algorithms,/home/juan/Documents/Analisis-CC-PyCEFR/python-algorithms/leetcode/src/trie/lc_677_map_sum_pairs/map_sum_pairs.py,map_sum_pairs.py,class,MapSum,3,A,1,6,35,0,,0,/home/juan/Documents/Analisis-CC-PyCEFR/data/processed/python-algorithms/radon_output_python-algorithms.json
python-algorithms,python-algorithms,/home/juan/Documents/Analisis-CC-PyCEFR/python-algorithms/leetcode/src/trie/lc_677_map_sum_pairs/map_sum_pairs.py,map_sum_pairs.py,method,insert,3,A,1,11,18,4,,0,/home/juan/Documents/Analisis-CC-PyCEFR/data/processed/python-algorithms/radon_output_python-algorithms.json
python-algorithms,python-algorithms,/home/juan/Documents/Analisis-CC-PyCEFR/python-algorithms/leetcode/src/trie/lc_677_map_sum_pairs/map_sum_pairs.py,map_sum_pairs.py,method,sum,3,A,1,20,29,4,,0,/home/juan/Documents/Analisis-CC-PyCEFR/data/processed/python-algorithms/radon_output_python-algorithms.json
python-algorithms,python-algorithms,/home/juan/Documents/Analisis-CC-PyCEFR/python-algorithms/leetcode/src/trie/lc_677_map_sum_pairs/map_sum_pairs.py,map_sum_pairs.py,class,TrieNode,2,A,1,1,4,0,,0,/home/juan/Documents/Analisis-CC-PyCEFR/data/processed/python-algorithms/radon_output_python-algorithms.json
python-algorithms,python-algorithms,/home/juan/Documents/Analisis-CC-PyCEFR/python-algorithms/leetcode/src/trie/lc_677_map_sum_pairs/map_sum_pairs.py,map_sum_pairs.py,method,dfs,2,A,1,31,35,4,,0,/home/juan/Documents/Analisis-CC-PyCEFR/data/processed/python-algorithms/radon_output_python-algorithms.json
python-algorithms,python-algorithms,/home/juan/Documents/Analisis-CC-PyCEFR/python-algorithms/leetcode/src/trie/lc_677_map_sum_pairs/map_sum_pairs.py,map_sum_pairs.py,method,__init__,1,A,1,2,4,4,,0,/home/juan/Documents/Analisis-CC-PyCEFR/data/processed/python-algorithms/radon_output_python-algorithms.json
python-algorithms,python-algorithms,/home/juan/Documents/Analisis-CC-PyCEFR/python-algorithms/leetcode/src/trie/lc_677_map_sum_pairs/map_sum_pairs.py,map_sum_pairs.py,method,__init__,1,A,1,8,9,4,,0,/home/juan/Documents/Analisis-CC-PyCEFR/data/processed/python-algorithms/radon_output_python-algorithms.json
python-algorithms,python-algorithms,/home/juan/Documents/Analisis-CC-PyCEFR/python-algorithms/leetcode/src/trie/lc_820_short_encoding_of_words/short_encoding_of_words.py,short_encoding_of_words.py,class,Solution,5,A,1,1,14,0,,0,/home/juan/Documents/Analisis-CC-PyCEFR/data/processed/python-algorithms/radon_output_python-algorithms.json
python-algorithms,python-algorithms,/home/juan/Documents/Analisis-CC-PyCEFR/python-algorithms/leetcode/src/trie/lc_820_short_encoding_of_words/short_encoding_of_words.py,short_encoding_of_words.py,function,minimumLengthEncoding,4,A,1,34,46,0,,0,/home/juan/Documents/Analisis-CC-PyCEFR/data/processed/python-algorithms/radon_output_python-algorithms.json
python-algorithms,python-algorithms,/home/juan/Documents/Analisis-CC-PyCEFR/python-algorithms/leetcode/src/trie/lc_820_short_encoding_of_words/short_encoding_of_words.py,short_encoding_of_words.py,method,minimumLengthEncoding,4,A,1,2,14,4,,0,/home/juan/Documents/Analisis-CC-PyCEFR/data/processed/python-algorithms/radon_output_python-algorithms.json
python-algorithms,python-algorithms,/home/juan/Documents/Analisis-CC-PyCEFR/python-algorithms/leetcode/src/trie/lc_820_short_encoding_of_words/short_encoding_of_words.py,short_encoding_of_words.py,class,Trie,3,A,1,17,30,0,,0,/home/juan/Documents/Analisis-CC-PyCEFR/data/processed/python-algorithms/radon_output_python-algorithms.json
python-algorithms,python-algorithms,/home/juan/Documents/Analisis-CC-PyCEFR/python-algorithms/leetcode/src/trie/lc_820_short_encoding_of_words/short_encoding_of_words.py,short_encoding_of_words.py,method,insert,3,A,1,22,30,4,,0,/home/juan/Documents/Analisis-CC-PyCEFR/data/processed/python-algorithms/radon_output_python-algorithms.json
python-algorithms,python-algorithms,/home/juan/Documents/Analisis-CC-PyCEFR/python-algorithms/leetcode/src/trie/lc_820_short_encoding_of_words/short_encoding_of_words.py,short_encoding_of_words.py,method,__init__,1,A,1,18,20,4,,0,/home/juan/Documents/Analisis-CC-PyCEFR/data/processed/python-algorithms/radon_output_python-algorithms.json
python-algorithms,python-algorithms,/home/juan/Documents/Analisis-CC-PyCEFR/python-algorithms/leetcode/src/linkedlist/lc_237_delete_node_in_linkedlist/delete_node_in_linkedlist.py,delete_node_in_linkedlist.py,function,deleteNode,4,A,1,39,45,0,,0,/home/juan/Documents/Analisis-CC-PyCEFR/data/processed/python-algorithms/radon_output_python-algorithms.json
python-algorithms,python-algorithms,/home/juan/Documents/Analisis-CC-PyCEFR/python-algorithms/leetcode/src/linkedlist/lc_237_delete_node_in_linkedlist/delete_node_in_linkedlist.py,delete_node_in_linkedlist.py,class,ListNode,2,A,1,2,5,0,,0,/home/juan/Documents/Analisis-CC-PyCEFR/data/processed/python-algorithms/radon_output_python-algorithms.json
python-algorithms,python-algorithms,/home/juan/Documents/Analisis-CC-PyCEFR/python-algorithms/leetcode/src/linkedlist/lc_237_delete_node_in_linkedlist/delete_node_in_linkedlist.py,delete_node_in_linkedlist.py,function,deleteNode,1,A,1,31,33,0,,0,/home/juan/Documents/Analisis-CC-PyCEFR/data/processed/python-algorithms/radon_output_python-algorithms.json
python-algorithms,python-algorithms,/home/juan/Documents/Analisis-CC-PyCEFR/python-algorithms/leetcode/src/linkedlist/lc_237_delete_node_in_linkedlist/delete_node_in_linkedlist.py,delete_node_in_linkedlist.py,method,__init__,1,A,1,3,5,4,,0,/home/juan/Documents/Analisis-CC-PyCEFR/data/processed/python-algorithms/radon_output_python-algorithms.json
python-algorithms,python-algorithms,/home/juan/Documents/Analisis-CC-PyCEFR/python-algorithms/leetcode/src/linkedlist/lc_203_remove_linkedlist_elements/remove_linkedlist_elements.py,remove_linkedlist_elements.py,function,removeElements,4,A,1,8,20,0,,0,/home/juan/Documents/Analisis-CC-PyCEFR/data/processed/python-algorithms/radon_output_python-algorithms.json
python-algorithms,python-algorithms,/home/juan/Documents/Analisis-CC-PyCEFR/python-algorithms/leetcode/src/linkedlist/lc_203_remove_linkedlist_elements/remove_linkedlist_elements.py,remove_linkedlist_elements.py,function,removeElements2,4,A,1,24,35,0,,0,/home/juan/Documents/Analisis-CC-PyCEFR/data/processed/python-algorithms/radon_output_python-algorithms.json
python-algorithms,python-algorithms,/home/juan/Documents/Analisis-CC-PyCEFR/python-algorithms/leetcode/src/linkedlist/lc_203_remove_linkedlist_elements/remove_linkedlist_elements.py,remove_linkedlist_elements.py,class,ListNode,2,A,1,2,5,0,,0,/home/juan/Documents/Analisis-CC-PyCEFR/data/processed/python-algorithms/radon_output_python-algorithms.json
python-algorithms,python-algorithms,/home/juan/Documents/Analisis-CC-PyCEFR/python-algorithms/leetcode/src/linkedlist/lc_203_remove_linkedlist_elements/remove_linkedlist_elements.py,remove_linkedlist_elements.py,method,__init__,1,A,1,3,5,4,,0,/home/juan/Documents/Analisis-CC-PyCEFR/data/processed/python-algorithms/radon_output_python-algorithms.json
python-algorithms,python-algorithms,/home/juan/Documents/Analisis-CC-PyCEFR/python-algorithms/leetcode/src/linkedlist/lc_234_palindrome_linkedlist/palindrome_linkedlist.py,palindrome_linkedlist.py,function,isPalindrome,8,B,2,7,19,0,,0,/home/juan/Documents/Analisis-CC-PyCEFR/data/processed/python-algorithms/radon_output_python-algorithms.json
python-algorithms,python-algorithms,/home/juan/Documents/Analisis-CC-PyCEFR/python-algorithms/leetcode/src/linkedlist/lc_234_palindrome_linkedlist/palindrome_linkedlist.py,palindrome_linkedlist.py,function,reverse_list,2,A,1,22,29,0,,0,/home/juan/Documents/Analisis-CC-PyCEFR/data/processed/python-algorithms/radon_output_python-algorithms.json
python-algorithms,python-algorithms,/home/juan/Documents/Analisis-CC-PyCEFR/python-algorithms/leetcode/src/linkedlist/lc_234_palindrome_linkedlist/palindrome_linkedlist.py,palindrome_linkedlist.py,class,ListNode,2,A,1,2,5,0,,0,/home/juan/Documents/Analisis-CC-PyCEFR/data/processed/python-algorithms/radon_output_python-algorithms.json
python-algorithms,python-algorithms,/home/juan/Documents/Analisis-CC-PyCEFR/python-algorithms/leetcode/src/linkedlist/lc_234_palindrome_linkedlist/palindrome_linkedlist.py,palindrome_linkedlist.py,method,__init__,1,A,1,3,5,4,,0,/home/juan/Documents/Analisis-CC-PyCEFR/data/processed/python-algorithms/radon_output_python-algorithms.json
python-algorithms,python-algorithms,/home/juan/Documents/Analisis-CC-PyCEFR/python-algorithms/leetcode/src/linkedlist/lc_328_odd_even_linkedlist/odd_even_linkedlist.py,odd_even_linkedlist.py,function,oddEvenList,4,A,1,9,25,0,,0,/home/juan/Documents/Analisis-CC-PyCEFR/data/processed/python-algorithms/radon_output_python-algorithms.json
python-algorithms,python-algorithms,/home/juan/Documents/Analisis-CC-PyCEFR/python-algorithms/leetcode/src/linkedlist/lc_328_odd_even_linkedlist/odd_even_linkedlist.py,odd_even_linkedlist.py,class,ListNode,2,A,1,2,5,0,,0,/home/juan/Documents/Analisis-CC-PyCEFR/data/processed/python-algorithms/radon_output_python-algorithms.json
python-algorithms,python-algorithms,/home/juan/Documents/Analisis-CC-PyCEFR/python-algorithms/leetcode/src/linkedlist/lc_328_odd_even_linkedlist/odd_even_linkedlist.py,odd_even_linkedlist.py,method,__init__,1,A,1,3,5,4,,0,/home/juan/Documents/Analisis-CC-PyCEFR/data/processed/python-algorithms/radon_output_python-algorithms.json
python-algorithms,python-algorithms,/home/juan/Documents/Analisis-CC-PyCEFR/python-algorithms/leetcode/src/linkedlist/lc_142_linkedlist_cycle_II/linkedlist_cycle.py,linkedlist_cycle.py,function,detectCycle,7,B,2,8,18,0,,0,/home/juan/Documents/Analisis-CC-PyCEFR/data/processed/python-algorithms/radon_output_python-algorithms.json
python-algorithms,python-algorithms,/home/juan/Documents/Analisis-CC-PyCEFR/python-algorithms/leetcode/src/linkedlist/lc_142_linkedlist_cycle_II/linkedlist_cycle.py,linkedlist_cycle.py,class,ListNode,2,A,1,2,5,0,,0,/home/juan/Documents/Analisis-CC-PyCEFR/data/processed/python-algorithms/radon_output_python-algorithms.json
python-algorithms,python-algorithms,/home/juan/Documents/Analisis-CC-PyCEFR/python-algorithms/leetcode/src/linkedlist/lc_142_linkedlist_cycle_II/linkedlist_cycle.py,linkedlist_cycle.py,method,__init__,1,A,1,3,5,4,,0,/home/juan/Documents/Analisis-CC-PyCEFR/data/processed/python-algorithms/radon_output_python-algorithms.json
python-algorithms,python-algorithms,/home/juan/Documents/Analisis-CC-PyCEFR/python-algorithms/leetcode/src/linkedlist/lc_2_add_two_numbers/add_two_numbers.py,add_two_numbers.py,function,addTwoNumbers,8,B,2,8,23,0,,0,/home/juan/Documents/Analisis-CC-PyCEFR/data/processed/python-algorithms/radon_output_python-algorithms.json
python-algorithms,python-algorithms,/home/juan/Documents/Analisis-CC-PyCEFR/python-algorithms/leetcode/src/linkedlist/lc_2_add_two_numbers/add_two_numbers.py,add_two_numbers.py,class,ListNode,2,A,1,2,5,0,,0,/home/juan/Documents/Analisis-CC-PyCEFR/data/processed/python-algorithms/radon_output_python-algorithms.json
python-algorithms,python-algorithms,/home/juan/Documents/Analisis-CC-PyCEFR/python-algorithms/leetcode/src/linkedlist/lc_2_add_two_numbers/add_two_numbers.py,add_two_numbers.py,method,__init__,1,A,1,3,5,4,,0,/home/juan/Documents/Analisis-CC-PyCEFR/data/processed/python-algorithms/radon_output_python-algorithms.json
python-algorithms,python-algorithms,/home/juan/Documents/Analisis-CC-PyCEFR/python-algorithms/leetcode/src/linkedlist/lc_25_reverse_nodes_in_k_groups/reverse_nodes_in_k_groups.py,reverse_nodes_in_k_groups.py,function,reverseKGroup,9,B,2,7,33,0,,0,/home/juan/Documents/Analisis-CC-PyCEFR/data/processed/python-algorithms/radon_output_python-algorithms.json
python-algorithms,python-algorithms,/home/juan/Documents/Analisis-CC-PyCEFR/python-algorithms/leetcode/src/linkedlist/lc_25_reverse_nodes_in_k_groups/reverse_nodes_in_k_groups.py,reverse_nodes_in_k_groups.py,class,ListNode,2,A,1,2,5,0,,0,/home/juan/Documents/Analisis-CC-PyCEFR/data/processed/python-algorithms/radon_output_python-algorithms.json
python-algorithms,python-algorithms,/home/juan/Documents/Analisis-CC-PyCEFR/python-algorithms/leetcode/src/linkedlist/lc_25_reverse_nodes_in_k_groups/reverse_nodes_in_k_groups.py,reverse_nodes_in_k_groups.py,method,__init__,1,A,1,3,5,4,,0,/home/juan/Documents/Analisis-CC-PyCEFR/data/processed/python-algorithms/radon_output_python-algorithms.json
python-algorithms,python-algorithms,/home/juan/Documents/Analisis-CC-PyCEFR/python-algorithms/leetcode/src/linkedlist/lc_24_swap_nodes_in_pairs/swap_nodes_in_pairs.py,swap_nodes_in_pairs.py,function,swapPairs,7,B,2,1,21,0,,0,/home/juan/Documents/Analisis-CC-PyCEFR/data/processed/python-algorithms/radon_output_python-algorithms.json
python-algorithms,python-algorithms,/home/juan/Documents/Analisis-CC-PyCEFR/python-algorithms/leetcode/src/linkedlist/lc_23_merge_k_sorted_lists/merge_k_sorted_lists.py,merge_k_sorted_lists.py,function,mergeKLists,5,A,1,18,28,0,,0,/home/juan/Documents/Analisis-CC-PyCEFR/data/processed/python-algorithms/radon_output_python-algorithms.json
python-algorithms,python-algorithms,/home/juan/Documents/Analisis-CC-PyCEFR/python-algorithms/leetcode/src/linkedlist/lc_23_merge_k_sorted_lists/merge_k_sorted_lists.py,merge_k_sorted_lists.py,function,mergeTwoLists,5,A,1,30,40,0,,0,/home/juan/Documents/Analisis-CC-PyCEFR/data/processed/python-algorithms/radon_output_python-algorithms.json
python-algorithms,python-algorithms,/home/juan/Documents/Analisis-CC-PyCEFR/python-algorithms/leetcode/src/linkedlist/lc_23_merge_k_sorted_lists/merge_k_sorted_lists.py,merge_k_sorted_lists.py,function,mergeKLists2,4,A,1,54,68,0,,0,/home/juan/Documents/Analisis-CC-PyCEFR/data/processed/python-algorithms/radon_output_python-algorithms.json
python-algorithms,python-algorithms,/home/juan/Documents/Analisis-CC-PyCEFR/python-algorithms/leetcode/src/linkedlist/lc_23_merge_k_sorted_lists/merge_k_sorted_lists.py,merge_k_sorted_lists.py,function,print_list,2,A,1,75,78,0,,0,/home/juan/Documents/Analisis-CC-PyCEFR/data/processed/python-algorithms/radon_output_python-algorithms.json
python-algorithms,python-algorithms,/home/juan/Documents/Analisis-CC-PyCEFR/python-algorithms/leetcode/src/linkedlist/lc_23_merge_k_sorted_lists/merge_k_sorted_lists.py,merge_k_sorted_lists.py,class,ListNode,2,A,1,4,10,0,,0,/home/juan/Documents/Analisis-CC-PyCEFR/data/processed/python-algorithms/radon_output_python-algorithms.json
python-algorithms,python-algorithms,/home/juan/Documents/Analisis-CC-PyCEFR/python-algorithms/leetcode/src/linkedlist/lc_23_merge_k_sorted_lists/merge_k_sorted_lists.py,merge_k_sorted_lists.py,method,__init__,1,A,1,5,7,4,,0,/home/juan/Documents/Analisis-CC-PyCEFR/data/processed/python-algorithms/radon_output_python-algorithms.json
python-algorithms,python-algorithms,/home/juan/Documents/Analisis-CC-PyCEFR/python-algorithms/leetcode/src/linkedlist/lc_23_merge_k_sorted_lists/merge_k_sorted_lists.py,merge_k_sorted_lists.py,method,__lt__,1,A,1,9,10,4,,0,/home/juan/Documents/Analisis-CC-PyCEFR/data/processed/python-algorithms/radon_output_python-algorithms.json
python-algorithms,python-algorithms,/home/juan/Documents/Analisis-CC-PyCEFR/python-algorithms/leetcode/src/linkedlist/lc_21_merge_two_sorted_lists/merge_two_sorted_lists.py,merge_two_sorted_lists.py,function,mergeTwoLists,5,A,1,10,20,0,,0,/home/juan/Documents/Analisis-CC-PyCEFR/data/processed/python-algorithms/radon_output_python-algorithms.json
python-algorithms,python-algorithms,/home/juan/Documents/Analisis-CC-PyCEFR/python-algorithms/leetcode/src/linkedlist/lc_21_merge_two_sorted_lists/merge_two_sorted_lists.py,merge_two_sorted_lists.py,class,ListNode,2,A,1,2,5,0,,0,/home/juan/Documents/Analisis-CC-PyCEFR/data/processed/python-algorithms/radon_output_python-algorithms.json
python-algorithms,python-algorithms,/home/juan/Documents/Analisis-CC-PyCEFR/python-algorithms/leetcode/src/linkedlist/lc_21_merge_two_sorted_lists/merge_two_sorted_lists.py,merge_two_sorted_lists.py,method,__init__,1,A,1,3,5,4,,0,/home/juan/Documents/Analisis-CC-PyCEFR/data/processed/python-algorithms/radon_output_python-algorithms.json
python-algorithms,python-algorithms,/home/juan/Documents/Analisis-CC-PyCEFR/python-algorithms/leetcode/src/linkedlist/lc_19_remove_nth_node_from_list/remove_nth_node_from_list.py,remove_nth_node_from_list.py,function,removeNthFromEnd,4,A,1,7,19,0,,0,/home/juan/Documents/Analisis-CC-PyCEFR/data/processed/python-algorithms/radon_output_python-algorithms.json
python-algorithms,python-algorithms,/home/juan/Documents/Analisis-CC-PyCEFR/python-algorithms/leetcode/src/linkedlist/lc_19_remove_nth_node_from_list/remove_nth_node_from_list.py,remove_nth_node_from_list.py,class,ListNode,2,A,1,2,5,0,,0,/home/juan/Documents/Analisis-CC-PyCEFR/data/processed/python-algorithms/radon_output_python-algorithms.json
python-algorithms,python-algorithms,/home/juan/Documents/Analisis-CC-PyCEFR/python-algorithms/leetcode/src/linkedlist/lc_19_remove_nth_node_from_list/remove_nth_node_from_list.py,remove_nth_node_from_list.py,method,__init__,1,A,1,3,5,4,,0,/home/juan/Documents/Analisis-CC-PyCEFR/data/processed/python-algorithms/radon_output_python-algorithms.json
python-algorithms,python-algorithms,/home/juan/Documents/Analisis-CC-PyCEFR/python-algorithms/leetcode/src/linkedlist/lc_160_intersection_of_two_linkedlists/intersection_of_two_linkedlists.py,intersection_of_two_linkedlists.py,function,getIntersectionNode,8,B,2,1,16,0,,0,/home/juan/Documents/Analisis-CC-PyCEFR/data/processed/python-algorithms/radon_output_python-algorithms.json
python-algorithms,python-algorithms,/home/juan/Documents/Analisis-CC-PyCEFR/python-algorithms/leetcode/src/linkedlist/lc_160_intersection_of_two_linkedlists/intersection_of_two_linkedlists.py,intersection_of_two_linkedlists.py,function,count_list,2,A,1,19,25,0,,0,/home/juan/Documents/Analisis-CC-PyCEFR/data/processed/python-algorithms/radon_output_python-algorithms.json
python-algorithms,python-algorithms,/home/juan/Documents/Analisis-CC-PyCEFR/python-algorithms/leetcode/src/linkedlist/lc_86_partition_list/partition_list.py,partition_list.py,function,partition,3,A,1,7,22,0,,0,/home/juan/Documents/Analisis-CC-PyCEFR/data/processed/python-algorithms/radon_output_python-algorithms.json
python-algorithms,python-algorithms,/home/juan/Documents/Analisis-CC-PyCEFR/python-algorithms/leetcode/src/linkedlist/lc_86_partition_list/partition_list.py,partition_list.py,class,ListNode,2,A,1,2,5,0,,0,/home/juan/Documents/Analisis-CC-PyCEFR/data/processed/python-algorithms/radon_output_python-algorithms.json
python-algorithms,python-algorithms,/home/juan/Documents/Analisis-CC-PyCEFR/python-algorithms/leetcode/src/linkedlist/lc_86_partition_list/partition_list.py,partition_list.py,method,__init__,1,A,1,3,5,4,,0,/home/juan/Documents/Analisis-CC-PyCEFR/data/processed/python-algorithms/radon_output_python-algorithms.json
python-algorithms,python-algorithms,/home/juan/Documents/Analisis-CC-PyCEFR/python-algorithms/leetcode/src/linkedlist/lc_138_copy_list_with_random_pointer/lc_138_copy_list_with_random_pointer.py,lc_138_copy_list_with_random_pointer.py,function,copyRandomList,3,A,1,7,20,0,,0,/home/juan/Documents/Analisis-CC-PyCEFR/data/processed/python-algorithms/radon_output_python-algorithms.json
python-algorithms,python-algorithms,/home/juan/Documents/Analisis-CC-PyCEFR/python-algorithms/leetcode/src/linkedlist/lc_138_copy_list_with_random_pointer/lc_138_copy_list_with_random_pointer.py,lc_138_copy_list_with_random_pointer.py,class,Node,2,A,1,1,5,0,,0,/home/juan/Documents/Analisis-CC-PyCEFR/data/processed/python-algorithms/radon_output_python-algorithms.json
python-algorithms,python-algorithms,/home/juan/Documents/Analisis-CC-PyCEFR/python-algorithms/leetcode/src/linkedlist/lc_138_copy_list_with_random_pointer/lc_138_copy_list_with_random_pointer.py,lc_138_copy_list_with_random_pointer.py,method,__init__,1,A,1,2,5,4,,0,/home/juan/Documents/Analisis-CC-PyCEFR/data/processed/python-algorithms/radon_output_python-algorithms.json
python-algorithms,python-algorithms,/home/juan/Documents/Analisis-CC-PyCEFR/python-algorithms/leetcode/src/linkedlist/lc_143_reorder_list/reorder_list.py,reorder_list.py,function,reorderList,8,B,2,7,26,0,,0,/home/juan/Documents/Analisis-CC-PyCEFR/data/processed/python-algorithms/radon_output_python-algorithms.json
python-algorithms,python-algorithms,/home/juan/Documents/Analisis-CC-PyCEFR/python-algorithms/leetcode/src/linkedlist/lc_143_reorder_list/reorder_list.py,reorder_list.py,function,reorderList2,8,B,2,39,56,0,,0,/home/juan/Documents/Analisis-CC-PyCEFR/data/processed/python-algorithms/radon_output_python-algorithms.json
python-algorithms,python-algorithms,/home/juan/Documents/Analisis-CC-PyCEFR/python-algorithms/leetcode/src/linkedlist/lc_143_reorder_list/reorder_list.py,reorder_list.py,function,reverse,2,A,1,29,36,0,,0,/home/juan/Documents/Analisis-CC-PyCEFR/data/processed/python-algorithms/radon_output_python-algorithms.json
python-algorithms,python-algorithms,/home/juan/Documents/Analisis-CC-PyCEFR/python-algorithms/leetcode/src/linkedlist/lc_143_reorder_list/reorder_list.py,reorder_list.py,class,ListNode,2,A,1,2,5,0,,0,/home/juan/Documents/Analisis-CC-PyCEFR/data/processed/python-algorithms/radon_output_python-algorithms.json
python-algorithms,python-algorithms,/home/juan/Documents/Analisis-CC-PyCEFR/python-algorithms/leetcode/src/linkedlist/lc_143_reorder_list/reorder_list.py,reorder_list.py,method,__init__,1,A,1,3,5,4,,0,/home/juan/Documents/Analisis-CC-PyCEFR/data/processed/python-algorithms/radon_output_python-algorithms.json
python-algorithms,python-algorithms,/home/juan/Documents/Analisis-CC-PyCEFR/python-algorithms/leetcode/src/linkedlist/lc_148_sort_list/sort_list.py,sort_list.py,function,mergeTwoLists,5,A,1,28,38,0,,0,/home/juan/Documents/Analisis-CC-PyCEFR/data/processed/python-algorithms/radon_output_python-algorithms.json
python-algorithms,python-algorithms,/home/juan/Documents/Analisis-CC-PyCEFR/python-algorithms/leetcode/src/linkedlist/lc_148_sort_list/sort_list.py,sort_list.py,function,sortList,3,A,1,8,18,0,,0,/home/juan/Documents/Analisis-CC-PyCEFR/data/processed/python-algorithms/radon_output_python-algorithms.json
python-algorithms,python-algorithms,/home/juan/Documents/Analisis-CC-PyCEFR/python-algorithms/leetcode/src/linkedlist/lc_148_sort_list/sort_list.py,sort_list.py,function,getMid,3,A,1,21,26,0,,0,/home/juan/Documents/Analisis-CC-PyCEFR/data/processed/python-algorithms/radon_output_python-algorithms.json
python-algorithms,python-algorithms,/home/juan/Documents/Analisis-CC-PyCEFR/python-algorithms/leetcode/src/linkedlist/lc_148_sort_list/sort_list.py,sort_list.py,class,ListNode,2,A,1,2,5,0,,0,/home/juan/Documents/Analisis-CC-PyCEFR/data/processed/python-algorithms/radon_output_python-algorithms.json
python-algorithms,python-algorithms,/home/juan/Documents/Analisis-CC-PyCEFR/python-algorithms/leetcode/src/linkedlist/lc_148_sort_list/sort_list.py,sort_list.py,method,__init__,1,A,1,3,5,4,,0,/home/juan/Documents/Analisis-CC-PyCEFR/data/processed/python-algorithms/radon_output_python-algorithms.json
python-algorithms,python-algorithms,/home/juan/Documents/Analisis-CC-PyCEFR/python-algorithms/leetcode/src/linkedlist/lc_148_sort_list/sort_list_2.py,sort_list_2.py,function,sortList,5,A,1,10,25,0,,0,/home/juan/Documents/Analisis-CC-PyCEFR/data/processed/python-algorithms/radon_output_python-algorithms.json
python-algorithms,python-algorithms,/home/juan/Documents/Analisis-CC-PyCEFR/python-algorithms/leetcode/src/linkedlist/lc_148_sort_list/sort_list_2.py,sort_list_2.py,class,ListNode,2,A,1,4,7,0,,0,/home/juan/Documents/Analisis-CC-PyCEFR/data/processed/python-algorithms/radon_output_python-algorithms.json
python-algorithms,python-algorithms,/home/juan/Documents/Analisis-CC-PyCEFR/python-algorithms/leetcode/src/linkedlist/lc_148_sort_list/sort_list_2.py,sort_list_2.py,method,__init__,1,A,1,5,7,4,,0,/home/juan/Documents/Analisis-CC-PyCEFR/data/processed/python-algorithms/radon_output_python-algorithms.json
python-algorithms,python-algorithms,/home/juan/Documents/Analisis-CC-PyCEFR/python-algorithms/leetcode/src/linkedlist/lc_725_split_linkedlist_in_parts/split_linkedlist_in_parts.py,split_linkedlist_in_parts.py,function,splitListToParts,5,A,1,8,27,0,,0,/home/juan/Documents/Analisis-CC-PyCEFR/data/processed/python-algorithms/radon_output_python-algorithms.json
python-algorithms,python-algorithms,/home/juan/Documents/Analisis-CC-PyCEFR/python-algorithms/leetcode/src/linkedlist/lc_725_split_linkedlist_in_parts/split_linkedlist_in_parts.py,split_linkedlist_in_parts.py,class,ListNode,2,A,1,2,5,0,,0,/home/juan/Documents/Analisis-CC-PyCEFR/data/processed/python-algorithms/radon_output_python-algorithms.json
python-algorithms,python-algorithms,/home/juan/Documents/Analisis-CC-PyCEFR/python-algorithms/leetcode/src/linkedlist/lc_725_split_linkedlist_in_parts/split_linkedlist_in_parts.py,split_linkedlist_in_parts.py,method,__init__,1,A,1,3,5,4,,0,/home/juan/Documents/Analisis-CC-PyCEFR/data/processed/python-algorithms/radon_output_python-algorithms.json
python-algorithms,python-algorithms,/home/juan/Documents/Analisis-CC-PyCEFR/python-algorithms/leetcode/src/linkedlist/lc_147_insertion_sort/insertion_sort.py,insertion_sort.py,function,insertionSortList,4,A,1,9,23,0,,0,/home/juan/Documents/Analisis-CC-PyCEFR/data/processed/python-algorithms/radon_output_python-algorithms.json
python-algorithms,python-algorithms,/home/juan/Documents/Analisis-CC-PyCEFR/python-algorithms/leetcode/src/linkedlist/lc_147_insertion_sort/insertion_sort.py,insertion_sort.py,class,ListNode,2,A,1,2,5,0,,0,/home/juan/Documents/Analisis-CC-PyCEFR/data/processed/python-algorithms/radon_output_python-algorithms.json
python-algorithms,python-algorithms,/home/juan/Documents/Analisis-CC-PyCEFR/python-algorithms/leetcode/src/linkedlist/lc_147_insertion_sort/insertion_sort.py,insertion_sort.py,method,__init__,1,A,1,3,5,4,,0,/home/juan/Documents/Analisis-CC-PyCEFR/data/processed/python-algorithms/radon_output_python-algorithms.json
python-algorithms,python-algorithms,/home/juan/Documents/Analisis-CC-PyCEFR/python-algorithms/leetcode/src/linkedlist/lc_141_linkedlist_cycle/linkedlist_cycle.py,linkedlist_cycle.py,function,has_cycle,5,A,1,1,10,0,,0,/home/juan/Documents/Analisis-CC-PyCEFR/data/processed/python-algorithms/radon_output_python-algorithms.json
python-algorithms,python-algorithms,/home/juan/Documents/Analisis-CC-PyCEFR/python-algorithms/leetcode/src/linkedlist/lc_83_remove_duplicates_from_sorted_list/remove_duplicates_from_sorted_list.py,remove_duplicates_from_sorted_list.py,function,deleteDuplicates,4,A,1,11,21,0,,0,/home/juan/Documents/Analisis-CC-PyCEFR/data/processed/python-algorithms/radon_output_python-algorithms.json
python-algorithms,python-algorithms,/home/juan/Documents/Analisis-CC-PyCEFR/python-algorithms/leetcode/src/linkedlist/lc_83_remove_duplicates_from_sorted_list/remove_duplicates_from_sorted_list.py,remove_duplicates_from_sorted_list.py,function,deleteDuplicates2,4,A,1,27,40,0,,0,/home/juan/Documents/Analisis-CC-PyCEFR/data/processed/python-algorithms/radon_output_python-algorithms.json
python-algorithms,python-algorithms,/home/juan/Documents/Analisis-CC-PyCEFR/python-algorithms/leetcode/src/linkedlist/lc_83_remove_duplicates_from_sorted_list/remove_duplicates_from_sorted_list.py,remove_duplicates_from_sorted_list.py,class,ListNode,2,A,1,4,7,0,,0,/home/juan/Documents/Analisis-CC-PyCEFR/data/processed/python-algorithms/radon_output_python-algorithms.json
python-algorithms,python-algorithms,/home/juan/Documents/Analisis-CC-PyCEFR/python-algorithms/leetcode/src/linkedlist/lc_83_remove_duplicates_from_sorted_list/remove_duplicates_from_sorted_list.py,remove_duplicates_from_sorted_list.py,method,__init__,1,A,1,5,7,4,,0,/home/juan/Documents/Analisis-CC-PyCEFR/data/processed/python-algorithms/radon_output_python-algorithms.json
python-algorithms,python-algorithms,/home/juan/Documents/Analisis-CC-PyCEFR/python-algorithms/leetcode/src/linkedlist/lc_109_convert_sorted_list_binary_tree/convert_sorted_list_binary_tree.py,convert_sorted_list_binary_tree.py,function,sorted_list_to_bst,5,A,1,15,31,0,,0,/home/juan/Documents/Analisis-CC-PyCEFR/data/processed/python-algorithms/radon_output_python-algorithms.json
python-algorithms,python-algorithms,/home/juan/Documents/Analisis-CC-PyCEFR/python-algorithms/leetcode/src/linkedlist/lc_109_convert_sorted_list_binary_tree/convert_sorted_list_binary_tree.py,convert_sorted_list_binary_tree.py,function,sorted_list_to_bst_2,2,A,1,43,58,0,,0,/home/juan/Documents/Analisis-CC-PyCEFR/data/processed/python-algorithms/radon_output_python-algorithms.json
python-algorithms,python-algorithms,/home/juan/Documents/Analisis-CC-PyCEFR/python-algorithms/leetcode/src/linkedlist/lc_109_convert_sorted_list_binary_tree/convert_sorted_list_binary_tree.py,convert_sorted_list_binary_tree.py,function,buildTree,2,A,1,49,56,4,sorted_list_to_bst_2,1,/home/juan/Documents/Analisis-CC-PyCEFR/data/processed/python-algorithms/radon_output_python-algorithms.json
python-algorithms,python-algorithms,/home/juan/Documents/Analisis-CC-PyCEFR/python-algorithms/leetcode/src/linkedlist/lc_109_convert_sorted_list_binary_tree/convert_sorted_list_binary_tree.py,convert_sorted_list_binary_tree.py,class,ListNode,2,A,1,2,5,0,,0,/home/juan/Documents/Analisis-CC-PyCEFR/data/processed/python-algorithms/radon_output_python-algorithms.json
python-algorithms,python-algorithms,/home/juan/Documents/Analisis-CC-PyCEFR/python-algorithms/leetcode/src/linkedlist/lc_109_convert_sorted_list_binary_tree/convert_sorted_list_binary_tree.py,convert_sorted_list_binary_tree.py,class,TreeNode,2,A,1,8,12,0,,0,/home/juan/Documents/Analisis-CC-PyCEFR/data/processed/python-algorithms/radon_output_python-algorithms.json
python-algorithms,python-algorithms,/home/juan/Documents/Analisis-CC-PyCEFR/python-algorithms/leetcode/src/linkedlist/lc_109_convert_sorted_list_binary_tree/convert_sorted_list_binary_tree.py,convert_sorted_list_binary_tree.py,method,__init__,1,A,1,3,5,4,,0,/home/juan/Documents/Analisis-CC-PyCEFR/data/processed/python-algorithms/radon_output_python-algorithms.json
python-algorithms,python-algorithms,/home/juan/Documents/Analisis-CC-PyCEFR/python-algorithms/leetcode/src/linkedlist/lc_109_convert_sorted_list_binary_tree/convert_sorted_list_binary_tree.py,convert_sorted_list_binary_tree.py,method,__init__,1,A,1,9,12,4,,0,/home/juan/Documents/Analisis-CC-PyCEFR/data/processed/python-algorithms/radon_output_python-algorithms.json
python-algorithms,python-algorithms,/home/juan/Documents/Analisis-CC-PyCEFR/python-algorithms/leetcode/src/linkedlist/lc_92_reverse_linkedlist_II/reverse_linkedlist_II.py,reverse_linkedlist_II.py,function,reverseBetween,8,B,2,8,32,0,,0,/home/juan/Documents/Analisis-CC-PyCEFR/data/processed/python-algorithms/radon_output_python-algorithms.json
python-algorithms,python-algorithms,/home/juan/Documents/Analisis-CC-PyCEFR/python-algorithms/leetcode/src/linkedlist/lc_92_reverse_linkedlist_II/reverse_linkedlist_II.py,reverse_linkedlist_II.py,class,ListNode,2,A,1,2,5,0,,0,/home/juan/Documents/Analisis-CC-PyCEFR/data/processed/python-algorithms/radon_output_python-algorithms.json
python-algorithms,python-algorithms,/home/juan/Documents/Analisis-CC-PyCEFR/python-algorithms/leetcode/src/linkedlist/lc_92_reverse_linkedlist_II/reverse_linkedlist_II.py,reverse_linkedlist_II.py,method,__init__,1,A,1,3,5,4,,0,/home/juan/Documents/Analisis-CC-PyCEFR/data/processed/python-algorithms/radon_output_python-algorithms.json
python-algorithms,python-algorithms,/home/juan/Documents/Analisis-CC-PyCEFR/python-algorithms/leetcode/src/linkedlist/lc_61_rotate_list/rotate_list.py,rotate_list.py,function,rotateRight,8,B,2,8,26,0,,0,/home/juan/Documents/Analisis-CC-PyCEFR/data/processed/python-algorithms/radon_output_python-algorithms.json
python-algorithms,python-algorithms,/home/juan/Documents/Analisis-CC-PyCEFR/python-algorithms/leetcode/src/linkedlist/lc_61_rotate_list/rotate_list.py,rotate_list.py,function,rotateLeft,4,A,1,31,46,0,,0,/home/juan/Documents/Analisis-CC-PyCEFR/data/processed/python-algorithms/radon_output_python-algorithms.json
python-algorithms,python-algorithms,/home/juan/Documents/Analisis-CC-PyCEFR/python-algorithms/leetcode/src/linkedlist/lc_61_rotate_list/rotate_list.py,rotate_list.py,class,ListNode,2,A,1,2,5,0,,0,/home/juan/Documents/Analisis-CC-PyCEFR/data/processed/python-algorithms/radon_output_python-algorithms.json
python-algorithms,python-algorithms,/home/juan/Documents/Analisis-CC-PyCEFR/python-algorithms/leetcode/src/linkedlist/lc_61_rotate_list/rotate_list.py,rotate_list.py,method,__init__,1,A,1,3,5,4,,0,/home/juan/Documents/Analisis-CC-PyCEFR/data/processed/python-algorithms/radon_output_python-algorithms.json
python-algorithms,python-algorithms,/home/juan/Documents/Analisis-CC-PyCEFR/python-algorithms/leetcode/src/linkedlist/lc_445_add_two_numbers_II/add_two_numbers_II.py,add_two_numbers_II.py,function,addTwoNumbers,8,B,2,7,25,0,,0,/home/juan/Documents/Analisis-CC-PyCEFR/data/processed/python-algorithms/radon_output_python-algorithms.json
python-algorithms,python-algorithms,/home/juan/Documents/Analisis-CC-PyCEFR/python-algorithms/leetcode/src/linkedlist/lc_445_add_two_numbers_II/add_two_numbers_II.py,add_two_numbers_II.py,function,reverse,2,A,1,28,35,0,,0,/home/juan/Documents/Analisis-CC-PyCEFR/data/processed/python-algorithms/radon_output_python-algorithms.json
python-algorithms,python-algorithms,/home/juan/Documents/Analisis-CC-PyCEFR/python-algorithms/leetcode/src/linkedlist/lc_445_add_two_numbers_II/add_two_numbers_II.py,add_two_numbers_II.py,class,ListNode,2,A,1,2,5,0,,0,/home/juan/Documents/Analisis-CC-PyCEFR/data/processed/python-algorithms/radon_output_python-algorithms.json
python-algorithms,python-algorithms,/home/juan/Documents/Analisis-CC-PyCEFR/python-algorithms/leetcode/src/linkedlist/lc_445_add_two_numbers_II/add_two_numbers_II.py,add_two_numbers_II.py,method,__init__,1,A,1,3,5,4,,0,/home/juan/Documents/Analisis-CC-PyCEFR/data/processed/python-algorithms/radon_output_python-algorithms.json
python-algorithms,python-algorithms,/home/juan/Documents/Analisis-CC-PyCEFR/python-algorithms/leetcode/src/linkedlist/lc_445_add_two_numbers_II/add_two_numbers.py,add_two_numbers.py,function,addTwoNumbers,6,B,2,8,21,0,,0,/home/juan/Documents/Analisis-CC-PyCEFR/data/processed/python-algorithms/radon_output_python-algorithms.json
python-algorithms,python-algorithms,/home/juan/Documents/Analisis-CC-PyCEFR/python-algorithms/leetcode/src/linkedlist/lc_445_add_two_numbers_II/add_two_numbers.py,add_two_numbers.py,function,create_stack,2,A,1,23,29,0,,0,/home/juan/Documents/Analisis-CC-PyCEFR/data/processed/python-algorithms/radon_output_python-algorithms.json
python-algorithms,python-algorithms,/home/juan/Documents/Analisis-CC-PyCEFR/python-algorithms/leetcode/src/linkedlist/lc_445_add_two_numbers_II/add_two_numbers.py,add_two_numbers.py,class,ListNode,2,A,1,2,5,0,,0,/home/juan/Documents/Analisis-CC-PyCEFR/data/processed/python-algorithms/radon_output_python-algorithms.json
python-algorithms,python-algorithms,/home/juan/Documents/Analisis-CC-PyCEFR/python-algorithms/leetcode/src/linkedlist/lc_445_add_two_numbers_II/add_two_numbers.py,add_two_numbers.py,method,__init__,1,A,1,3,5,4,,0,/home/juan/Documents/Analisis-CC-PyCEFR/data/processed/python-algorithms/radon_output_python-algorithms.json
python-algorithms,python-algorithms,/home/juan/Documents/Analisis-CC-PyCEFR/python-algorithms/leetcode/src/linkedlist/lc_82_remove_duplicates_from_sorted_list_II/remove_duplicates_from_sorted_list_II.py,remove_duplicates_from_sorted_list_II.py,function,deleteDuplicates,5,A,1,8,23,0,,0,/home/juan/Documents/Analisis-CC-PyCEFR/data/processed/python-algorithms/radon_output_python-algorithms.json
python-algorithms,python-algorithms,/home/juan/Documents/Analisis-CC-PyCEFR/python-algorithms/leetcode/src/linkedlist/lc_82_remove_duplicates_from_sorted_list_II/remove_duplicates_from_sorted_list_II.py,remove_duplicates_from_sorted_list_II.py,class,ListNode,2,A,1,2,5,0,,0,/home/juan/Documents/Analisis-CC-PyCEFR/data/processed/python-algorithms/radon_output_python-algorithms.json
python-algorithms,python-algorithms,/home/juan/Documents/Analisis-CC-PyCEFR/python-algorithms/leetcode/src/linkedlist/lc_82_remove_duplicates_from_sorted_list_II/remove_duplicates_from_sorted_list_II.py,remove_duplicates_from_sorted_list_II.py,method,__init__,1,A,1,3,5,4,,0,/home/juan/Documents/Analisis-CC-PyCEFR/data/processed/python-algorithms/radon_output_python-algorithms.json
python-algorithms,python-algorithms,/home/juan/Documents/Analisis-CC-PyCEFR/python-algorithms/leetcode/src/linkedlist/lc_206_reverse_linkedlist/reverse_linkedlist.py,reverse_linkedlist.py,function,reverse_list,2,A,1,1,8,0,,0,/home/juan/Documents/Analisis-CC-PyCEFR/data/processed/python-algorithms/radon_output_python-algorithms.json
python-algorithms,python-algorithms,/home/juan/Documents/Analisis-CC-PyCEFR/python-algorithms/patterns/src/14_topological_sort/task_scheduling_order/task_scheduling_order.py,task_scheduling_order.py,function,find_order,11,C,3,12,46,0,,0,/home/juan/Documents/Analisis-CC-PyCEFR/data/processed/python-algorithms/radon_output_python-algorithms.json
python-algorithms,python-algorithms,/home/juan/Documents/Analisis-CC-PyCEFR/python-algorithms/patterns/src/14_topological_sort/task_scheduling_order/task_scheduling_order.py,task_scheduling_order.py,function,main,1,A,1,49,54,0,,0,/home/juan/Documents/Analisis-CC-PyCEFR/data/processed/python-algorithms/radon_output_python-algorithms.json
python-algorithms,python-algorithms,/home/juan/Documents/Analisis-CC-PyCEFR/python-algorithms/patterns/src/14_topological_sort/alien_dictionary/alien_dictionary.py,alien_dictionary.py,function,find_order,13,C,3,18,59,0,,0,/home/juan/Documents/Analisis-CC-PyCEFR/data/processed/python-algorithms/radon_output_python-algorithms.json
python-algorithms,python-algorithms,/home/juan/Documents/Analisis-CC-PyCEFR/python-algorithms/patterns/src/14_topological_sort/alien_dictionary/alien_dictionary.py,alien_dictionary.py,function,main,1,A,1,62,65,0,,0,/home/juan/Documents/Analisis-CC-PyCEFR/data/processed/python-algorithms/radon_output_python-algorithms.json
python-algorithms,python-algorithms,/home/juan/Documents/Analisis-CC-PyCEFR/python-algorithms/patterns/src/14_topological_sort/directed_graph_has_cycle/find_cycle.py,find_cycle.py,function,topological_sort,11,C,3,13,47,0,,0,/home/juan/Documents/Analisis-CC-PyCEFR/data/processed/python-algorithms/radon_output_python-algorithms.json
python-algorithms,python-algorithms,/home/juan/Documents/Analisis-CC-PyCEFR/python-algorithms/patterns/src/14_topological_sort/directed_graph_has_cycle/find_cycle.py,find_cycle.py,function,main,1,A,1,49,55,0,,0,/home/juan/Documents/Analisis-CC-PyCEFR/data/processed/python-algorithms/radon_output_python-algorithms.json
python-algorithms,python-algorithms,/home/juan/Documents/Analisis-CC-PyCEFR/python-algorithms/patterns/src/14_topological_sort/course_scheduling_order/course_scheduling_order.py,course_scheduling_order.py,function,find_order,11,C,3,12,46,0,,0,/home/juan/Documents/Analisis-CC-PyCEFR/data/processed/python-algorithms/radon_output_python-algorithms.json
python-algorithms,python-algorithms,/home/juan/Documents/Analisis-CC-PyCEFR/python-algorithms/patterns/src/14_topological_sort/course_scheduling_order/course_scheduling_order.py,course_scheduling_order.py,function,main,1,A,1,49,54,0,,0,/home/juan/Documents/Analisis-CC-PyCEFR/data/processed/python-algorithms/radon_output_python-algorithms.json
python-algorithms,python-algorithms,/home/juan/Documents/Analisis-CC-PyCEFR/python-algorithms/patterns/src/14_topological_sort/course_scheduling/course_scheduling.py,course_scheduling.py,function,is_scheduling_possible,10,B,2,14,48,0,,0,/home/juan/Documents/Analisis-CC-PyCEFR/data/processed/python-algorithms/radon_output_python-algorithms.json
python-algorithms,python-algorithms,/home/juan/Documents/Analisis-CC-PyCEFR/python-algorithms/patterns/src/14_topological_sort/course_scheduling/course_scheduling.py,course_scheduling.py,function,main,1,A,1,51,57,0,,0,/home/juan/Documents/Analisis-CC-PyCEFR/data/processed/python-algorithms/radon_output_python-algorithms.json
python-algorithms,python-algorithms,/home/juan/Documents/Analisis-CC-PyCEFR/python-algorithms/patterns/src/14_topological_sort/topological_sort/topological_sort.py,topological_sort.py,function,topological_sort,11,C,3,13,48,0,,0,/home/juan/Documents/Analisis-CC-PyCEFR/data/processed/python-algorithms/radon_output_python-algorithms.json
python-algorithms,python-algorithms,/home/juan/Documents/Analisis-CC-PyCEFR/python-algorithms/patterns/src/14_topological_sort/topological_sort/topological_sort.py,topological_sort.py,function,main,1,A,1,50,56,0,,0,/home/juan/Documents/Analisis-CC-PyCEFR/data/processed/python-algorithms/radon_output_python-algorithms.json
python-algorithms,python-algorithms,/home/juan/Documents/Analisis-CC-PyCEFR/python-algorithms/patterns/src/14_topological_sort/task_scheduling/task_scheduling.py,task_scheduling.py,function,is_scheduling_possible,10,B,2,14,48,0,,0,/home/juan/Documents/Analisis-CC-PyCEFR/data/processed/python-algorithms/radon_output_python-algorithms.json
python-algorithms,python-algorithms,/home/juan/Documents/Analisis-CC-PyCEFR/python-algorithms/patterns/src/14_topological_sort/task_scheduling/task_scheduling.py,task_scheduling.py,function,main,1,A,1,51,57,0,,0,/home/juan/Documents/Analisis-CC-PyCEFR/data/processed/python-algorithms/radon_output_python-algorithms.json
python-algorithms,python-algorithms,/home/juan/Documents/Analisis-CC-PyCEFR/python-algorithms/patterns/src/8_tree_depth_first_search/path_with_given_sequence/path_with_given_sequence.py,path_with_given_sequence.py,function,check_sequence,7,B,2,22,33,0,,0,/home/juan/Documents/Analisis-CC-PyCEFR/data/processed/python-algorithms/radon_output_python-algorithms.json
python-algorithms,python-algorithms,/home/juan/Documents/Analisis-CC-PyCEFR/python-algorithms/patterns/src/8_tree_depth_first_search/path_with_given_sequence/path_with_given_sequence.py,path_with_given_sequence.py,function,find_path,2,A,1,17,20,0,,0,/home/juan/Documents/Analisis-CC-PyCEFR/data/processed/python-algorithms/radon_output_python-algorithms.json
python-algorithms,python-algorithms,/home/juan/Documents/Analisis-CC-PyCEFR/python-algorithms/patterns/src/8_tree_depth_first_search/path_with_given_sequence/path_with_given_sequence.py,path_with_given_sequence.py,class,TreeNode,2,A,1,1,5,0,,0,/home/juan/Documents/Analisis-CC-PyCEFR/data/processed/python-algorithms/radon_output_python-algorithms.json
python-algorithms,python-algorithms,/home/juan/Documents/Analisis-CC-PyCEFR/python-algorithms/patterns/src/8_tree_depth_first_search/path_with_given_sequence/path_with_given_sequence.py,path_with_given_sequence.py,method,__init__,1,A,1,2,5,4,,0,/home/juan/Documents/Analisis-CC-PyCEFR/data/processed/python-algorithms/radon_output_python-algorithms.json
python-algorithms,python-algorithms,/home/juan/Documents/Analisis-CC-PyCEFR/python-algorithms/patterns/src/8_tree_depth_first_search/sum_of_path_numbers/sum_of_path_numbers.py,sum_of_path_numbers.py,function,find_path_numbers,4,A,1,21,29,0,,0,/home/juan/Documents/Analisis-CC-PyCEFR/data/processed/python-algorithms/radon_output_python-algorithms.json
python-algorithms,python-algorithms,/home/juan/Documents/Analisis-CC-PyCEFR/python-algorithms/patterns/src/8_tree_depth_first_search/sum_of_path_numbers/sum_of_path_numbers.py,sum_of_path_numbers.py,class,TreeNode,2,A,1,1,5,0,,0,/home/juan/Documents/Analisis-CC-PyCEFR/data/processed/python-algorithms/radon_output_python-algorithms.json
python-algorithms,python-algorithms,/home/juan/Documents/Analisis-CC-PyCEFR/python-algorithms/patterns/src/8_tree_depth_first_search/sum_of_path_numbers/sum_of_path_numbers.py,sum_of_path_numbers.py,function,find_sum_of_path_numbers,1,A,1,18,19,0,,0,/home/juan/Documents/Analisis-CC-PyCEFR/data/processed/python-algorithms/radon_output_python-algorithms.json
python-algorithms,python-algorithms,/home/juan/Documents/Analisis-CC-PyCEFR/python-algorithms/patterns/src/8_tree_depth_first_search/sum_of_path_numbers/sum_of_path_numbers.py,sum_of_path_numbers.py,method,__init__,1,A,1,2,5,4,,0,/home/juan/Documents/Analisis-CC-PyCEFR/data/processed/python-algorithms/radon_output_python-algorithms.json
python-algorithms,python-algorithms,/home/juan/Documents/Analisis-CC-PyCEFR/python-algorithms/patterns/src/8_tree_depth_first_search/all_paths_for_a_sum/find_paths.py,find_paths.py,function,get_paths,5,A,1,46,64,0,,0,/home/juan/Documents/Analisis-CC-PyCEFR/data/processed/python-algorithms/radon_output_python-algorithms.json
python-algorithms,python-algorithms,/home/juan/Documents/Analisis-CC-PyCEFR/python-algorithms/patterns/src/8_tree_depth_first_search/all_paths_for_a_sum/find_paths.py,find_paths.py,class,TreeNode,2,A,1,33,37,0,,0,/home/juan/Documents/Analisis-CC-PyCEFR/data/processed/python-algorithms/radon_output_python-algorithms.json
python-algorithms,python-algorithms,/home/juan/Documents/Analisis-CC-PyCEFR/python-algorithms/patterns/src/8_tree_depth_first_search/all_paths_for_a_sum/find_paths.py,find_paths.py,function,find_paths,1,A,1,40,44,0,,0,/home/juan/Documents/Analisis-CC-PyCEFR/data/processed/python-algorithms/radon_output_python-algorithms.json
python-algorithms,python-algorithms,/home/juan/Documents/Analisis-CC-PyCEFR/python-algorithms/patterns/src/8_tree_depth_first_search/all_paths_for_a_sum/find_paths.py,find_paths.py,method,__init__,1,A,1,34,37,4,,0,/home/juan/Documents/Analisis-CC-PyCEFR/data/processed/python-algorithms/radon_output_python-algorithms.json
python-algorithms,python-algorithms,/home/juan/Documents/Analisis-CC-PyCEFR/python-algorithms/patterns/src/8_tree_depth_first_search/root_to_leaf_paths/root_to_leaf_paths.py,root_to_leaf_paths.py,function,get_paths,4,A,1,15,27,0,,0,/home/juan/Documents/Analisis-CC-PyCEFR/data/processed/python-algorithms/radon_output_python-algorithms.json
python-algorithms,python-algorithms,/home/juan/Documents/Analisis-CC-PyCEFR/python-algorithms/patterns/src/8_tree_depth_first_search/root_to_leaf_paths/root_to_leaf_paths.py,root_to_leaf_paths.py,class,TreeNode,2,A,1,2,6,0,,0,/home/juan/Documents/Analisis-CC-PyCEFR/data/processed/python-algorithms/radon_output_python-algorithms.json
python-algorithms,python-algorithms,/home/juan/Documents/Analisis-CC-PyCEFR/python-algorithms/patterns/src/8_tree_depth_first_search/root_to_leaf_paths/root_to_leaf_paths.py,root_to_leaf_paths.py,function,root_to_leaf,1,A,1,9,13,0,,0,/home/juan/Documents/Analisis-CC-PyCEFR/data/processed/python-algorithms/radon_output_python-algorithms.json
python-algorithms,python-algorithms,/home/juan/Documents/Analisis-CC-PyCEFR/python-algorithms/patterns/src/8_tree_depth_first_search/root_to_leaf_paths/root_to_leaf_paths.py,root_to_leaf_paths.py,method,__init__,1,A,1,3,6,4,,0,/home/juan/Documents/Analisis-CC-PyCEFR/data/processed/python-algorithms/radon_output_python-algorithms.json
python-algorithms,python-algorithms,/home/juan/Documents/Analisis-CC-PyCEFR/python-algorithms/patterns/src/8_tree_depth_first_search/count_paths_for_sum/count_paths_for_sum.py,count_paths_for_sum.py,function,count_paths_recurse,4,A,1,25,43,0,,0,/home/juan/Documents/Analisis-CC-PyCEFR/data/processed/python-algorithms/radon_output_python-algorithms.json
python-algorithms,python-algorithms,/home/juan/Documents/Analisis-CC-PyCEFR/python-algorithms/patterns/src/8_tree_depth_first_search/count_paths_for_sum/count_paths_for_sum.py,count_paths_for_sum.py,class,TreeNode,2,A,1,1,5,0,,0,/home/juan/Documents/Analisis-CC-PyCEFR/data/processed/python-algorithms/radon_output_python-algorithms.json
python-algorithms,python-algorithms,/home/juan/Documents/Analisis-CC-PyCEFR/python-algorithms/patterns/src/8_tree_depth_first_search/count_paths_for_sum/count_paths_for_sum.py,count_paths_for_sum.py,function,count_paths,1,A,1,22,23,0,,0,/home/juan/Documents/Analisis-CC-PyCEFR/data/processed/python-algorithms/radon_output_python-algorithms.json
python-algorithms,python-algorithms,/home/juan/Documents/Analisis-CC-PyCEFR/python-algorithms/patterns/src/8_tree_depth_first_search/count_paths_for_sum/count_paths_for_sum.py,count_paths_for_sum.py,method,__init__,1,A,1,2,5,4,,0,/home/juan/Documents/Analisis-CC-PyCEFR/data/processed/python-algorithms/radon_output_python-algorithms.json
python-algorithms,python-algorithms,/home/juan/Documents/Analisis-CC-PyCEFR/python-algorithms/patterns/src/8_tree_depth_first_search/btree_path_sum/btree_path_sum.py,btree_path_sum.py,function,has_path,6,B,2,17,27,0,,0,/home/juan/Documents/Analisis-CC-PyCEFR/data/processed/python-algorithms/radon_output_python-algorithms.json
python-algorithms,python-algorithms,/home/juan/Documents/Analisis-CC-PyCEFR/python-algorithms/patterns/src/8_tree_depth_first_search/btree_path_sum/btree_path_sum.py,btree_path_sum.py,class,TreeNode,2,A,1,1,5,0,,0,/home/juan/Documents/Analisis-CC-PyCEFR/data/processed/python-algorithms/radon_output_python-algorithms.json
python-algorithms,python-algorithms,/home/juan/Documents/Analisis-CC-PyCEFR/python-algorithms/patterns/src/8_tree_depth_first_search/btree_path_sum/btree_path_sum.py,btree_path_sum.py,method,__init__,1,A,1,2,5,4,,0,/home/juan/Documents/Analisis-CC-PyCEFR/data/processed/python-algorithms/radon_output_python-algorithms.json
python-algorithms,python-algorithms,/home/juan/Documents/Analisis-CC-PyCEFR/python-algorithms/patterns/src/8_tree_depth_first_search/path_with_maximum_sum/path_with_max_sum.py,path_with_max_sum.py,class,MaximumPathSum,3,A,1,22,52,0,,0,/home/juan/Documents/Analisis-CC-PyCEFR/data/processed/python-algorithms/radon_output_python-algorithms.json
python-algorithms,python-algorithms,/home/juan/Documents/Analisis-CC-PyCEFR/python-algorithms/patterns/src/8_tree_depth_first_search/path_with_maximum_sum/path_with_max_sum.py,path_with_max_sum.py,class,TreeNode,2,A,1,4,8,0,,0,/home/juan/Documents/Analisis-CC-PyCEFR/data/processed/python-algorithms/radon_output_python-algorithms.json
python-algorithms,python-algorithms,/home/juan/Documents/Analisis-CC-PyCEFR/python-algorithms/patterns/src/8_tree_depth_first_search/path_with_maximum_sum/path_with_max_sum.py,path_with_max_sum.py,method,find_maximum_path_sum_recursive,2,A,1,29,52,4,,0,/home/juan/Documents/Analisis-CC-PyCEFR/data/processed/python-algorithms/radon_output_python-algorithms.json
python-algorithms,python-algorithms,/home/juan/Documents/Analisis-CC-PyCEFR/python-algorithms/patterns/src/8_tree_depth_first_search/path_with_maximum_sum/path_with_max_sum.py,path_with_max_sum.py,method,__init__,1,A,1,5,8,2,,0,/home/juan/Documents/Analisis-CC-PyCEFR/data/processed/python-algorithms/radon_output_python-algorithms.json
python-algorithms,python-algorithms,/home/juan/Documents/Analisis-CC-PyCEFR/python-algorithms/patterns/src/8_tree_depth_first_search/path_with_maximum_sum/path_with_max_sum.py,path_with_max_sum.py,method,find_maximum_path_sum,1,A,1,24,27,4,,0,/home/juan/Documents/Analisis-CC-PyCEFR/data/processed/python-algorithms/radon_output_python-algorithms.json
python-algorithms,python-algorithms,/home/juan/Documents/Analisis-CC-PyCEFR/python-algorithms/patterns/src/8_tree_depth_first_search/tree_diameter/tree_diameter.py,tree_diameter.py,method,calculate_height,4,A,1,27,47,4,,0,/home/juan/Documents/Analisis-CC-PyCEFR/data/processed/python-algorithms/radon_output_python-algorithms.json
python-algorithms,python-algorithms,/home/juan/Documents/Analisis-CC-PyCEFR/python-algorithms/patterns/src/8_tree_depth_first_search/tree_diameter/tree_diameter.py,tree_diameter.py,class,TreeDiameter,3,A,1,18,47,0,,0,/home/juan/Documents/Analisis-CC-PyCEFR/data/processed/python-algorithms/radon_output_python-algorithms.json
python-algorithms,python-algorithms,/home/juan/Documents/Analisis-CC-PyCEFR/python-algorithms/patterns/src/8_tree_depth_first_search/tree_diameter/tree_diameter.py,tree_diameter.py,class,TreeNode,2,A,1,1,5,0,,0,/home/juan/Documents/Analisis-CC-PyCEFR/data/processed/python-algorithms/radon_output_python-algorithms.json
python-algorithms,python-algorithms,/home/juan/Documents/Analisis-CC-PyCEFR/python-algorithms/patterns/src/8_tree_depth_first_search/tree_diameter/tree_diameter.py,tree_diameter.py,method,__init__,1,A,1,2,5,4,,0,/home/juan/Documents/Analisis-CC-PyCEFR/data/processed/python-algorithms/radon_output_python-algorithms.json
python-algorithms,python-algorithms,/home/juan/Documents/Analisis-CC-PyCEFR/python-algorithms/patterns/src/8_tree_depth_first_search/tree_diameter/tree_diameter.py,tree_diameter.py,method,__init__,1,A,1,20,21,4,,0,/home/juan/Documents/Analisis-CC-PyCEFR/data/processed/python-algorithms/radon_output_python-algorithms.json
python-algorithms,python-algorithms,/home/juan/Documents/Analisis-CC-PyCEFR/python-algorithms/patterns/src/8_tree_depth_first_search/tree_diameter/tree_diameter.py,tree_diameter.py,method,find_diameter,1,A,1,23,25,4,,0,/home/juan/Documents/Analisis-CC-PyCEFR/data/processed/python-algorithms/radon_output_python-algorithms.json
python-algorithms,python-algorithms,/home/juan/Documents/Analisis-CC-PyCEFR/python-algorithms/patterns/src/10_subsets/subsets/subsets.py,subsets.py,function,find_subsets,3,A,1,14,26,0,,0,/home/juan/Documents/Analisis-CC-PyCEFR/data/processed/python-algorithms/radon_output_python-algorithms.json
python-algorithms,python-algorithms,/home/juan/Documents/Analisis-CC-PyCEFR/python-algorithms/patterns/src/10_subsets/subsets_with_duplicates/subsets_with_duplicates.py,subsets_with_duplicates.py,function,find_subsets,5,A,1,14,31,0,,0,/home/juan/Documents/Analisis-CC-PyCEFR/data/processed/python-algorithms/radon_output_python-algorithms.json
python-algorithms,python-algorithms,/home/juan/Documents/Analisis-CC-PyCEFR/python-algorithms/patterns/src/10_subsets/unique_generalized_abbreviation/unique_gen_abbrev.py,unique_gen_abbrev.py,function,generate_generalized_abbreviation,1,A,1,3,4,0,,0,/home/juan/Documents/Analisis-CC-PyCEFR/data/processed/python-algorithms/radon_output_python-algorithms.json
python-algorithms,python-algorithms,/home/juan/Documents/Analisis-CC-PyCEFR/python-algorithms/patterns/src/10_subsets/balanced_parenthesis/balanced_parenthesis.py,balanced_parenthesis.py,function,generate_valid_parentheses,6,B,2,10,29,0,,0,/home/juan/Documents/Analisis-CC-PyCEFR/data/processed/python-algorithms/radon_output_python-algorithms.json
python-algorithms,python-algorithms,/home/juan/Documents/Analisis-CC-PyCEFR/python-algorithms/patterns/src/10_subsets/balanced_parenthesis/balanced_parenthesis.py,balanced_parenthesis.py,class,ParenthesesString,2,A,1,4,8,0,,0,/home/juan/Documents/Analisis-CC-PyCEFR/data/processed/python-algorithms/radon_output_python-algorithms.json
python-algorithms,python-algorithms,/home/juan/Documents/Analisis-CC-PyCEFR/python-algorithms/patterns/src/10_subsets/balanced_parenthesis/balanced_parenthesis.py,balanced_parenthesis.py,method,__init__,1,A,1,5,8,4,,0,/home/juan/Documents/Analisis-CC-PyCEFR/data/processed/python-algorithms/radon_output_python-algorithms.json
python-algorithms,python-algorithms,/home/juan/Documents/Analisis-CC-PyCEFR/python-algorithms/patterns/src/10_subsets/string_permutations_by_changing_case/string_permuations.py,string_permuations.py,function,find_letter_case_string_permutations,4,A,1,13,27,0,,0,/home/juan/Documents/Analisis-CC-PyCEFR/data/processed/python-algorithms/radon_output_python-algorithms.json
python-algorithms,python-algorithms,/home/juan/Documents/Analisis-CC-PyCEFR/python-algorithms/patterns/src/10_subsets/permutations/permutations.py,permutations.py,function,find_permutations,5,A,1,21,40,0,,0,/home/juan/Documents/Analisis-CC-PyCEFR/data/processed/python-algorithms/radon_output_python-algorithms.json
python-algorithms,python-algorithms,/home/juan/Documents/Analisis-CC-PyCEFR/python-algorithms/patterns/src/4_merge_intervals/employee_free_time/employee_free_time.py,employee_free_time.py,function,find_employee_free_time,5,A,1,1,15,0,,0,/home/juan/Documents/Analisis-CC-PyCEFR/data/processed/python-algorithms/radon_output_python-algorithms.json
python-algorithms,python-algorithms,/home/juan/Documents/Analisis-CC-PyCEFR/python-algorithms/patterns/src/4_merge_intervals/conflicting_appointments/conflicting_appointments.py,conflicting_appointments.py,function,can_attend_all_appointments,6,B,2,13,30,0,,0,/home/juan/Documents/Analisis-CC-PyCEFR/data/processed/python-algorithms/radon_output_python-algorithms.json
python-algorithms,python-algorithms,/home/juan/Documents/Analisis-CC-PyCEFR/python-algorithms/patterns/src/4_merge_intervals/conflicting_appointments/conflicting_appointments.py,conflicting_appointments.py,function,can_attend_all_appointments_2,3,A,1,34,45,0,,0,/home/juan/Documents/Analisis-CC-PyCEFR/data/processed/python-algorithms/radon_output_python-algorithms.json
python-algorithms,python-algorithms,/home/juan/Documents/Analisis-CC-PyCEFR/python-algorithms/patterns/src/4_merge_intervals/2_insert_interval/insert_interval.py,insert_interval.py,function,insert,6,B,2,10,29,0,,0,/home/juan/Documents/Analisis-CC-PyCEFR/data/processed/python-algorithms/radon_output_python-algorithms.json
python-algorithms,python-algorithms,/home/juan/Documents/Analisis-CC-PyCEFR/python-algorithms/patterns/src/4_merge_intervals/1_merge_intervals/merge_2.py,merge_2.py,function,merge,4,A,1,24,46,0,,0,/home/juan/Documents/Analisis-CC-PyCEFR/data/processed/python-algorithms/radon_output_python-algorithms.json
python-algorithms,python-algorithms,/home/juan/Documents/Analisis-CC-PyCEFR/python-algorithms/patterns/src/4_merge_intervals/1_merge_intervals/merge_2.py,merge_2.py,class,Interval,2,A,1,2,8,0,,0,/home/juan/Documents/Analisis-CC-PyCEFR/data/processed/python-algorithms/radon_output_python-algorithms.json
python-algorithms,python-algorithms,/home/juan/Documents/Analisis-CC-PyCEFR/python-algorithms/patterns/src/4_merge_intervals/1_merge_intervals/merge_2.py,merge_2.py,method,__init__,1,A,1,3,5,4,,0,/home/juan/Documents/Analisis-CC-PyCEFR/data/processed/python-algorithms/radon_output_python-algorithms.json
python-algorithms,python-algorithms,/home/juan/Documents/Analisis-CC-PyCEFR/python-algorithms/patterns/src/4_merge_intervals/1_merge_intervals/merge_2.py,merge_2.py,method,print_interval,1,A,1,7,8,4,,0,/home/juan/Documents/Analisis-CC-PyCEFR/data/processed/python-algorithms/radon_output_python-algorithms.json
python-algorithms,python-algorithms,/home/juan/Documents/Analisis-CC-PyCEFR/python-algorithms/patterns/src/4_merge_intervals/1_merge_intervals/merge.py,merge.py,function,merge,4,A,1,15,37,0,,0,/home/juan/Documents/Analisis-CC-PyCEFR/data/processed/python-algorithms/radon_output_python-algorithms.json
python-algorithms,python-algorithms,/home/juan/Documents/Analisis-CC-PyCEFR/python-algorithms/patterns/src/4_merge_intervals/find_intervals/find_interval.py,find_interval.py,function,find_interval,4,A,1,1,15,0,,0,/home/juan/Documents/Analisis-CC-PyCEFR/data/processed/python-algorithms/radon_output_python-algorithms.json
python-algorithms,python-algorithms,/home/juan/Documents/Analisis-CC-PyCEFR/python-algorithms/patterns/src/4_merge_intervals/maximum_cpu_load/find_max_cpu_load.py,find_max_cpu_load.py,function,find_max_cpu_load,4,A,1,17,40,0,,0,/home/juan/Documents/Analisis-CC-PyCEFR/data/processed/python-algorithms/radon_output_python-algorithms.json
python-algorithms,python-algorithms,/home/juan/Documents/Analisis-CC-PyCEFR/python-algorithms/patterns/src/4_merge_intervals/maximum_cpu_load/find_max_cpu_load_clean.py,find_max_cpu_load_clean.py,function,find_max_cpu_load,4,A,1,28,43,0,,0,/home/juan/Documents/Analisis-CC-PyCEFR/data/processed/python-algorithms/radon_output_python-algorithms.json
python-algorithms,python-algorithms,/home/juan/Documents/Analisis-CC-PyCEFR/python-algorithms/patterns/src/4_merge_intervals/maximum_cpu_load/find_max_cpu_load_clean.py,find_max_cpu_load_clean.py,class,job,2,A,1,17,25,0,,0,/home/juan/Documents/Analisis-CC-PyCEFR/data/processed/python-algorithms/radon_output_python-algorithms.json
python-algorithms,python-algorithms,/home/juan/Documents/Analisis-CC-PyCEFR/python-algorithms/patterns/src/4_merge_intervals/maximum_cpu_load/find_max_cpu_load_clean.py,find_max_cpu_load_clean.py,method,__init__,1,A,1,18,21,4,,0,/home/juan/Documents/Analisis-CC-PyCEFR/data/processed/python-algorithms/radon_output_python-algorithms.json
python-algorithms,python-algorithms,/home/juan/Documents/Analisis-CC-PyCEFR/python-algorithms/patterns/src/4_merge_intervals/maximum_cpu_load/find_max_cpu_load_clean.py,find_max_cpu_load_clean.py,method,__lt__,1,A,1,23,25,4,,0,/home/juan/Documents/Analisis-CC-PyCEFR/data/processed/python-algorithms/radon_output_python-algorithms.json
python-algorithms,python-algorithms,/home/juan/Documents/Analisis-CC-PyCEFR/python-algorithms/patterns/src/4_merge_intervals/minimum_meeting_rooms/min_meeting_rooms.py,min_meeting_rooms.py,function,min_meeting_rooms,4,A,1,18,37,0,,0,/home/juan/Documents/Analisis-CC-PyCEFR/data/processed/python-algorithms/radon_output_python-algorithms.json
python-algorithms,python-algorithms,/home/juan/Documents/Analisis-CC-PyCEFR/python-algorithms/patterns/src/4_merge_intervals/minimum_meeting_rooms/min_meeting_rooms_clean.py,min_meeting_rooms_clean.py,function,min_meeting_rooms,4,A,1,27,41,0,,0,/home/juan/Documents/Analisis-CC-PyCEFR/data/processed/python-algorithms/radon_output_python-algorithms.json
python-algorithms,python-algorithms,/home/juan/Documents/Analisis-CC-PyCEFR/python-algorithms/patterns/src/4_merge_intervals/minimum_meeting_rooms/min_meeting_rooms_clean.py,min_meeting_rooms_clean.py,class,Meeting,2,A,1,3,10,0,,0,/home/juan/Documents/Analisis-CC-PyCEFR/data/processed/python-algorithms/radon_output_python-algorithms.json
python-algorithms,python-algorithms,/home/juan/Documents/Analisis-CC-PyCEFR/python-algorithms/patterns/src/4_merge_intervals/minimum_meeting_rooms/min_meeting_rooms_clean.py,min_meeting_rooms_clean.py,method,__init__,1,A,1,4,6,4,,0,/home/juan/Documents/Analisis-CC-PyCEFR/data/processed/python-algorithms/radon_output_python-algorithms.json
python-algorithms,python-algorithms,/home/juan/Documents/Analisis-CC-PyCEFR/python-algorithms/patterns/src/4_merge_intervals/minimum_meeting_rooms/min_meeting_rooms_clean.py,min_meeting_rooms_clean.py,method,__lt__,1,A,1,8,10,4,,0,/home/juan/Documents/Analisis-CC-PyCEFR/data/processed/python-algorithms/radon_output_python-algorithms.json
python-algorithms,python-algorithms,/home/juan/Documents/Analisis-CC-PyCEFR/python-algorithms/patterns/src/4_merge_intervals/intervals_intersection/interval_intersection.py,interval_intersection.py,function,interval_intersection,8,B,2,1,22,0,,0,/home/juan/Documents/Analisis-CC-PyCEFR/data/processed/python-algorithms/radon_output_python-algorithms.json
python-algorithms,python-algorithms,/home/juan/Documents/Analisis-CC-PyCEFR/python-algorithms/patterns/src/13_k_way_merge/median_in_sorted_arrays/median_in_sorted_arrays.py,median_in_sorted_arrays.py,function,merge_arrays,12,C,3,13,48,0,,0,/home/juan/Documents/Analisis-CC-PyCEFR/data/processed/python-algorithms/radon_output_python-algorithms.json
python-algorithms,python-algorithms,/home/juan/Documents/Analisis-CC-PyCEFR/python-algorithms/patterns/src/13_k_way_merge/median_in_sorted_arrays/median_in_sorted_arrays.py,median_in_sorted_arrays.py,function,main,1,A,1,57,63,0,,0,/home/juan/Documents/Analisis-CC-PyCEFR/data/processed/python-algorithms/radon_output_python-algorithms.json
python-algorithms,python-algorithms,/home/juan/Documents/Analisis-CC-PyCEFR/python-algorithms/patterns/src/13_k_way_merge/kth_smallest_number_in_sorted_matrix.py/kth_smallest_number_in_sorted_matrix.py,kth_smallest_number_in_sorted_matrix.py,function,find_Kth_smallest,7,B,2,14,35,0,,0,/home/juan/Documents/Analisis-CC-PyCEFR/data/processed/python-algorithms/radon_output_python-algorithms.json
python-algorithms,python-algorithms,/home/juan/Documents/Analisis-CC-PyCEFR/python-algorithms/patterns/src/13_k_way_merge/kth_smallest_number_in_sorted_matrix.py/kth_smallest_number_in_sorted_matrix.py,kth_smallest_number_in_sorted_matrix.py,function,main,1,A,1,38,40,0,,0,/home/juan/Documents/Analisis-CC-PyCEFR/data/processed/python-algorithms/radon_output_python-algorithms.json
python-algorithms,python-algorithms,/home/juan/Documents/Analisis-CC-PyCEFR/python-algorithms/patterns/src/13_k_way_merge/smallest_number_range/smallest_number_range.py,smallest_number_range.py,function,find_smallest_range,7,B,2,14,37,0,,0,/home/juan/Documents/Analisis-CC-PyCEFR/data/processed/python-algorithms/radon_output_python-algorithms.json
python-algorithms,python-algorithms,/home/juan/Documents/Analisis-CC-PyCEFR/python-algorithms/patterns/src/13_k_way_merge/smallest_number_range/smallest_number_range.py,smallest_number_range.py,function,main,1,A,1,40,44,0,,0,/home/juan/Documents/Analisis-CC-PyCEFR/data/processed/python-algorithms/radon_output_python-algorithms.json
python-algorithms,python-algorithms,/home/juan/Documents/Analisis-CC-PyCEFR/python-algorithms/patterns/src/13_k_way_merge/merge_k_sorted_arrays/merge_k_sorted_arrays.py,merge_k_sorted_arrays.py,function,merge_arrays,6,B,2,13,33,0,,0,/home/juan/Documents/Analisis-CC-PyCEFR/data/processed/python-algorithms/radon_output_python-algorithms.json
python-algorithms,python-algorithms,/home/juan/Documents/Analisis-CC-PyCEFR/python-algorithms/patterns/src/13_k_way_merge/merge_k_sorted_arrays/merge_k_sorted_arrays.py,merge_k_sorted_arrays.py,function,main,1,A,1,42,48,0,,0,/home/juan/Documents/Analisis-CC-PyCEFR/data/processed/python-algorithms/radon_output_python-algorithms.json
python-algorithms,python-algorithms,/home/juan/Documents/Analisis-CC-PyCEFR/python-algorithms/patterns/src/13_k_way_merge/k_pairs_with_largest_sum/k_pairs_with_largest_sum.py,k_pairs_with_largest_sum.py,function,find_k_largest_pairs,6,B,2,3,20,0,,0,/home/juan/Documents/Analisis-CC-PyCEFR/data/processed/python-algorithms/radon_output_python-algorithms.json
python-algorithms,python-algorithms,/home/juan/Documents/Analisis-CC-PyCEFR/python-algorithms/patterns/src/13_k_way_merge/k_pairs_with_largest_sum/k_pairs_with_largest_sum.py,k_pairs_with_largest_sum.py,function,main,1,A,1,23,27,0,,0,/home/juan/Documents/Analisis-CC-PyCEFR/data/processed/python-algorithms/radon_output_python-algorithms.json
python-algorithms,python-algorithms,/home/juan/Documents/Analisis-CC-PyCEFR/python-algorithms/patterns/src/13_k_way_merge/merge_k_sorted_linkedlists/merge_k_sorted_lists.py,merge_k_sorted_lists.py,function,merge_lists,6,B,2,25,46,0,,0,/home/juan/Documents/Analisis-CC-PyCEFR/data/processed/python-algorithms/radon_output_python-algorithms.json
python-algorithms,python-algorithms,/home/juan/Documents/Analisis-CC-PyCEFR/python-algorithms/patterns/src/13_k_way_merge/merge_k_sorted_linkedlists/merge_k_sorted_lists.py,merge_k_sorted_lists.py,function,main,2,A,1,50,67,0,,0,/home/juan/Documents/Analisis-CC-PyCEFR/data/processed/python-algorithms/radon_output_python-algorithms.json
python-algorithms,python-algorithms,/home/juan/Documents/Analisis-CC-PyCEFR/python-algorithms/patterns/src/13_k_way_merge/merge_k_sorted_linkedlists/merge_k_sorted_lists.py,merge_k_sorted_lists.py,class,ListNode,2,A,1,6,12,0,,0,/home/juan/Documents/Analisis-CC-PyCEFR/data/processed/python-algorithms/radon_output_python-algorithms.json
python-algorithms,python-algorithms,/home/juan/Documents/Analisis-CC-PyCEFR/python-algorithms/patterns/src/13_k_way_merge/merge_k_sorted_linkedlists/merge_k_sorted_lists.py,merge_k_sorted_lists.py,method,__init__,1,A,1,7,9,4,,0,/home/juan/Documents/Analisis-CC-PyCEFR/data/processed/python-algorithms/radon_output_python-algorithms.json
python-algorithms,python-algorithms,/home/juan/Documents/Analisis-CC-PyCEFR/python-algorithms/patterns/src/13_k_way_merge/merge_k_sorted_linkedlists/merge_k_sorted_lists.py,merge_k_sorted_lists.py,method,__lt__,1,A,1,11,12,4,,0,/home/juan/Documents/Analisis-CC-PyCEFR/data/processed/python-algorithms/radon_output_python-algorithms.json
python-algorithms,python-algorithms,/home/juan/Documents/Analisis-CC-PyCEFR/python-algorithms/patterns/src/13_k_way_merge/k_smallest_number_in_m_sorted_list/k_smallest_number.py,k_smallest_number.py,function,find_Kth_smallest,7,B,2,13,34,0,,0,/home/juan/Documents/Analisis-CC-PyCEFR/data/processed/python-algorithms/radon_output_python-algorithms.json
python-algorithms,python-algorithms,/home/juan/Documents/Analisis-CC-PyCEFR/python-algorithms/patterns/src/13_k_way_merge/k_smallest_number_in_m_sorted_list/k_smallest_number.py,k_smallest_number.py,function,main,1,A,1,37,43,0,,0,/home/juan/Documents/Analisis-CC-PyCEFR/data/processed/python-algorithms/radon_output_python-algorithms.json
python-algorithms,python-algorithms,/home/juan/Documents/Analisis-CC-PyCEFR/python-algorithms/patterns/src/15_dynamic_programming/3_fibonacci_numbers/3_number_factors/number_factors_top_down_approach.py,number_factors_top_down_approach.py,function,count_ways_recursive,7,B,2,32,51,0,,0,/home/juan/Documents/Analisis-CC-PyCEFR/data/processed/python-algorithms/radon_output_python-algorithms.json
python-algorithms,python-algorithms,/home/juan/Documents/Analisis-CC-PyCEFR/python-algorithms/patterns/src/15_dynamic_programming/3_fibonacci_numbers/3_number_factors/number_factors_top_down_approach.py,number_factors_top_down_approach.py,function,count_ways,6,B,2,9,25,0,,0,/home/juan/Documents/Analisis-CC-PyCEFR/data/processed/python-algorithms/radon_output_python-algorithms.json
python-algorithms,python-algorithms,/home/juan/Documents/Analisis-CC-PyCEFR/python-algorithms/patterns/src/15_dynamic_programming/3_fibonacci_numbers/3_number_factors/number_factors_top_down_approach.py,number_factors_top_down_approach.py,function,count_ways_dp,2,A,1,28,30,0,,0,/home/juan/Documents/Analisis-CC-PyCEFR/data/processed/python-algorithms/radon_output_python-algorithms.json
python-algorithms,python-algorithms,/home/juan/Documents/Analisis-CC-PyCEFR/python-algorithms/patterns/src/15_dynamic_programming/3_fibonacci_numbers/3_number_factors/number_factors_bottom_up_approach.py,number_factors_bottom_up_approach.py,function,count_ways,5,A,1,3,15,0,,0,/home/juan/Documents/Analisis-CC-PyCEFR/data/processed/python-algorithms/radon_output_python-algorithms.json
python-algorithms,python-algorithms,/home/juan/Documents/Analisis-CC-PyCEFR/python-algorithms/patterns/src/15_dynamic_programming/3_fibonacci_numbers/6_house_theif/house_theif_top_down_solution.py,house_theif_top_down_solution.py,function,find_max_steal_recursive_dp,3,A,1,26,36,0,,0,/home/juan/Documents/Analisis-CC-PyCEFR/data/processed/python-algorithms/radon_output_python-algorithms.json
python-algorithms,python-algorithms,/home/juan/Documents/Analisis-CC-PyCEFR/python-algorithms/patterns/src/15_dynamic_programming/3_fibonacci_numbers/6_house_theif/house_theif_top_down_solution.py,house_theif_top_down_solution.py,function,find_max_steal_recursive,2,A,1,8,15,0,,0,/home/juan/Documents/Analisis-CC-PyCEFR/data/processed/python-algorithms/radon_output_python-algorithms.json
python-algorithms,python-algorithms,/home/juan/Documents/Analisis-CC-PyCEFR/python-algorithms/patterns/src/15_dynamic_programming/3_fibonacci_numbers/6_house_theif/house_theif_top_down_solution.py,house_theif_top_down_solution.py,function,find_max_steal_dp,2,A,1,21,24,0,,0,/home/juan/Documents/Analisis-CC-PyCEFR/data/processed/python-algorithms/radon_output_python-algorithms.json
python-algorithms,python-algorithms,/home/juan/Documents/Analisis-CC-PyCEFR/python-algorithms/patterns/src/15_dynamic_programming/3_fibonacci_numbers/6_house_theif/house_theif_top_down_solution.py,house_theif_top_down_solution.py,function,find_max_steal,1,A,1,4,6,0,,0,/home/juan/Documents/Analisis-CC-PyCEFR/data/processed/python-algorithms/radon_output_python-algorithms.json
python-algorithms,python-algorithms,/home/juan/Documents/Analisis-CC-PyCEFR/python-algorithms/patterns/src/15_dynamic_programming/3_fibonacci_numbers/6_house_theif/house_theif_top_down_solution.py,house_theif_top_down_solution.py,function,main,1,A,1,39,47,0,,0,/home/juan/Documents/Analisis-CC-PyCEFR/data/processed/python-algorithms/radon_output_python-algorithms.json
python-algorithms,python-algorithms,/home/juan/Documents/Analisis-CC-PyCEFR/python-algorithms/patterns/src/15_dynamic_programming/3_fibonacci_numbers/5_minimum_jumps_with_fee/min_jumps_with_fee_top_down_solution.py,min_jumps_with_fee_top_down_solution.py,function,find_min_recursive_dp,4,A,1,31,47,0,,0,/home/juan/Documents/Analisis-CC-PyCEFR/data/processed/python-algorithms/radon_output_python-algorithms.json
python-algorithms,python-algorithms,/home/juan/Documents/Analisis-CC-PyCEFR/python-algorithms/patterns/src/15_dynamic_programming/3_fibonacci_numbers/5_minimum_jumps_with_fee/min_jumps_with_fee_top_down_solution.py,min_jumps_with_fee_top_down_solution.py,function,find_min_recursive,3,A,1,8,20,0,,0,/home/juan/Documents/Analisis-CC-PyCEFR/data/processed/python-algorithms/radon_output_python-algorithms.json
python-algorithms,python-algorithms,/home/juan/Documents/Analisis-CC-PyCEFR/python-algorithms/patterns/src/15_dynamic_programming/3_fibonacci_numbers/5_minimum_jumps_with_fee/min_jumps_with_fee_top_down_solution.py,min_jumps_with_fee_top_down_solution.py,function,find_min_fee_dp,2,A,1,26,29,0,,0,/home/juan/Documents/Analisis-CC-PyCEFR/data/processed/python-algorithms/radon_output_python-algorithms.json
python-algorithms,python-algorithms,/home/juan/Documents/Analisis-CC-PyCEFR/python-algorithms/patterns/src/15_dynamic_programming/3_fibonacci_numbers/5_minimum_jumps_with_fee/min_jumps_with_fee_top_down_solution.py,min_jumps_with_fee_top_down_solution.py,function,find_min_fee,1,A,1,4,5,0,,0,/home/juan/Documents/Analisis-CC-PyCEFR/data/processed/python-algorithms/radon_output_python-algorithms.json
python-algorithms,python-algorithms,/home/juan/Documents/Analisis-CC-PyCEFR/python-algorithms/patterns/src/15_dynamic_programming/3_fibonacci_numbers/5_minimum_jumps_with_fee/min_jumps_with_fee_top_down_solution.py,min_jumps_with_fee_top_down_solution.py,function,main,1,A,1,49,56,0,,0,/home/juan/Documents/Analisis-CC-PyCEFR/data/processed/python-algorithms/radon_output_python-algorithms.json
python-algorithms,python-algorithms,/home/juan/Documents/Analisis-CC-PyCEFR/python-algorithms/patterns/src/15_dynamic_programming/3_fibonacci_numbers/2_staircase/staircase_bottom_up_approach.py,staircase_bottom_up_approach.py,function,count_ways,5,A,1,3,15,0,,0,/home/juan/Documents/Analisis-CC-PyCEFR/data/processed/python-algorithms/radon_output_python-algorithms.json
python-algorithms,python-algorithms,/home/juan/Documents/Analisis-CC-PyCEFR/python-algorithms/patterns/src/15_dynamic_programming/3_fibonacci_numbers/2_staircase/staircase_bottom_up_approach.py,staircase_bottom_up_approach.py,function,count_ways_optimal,4,A,1,19,30,0,,0,/home/juan/Documents/Analisis-CC-PyCEFR/data/processed/python-algorithms/radon_output_python-algorithms.json
python-algorithms,python-algorithms,/home/juan/Documents/Analisis-CC-PyCEFR/python-algorithms/patterns/src/15_dynamic_programming/3_fibonacci_numbers/2_staircase/staircase_top_down_approach.py,staircase_top_down_approach.py,function,count_ways_recursive,6,B,2,37,50,0,,0,/home/juan/Documents/Analisis-CC-PyCEFR/data/processed/python-algorithms/radon_output_python-algorithms.json
python-algorithms,python-algorithms,/home/juan/Documents/Analisis-CC-PyCEFR/python-algorithms/patterns/src/15_dynamic_programming/3_fibonacci_numbers/2_staircase/staircase_top_down_approach.py,staircase_top_down_approach.py,function,count_ways,5,A,1,9,18,0,,0,/home/juan/Documents/Analisis-CC-PyCEFR/data/processed/python-algorithms/radon_output_python-algorithms.json
python-algorithms,python-algorithms,/home/juan/Documents/Analisis-CC-PyCEFR/python-algorithms/patterns/src/15_dynamic_programming/3_fibonacci_numbers/2_staircase/staircase_top_down_approach.py,staircase_top_down_approach.py,function,count_ways_dp,2,A,1,32,34,0,,0,/home/juan/Documents/Analisis-CC-PyCEFR/data/processed/python-algorithms/radon_output_python-algorithms.json
python-algorithms,python-algorithms,/home/juan/Documents/Analisis-CC-PyCEFR/python-algorithms/patterns/src/15_dynamic_programming/3_fibonacci_numbers/1_fibonacci_numbers/fibonacci_bottom_up_approach.py,fibonacci_bottom_up_approach.py,function,calculate_fibonacci,2,A,1,3,8,0,,0,/home/juan/Documents/Analisis-CC-PyCEFR/data/processed/python-algorithms/radon_output_python-algorithms.json
python-algorithms,python-algorithms,/home/juan/Documents/Analisis-CC-PyCEFR/python-algorithms/patterns/src/15_dynamic_programming/3_fibonacci_numbers/1_fibonacci_numbers/fibonacci_bottom_up_approach.py,fibonacci_bottom_up_approach.py,function,calculate_fib,2,A,1,13,20,0,,0,/home/juan/Documents/Analisis-CC-PyCEFR/data/processed/python-algorithms/radon_output_python-algorithms.json
python-algorithms,python-algorithms,/home/juan/Documents/Analisis-CC-PyCEFR/python-algorithms/patterns/src/15_dynamic_programming/3_fibonacci_numbers/1_fibonacci_numbers/fibonacci_top_down_approach.py,fibonacci_top_down_approach.py,function,calc_fib_memoize,3,A,1,21,29,0,,0,/home/juan/Documents/Analisis-CC-PyCEFR/data/processed/python-algorithms/radon_output_python-algorithms.json
python-algorithms,python-algorithms,/home/juan/Documents/Analisis-CC-PyCEFR/python-algorithms/patterns/src/15_dynamic_programming/3_fibonacci_numbers/1_fibonacci_numbers/fibonacci_top_down_approach.py,fibonacci_top_down_approach.py,function,calculate_fib,2,A,1,8,12,0,,0,/home/juan/Documents/Analisis-CC-PyCEFR/data/processed/python-algorithms/radon_output_python-algorithms.json
python-algorithms,python-algorithms,/home/juan/Documents/Analisis-CC-PyCEFR/python-algorithms/patterns/src/15_dynamic_programming/3_fibonacci_numbers/1_fibonacci_numbers/fibonacci_top_down_approach.py,fibonacci_top_down_approach.py,function,calc_fib,2,A,1,17,19,0,,0,/home/juan/Documents/Analisis-CC-PyCEFR/data/processed/python-algorithms/radon_output_python-algorithms.json
python-algorithms,python-algorithms,/home/juan/Documents/Analisis-CC-PyCEFR/python-algorithms/patterns/src/15_dynamic_programming/4_palindromic_sequence/longest_palindromic_substring/lp_substring_top_down_solution.py,lp_substring_top_down_solution.py,function,find_LPS_length_recursive_dp,6,B,2,31,52,0,,0,/home/juan/Documents/Analisis-CC-PyCEFR/data/processed/python-algorithms/radon_output_python-algorithms.json
python-algorithms,python-algorithms,/home/juan/Documents/Analisis-CC-PyCEFR/python-algorithms/patterns/src/15_dynamic_programming/4_palindromic_sequence/longest_palindromic_substring/lp_substring_top_down_solution.py,lp_substring_top_down_solution.py,function,find_LPS_length_recursive,5,A,1,6,22,0,,0,/home/juan/Documents/Analisis-CC-PyCEFR/data/processed/python-algorithms/radon_output_python-algorithms.json
python-algorithms,python-algorithms,/home/juan/Documents/Analisis-CC-PyCEFR/python-algorithms/patterns/src/15_dynamic_programming/4_palindromic_sequence/longest_palindromic_substring/lp_substring_top_down_solution.py,lp_substring_top_down_solution.py,function,find_LPS_length_dp,3,A,1,25,29,0,,0,/home/juan/Documents/Analisis-CC-PyCEFR/data/processed/python-algorithms/radon_output_python-algorithms.json
python-algorithms,python-algorithms,/home/juan/Documents/Analisis-CC-PyCEFR/python-algorithms/patterns/src/15_dynamic_programming/4_palindromic_sequence/longest_palindromic_substring/lp_substring_top_down_solution.py,lp_substring_top_down_solution.py,function,find_LPS_length,1,A,1,1,3,0,,0,/home/juan/Documents/Analisis-CC-PyCEFR/data/processed/python-algorithms/radon_output_python-algorithms.json
python-algorithms,python-algorithms,/home/juan/Documents/Analisis-CC-PyCEFR/python-algorithms/patterns/src/15_dynamic_programming/4_palindromic_sequence/longest_palindromic_substring/lp_substring_top_down_solution.py,lp_substring_top_down_solution.py,function,main,1,A,1,55,64,0,,0,/home/juan/Documents/Analisis-CC-PyCEFR/data/processed/python-algorithms/radon_output_python-algorithms.json
python-algorithms,python-algorithms,/home/juan/Documents/Analisis-CC-PyCEFR/python-algorithms/patterns/src/15_dynamic_programming/4_palindromic_sequence/longest_palindromic_subsequence/lps_top_down_approach.py,lps_top_down_approach.py,function,find_LPS_length_recursive_dp,5,A,1,27,44,0,,0,/home/juan/Documents/Analisis-CC-PyCEFR/data/processed/python-algorithms/radon_output_python-algorithms.json
python-algorithms,python-algorithms,/home/juan/Documents/Analisis-CC-PyCEFR/python-algorithms/patterns/src/15_dynamic_programming/4_palindromic_sequence/longest_palindromic_subsequence/lps_top_down_approach.py,lps_top_down_approach.py,function,find_LPS_length_recursive,4,A,1,5,18,0,,0,/home/juan/Documents/Analisis-CC-PyCEFR/data/processed/python-algorithms/radon_output_python-algorithms.json
python-algorithms,python-algorithms,/home/juan/Documents/Analisis-CC-PyCEFR/python-algorithms/patterns/src/15_dynamic_programming/4_palindromic_sequence/longest_palindromic_subsequence/lps_top_down_approach.py,lps_top_down_approach.py,function,find_LPS_length_dp,3,A,1,21,25,0,,0,/home/juan/Documents/Analisis-CC-PyCEFR/data/processed/python-algorithms/radon_output_python-algorithms.json
python-algorithms,python-algorithms,/home/juan/Documents/Analisis-CC-PyCEFR/python-algorithms/patterns/src/15_dynamic_programming/4_palindromic_sequence/longest_palindromic_subsequence/lps_top_down_approach.py,lps_top_down_approach.py,function,find_LPS_length,1,A,1,1,3,0,,0,/home/juan/Documents/Analisis-CC-PyCEFR/data/processed/python-algorithms/radon_output_python-algorithms.json
python-algorithms,python-algorithms,/home/juan/Documents/Analisis-CC-PyCEFR/python-algorithms/patterns/src/15_dynamic_programming/4_palindromic_sequence/longest_palindromic_subsequence/lps_top_down_approach.py,lps_top_down_approach.py,function,main,1,A,1,46,55,0,,0,/home/juan/Documents/Analisis-CC-PyCEFR/data/processed/python-algorithms/radon_output_python-algorithms.json
python-algorithms,python-algorithms,/home/juan/Documents/Analisis-CC-PyCEFR/python-algorithms/patterns/src/15_dynamic_programming/4_palindromic_sequence/count_of_palindromic_substring/count_of_ps_top_down_approach.py,count_of_ps_top_down_approach.py,function,isPalindrome,5,A,1,57,64,0,,0,/home/juan/Documents/Analisis-CC-PyCEFR/data/processed/python-algorithms/radon_output_python-algorithms.json
python-algorithms,python-algorithms,/home/juan/Documents/Analisis-CC-PyCEFR/python-algorithms/patterns/src/15_dynamic_programming/4_palindromic_sequence/count_of_palindromic_substring/count_of_ps_top_down_approach.py,count_of_ps_top_down_approach.py,function,countSubstrings,2,A,1,48,55,0,,0,/home/juan/Documents/Analisis-CC-PyCEFR/data/processed/python-algorithms/radon_output_python-algorithms.json
python-algorithms,python-algorithms,/home/juan/Documents/Analisis-CC-PyCEFR/python-algorithms/patterns/src/15_dynamic_programming/4_palindromic_sequence/count_of_palindromic_substring/count_of_ps_top_down_approach.py,count_of_ps_top_down_approach.py,function,count_PS,1,A,1,1,28,0,,0,/home/juan/Documents/Analisis-CC-PyCEFR/data/processed/python-algorithms/radon_output_python-algorithms.json
python-algorithms,python-algorithms,/home/juan/Documents/Analisis-CC-PyCEFR/python-algorithms/patterns/src/15_dynamic_programming/4_palindromic_sequence/count_of_palindromic_substring/count_of_ps_top_down_approach.py,count_of_ps_top_down_approach.py,function,count_PS_recursive,7,B,2,5,24,4,count_PS,1,/home/juan/Documents/Analisis-CC-PyCEFR/data/processed/python-algorithms/radon_output_python-algorithms.json
python-algorithms,python-algorithms,/home/juan/Documents/Analisis-CC-PyCEFR/python-algorithms/patterns/src/15_dynamic_programming/1_01_knapsack/01_knapsack/01_knapsack_top_down_approach.py,01_knapsack_top_down_approach.py,function,knapsack_recursive_dp,5,A,1,23,45,0,,0,/home/juan/Documents/Analisis-CC-PyCEFR/data/processed/python-algorithms/radon_output_python-algorithms.json
python-algorithms,python-algorithms,/home/juan/Documents/Analisis-CC-PyCEFR/python-algorithms/patterns/src/15_dynamic_programming/1_01_knapsack/01_knapsack/01_knapsack_top_down_approach.py,01_knapsack_top_down_approach.py,function,knapsack_recursive,4,A,1,5,15,0,,0,/home/juan/Documents/Analisis-CC-PyCEFR/data/processed/python-algorithms/radon_output_python-algorithms.json
python-algorithms,python-algorithms,/home/juan/Documents/Analisis-CC-PyCEFR/python-algorithms/patterns/src/15_dynamic_programming/1_01_knapsack/01_knapsack/01_knapsack_top_down_approach.py,01_knapsack_top_down_approach.py,function,solve_knapsack_dp,3,A,1,19,21,0,,0,/home/juan/Documents/Analisis-CC-PyCEFR/data/processed/python-algorithms/radon_output_python-algorithms.json
python-algorithms,python-algorithms,/home/juan/Documents/Analisis-CC-PyCEFR/python-algorithms/patterns/src/15_dynamic_programming/1_01_knapsack/01_knapsack/01_knapsack_top_down_approach.py,01_knapsack_top_down_approach.py,function,solve_knapsack,1,A,1,2,3,0,,0,/home/juan/Documents/Analisis-CC-PyCEFR/data/processed/python-algorithms/radon_output_python-algorithms.json
python-algorithms,python-algorithms,/home/juan/Documents/Analisis-CC-PyCEFR/python-algorithms/patterns/src/15_dynamic_programming/1_01_knapsack/01_knapsack/01_knapsack_top_down_approach.py,01_knapsack_top_down_approach.py,function,main,1,A,1,47,54,0,,0,/home/juan/Documents/Analisis-CC-PyCEFR/data/processed/python-algorithms/radon_output_python-algorithms.json
python-algorithms,python-algorithms,/home/juan/Documents/Analisis-CC-PyCEFR/python-algorithms/patterns/src/2_two_pointers/square_sorted_array/square_sorted_array.py,square_sorted_array.py,function,square_and_sort_array,4,A,1,5,24,0,,0,/home/juan/Documents/Analisis-CC-PyCEFR/data/processed/python-algorithms/radon_output_python-algorithms.json
python-algorithms,python-algorithms,/home/juan/Documents/Analisis-CC-PyCEFR/python-algorithms/patterns/src/2_two_pointers/triplet_sum_to_zero/triplet_sum_to_zero.py,triplet_sum_to_zero.py,function,search_pair,8,B,2,24,40,0,,0,/home/juan/Documents/Analisis-CC-PyCEFR/data/processed/python-algorithms/radon_output_python-algorithms.json
python-algorithms,python-algorithms,/home/juan/Documents/Analisis-CC-PyCEFR/python-algorithms/patterns/src/2_two_pointers/triplet_sum_to_zero/triplet_sum_to_zero.py,triplet_sum_to_zero.py,function,search_triplets,4,A,1,13,22,0,,0,/home/juan/Documents/Analisis-CC-PyCEFR/data/processed/python-algorithms/radon_output_python-algorithms.json
python-algorithms,python-algorithms,/home/juan/Documents/Analisis-CC-PyCEFR/python-algorithms/patterns/src/2_two_pointers/minimum_window_sort/shortest_window_sort.py,shortest_window_sort.py,function,find_min_index,5,A,1,7,15,0,,0,/home/juan/Documents/Analisis-CC-PyCEFR/data/processed/python-algorithms/radon_output_python-algorithms.json
python-algorithms,python-algorithms,/home/juan/Documents/Analisis-CC-PyCEFR/python-algorithms/patterns/src/2_two_pointers/minimum_window_sort/shortest_window_sort.py,shortest_window_sort.py,function,find_max_index,4,A,1,17,25,0,,0,/home/juan/Documents/Analisis-CC-PyCEFR/data/processed/python-algorithms/radon_output_python-algorithms.json
python-algorithms,python-algorithms,/home/juan/Documents/Analisis-CC-PyCEFR/python-algorithms/patterns/src/2_two_pointers/minimum_window_sort/shortest_window_sort.py,shortest_window_sort.py,function,findUnsortedSubarray,2,A,1,1,5,0,,0,/home/juan/Documents/Analisis-CC-PyCEFR/data/processed/python-algorithms/radon_output_python-algorithms.json
python-algorithms,python-algorithms,/home/juan/Documents/Analisis-CC-PyCEFR/python-algorithms/patterns/src/2_two_pointers/minimum_window_sort/shortest_window_sort_2.py,shortest_window_sort_2.py,function,findUnsortedSubarray,10,B,2,1,21,0,,0,/home/juan/Documents/Analisis-CC-PyCEFR/data/processed/python-algorithms/radon_output_python-algorithms.json
python-algorithms,python-algorithms,/home/juan/Documents/Analisis-CC-PyCEFR/python-algorithms/patterns/src/2_two_pointers/remove_duplicates/remove_duplicates.py,remove_duplicates.py,function,remove_duplicates,3,A,1,3,12,0,,0,/home/juan/Documents/Analisis-CC-PyCEFR/data/processed/python-algorithms/radon_output_python-algorithms.json
python-algorithms,python-algorithms,/home/juan/Documents/Analisis-CC-PyCEFR/python-algorithms/patterns/src/2_two_pointers/compare_strings_containing_backspaces/backspace_compare.py,backspace_compare.py,function,get_str,3,A,1,4,12,0,,0,/home/juan/Documents/Analisis-CC-PyCEFR/data/processed/python-algorithms/radon_output_python-algorithms.json
python-algorithms,python-algorithms,/home/juan/Documents/Analisis-CC-PyCEFR/python-algorithms/patterns/src/2_two_pointers/compare_strings_containing_backspaces/backspace_compare.py,backspace_compare.py,function,backspace_compare,1,A,1,1,2,0,,0,/home/juan/Documents/Analisis-CC-PyCEFR/data/processed/python-algorithms/radon_output_python-algorithms.json
python-algorithms,python-algorithms,/home/juan/Documents/Analisis-CC-PyCEFR/python-algorithms/patterns/src/2_two_pointers/compare_strings_containing_backspaces/backspace_compare.py,backspace_compare.py,function,compare,1,A,1,23,33,0,,0,/home/juan/Documents/Analisis-CC-PyCEFR/data/processed/python-algorithms/radon_output_python-algorithms.json
python-algorithms,python-algorithms,/home/juan/Documents/Analisis-CC-PyCEFR/python-algorithms/patterns/src/2_two_pointers/compare_strings_containing_backspaces/backspace_compare.py,backspace_compare.py,function,parse_str,4,A,1,24,31,4,compare,1,/home/juan/Documents/Analisis-CC-PyCEFR/data/processed/python-algorithms/radon_output_python-algorithms.json
python-algorithms,python-algorithms,/home/juan/Documents/Analisis-CC-PyCEFR/python-algorithms/patterns/src/2_two_pointers/subarrays_with_product_less_than_target/find_subarrays.py,find_subarrays.py,function,find_subarrays,7,B,2,1,21,0,,0,/home/juan/Documents/Analisis-CC-PyCEFR/data/processed/python-algorithms/radon_output_python-algorithms.json
python-algorithms,python-algorithms,/home/juan/Documents/Analisis-CC-PyCEFR/python-algorithms/patterns/src/2_two_pointers/subarrays_with_product_less_than_target/find_subarrays.py,find_subarrays.py,function,numSubarrayProductLessThanK,5,A,1,30,43,0,,0,/home/juan/Documents/Analisis-CC-PyCEFR/data/processed/python-algorithms/radon_output_python-algorithms.json
python-algorithms,python-algorithms,/home/juan/Documents/Analisis-CC-PyCEFR/python-algorithms/patterns/src/2_two_pointers/triplets_with_smaller_sum/triplets_with_smaller_sum_2.py,triplets_with_smaller_sum_2.py,function,search_pairs,4,A,1,28,39,0,,0,/home/juan/Documents/Analisis-CC-PyCEFR/data/processed/python-algorithms/radon_output_python-algorithms.json
python-algorithms,python-algorithms,/home/juan/Documents/Analisis-CC-PyCEFR/python-algorithms/patterns/src/2_two_pointers/triplets_with_smaller_sum/triplets_with_smaller_sum_2.py,triplets_with_smaller_sum_2.py,function,triplet_with_smaller_sum,2,A,1,18,25,0,,0,/home/juan/Documents/Analisis-CC-PyCEFR/data/processed/python-algorithms/radon_output_python-algorithms.json
python-algorithms,python-algorithms,/home/juan/Documents/Analisis-CC-PyCEFR/python-algorithms/patterns/src/2_two_pointers/triplets_with_smaller_sum/triplets_with_smaller_sum.py,triplets_with_smaller_sum.py,function,search_pair,3,A,1,24,37,0,,0,/home/juan/Documents/Analisis-CC-PyCEFR/data/processed/python-algorithms/radon_output_python-algorithms.json
python-algorithms,python-algorithms,/home/juan/Documents/Analisis-CC-PyCEFR/python-algorithms/patterns/src/2_two_pointers/triplets_with_smaller_sum/triplets_with_smaller_sum.py,triplets_with_smaller_sum.py,function,triplet_with_smaller_sum,2,A,1,14,22,0,,0,/home/juan/Documents/Analisis-CC-PyCEFR/data/processed/python-algorithms/radon_output_python-algorithms.json
python-algorithms,python-algorithms,/home/juan/Documents/Analisis-CC-PyCEFR/python-algorithms/patterns/src/2_two_pointers/quadruple_sum_to_targets.py/search_quadruplets.py,search_quadruplets.py,function,search_pair,8,B,2,26,43,0,,0,/home/juan/Documents/Analisis-CC-PyCEFR/data/processed/python-algorithms/radon_output_python-algorithms.json
python-algorithms,python-algorithms,/home/juan/Documents/Analisis-CC-PyCEFR/python-algorithms/patterns/src/2_two_pointers/quadruple_sum_to_targets.py/search_quadruplets.py,search_quadruplets.py,function,search_quadruplets,7,B,2,12,23,0,,0,/home/juan/Documents/Analisis-CC-PyCEFR/data/processed/python-algorithms/radon_output_python-algorithms.json
python-algorithms,python-algorithms,/home/juan/Documents/Analisis-CC-PyCEFR/python-algorithms/patterns/src/2_two_pointers/dutch_national_flag/dutch_flag_sort.py,dutch_flag_sort.py,function,dutch_flag_sort,4,A,1,8,23,0,,0,/home/juan/Documents/Analisis-CC-PyCEFR/data/processed/python-algorithms/radon_output_python-algorithms.json
python-algorithms,python-algorithms,/home/juan/Documents/Analisis-CC-PyCEFR/python-algorithms/patterns/src/2_two_pointers/remove_keys/remove_keys.py,remove_keys.py,function,remove_keys,3,A,1,3,11,0,,0,/home/juan/Documents/Analisis-CC-PyCEFR/data/processed/python-algorithms/radon_output_python-algorithms.json
python-algorithms,python-algorithms,/home/juan/Documents/Analisis-CC-PyCEFR/python-algorithms/patterns/src/2_two_pointers/pair_with_target_sum/pair_with_target_sum.py,pair_with_target_sum.py,function,pair_with_target_sum,4,A,1,3,15,0,,0,/home/juan/Documents/Analisis-CC-PyCEFR/data/processed/python-algorithms/radon_output_python-algorithms.json
python-algorithms,python-algorithms,/home/juan/Documents/Analisis-CC-PyCEFR/python-algorithms/patterns/src/2_two_pointers/pair_with_target_sum/pair_with_target_sum.py,pair_with_target_sum.py,function,pair_with_target_sum_2,4,A,1,18,29,0,,0,/home/juan/Documents/Analisis-CC-PyCEFR/data/processed/python-algorithms/radon_output_python-algorithms.json
python-algorithms,python-algorithms,/home/juan/Documents/Analisis-CC-PyCEFR/python-algorithms/patterns/src/2_two_pointers/pair_with_target_sum/pair_with_target_sum.py,pair_with_target_sum.py,function,target_sum_pair,3,A,1,36,45,0,,0,/home/juan/Documents/Analisis-CC-PyCEFR/data/processed/python-algorithms/radon_output_python-algorithms.json
python-algorithms,python-algorithms,/home/juan/Documents/Analisis-CC-PyCEFR/python-algorithms/patterns/src/5_cyclic_sort/find_corrupt_pair/find_corrupt_pair.py,find_corrupt_pair.py,function,find_corrupt_pair,5,A,1,1,15,0,,0,/home/juan/Documents/Analisis-CC-PyCEFR/data/processed/python-algorithms/radon_output_python-algorithms.json
python-algorithms,python-algorithms,/home/juan/Documents/Analisis-CC-PyCEFR/python-algorithms/patterns/src/5_cyclic_sort/find_all_missing_numbers/find_all_missing_numbers.py,find_all_missing_numbers.py,function,find_missing_numbers,6,B,2,8,22,0,,0,/home/juan/Documents/Analisis-CC-PyCEFR/data/processed/python-algorithms/radon_output_python-algorithms.json
python-algorithms,python-algorithms,/home/juan/Documents/Analisis-CC-PyCEFR/python-algorithms/patterns/src/5_cyclic_sort/find_all_duplicate_numbers/find_duplicates.py,find_duplicates.py,function,find_all_duplicates,5,A,1,7,21,0,,0,/home/juan/Documents/Analisis-CC-PyCEFR/data/processed/python-algorithms/radon_output_python-algorithms.json
python-algorithms,python-algorithms,/home/juan/Documents/Analisis-CC-PyCEFR/python-algorithms/patterns/src/5_cyclic_sort/find_duplicate_number/find_duplicate_number.py,find_duplicate_number.py,function,find_duplicate,4,A,1,7,20,0,,0,/home/juan/Documents/Analisis-CC-PyCEFR/data/processed/python-algorithms/radon_output_python-algorithms.json
python-algorithms,python-algorithms,/home/juan/Documents/Analisis-CC-PyCEFR/python-algorithms/patterns/src/5_cyclic_sort/find_first_K_missing_positive_numbers/find_first_k_missing_positive.py,find_first_k_missing_positive.py,function,find_first_k_missing_positive,10,B,2,7,33,0,,0,/home/juan/Documents/Analisis-CC-PyCEFR/data/processed/python-algorithms/radon_output_python-algorithms.json
python-algorithms,python-algorithms,/home/juan/Documents/Analisis-CC-PyCEFR/python-algorithms/patterns/src/5_cyclic_sort/find_smallest_missing_positive_number/find_first_smallest_missing_positive.py,find_first_smallest_missing_positive.py,function,find_first_smallest_missing_positive,7,B,2,6,19,0,,0,/home/juan/Documents/Analisis-CC-PyCEFR/data/processed/python-algorithms/radon_output_python-algorithms.json
python-algorithms,python-algorithms,/home/juan/Documents/Analisis-CC-PyCEFR/python-algorithms/patterns/src/5_cyclic_sort/cyclic_sort/cyclic_sort.py,cyclic_sort.py,function,cyclic_sort,3,A,1,13,23,0,,0,/home/juan/Documents/Analisis-CC-PyCEFR/data/processed/python-algorithms/radon_output_python-algorithms.json
python-algorithms,python-algorithms,/home/juan/Documents/Analisis-CC-PyCEFR/python-algorithms/patterns/src/5_cyclic_sort/find_missing_number/find_missing_number.py,find_missing_number.py,function,find_missing_number,6,B,2,1,15,0,,0,/home/juan/Documents/Analisis-CC-PyCEFR/data/processed/python-algorithms/radon_output_python-algorithms.json
python-algorithms,python-algorithms,/home/juan/Documents/Analisis-CC-PyCEFR/python-algorithms/patterns/src/11_modified_binary_search/1_order_agnostic_binary_search/binary_search.py,binary_search.py,function,binary_search,6,B,2,9,29,0,,0,/home/juan/Documents/Analisis-CC-PyCEFR/data/processed/python-algorithms/radon_output_python-algorithms.json
python-algorithms,python-algorithms,/home/juan/Documents/Analisis-CC-PyCEFR/python-algorithms/patterns/src/11_modified_binary_search/10_rotation_count/rotation_count.py,rotation_count.py,function,count_rotations,7,B,2,1,17,0,,0,/home/juan/Documents/Analisis-CC-PyCEFR/data/processed/python-algorithms/radon_output_python-algorithms.json
python-algorithms,python-algorithms,/home/juan/Documents/Analisis-CC-PyCEFR/python-algorithms/patterns/src/11_modified_binary_search/6_minimum_difference_element/minimum_difference_element.py,minimum_difference_element.py,function,search_min_diff_element,7,B,2,1,22,0,,0,/home/juan/Documents/Analisis-CC-PyCEFR/data/processed/python-algorithms/radon_output_python-algorithms.json
python-algorithms,python-algorithms,/home/juan/Documents/Analisis-CC-PyCEFR/python-algorithms/patterns/src/11_modified_binary_search/4_number_range/number_range.py,number_range.py,function,find_range_2,6,B,2,42,53,0,,0,/home/juan/Documents/Analisis-CC-PyCEFR/data/processed/python-algorithms/radon_output_python-algorithms.json
python-algorithms,python-algorithms,/home/juan/Documents/Analisis-CC-PyCEFR/python-algorithms/patterns/src/11_modified_binary_search/4_number_range/number_range.py,number_range.py,function,binary_search,5,A,1,18,34,0,,0,/home/juan/Documents/Analisis-CC-PyCEFR/data/processed/python-algorithms/radon_output_python-algorithms.json
python-algorithms,python-algorithms,/home/juan/Documents/Analisis-CC-PyCEFR/python-algorithms/patterns/src/11_modified_binary_search/4_number_range/number_range.py,number_range.py,function,bin_search,4,A,1,55,67,0,,0,/home/juan/Documents/Analisis-CC-PyCEFR/data/processed/python-algorithms/radon_output_python-algorithms.json
python-algorithms,python-algorithms,/home/juan/Documents/Analisis-CC-PyCEFR/python-algorithms/patterns/src/11_modified_binary_search/4_number_range/number_range.py,number_range.py,function,find_range,2,A,1,9,14,0,,0,/home/juan/Documents/Analisis-CC-PyCEFR/data/processed/python-algorithms/radon_output_python-algorithms.json
python-algorithms,python-algorithms,/home/juan/Documents/Analisis-CC-PyCEFR/python-algorithms/patterns/src/11_modified_binary_search/2_ceiling_of_a_number/ceiling_of_number.py,ceiling_of_number.py,function,search_ceiling_of_a_number,6,B,2,8,26,0,,0,/home/juan/Documents/Analisis-CC-PyCEFR/data/processed/python-algorithms/radon_output_python-algorithms.json
python-algorithms,python-algorithms,/home/juan/Documents/Analisis-CC-PyCEFR/python-algorithms/patterns/src/11_modified_binary_search/2_ceiling_of_a_number/ceiling_of_number.py,ceiling_of_number.py,function,getCeilingNaive,4,A,1,36,44,0,,0,/home/juan/Documents/Analisis-CC-PyCEFR/data/processed/python-algorithms/radon_output_python-algorithms.json
python-algorithms,python-algorithms,/home/juan/Documents/Analisis-CC-PyCEFR/python-algorithms/patterns/src/11_modified_binary_search/11_search_in_rotated_array_with_duplicates/search_in_rotated_array.py,search_in_rotated_array.py,function,search_rotated_array,10,B,2,8,30,0,,0,/home/juan/Documents/Analisis-CC-PyCEFR/data/processed/python-algorithms/radon_output_python-algorithms.json
python-algorithms,python-algorithms,/home/juan/Documents/Analisis-CC-PyCEFR/python-algorithms/patterns/src/11_modified_binary_search/9_search_in_rotated_array/search_in_rotated_array.py,search_in_rotated_array.py,function,search_rotated_array,8,B,2,8,28,0,,0,/home/juan/Documents/Analisis-CC-PyCEFR/data/processed/python-algorithms/radon_output_python-algorithms.json
python-algorithms,python-algorithms,/home/juan/Documents/Analisis-CC-PyCEFR/python-algorithms/patterns/src/11_modified_binary_search/3_next_letter/next_letter.py,next_letter.py,function,simple_binary_search,7,B,2,33,53,0,,0,/home/juan/Documents/Analisis-CC-PyCEFR/data/processed/python-algorithms/radon_output_python-algorithms.json
python-algorithms,python-algorithms,/home/juan/Documents/Analisis-CC-PyCEFR/python-algorithms/patterns/src/11_modified_binary_search/3_next_letter/next_letter.py,next_letter.py,function,search_next_letter,4,A,1,8,23,0,,0,/home/juan/Documents/Analisis-CC-PyCEFR/data/processed/python-algorithms/radon_output_python-algorithms.json
python-algorithms,python-algorithms,/home/juan/Documents/Analisis-CC-PyCEFR/python-algorithms/patterns/src/11_modified_binary_search/3_next_letter/next_letter.py,next_letter.py,function,next_letter,3,A,1,65,70,0,,0,/home/juan/Documents/Analisis-CC-PyCEFR/data/processed/python-algorithms/radon_output_python-algorithms.json
python-algorithms,python-algorithms,/home/juan/Documents/Analisis-CC-PyCEFR/python-algorithms/patterns/src/11_modified_binary_search/5_search_sorted_infinite_array/search_sorted_infinite_array.py,search_sorted_infinite_array.py,function,binary_search,4,A,1,38,48,0,,0,/home/juan/Documents/Analisis-CC-PyCEFR/data/processed/python-algorithms/radon_output_python-algorithms.json
python-algorithms,python-algorithms,/home/juan/Documents/Analisis-CC-PyCEFR/python-algorithms/patterns/src/11_modified_binary_search/5_search_sorted_infinite_array/search_sorted_infinite_array.py,search_sorted_infinite_array.py,class,ArrayReader,3,A,1,4,12,0,,0,/home/juan/Documents/Analisis-CC-PyCEFR/data/processed/python-algorithms/radon_output_python-algorithms.json
python-algorithms,python-algorithms,/home/juan/Documents/Analisis-CC-PyCEFR/python-algorithms/patterns/src/11_modified_binary_search/5_search_sorted_infinite_array/search_sorted_infinite_array.py,search_sorted_infinite_array.py,function,search_in_infinite_array,2,A,1,26,35,0,,0,/home/juan/Documents/Analisis-CC-PyCEFR/data/processed/python-algorithms/radon_output_python-algorithms.json
python-algorithms,python-algorithms,/home/juan/Documents/Analisis-CC-PyCEFR/python-algorithms/patterns/src/11_modified_binary_search/5_search_sorted_infinite_array/search_sorted_infinite_array.py,search_sorted_infinite_array.py,method,get,2,A,1,9,12,4,,0,/home/juan/Documents/Analisis-CC-PyCEFR/data/processed/python-algorithms/radon_output_python-algorithms.json
python-algorithms,python-algorithms,/home/juan/Documents/Analisis-CC-PyCEFR/python-algorithms/patterns/src/11_modified_binary_search/5_search_sorted_infinite_array/search_sorted_infinite_array.py,search_sorted_infinite_array.py,method,__init__,1,A,1,6,7,4,,0,/home/juan/Documents/Analisis-CC-PyCEFR/data/processed/python-algorithms/radon_output_python-algorithms.json
python-algorithms,python-algorithms,/home/juan/Documents/Analisis-CC-PyCEFR/python-algorithms/patterns/src/11_modified_binary_search/7_bitonic_array_maximum/bitonic_array_maximum.py,bitonic_array_maximum.py,function,find_max,7,B,2,28,42,0,,0,/home/juan/Documents/Analisis-CC-PyCEFR/data/processed/python-algorithms/radon_output_python-algorithms.json
python-algorithms,python-algorithms,/home/juan/Documents/Analisis-CC-PyCEFR/python-algorithms/patterns/src/11_modified_binary_search/7_bitonic_array_maximum/bitonic_array_maximum.py,bitonic_array_maximum.py,function,find_max_in_bitonic_array,3,A,1,8,19,0,,0,/home/juan/Documents/Analisis-CC-PyCEFR/data/processed/python-algorithms/radon_output_python-algorithms.json
python-algorithms,python-algorithms,/home/juan/Documents/Analisis-CC-PyCEFR/python-algorithms/patterns/src/11_modified_binary_search/2_floor_of_a_number/floor_of_number.py,floor_of_number.py,function,search_floor_of_a_number,6,B,2,9,28,0,,0,/home/juan/Documents/Analisis-CC-PyCEFR/data/processed/python-algorithms/radon_output_python-algorithms.json
python-algorithms,python-algorithms,/home/juan/Documents/Analisis-CC-PyCEFR/python-algorithms/patterns/src/11_modified_binary_search/8_search_bitonic_array/search_bitonic_array.py,search_bitonic_array.py,function,binary_search,6,B,2,30,48,0,,0,/home/juan/Documents/Analisis-CC-PyCEFR/data/processed/python-algorithms/radon_output_python-algorithms.json
python-algorithms,python-algorithms,/home/juan/Documents/Analisis-CC-PyCEFR/python-algorithms/patterns/src/11_modified_binary_search/8_search_bitonic_array/search_bitonic_array.py,search_bitonic_array.py,function,search_bitonic_array,3,A,1,8,16,0,,0,/home/juan/Documents/Analisis-CC-PyCEFR/data/processed/python-algorithms/radon_output_python-algorithms.json
python-algorithms,python-algorithms,/home/juan/Documents/Analisis-CC-PyCEFR/python-algorithms/patterns/src/11_modified_binary_search/8_search_bitonic_array/search_bitonic_array.py,search_bitonic_array.py,function,find_max,3,A,1,19,28,0,,0,/home/juan/Documents/Analisis-CC-PyCEFR/data/processed/python-algorithms/radon_output_python-algorithms.json
python-algorithms,python-algorithms,/home/juan/Documents/Analisis-CC-PyCEFR/python-algorithms/patterns/src/3_fast_and_slow_pointers/start_of_linkedlist_cycle/start_of_linkedlist_cycle.py,start_of_linkedlist_cycle.py,function,find_cycle_start,4,A,1,46,57,0,,0,/home/juan/Documents/Analisis-CC-PyCEFR/data/processed/python-algorithms/radon_output_python-algorithms.json
python-algorithms,python-algorithms,/home/juan/Documents/Analisis-CC-PyCEFR/python-algorithms/patterns/src/3_fast_and_slow_pointers/start_of_linkedlist_cycle/start_of_linkedlist_cycle.py,start_of_linkedlist_cycle.py,function,calculate_cycle_count,3,A,1,59,70,0,,0,/home/juan/Documents/Analisis-CC-PyCEFR/data/processed/python-algorithms/radon_output_python-algorithms.json
python-algorithms,python-algorithms,/home/juan/Documents/Analisis-CC-PyCEFR/python-algorithms/patterns/src/3_fast_and_slow_pointers/start_of_linkedlist_cycle/start_of_linkedlist_cycle.py,start_of_linkedlist_cycle.py,function,find_start,3,A,1,72,84,0,,0,/home/juan/Documents/Analisis-CC-PyCEFR/data/processed/python-algorithms/radon_output_python-algorithms.json
python-algorithms,python-algorithms,/home/juan/Documents/Analisis-CC-PyCEFR/python-algorithms/patterns/src/3_fast_and_slow_pointers/start_of_linkedlist_cycle/start_of_linkedlist_cycle.py,start_of_linkedlist_cycle.py,class,Node,2,A,1,9,12,0,,0,/home/juan/Documents/Analisis-CC-PyCEFR/data/processed/python-algorithms/radon_output_python-algorithms.json
python-algorithms,python-algorithms,/home/juan/Documents/Analisis-CC-PyCEFR/python-algorithms/patterns/src/3_fast_and_slow_pointers/start_of_linkedlist_cycle/start_of_linkedlist_cycle.py,start_of_linkedlist_cycle.py,method,__init__,1,A,1,10,12,4,,0,/home/juan/Documents/Analisis-CC-PyCEFR/data/processed/python-algorithms/radon_output_python-algorithms.json
python-algorithms,python-algorithms,/home/juan/Documents/Analisis-CC-PyCEFR/python-algorithms/patterns/src/3_fast_and_slow_pointers/happy_number/happy_number.py,happy_number.py,function,find_happy_number,3,A,1,24,34,0,,0,/home/juan/Documents/Analisis-CC-PyCEFR/data/processed/python-algorithms/radon_output_python-algorithms.json
python-algorithms,python-algorithms,/home/juan/Documents/Analisis-CC-PyCEFR/python-algorithms/patterns/src/3_fast_and_slow_pointers/happy_number/happy_number.py,happy_number.py,function,find_square_sum,2,A,1,36,44,0,,0,/home/juan/Documents/Analisis-CC-PyCEFR/data/processed/python-algorithms/radon_output_python-algorithms.json
python-algorithms,python-algorithms,/home/juan/Documents/Analisis-CC-PyCEFR/python-algorithms/patterns/src/3_fast_and_slow_pointers/rearrange_linkedlist/reorder_linkedlist.py,reorder_linkedlist.py,function,reorder,8,B,2,22,48,0,,0,/home/juan/Documents/Analisis-CC-PyCEFR/data/processed/python-algorithms/radon_output_python-algorithms.json
python-algorithms,python-algorithms,/home/juan/Documents/Analisis-CC-PyCEFR/python-algorithms/patterns/src/3_fast_and_slow_pointers/rearrange_linkedlist/reorder_linkedlist.py,reorder_linkedlist.py,class,Node,3,A,1,9,19,0,,0,/home/juan/Documents/Analisis-CC-PyCEFR/data/processed/python-algorithms/radon_output_python-algorithms.json
python-algorithms,python-algorithms,/home/juan/Documents/Analisis-CC-PyCEFR/python-algorithms/patterns/src/3_fast_and_slow_pointers/rearrange_linkedlist/reorder_linkedlist.py,reorder_linkedlist.py,function,reverse,2,A,1,51,58,0,,0,/home/juan/Documents/Analisis-CC-PyCEFR/data/processed/python-algorithms/radon_output_python-algorithms.json
python-algorithms,python-algorithms,/home/juan/Documents/Analisis-CC-PyCEFR/python-algorithms/patterns/src/3_fast_and_slow_pointers/rearrange_linkedlist/reorder_linkedlist.py,reorder_linkedlist.py,method,print_list,2,A,1,14,19,4,,0,/home/juan/Documents/Analisis-CC-PyCEFR/data/processed/python-algorithms/radon_output_python-algorithms.json
python-algorithms,python-algorithms,/home/juan/Documents/Analisis-CC-PyCEFR/python-algorithms/patterns/src/3_fast_and_slow_pointers/rearrange_linkedlist/reorder_linkedlist.py,reorder_linkedlist.py,method,__init__,1,A,1,10,12,4,,0,/home/juan/Documents/Analisis-CC-PyCEFR/data/processed/python-algorithms/radon_output_python-algorithms.json
python-algorithms,python-algorithms,/home/juan/Documents/Analisis-CC-PyCEFR/python-algorithms/patterns/src/3_fast_and_slow_pointers/length_of_cycle/length_of_cycle.py,length_of_cycle.py,function,find_cycle_length,4,A,1,13,23,0,,0,/home/juan/Documents/Analisis-CC-PyCEFR/data/processed/python-algorithms/radon_output_python-algorithms.json
python-algorithms,python-algorithms,/home/juan/Documents/Analisis-CC-PyCEFR/python-algorithms/patterns/src/3_fast_and_slow_pointers/length_of_cycle/length_of_cycle.py,length_of_cycle.py,function,calculate_cycle_length,3,A,1,26,35,0,,0,/home/juan/Documents/Analisis-CC-PyCEFR/data/processed/python-algorithms/radon_output_python-algorithms.json
python-algorithms,python-algorithms,/home/juan/Documents/Analisis-CC-PyCEFR/python-algorithms/patterns/src/3_fast_and_slow_pointers/length_of_cycle/length_of_cycle.py,length_of_cycle.py,class,Node,2,A,1,1,4,0,,0,/home/juan/Documents/Analisis-CC-PyCEFR/data/processed/python-algorithms/radon_output_python-algorithms.json
python-algorithms,python-algorithms,/home/juan/Documents/Analisis-CC-PyCEFR/python-algorithms/patterns/src/3_fast_and_slow_pointers/length_of_cycle/length_of_cycle.py,length_of_cycle.py,method,__init__,1,A,1,2,4,4,,0,/home/juan/Documents/Analisis-CC-PyCEFR/data/processed/python-algorithms/radon_output_python-algorithms.json
python-algorithms,python-algorithms,/home/juan/Documents/Analisis-CC-PyCEFR/python-algorithms/patterns/src/3_fast_and_slow_pointers/find_duplicate_number/find_duplicate.py,find_duplicate.py,function,find_duplicate,3,A,1,4,17,0,,0,/home/juan/Documents/Analisis-CC-PyCEFR/data/processed/python-algorithms/radon_output_python-algorithms.json
python-algorithms,python-algorithms,/home/juan/Documents/Analisis-CC-PyCEFR/python-algorithms/patterns/src/3_fast_and_slow_pointers/find_duplicate_number/find_duplicate.py,find_duplicate.py,function,find_start,3,A,1,20,32,0,,0,/home/juan/Documents/Analisis-CC-PyCEFR/data/processed/python-algorithms/radon_output_python-algorithms.json
python-algorithms,python-algorithms,/home/juan/Documents/Analisis-CC-PyCEFR/python-algorithms/patterns/src/3_fast_and_slow_pointers/middle_of_linkedlist/middle_of_linkedlist.py,middle_of_linkedlist.py,function,find_middle_of_linked_list,3,A,1,6,12,0,,0,/home/juan/Documents/Analisis-CC-PyCEFR/data/processed/python-algorithms/radon_output_python-algorithms.json
python-algorithms,python-algorithms,/home/juan/Documents/Analisis-CC-PyCEFR/python-algorithms/patterns/src/3_fast_and_slow_pointers/middle_of_linkedlist/middle_of_linkedlist.py,middle_of_linkedlist.py,class,Node,2,A,1,1,4,0,,0,/home/juan/Documents/Analisis-CC-PyCEFR/data/processed/python-algorithms/radon_output_python-algorithms.json
python-algorithms,python-algorithms,/home/juan/Documents/Analisis-CC-PyCEFR/python-algorithms/patterns/src/3_fast_and_slow_pointers/middle_of_linkedlist/middle_of_linkedlist.py,middle_of_linkedlist.py,method,__init__,1,A,1,2,4,4,,0,/home/juan/Documents/Analisis-CC-PyCEFR/data/processed/python-algorithms/radon_output_python-algorithms.json
python-algorithms,python-algorithms,/home/juan/Documents/Analisis-CC-PyCEFR/python-algorithms/patterns/src/3_fast_and_slow_pointers/palindrome_linkedlist/palindrome_linkedlist.py,palindrome_linkedlist.py,function,is_palindromic_linked_list,10,B,2,12,37,0,,0,/home/juan/Documents/Analisis-CC-PyCEFR/data/processed/python-algorithms/radon_output_python-algorithms.json
python-algorithms,python-algorithms,/home/juan/Documents/Analisis-CC-PyCEFR/python-algorithms/patterns/src/3_fast_and_slow_pointers/palindrome_linkedlist/palindrome_linkedlist.py,palindrome_linkedlist.py,function,reverse_list,2,A,1,39,47,0,,0,/home/juan/Documents/Analisis-CC-PyCEFR/data/processed/python-algorithms/radon_output_python-algorithms.json
python-algorithms,python-algorithms,/home/juan/Documents/Analisis-CC-PyCEFR/python-algorithms/patterns/src/3_fast_and_slow_pointers/palindrome_linkedlist/palindrome_linkedlist.py,palindrome_linkedlist.py,class,Node,2,A,1,7,10,0,,0,/home/juan/Documents/Analisis-CC-PyCEFR/data/processed/python-algorithms/radon_output_python-algorithms.json
python-algorithms,python-algorithms,/home/juan/Documents/Analisis-CC-PyCEFR/python-algorithms/patterns/src/3_fast_and_slow_pointers/palindrome_linkedlist/palindrome_linkedlist.py,palindrome_linkedlist.py,method,__init__,1,A,1,8,10,4,,0,/home/juan/Documents/Analisis-CC-PyCEFR/data/processed/python-algorithms/radon_output_python-algorithms.json
python-algorithms,python-algorithms,/home/juan/Documents/Analisis-CC-PyCEFR/python-algorithms/patterns/src/3_fast_and_slow_pointers/linkedlist_cycle/find_cycle_length.py,find_cycle_length.py,function,has_cycle,4,A,1,30,39,0,,0,/home/juan/Documents/Analisis-CC-PyCEFR/data/processed/python-algorithms/radon_output_python-algorithms.json
python-algorithms,python-algorithms,/home/juan/Documents/Analisis-CC-PyCEFR/python-algorithms/patterns/src/3_fast_and_slow_pointers/linkedlist_cycle/find_cycle_length.py,find_cycle_length.py,class,Node,2,A,1,1,4,0,,0,/home/juan/Documents/Analisis-CC-PyCEFR/data/processed/python-algorithms/radon_output_python-algorithms.json
python-algorithms,python-algorithms,/home/juan/Documents/Analisis-CC-PyCEFR/python-algorithms/patterns/src/3_fast_and_slow_pointers/linkedlist_cycle/find_cycle_length.py,find_cycle_length.py,method,__init__,1,A,1,2,4,4,,0,/home/juan/Documents/Analisis-CC-PyCEFR/data/processed/python-algorithms/radon_output_python-algorithms.json
python-algorithms,python-algorithms,/home/juan/Documents/Analisis-CC-PyCEFR/python-algorithms/patterns/src/12_top_k_elements/frequency_sort/frequency_sort.py,frequency_sort.py,function,sort_character_by_frequency,5,A,1,14,33,0,,0,/home/juan/Documents/Analisis-CC-PyCEFR/data/processed/python-algorithms/radon_output_python-algorithms.json
python-algorithms,python-algorithms,/home/juan/Documents/Analisis-CC-PyCEFR/python-algorithms/patterns/src/12_top_k_elements/top_k_numbers/top_k_numbers.py,top_k_numbers.py,function,find_k_largest_numbers,4,A,1,9,24,0,,0,/home/juan/Documents/Analisis-CC-PyCEFR/data/processed/python-algorithms/radon_output_python-algorithms.json
python-algorithms,python-algorithms,/home/juan/Documents/Analisis-CC-PyCEFR/python-algorithms/patterns/src/12_top_k_elements/kth_smallest_number/kth_smallest_number.py,kth_smallest_number.py,function,find_Kth_smallest_number,4,A,1,10,24,0,,0,/home/juan/Documents/Analisis-CC-PyCEFR/data/processed/python-algorithms/radon_output_python-algorithms.json
python-algorithms,python-algorithms,/home/juan/Documents/Analisis-CC-PyCEFR/python-algorithms/patterns/src/12_top_k_elements/kth_smallest_number/kth_smallest_number.py,kth_smallest_number.py,function,find_Kth_smallest_number_2,3,A,1,34,43,0,,0,/home/juan/Documents/Analisis-CC-PyCEFR/data/processed/python-algorithms/radon_output_python-algorithms.json
python-algorithms,python-algorithms,/home/juan/Documents/Analisis-CC-PyCEFR/python-algorithms/patterns/src/12_top_k_elements/k_closest_point_to_origin/k_closest_point_to_origin.py,k_closest_point_to_origin.py,function,find_closest_points,4,A,1,29,40,0,,0,/home/juan/Documents/Analisis-CC-PyCEFR/data/processed/python-algorithms/radon_output_python-algorithms.json
python-algorithms,python-algorithms,/home/juan/Documents/Analisis-CC-PyCEFR/python-algorithms/patterns/src/12_top_k_elements/k_closest_point_to_origin/k_closest_point_to_origin.py,k_closest_point_to_origin.py,class,Point,2,A,1,3,19,0,,0,/home/juan/Documents/Analisis-CC-PyCEFR/data/processed/python-algorithms/radon_output_python-algorithms.json
python-algorithms,python-algorithms,/home/juan/Documents/Analisis-CC-PyCEFR/python-algorithms/patterns/src/12_top_k_elements/k_closest_point_to_origin/k_closest_point_to_origin.py,k_closest_point_to_origin.py,method,__init__,1,A,1,5,8,4,,0,/home/juan/Documents/Analisis-CC-PyCEFR/data/processed/python-algorithms/radon_output_python-algorithms.json
python-algorithms,python-algorithms,/home/juan/Documents/Analisis-CC-PyCEFR/python-algorithms/patterns/src/12_top_k_elements/k_closest_point_to_origin/k_closest_point_to_origin.py,k_closest_point_to_origin.py,method,__lt__,1,A,1,11,12,4,,0,/home/juan/Documents/Analisis-CC-PyCEFR/data/processed/python-algorithms/radon_output_python-algorithms.json
python-algorithms,python-algorithms,/home/juan/Documents/Analisis-CC-PyCEFR/python-algorithms/patterns/src/12_top_k_elements/k_closest_point_to_origin/k_closest_point_to_origin.py,k_closest_point_to_origin.py,method,distance_from_origin,1,A,1,14,16,4,,0,/home/juan/Documents/Analisis-CC-PyCEFR/data/processed/python-algorithms/radon_output_python-algorithms.json
python-algorithms,python-algorithms,/home/juan/Documents/Analisis-CC-PyCEFR/python-algorithms/patterns/src/12_top_k_elements/k_closest_point_to_origin/k_closest_point_to_origin.py,k_closest_point_to_origin.py,method,print_point,1,A,1,18,19,4,,0,/home/juan/Documents/Analisis-CC-PyCEFR/data/processed/python-algorithms/radon_output_python-algorithms.json
python-algorithms,python-algorithms,/home/juan/Documents/Analisis-CC-PyCEFR/python-algorithms/patterns/src/12_top_k_elements/top_k_frequent_numbers/top_k_frequent_numbers.py,top_k_frequent_numbers.py,function,find_k_frequent_numbers,5,A,1,11,27,0,,0,/home/juan/Documents/Analisis-CC-PyCEFR/data/processed/python-algorithms/radon_output_python-algorithms.json
python-algorithms,python-algorithms,/home/juan/Documents/Analisis-CC-PyCEFR/python-algorithms/patterns/src/12_top_k_elements/connect_ropes/connect_ropes.py,connect_ropes.py,function,minimum_cost_to_connect_ropes,3,A,1,12,23,0,,0,/home/juan/Documents/Analisis-CC-PyCEFR/data/processed/python-algorithms/radon_output_python-algorithms.json
python-algorithms,python-algorithms,/home/juan/Documents/Analisis-CC-PyCEFR/python-algorithms/patterns/src/12_top_k_elements/kth_largest_number_in_stream/kth_largest_number_in_stream.py,kth_largest_number_in_stream.py,class,KthLargestNumberInStream,3,A,1,10,25,0,,0,/home/juan/Documents/Analisis-CC-PyCEFR/data/processed/python-algorithms/radon_output_python-algorithms.json
python-algorithms,python-algorithms,/home/juan/Documents/Analisis-CC-PyCEFR/python-algorithms/patterns/src/12_top_k_elements/kth_largest_number_in_stream/kth_largest_number_in_stream.py,kth_largest_number_in_stream.py,method,__init__,2,A,1,14,17,4,,0,/home/juan/Documents/Analisis-CC-PyCEFR/data/processed/python-algorithms/radon_output_python-algorithms.json
python-algorithms,python-algorithms,/home/juan/Documents/Analisis-CC-PyCEFR/python-algorithms/patterns/src/12_top_k_elements/kth_largest_number_in_stream/kth_largest_number_in_stream.py,kth_largest_number_in_stream.py,method,add,2,A,1,19,25,4,,0,/home/juan/Documents/Analisis-CC-PyCEFR/data/processed/python-algorithms/radon_output_python-algorithms.json
python-algorithms,python-algorithms,/home/juan/Documents/Analisis-CC-PyCEFR/python-algorithms/patterns/src/12_top_k_elements/k_closest_numbers/k_closest_numbers.py,k_closest_numbers.py,function,binary_search,5,A,1,31,47,0,,0,/home/juan/Documents/Analisis-CC-PyCEFR/data/processed/python-algorithms/radon_output_python-algorithms.json
python-algorithms,python-algorithms,/home/juan/Documents/Analisis-CC-PyCEFR/python-algorithms/patterns/src/12_top_k_elements/k_closest_numbers/k_closest_numbers.py,k_closest_numbers.py,function,find_closest_elements,3,A,1,12,28,0,,0,/home/juan/Documents/Analisis-CC-PyCEFR/data/processed/python-algorithms/radon_output_python-algorithms.json
python-algorithms,python-algorithms,/home/juan/Documents/Analisis-CC-PyCEFR/python-algorithms/patterns/src/9_two_heaps/4_next_interval/next_interval.py,next_interval.py,function,find_next_interval,7,B,2,8,27,0,,0,/home/juan/Documents/Analisis-CC-PyCEFR/data/processed/python-algorithms/radon_output_python-algorithms.json
python-algorithms,python-algorithms,/home/juan/Documents/Analisis-CC-PyCEFR/python-algorithms/patterns/src/9_two_heaps/4_next_interval/next_interval.py,next_interval.py,class,Interval,2,A,1,2,5,0,,0,/home/juan/Documents/Analisis-CC-PyCEFR/data/processed/python-algorithms/radon_output_python-algorithms.json
python-algorithms,python-algorithms,/home/juan/Documents/Analisis-CC-PyCEFR/python-algorithms/patterns/src/9_two_heaps/4_next_interval/next_interval.py,next_interval.py,method,__init__,1,A,1,3,5,4,,0,/home/juan/Documents/Analisis-CC-PyCEFR/data/processed/python-algorithms/radon_output_python-algorithms.json
python-algorithms,python-algorithms,/home/juan/Documents/Analisis-CC-PyCEFR/python-algorithms/patterns/src/9_two_heaps/3_maximize_capital/maximize_capital.py,maximize_capital.py,function,find_maximum_capital,6,B,2,12,30,0,,0,/home/juan/Documents/Analisis-CC-PyCEFR/data/processed/python-algorithms/radon_output_python-algorithms.json
python-algorithms,python-algorithms,/home/juan/Documents/Analisis-CC-PyCEFR/python-algorithms/patterns/src/9_two_heaps/2_sliding_window_median/sliding_window_median.py,sliding_window_median.py,method,find_sliding_window_median,8,B,2,22,49,4,,0,/home/juan/Documents/Analisis-CC-PyCEFR/data/processed/python-algorithms/radon_output_python-algorithms.json
python-algorithms,python-algorithms,/home/juan/Documents/Analisis-CC-PyCEFR/python-algorithms/patterns/src/9_two_heaps/2_sliding_window_median/sliding_window_median.py,sliding_window_median.py,class,SlidingWindowMedian,4,A,1,18,66,0,,0,/home/juan/Documents/Analisis-CC-PyCEFR/data/processed/python-algorithms/radon_output_python-algorithms.json
python-algorithms,python-algorithms,/home/juan/Documents/Analisis-CC-PyCEFR/python-algorithms/patterns/src/9_two_heaps/2_sliding_window_median/sliding_window_median.py,sliding_window_median.py,method,rebalance_heaps,3,A,1,51,55,4,,0,/home/juan/Documents/Analisis-CC-PyCEFR/data/processed/python-algorithms/radon_output_python-algorithms.json
python-algorithms,python-algorithms,/home/juan/Documents/Analisis-CC-PyCEFR/python-algorithms/patterns/src/9_two_heaps/2_sliding_window_median/sliding_window_median.py,sliding_window_median.py,method,remove,2,A,1,57,66,4,,0,/home/juan/Documents/Analisis-CC-PyCEFR/data/processed/python-algorithms/radon_output_python-algorithms.json
python-algorithms,python-algorithms,/home/juan/Documents/Analisis-CC-PyCEFR/python-algorithms/patterns/src/9_two_heaps/2_sliding_window_median/sliding_window_median.py,sliding_window_median.py,method,__init__,1,A,1,19,20,4,,0,/home/juan/Documents/Analisis-CC-PyCEFR/data/processed/python-algorithms/radon_output_python-algorithms.json
python-algorithms,python-algorithms,/home/juan/Documents/Analisis-CC-PyCEFR/python-algorithms/patterns/src/9_two_heaps/1_median_of_number_stream/median_of_number_stream.py,median_of_number_stream.py,class,MedianOfAStream,5,A,1,12,30,0,,0,/home/juan/Documents/Analisis-CC-PyCEFR/data/processed/python-algorithms/radon_output_python-algorithms.json
python-algorithms,python-algorithms,/home/juan/Documents/Analisis-CC-PyCEFR/python-algorithms/patterns/src/9_two_heaps/1_median_of_number_stream/median_of_number_stream.py,median_of_number_stream.py,method,insert_num,5,A,1,15,24,4,,0,/home/juan/Documents/Analisis-CC-PyCEFR/data/processed/python-algorithms/radon_output_python-algorithms.json
python-algorithms,python-algorithms,/home/juan/Documents/Analisis-CC-PyCEFR/python-algorithms/patterns/src/9_two_heaps/1_median_of_number_stream/median_of_number_stream.py,median_of_number_stream.py,method,find_median,2,A,1,26,30,4,,0,/home/juan/Documents/Analisis-CC-PyCEFR/data/processed/python-algorithms/radon_output_python-algorithms.json
python-algorithms,python-algorithms,/home/juan/Documents/Analisis-CC-PyCEFR/python-algorithms/patterns/src/7_tree_breath_first_search/min_depth_of_binary_tree/find_minimum_depth.py,find_minimum_depth.py,function,find_minimum_depth,8,B,2,21,45,0,,0,/home/juan/Documents/Analisis-CC-PyCEFR/data/processed/python-algorithms/radon_output_python-algorithms.json
python-algorithms,python-algorithms,/home/juan/Documents/Analisis-CC-PyCEFR/python-algorithms/patterns/src/7_tree_breath_first_search/min_depth_of_binary_tree/find_minimum_depth.py,find_minimum_depth.py,class,TreeNode,2,A,1,2,5,0,,0,/home/juan/Documents/Analisis-CC-PyCEFR/data/processed/python-algorithms/radon_output_python-algorithms.json
python-algorithms,python-algorithms,/home/juan/Documents/Analisis-CC-PyCEFR/python-algorithms/patterns/src/7_tree_breath_first_search/min_depth_of_binary_tree/find_minimum_depth.py,find_minimum_depth.py,method,__init__,1,A,1,3,5,4,,0,/home/juan/Documents/Analisis-CC-PyCEFR/data/processed/python-algorithms/radon_output_python-algorithms.json
python-algorithms,python-algorithms,/home/juan/Documents/Analisis-CC-PyCEFR/python-algorithms/patterns/src/7_tree_breath_first_search/connect_all_level_order_siblings/connect_level_order_siblings.py,connect_level_order_siblings.py,function,connect_all_siblings,6,B,2,32,50,0,,0,/home/juan/Documents/Analisis-CC-PyCEFR/data/processed/python-algorithms/radon_output_python-algorithms.json
python-algorithms,python-algorithms,/home/juan/Documents/Analisis-CC-PyCEFR/python-algorithms/patterns/src/7_tree_breath_first_search/connect_all_level_order_siblings/connect_level_order_siblings.py,connect_level_order_siblings.py,class,TreeNode,3,A,1,18,29,0,,0,/home/juan/Documents/Analisis-CC-PyCEFR/data/processed/python-algorithms/radon_output_python-algorithms.json
python-algorithms,python-algorithms,/home/juan/Documents/Analisis-CC-PyCEFR/python-algorithms/patterns/src/7_tree_breath_first_search/connect_all_level_order_siblings/connect_level_order_siblings.py,connect_level_order_siblings.py,method,print_tree,2,A,1,24,29,4,,0,/home/juan/Documents/Analisis-CC-PyCEFR/data/processed/python-algorithms/radon_output_python-algorithms.json
python-algorithms,python-algorithms,/home/juan/Documents/Analisis-CC-PyCEFR/python-algorithms/patterns/src/7_tree_breath_first_search/connect_all_level_order_siblings/connect_level_order_siblings.py,connect_level_order_siblings.py,method,__init__,1,A,1,19,21,4,,0,/home/juan/Documents/Analisis-CC-PyCEFR/data/processed/python-algorithms/radon_output_python-algorithms.json
python-algorithms,python-algorithms,/home/juan/Documents/Analisis-CC-PyCEFR/python-algorithms/patterns/src/7_tree_breath_first_search/level_order_successor/level_order_successor.py,level_order_successor.py,function,find_successor,7,B,2,23,42,0,,0,/home/juan/Documents/Analisis-CC-PyCEFR/data/processed/python-algorithms/radon_output_python-algorithms.json
python-algorithms,python-algorithms,/home/juan/Documents/Analisis-CC-PyCEFR/python-algorithms/patterns/src/7_tree_breath_first_search/level_order_successor/level_order_successor.py,level_order_successor.py,class,TreeNode,2,A,1,4,7,0,,0,/home/juan/Documents/Analisis-CC-PyCEFR/data/processed/python-algorithms/radon_output_python-algorithms.json
python-algorithms,python-algorithms,/home/juan/Documents/Analisis-CC-PyCEFR/python-algorithms/patterns/src/7_tree_breath_first_search/level_order_successor/level_order_successor.py,level_order_successor.py,method,__init__,1,A,1,5,7,4,,0,/home/juan/Documents/Analisis-CC-PyCEFR/data/processed/python-algorithms/radon_output_python-algorithms.json
python-algorithms,python-algorithms,/home/juan/Documents/Analisis-CC-PyCEFR/python-algorithms/patterns/src/7_tree_breath_first_search/zigzag_traversal/zigzag_traversal.py,zigzag_traversal.py,function,traverse,7,B,2,22,51,0,,0,/home/juan/Documents/Analisis-CC-PyCEFR/data/processed/python-algorithms/radon_output_python-algorithms.json
python-algorithms,python-algorithms,/home/juan/Documents/Analisis-CC-PyCEFR/python-algorithms/patterns/src/7_tree_breath_first_search/zigzag_traversal/zigzag_traversal.py,zigzag_traversal.py,class,TreeNode,2,A,1,4,7,0,,0,/home/juan/Documents/Analisis-CC-PyCEFR/data/processed/python-algorithms/radon_output_python-algorithms.json
python-algorithms,python-algorithms,/home/juan/Documents/Analisis-CC-PyCEFR/python-algorithms/patterns/src/7_tree_breath_first_search/zigzag_traversal/zigzag_traversal.py,zigzag_traversal.py,method,__init__,1,A,1,5,7,4,,0,/home/juan/Documents/Analisis-CC-PyCEFR/data/processed/python-algorithms/radon_output_python-algorithms.json
python-algorithms,python-algorithms,/home/juan/Documents/Analisis-CC-PyCEFR/python-algorithms/patterns/src/7_tree_breath_first_search/level_order_traversal/level_order_traversal.py,level_order_traversal.py,function,traverse,6,B,2,22,44,0,,0,/home/juan/Documents/Analisis-CC-PyCEFR/data/processed/python-algorithms/radon_output_python-algorithms.json
python-algorithms,python-algorithms,/home/juan/Documents/Analisis-CC-PyCEFR/python-algorithms/patterns/src/7_tree_breath_first_search/level_order_traversal/level_order_traversal.py,level_order_traversal.py,class,TreeNode,2,A,1,4,7,0,,0,/home/juan/Documents/Analisis-CC-PyCEFR/data/processed/python-algorithms/radon_output_python-algorithms.json
python-algorithms,python-algorithms,/home/juan/Documents/Analisis-CC-PyCEFR/python-algorithms/patterns/src/7_tree_breath_first_search/level_order_traversal/level_order_traversal.py,level_order_traversal.py,method,__init__,1,A,1,5,7,4,,0,/home/juan/Documents/Analisis-CC-PyCEFR/data/processed/python-algorithms/radon_output_python-algorithms.json
python-algorithms,python-algorithms,/home/juan/Documents/Analisis-CC-PyCEFR/python-algorithms/patterns/src/7_tree_breath_first_search/reverse_level_order_traversal/reverse_level_order_traversal.py,reverse_level_order_traversal.py,function,traverse,6,B,2,22,43,0,,0,/home/juan/Documents/Analisis-CC-PyCEFR/data/processed/python-algorithms/radon_output_python-algorithms.json
python-algorithms,python-algorithms,/home/juan/Documents/Analisis-CC-PyCEFR/python-algorithms/patterns/src/7_tree_breath_first_search/reverse_level_order_traversal/reverse_level_order_traversal.py,reverse_level_order_traversal.py,class,TreeNode,2,A,1,4,7,0,,0,/home/juan/Documents/Analisis-CC-PyCEFR/data/processed/python-algorithms/radon_output_python-algorithms.json
python-algorithms,python-algorithms,/home/juan/Documents/Analisis-CC-PyCEFR/python-algorithms/patterns/src/7_tree_breath_first_search/reverse_level_order_traversal/reverse_level_order_traversal.py,reverse_level_order_traversal.py,method,__init__,1,A,1,5,7,4,,0,/home/juan/Documents/Analisis-CC-PyCEFR/data/processed/python-algorithms/radon_output_python-algorithms.json
python-algorithms,python-algorithms,/home/juan/Documents/Analisis-CC-PyCEFR/python-algorithms/patterns/src/7_tree_breath_first_search/connect_level_order_siblings/connect_level_order_siblings.py,connect_level_order_siblings.py,function,connect_level_order_siblings,7,B,2,39,59,0,,0,/home/juan/Documents/Analisis-CC-PyCEFR/data/processed/python-algorithms/radon_output_python-algorithms.json
python-algorithms,python-algorithms,/home/juan/Documents/Analisis-CC-PyCEFR/python-algorithms/patterns/src/7_tree_breath_first_search/connect_level_order_siblings/connect_level_order_siblings.py,connect_level_order_siblings.py,method,print_level_order,6,B,2,23,36,4,,0,/home/juan/Documents/Analisis-CC-PyCEFR/data/processed/python-algorithms/radon_output_python-algorithms.json
python-algorithms,python-algorithms,/home/juan/Documents/Analisis-CC-PyCEFR/python-algorithms/patterns/src/7_tree_breath_first_search/connect_level_order_siblings/connect_level_order_siblings.py,connect_level_order_siblings.py,class,TreeNode,5,A,1,17,36,0,,0,/home/juan/Documents/Analisis-CC-PyCEFR/data/processed/python-algorithms/radon_output_python-algorithms.json
python-algorithms,python-algorithms,/home/juan/Documents/Analisis-CC-PyCEFR/python-algorithms/patterns/src/7_tree_breath_first_search/connect_level_order_siblings/connect_level_order_siblings.py,connect_level_order_siblings.py,method,__init__,1,A,1,18,20,4,,0,/home/juan/Documents/Analisis-CC-PyCEFR/data/processed/python-algorithms/radon_output_python-algorithms.json
python-algorithms,python-algorithms,/home/juan/Documents/Analisis-CC-PyCEFR/python-algorithms/patterns/src/7_tree_breath_first_search/level_averages_in_binary_tree/level_averages_in_binary_tree.py,level_averages_in_binary_tree.py,function,find_level_averages,6,B,2,22,45,0,,0,/home/juan/Documents/Analisis-CC-PyCEFR/data/processed/python-algorithms/radon_output_python-algorithms.json
python-algorithms,python-algorithms,/home/juan/Documents/Analisis-CC-PyCEFR/python-algorithms/patterns/src/7_tree_breath_first_search/level_averages_in_binary_tree/level_averages_in_binary_tree.py,level_averages_in_binary_tree.py,class,TreeNode,2,A,1,4,7,0,,0,/home/juan/Documents/Analisis-CC-PyCEFR/data/processed/python-algorithms/radon_output_python-algorithms.json
python-algorithms,python-algorithms,/home/juan/Documents/Analisis-CC-PyCEFR/python-algorithms/patterns/src/7_tree_breath_first_search/level_averages_in_binary_tree/level_averages_in_binary_tree.py,level_averages_in_binary_tree.py,method,__init__,1,A,1,5,7,4,,0,/home/juan/Documents/Analisis-CC-PyCEFR/data/processed/python-algorithms/radon_output_python-algorithms.json
python-algorithms,python-algorithms,/home/juan/Documents/Analisis-CC-PyCEFR/python-algorithms/patterns/src/7_tree_breath_first_search/max_depth_of_tree/max_depth_of_tree.py,max_depth_of_tree.py,function,find_maxiimum_depth,6,B,2,21,42,0,,0,/home/juan/Documents/Analisis-CC-PyCEFR/data/processed/python-algorithms/radon_output_python-algorithms.json
python-algorithms,python-algorithms,/home/juan/Documents/Analisis-CC-PyCEFR/python-algorithms/patterns/src/7_tree_breath_first_search/max_depth_of_tree/max_depth_of_tree.py,max_depth_of_tree.py,class,TreeNode,2,A,1,2,5,0,,0,/home/juan/Documents/Analisis-CC-PyCEFR/data/processed/python-algorithms/radon_output_python-algorithms.json
python-algorithms,python-algorithms,/home/juan/Documents/Analisis-CC-PyCEFR/python-algorithms/patterns/src/7_tree_breath_first_search/max_depth_of_tree/max_depth_of_tree.py,max_depth_of_tree.py,method,__init__,1,A,1,3,5,4,,0,/home/juan/Documents/Analisis-CC-PyCEFR/data/processed/python-algorithms/radon_output_python-algorithms.json
python-algorithms,python-algorithms,/home/juan/Documents/Analisis-CC-PyCEFR/python-algorithms/patterns/src/7_tree_breath_first_search/largest_value_on_each_level/largest_value_on_each_level.py,largest_value_on_each_level.py,function,find_level_averages,6,B,2,22,45,0,,0,/home/juan/Documents/Analisis-CC-PyCEFR/data/processed/python-algorithms/radon_output_python-algorithms.json
python-algorithms,python-algorithms,/home/juan/Documents/Analisis-CC-PyCEFR/python-algorithms/patterns/src/7_tree_breath_first_search/largest_value_on_each_level/largest_value_on_each_level.py,largest_value_on_each_level.py,class,TreeNode,2,A,1,4,7,0,,0,/home/juan/Documents/Analisis-CC-PyCEFR/data/processed/python-algorithms/radon_output_python-algorithms.json
python-algorithms,python-algorithms,/home/juan/Documents/Analisis-CC-PyCEFR/python-algorithms/patterns/src/7_tree_breath_first_search/largest_value_on_each_level/largest_value_on_each_level.py,largest_value_on_each_level.py,method,__init__,1,A,1,5,7,4,,0,/home/juan/Documents/Analisis-CC-PyCEFR/data/processed/python-algorithms/radon_output_python-algorithms.json
python-algorithms,python-algorithms,/home/juan/Documents/Analisis-CC-PyCEFR/python-algorithms/patterns/src/7_tree_breath_first_search/left_view_of_tree/left_view_of_binary_tree.py,left_view_of_binary_tree.py,function,tree_left_view,7,B,2,23,46,0,,0,/home/juan/Documents/Analisis-CC-PyCEFR/data/processed/python-algorithms/radon_output_python-algorithms.json
python-algorithms,python-algorithms,/home/juan/Documents/Analisis-CC-PyCEFR/python-algorithms/patterns/src/7_tree_breath_first_search/left_view_of_tree/left_view_of_binary_tree.py,left_view_of_binary_tree.py,class,TreeNode,2,A,1,5,8,0,,0,/home/juan/Documents/Analisis-CC-PyCEFR/data/processed/python-algorithms/radon_output_python-algorithms.json
python-algorithms,python-algorithms,/home/juan/Documents/Analisis-CC-PyCEFR/python-algorithms/patterns/src/7_tree_breath_first_search/left_view_of_tree/left_view_of_binary_tree.py,left_view_of_binary_tree.py,method,__init__,1,A,1,6,8,4,,0,/home/juan/Documents/Analisis-CC-PyCEFR/data/processed/python-algorithms/radon_output_python-algorithms.json
python-algorithms,python-algorithms,/home/juan/Documents/Analisis-CC-PyCEFR/python-algorithms/patterns/src/7_tree_breath_first_search/right_view_of_binary_tree/right_view_of_binary_tree.py,right_view_of_binary_tree.py,function,tree_right_view,7,B,2,23,46,0,,0,/home/juan/Documents/Analisis-CC-PyCEFR/data/processed/python-algorithms/radon_output_python-algorithms.json
python-algorithms,python-algorithms,/home/juan/Documents/Analisis-CC-PyCEFR/python-algorithms/patterns/src/7_tree_breath_first_search/right_view_of_binary_tree/right_view_of_binary_tree.py,right_view_of_binary_tree.py,class,TreeNode,2,A,1,5,8,0,,0,/home/juan/Documents/Analisis-CC-PyCEFR/data/processed/python-algorithms/radon_output_python-algorithms.json
python-algorithms,python-algorithms,/home/juan/Documents/Analisis-CC-PyCEFR/python-algorithms/patterns/src/7_tree_breath_first_search/right_view_of_binary_tree/right_view_of_binary_tree.py,right_view_of_binary_tree.py,method,__init__,1,A,1,6,8,4,,0,/home/juan/Documents/Analisis-CC-PyCEFR/data/processed/python-algorithms/radon_output_python-algorithms.json
python-algorithms,python-algorithms,/home/juan/Documents/Analisis-CC-PyCEFR/python-algorithms/patterns/src/1_sliding_window/permutation_in_a_string/find_permutation.py,find_permutation.py,function,find_permutation,10,B,2,1,32,0,,0,/home/juan/Documents/Analisis-CC-PyCEFR/data/processed/python-algorithms/radon_output_python-algorithms.json
python-algorithms,python-algorithms,/home/juan/Documents/Analisis-CC-PyCEFR/python-algorithms/patterns/src/1_sliding_window/fruits_into_baskets/fruits_into_baskets.py,fruits_into_baskets.py,function,fruits_into_baskets,6,B,2,5,32,0,,0,/home/juan/Documents/Analisis-CC-PyCEFR/data/processed/python-algorithms/radon_output_python-algorithms.json
python-algorithms,python-algorithms,/home/juan/Documents/Analisis-CC-PyCEFR/python-algorithms/patterns/src/1_sliding_window/average_of_subarrays/averages_of_subarrays.py,averages_of_subarrays.py,function,find_averages_of_subarrays,3,A,1,1,13,0,,0,/home/juan/Documents/Analisis-CC-PyCEFR/data/processed/python-algorithms/radon_output_python-algorithms.json
python-algorithms,python-algorithms,/home/juan/Documents/Analisis-CC-PyCEFR/python-algorithms/patterns/src/1_sliding_window/smallest_subarray_with_greater_sum/smallest_subarray_with_greater_sum.py,smallest_subarray_with_greater_sum.py,function,smallest_subarray_with_given_sum,4,A,1,36,50,0,,0,/home/juan/Documents/Analisis-CC-PyCEFR/data/processed/python-algorithms/radon_output_python-algorithms.json
python-algorithms,python-algorithms,/home/juan/Documents/Analisis-CC-PyCEFR/python-algorithms/patterns/src/1_sliding_window/smallest_subarray_with_greater_sum/smallest_subarray_with_greater_sum.py,smallest_subarray_with_greater_sum.py,function,smallest_subarray_with_greater_sum,1,A,1,6,24,0,,0,/home/juan/Documents/Analisis-CC-PyCEFR/data/processed/python-algorithms/radon_output_python-algorithms.json
python-algorithms,python-algorithms,/home/juan/Documents/Analisis-CC-PyCEFR/python-algorithms/patterns/src/1_sliding_window/smallest_subarray_with_greater_sum/smallest_subarray_with_greater_sum.py,smallest_subarray_with_greater_sum.py,function,_find_smallest_subarray,5,A,1,8,22,4,smallest_subarray_with_greater_sum,1,/home/juan/Documents/Analisis-CC-PyCEFR/data/processed/python-algorithms/radon_output_python-algorithms.json
python-algorithms,python-algorithms,/home/juan/Documents/Analisis-CC-PyCEFR/python-algorithms/patterns/src/1_sliding_window/longest_sub_array_with_ones_after_replacement/length_of_longest_substring.py,length_of_longest_substring.py,function,length_of_longest_substring,5,A,1,1,17,0,,0,/home/juan/Documents/Analisis-CC-PyCEFR/data/processed/python-algorithms/radon_output_python-algorithms.json
python-algorithms,python-algorithms,/home/juan/Documents/Analisis-CC-PyCEFR/python-algorithms/patterns/src/1_sliding_window/subarrays_with_product_less_than_target/find_subarrays.py,find_subarrays.py,function,find_subarrays,7,B,2,1,21,0,,0,/home/juan/Documents/Analisis-CC-PyCEFR/data/processed/python-algorithms/radon_output_python-algorithms.json
python-algorithms,python-algorithms,/home/juan/Documents/Analisis-CC-PyCEFR/python-algorithms/patterns/src/1_sliding_window/longest_substr_with_same_letters_after_replacement/longest_substr_with_same_letters.py,longest_substr_with_same_letters.py,function,length_of_longest_substring,4,A,1,9,32,0,,0,/home/juan/Documents/Analisis-CC-PyCEFR/data/processed/python-algorithms/radon_output_python-algorithms.json
python-algorithms,python-algorithms,/home/juan/Documents/Analisis-CC-PyCEFR/python-algorithms/patterns/src/1_sliding_window/longest_substr_with_max_k_distinct_chars/longest_subtr.py,longest_subtr.py,function,longest_substring_with_k_distinct,5,A,1,6,28,0,,0,/home/juan/Documents/Analisis-CC-PyCEFR/data/processed/python-algorithms/radon_output_python-algorithms.json
python-algorithms,python-algorithms,/home/juan/Documents/Analisis-CC-PyCEFR/python-algorithms/patterns/src/1_sliding_window/maximum_sum_subarray_of_size_K/maximum_sum_subarray_of_size_K.py,maximum_sum_subarray_of_size_K.py,function,max_sum_subarray,5,A,1,3,19,0,,0,/home/juan/Documents/Analisis-CC-PyCEFR/data/processed/python-algorithms/radon_output_python-algorithms.json
python-algorithms,python-algorithms,/home/juan/Documents/Analisis-CC-PyCEFR/python-algorithms/patterns/src/1_sliding_window/smallest_window_containing_substr/find_substring.py,find_substring.py,function,find_substring,10,B,2,1,33,0,,0,/home/juan/Documents/Analisis-CC-PyCEFR/data/processed/python-algorithms/radon_output_python-algorithms.json
python-algorithms,python-algorithms,/home/juan/Documents/Analisis-CC-PyCEFR/python-algorithms/patterns/src/1_sliding_window/string_anagram/string_anagram.py,string_anagram.py,function,find_string_anagrams,10,B,2,1,35,0,,0,/home/juan/Documents/Analisis-CC-PyCEFR/data/processed/python-algorithms/radon_output_python-algorithms.json
python-algorithms,python-algorithms,/home/juan/Documents/Analisis-CC-PyCEFR/python-algorithms/patterns/src/1_sliding_window/words_concatenation/find_word_concatenation.py,find_word_concatenation.py,function,find_word_concatenation,1,A,1,1,4,0,,0,/home/juan/Documents/Analisis-CC-PyCEFR/data/processed/python-algorithms/radon_output_python-algorithms.json
python-algorithms,python-algorithms,/home/juan/Documents/Analisis-CC-PyCEFR/python-algorithms/patterns/src/1_sliding_window/longest_substr_with_distinct_chars/longest_substr_with_distinct_chars.py,longest_substr_with_distinct_chars.py,function,non_repeat_substring,5,A,1,9,34,0,,0,/home/juan/Documents/Analisis-CC-PyCEFR/data/processed/python-algorithms/radon_output_python-algorithms.json
python-algorithms,python-algorithms,/home/juan/Documents/Analisis-CC-PyCEFR/python-algorithms/patterns/src/1_sliding_window/longest_substr_with_distinct_chars/longest_substr_with_distinct_chars.py,longest_substr_with_distinct_chars.py,function,non_repeat_substring_2,3,A,1,44,63,0,,0,/home/juan/Documents/Analisis-CC-PyCEFR/data/processed/python-algorithms/radon_output_python-algorithms.json
python-algorithms,python-algorithms,/home/juan/Documents/Analisis-CC-PyCEFR/python-algorithms/patterns/src/6_in_place_reversal_of_linkedlist/reverse_sublist/reverse_sublist.py,reverse_sublist.py,function,reverse_sub_list,7,B,2,25,55,0,,0,/home/juan/Documents/Analisis-CC-PyCEFR/data/processed/python-algorithms/radon_output_python-algorithms.json
python-algorithms,python-algorithms,/home/juan/Documents/Analisis-CC-PyCEFR/python-algorithms/patterns/src/6_in_place_reversal_of_linkedlist/reverse_sublist/reverse_sublist.py,reverse_sublist.py,class,Node,3,A,1,10,22,0,,0,/home/juan/Documents/Analisis-CC-PyCEFR/data/processed/python-algorithms/radon_output_python-algorithms.json
python-algorithms,python-algorithms,/home/juan/Documents/Analisis-CC-PyCEFR/python-algorithms/patterns/src/6_in_place_reversal_of_linkedlist/reverse_sublist/reverse_sublist.py,reverse_sublist.py,method,print_list,3,A,1,15,22,4,,0,/home/juan/Documents/Analisis-CC-PyCEFR/data/processed/python-algorithms/radon_output_python-algorithms.json
python-algorithms,python-algorithms,/home/juan/Documents/Analisis-CC-PyCEFR/python-algorithms/patterns/src/6_in_place_reversal_of_linkedlist/reverse_sublist/reverse_sublist.py,reverse_sublist.py,method,__init__,1,A,1,11,13,4,,0,/home/juan/Documents/Analisis-CC-PyCEFR/data/processed/python-algorithms/radon_output_python-algorithms.json
python-algorithms,python-algorithms,/home/juan/Documents/Analisis-CC-PyCEFR/python-algorithms/patterns/src/6_in_place_reversal_of_linkedlist/reverse_alternating_K-element_sub-list/reverse_alternate_k_elements.py,reverse_alternate_k_elements.py,function,alternate,10,B,2,58,83,0,,0,/home/juan/Documents/Analisis-CC-PyCEFR/data/processed/python-algorithms/radon_output_python-algorithms.json
python-algorithms,python-algorithms,/home/juan/Documents/Analisis-CC-PyCEFR/python-algorithms/patterns/src/6_in_place_reversal_of_linkedlist/reverse_alternating_K-element_sub-list/reverse_alternate_k_elements.py,reverse_alternate_k_elements.py,function,reverse_alternate_k_elements,9,B,2,22,53,0,,0,/home/juan/Documents/Analisis-CC-PyCEFR/data/processed/python-algorithms/radon_output_python-algorithms.json
python-algorithms,python-algorithms,/home/juan/Documents/Analisis-CC-PyCEFR/python-algorithms/patterns/src/6_in_place_reversal_of_linkedlist/reverse_alternating_K-element_sub-list/reverse_alternate_k_elements.py,reverse_alternate_k_elements.py,class,Node,3,A,1,3,13,0,,0,/home/juan/Documents/Analisis-CC-PyCEFR/data/processed/python-algorithms/radon_output_python-algorithms.json
python-algorithms,python-algorithms,/home/juan/Documents/Analisis-CC-PyCEFR/python-algorithms/patterns/src/6_in_place_reversal_of_linkedlist/reverse_alternating_K-element_sub-list/reverse_alternate_k_elements.py,reverse_alternate_k_elements.py,method,print_list,2,A,1,8,13,4,,0,/home/juan/Documents/Analisis-CC-PyCEFR/data/processed/python-algorithms/radon_output_python-algorithms.json
python-algorithms,python-algorithms,/home/juan/Documents/Analisis-CC-PyCEFR/python-algorithms/patterns/src/6_in_place_reversal_of_linkedlist/reverse_alternating_K-element_sub-list/reverse_alternate_k_elements.py,reverse_alternate_k_elements.py,method,__init__,1,A,1,4,6,4,,0,/home/juan/Documents/Analisis-CC-PyCEFR/data/processed/python-algorithms/radon_output_python-algorithms.json
python-algorithms,python-algorithms,/home/juan/Documents/Analisis-CC-PyCEFR/python-algorithms/patterns/src/6_in_place_reversal_of_linkedlist/reverse_linkedlist/reverse_linkedlist.py,reverse_linkedlist.py,function,reverse,3,A,1,23,35,0,,0,/home/juan/Documents/Analisis-CC-PyCEFR/data/processed/python-algorithms/radon_output_python-algorithms.json
python-algorithms,python-algorithms,/home/juan/Documents/Analisis-CC-PyCEFR/python-algorithms/patterns/src/6_in_place_reversal_of_linkedlist/reverse_linkedlist/reverse_linkedlist.py,reverse_linkedlist.py,class,Node,3,A,1,11,21,0,,0,/home/juan/Documents/Analisis-CC-PyCEFR/data/processed/python-algorithms/radon_output_python-algorithms.json
python-algorithms,python-algorithms,/home/juan/Documents/Analisis-CC-PyCEFR/python-algorithms/patterns/src/6_in_place_reversal_of_linkedlist/reverse_linkedlist/reverse_linkedlist.py,reverse_linkedlist.py,method,print_list,2,A,1,16,21,2,,0,/home/juan/Documents/Analisis-CC-PyCEFR/data/processed/python-algorithms/radon_output_python-algorithms.json
python-algorithms,python-algorithms,/home/juan/Documents/Analisis-CC-PyCEFR/python-algorithms/patterns/src/6_in_place_reversal_of_linkedlist/reverse_linkedlist/reverse_linkedlist.py,reverse_linkedlist.py,method,__init__,1,A,1,12,14,2,,0,/home/juan/Documents/Analisis-CC-PyCEFR/data/processed/python-algorithms/radon_output_python-algorithms.json
python-algorithms,python-algorithms,/home/juan/Documents/Analisis-CC-PyCEFR/python-algorithms/patterns/src/6_in_place_reversal_of_linkedlist/rotate_linkedlist/rotate_linkedlist.py,rotate_linkedlist.py,function,solution2,8,B,2,54,72,0,,0,/home/juan/Documents/Analisis-CC-PyCEFR/data/processed/python-algorithms/radon_output_python-algorithms.json
python-algorithms,python-algorithms,/home/juan/Documents/Analisis-CC-PyCEFR/python-algorithms/patterns/src/6_in_place_reversal_of_linkedlist/rotate_linkedlist/rotate_linkedlist.py,rotate_linkedlist.py,function,rotate,7,B,2,25,51,0,,0,/home/juan/Documents/Analisis-CC-PyCEFR/data/processed/python-algorithms/radon_output_python-algorithms.json
python-algorithms,python-algorithms,/home/juan/Documents/Analisis-CC-PyCEFR/python-algorithms/patterns/src/6_in_place_reversal_of_linkedlist/rotate_linkedlist/rotate_linkedlist.py,rotate_linkedlist.py,class,Node,3,A,1,4,14,0,,0,/home/juan/Documents/Analisis-CC-PyCEFR/data/processed/python-algorithms/radon_output_python-algorithms.json
python-algorithms,python-algorithms,/home/juan/Documents/Analisis-CC-PyCEFR/python-algorithms/patterns/src/6_in_place_reversal_of_linkedlist/rotate_linkedlist/rotate_linkedlist.py,rotate_linkedlist.py,method,print_list,2,A,1,9,14,4,,0,/home/juan/Documents/Analisis-CC-PyCEFR/data/processed/python-algorithms/radon_output_python-algorithms.json
python-algorithms,python-algorithms,/home/juan/Documents/Analisis-CC-PyCEFR/python-algorithms/patterns/src/6_in_place_reversal_of_linkedlist/rotate_linkedlist/rotate_linkedlist.py,rotate_linkedlist.py,method,__init__,1,A,1,5,7,4,,0,/home/juan/Documents/Analisis-CC-PyCEFR/data/processed/python-algorithms/radon_output_python-algorithms.json
python-algorithms,python-algorithms,/home/juan/Documents/Analisis-CC-PyCEFR/python-algorithms/patterns/src/6_in_place_reversal_of_linkedlist/reverse_every_k_sublist/reverse_every_k_sublist_iterative.py,reverse_every_k_sublist_iterative.py,function,reverse_every_k_elements,8,B,2,24,52,0,,0,/home/juan/Documents/Analisis-CC-PyCEFR/data/processed/python-algorithms/radon_output_python-algorithms.json
python-algorithms,python-algorithms,/home/juan/Documents/Analisis-CC-PyCEFR/python-algorithms/patterns/src/6_in_place_reversal_of_linkedlist/reverse_every_k_sublist/reverse_every_k_sublist_iterative.py,reverse_every_k_sublist_iterative.py,class,Node,3,A,1,3,13,0,,0,/home/juan/Documents/Analisis-CC-PyCEFR/data/processed/python-algorithms/radon_output_python-algorithms.json
python-algorithms,python-algorithms,/home/juan/Documents/Analisis-CC-PyCEFR/python-algorithms/patterns/src/6_in_place_reversal_of_linkedlist/reverse_every_k_sublist/reverse_every_k_sublist_iterative.py,reverse_every_k_sublist_iterative.py,method,print_list,2,A,1,8,13,4,,0,/home/juan/Documents/Analisis-CC-PyCEFR/data/processed/python-algorithms/radon_output_python-algorithms.json
python-algorithms,python-algorithms,/home/juan/Documents/Analisis-CC-PyCEFR/python-algorithms/patterns/src/6_in_place_reversal_of_linkedlist/reverse_every_k_sublist/reverse_every_k_sublist_iterative.py,reverse_every_k_sublist_iterative.py,method,__init__,1,A,1,4,6,4,,0,/home/juan/Documents/Analisis-CC-PyCEFR/data/processed/python-algorithms/radon_output_python-algorithms.json
python-algorithms,python-algorithms,/home/juan/Documents/Analisis-CC-PyCEFR/python-algorithms/patterns/src/6_in_place_reversal_of_linkedlist/reverse_every_k_sublist/reverse_every_k_sublist_recursive.py,reverse_every_k_sublist_recursive.py,function,reverse_sub_list,5,A,1,32,57,0,,0,/home/juan/Documents/Analisis-CC-PyCEFR/data/processed/python-algorithms/radon_output_python-algorithms.json
python-algorithms,python-algorithms,/home/juan/Documents/Analisis-CC-PyCEFR/python-algorithms/patterns/src/6_in_place_reversal_of_linkedlist/reverse_every_k_sublist/reverse_every_k_sublist_recursive.py,reverse_every_k_sublist_recursive.py,function,reverse_every_k_elements,3,A,1,25,30,0,,0,/home/juan/Documents/Analisis-CC-PyCEFR/data/processed/python-algorithms/radon_output_python-algorithms.json
python-algorithms,python-algorithms,/home/juan/Documents/Analisis-CC-PyCEFR/python-algorithms/patterns/src/6_in_place_reversal_of_linkedlist/reverse_every_k_sublist/reverse_every_k_sublist_recursive.py,reverse_every_k_sublist_recursive.py,class,Node,3,A,1,3,13,0,,0,/home/juan/Documents/Analisis-CC-PyCEFR/data/processed/python-algorithms/radon_output_python-algorithms.json
python-algorithms,python-algorithms,/home/juan/Documents/Analisis-CC-PyCEFR/python-algorithms/patterns/src/6_in_place_reversal_of_linkedlist/reverse_every_k_sublist/reverse_every_k_sublist_recursive.py,reverse_every_k_sublist_recursive.py,method,print_list,2,A,1,8,13,4,,0,/home/juan/Documents/Analisis-CC-PyCEFR/data/processed/python-algorithms/radon_output_python-algorithms.json
python-algorithms,python-algorithms,/home/juan/Documents/Analisis-CC-PyCEFR/python-algorithms/patterns/src/6_in_place_reversal_of_linkedlist/reverse_every_k_sublist/reverse_every_k_sublist_recursive.py,reverse_every_k_sublist_recursive.py,method,__init__,1,A,1,4,6,4,,0,/home/juan/Documents/Analisis-CC-PyCEFR/data/processed/python-algorithms/radon_output_python-algorithms.json
python-algorithms,python-algorithms,/home/juan/Documents/Analisis-CC-PyCEFR/python-algorithms/data-structures/src/queue/queue_with_linkedlist/queue.py,queue.py,class,LinkedList,3,A,1,12,25,0,,0,/home/juan/Documents/Analisis-CC-PyCEFR/data/processed/python-algorithms/radon_output_python-algorithms.json
python-algorithms,python-algorithms,/home/juan/Documents/Analisis-CC-PyCEFR/python-algorithms/data-structures/src/queue/queue_with_linkedlist/queue.py,queue.py,method,__iter__,3,A,1,18,25,4,,0,/home/juan/Documents/Analisis-CC-PyCEFR/data/processed/python-algorithms/radon_output_python-algorithms.json
python-algorithms,python-algorithms,/home/juan/Documents/Analisis-CC-PyCEFR/python-algorithms/data-structures/src/queue/queue_with_linkedlist/queue.py,queue.py,class,Queue,3,A,1,27,72,0,,0,/home/juan/Documents/Analisis-CC-PyCEFR/data/processed/python-algorithms/radon_output_python-algorithms.json
python-algorithms,python-algorithms,/home/juan/Documents/Analisis-CC-PyCEFR/python-algorithms/data-structures/src/queue/queue_with_linkedlist/queue.py,queue.py,method,dequeue,3,A,1,45,55,4,,0,/home/juan/Documents/Analisis-CC-PyCEFR/data/processed/python-algorithms/radon_output_python-algorithms.json
python-algorithms,python-algorithms,/home/juan/Documents/Analisis-CC-PyCEFR/python-algorithms/data-structures/src/queue/queue_with_linkedlist/queue.py,queue.py,class,Node,2,A,1,3,10,0,,0,/home/juan/Documents/Analisis-CC-PyCEFR/data/processed/python-algorithms/radon_output_python-algorithms.json
python-algorithms,python-algorithms,/home/juan/Documents/Analisis-CC-PyCEFR/python-algorithms/data-structures/src/queue/queue_with_linkedlist/queue.py,queue.py,method,__str__,2,A,1,32,34,4,,0,/home/juan/Documents/Analisis-CC-PyCEFR/data/processed/python-algorithms/radon_output_python-algorithms.json
python-algorithms,python-algorithms,/home/juan/Documents/Analisis-CC-PyCEFR/python-algorithms/data-structures/src/queue/queue_with_linkedlist/queue.py,queue.py,method,enqueue,2,A,1,36,43,4,,0,/home/juan/Documents/Analisis-CC-PyCEFR/data/processed/python-algorithms/radon_output_python-algorithms.json
python-algorithms,python-algorithms,/home/juan/Documents/Analisis-CC-PyCEFR/python-algorithms/data-structures/src/queue/queue_with_linkedlist/queue.py,queue.py,method,peek,2,A,1,58,62,4,,0,/home/juan/Documents/Analisis-CC-PyCEFR/data/processed/python-algorithms/radon_output_python-algorithms.json
python-algorithms,python-algorithms,/home/juan/Documents/Analisis-CC-PyCEFR/python-algorithms/data-structures/src/queue/queue_with_linkedlist/queue.py,queue.py,method,isEmpty,2,A,1,65,69,4,,0,/home/juan/Documents/Analisis-CC-PyCEFR/data/processed/python-algorithms/radon_output_python-algorithms.json
python-algorithms,python-algorithms,/home/juan/Documents/Analisis-CC-PyCEFR/python-algorithms/data-structures/src/queue/queue_with_linkedlist/queue.py,queue.py,method,__init__,1,A,1,4,7,4,,0,/home/juan/Documents/Analisis-CC-PyCEFR/data/processed/python-algorithms/radon_output_python-algorithms.json
python-algorithms,python-algorithms,/home/juan/Documents/Analisis-CC-PyCEFR/python-algorithms/data-structures/src/queue/queue_with_linkedlist/queue.py,queue.py,method,__str__,1,A,1,9,10,4,,0,/home/juan/Documents/Analisis-CC-PyCEFR/data/processed/python-algorithms/radon_output_python-algorithms.json
python-algorithms,python-algorithms,/home/juan/Documents/Analisis-CC-PyCEFR/python-algorithms/data-structures/src/queue/queue_with_linkedlist/queue.py,queue.py,method,__init__,1,A,1,13,16,4,,0,/home/juan/Documents/Analisis-CC-PyCEFR/data/processed/python-algorithms/radon_output_python-algorithms.json
python-algorithms,python-algorithms,/home/juan/Documents/Analisis-CC-PyCEFR/python-algorithms/data-structures/src/queue/queue_with_linkedlist/queue.py,queue.py,method,__init__,1,A,1,28,30,4,,0,/home/juan/Documents/Analisis-CC-PyCEFR/data/processed/python-algorithms/radon_output_python-algorithms.json
python-algorithms,python-algorithms,/home/juan/Documents/Analisis-CC-PyCEFR/python-algorithms/data-structures/src/queue/queue_with_linkedlist/queue.py,queue.py,method,delete,1,A,1,71,72,4,,0,/home/juan/Documents/Analisis-CC-PyCEFR/data/processed/python-algorithms/radon_output_python-algorithms.json
python-algorithms,python-algorithms,/home/juan/Documents/Analisis-CC-PyCEFR/python-algorithms/data-structures/src/queue/circular_queue/queue.py,queue.py,method,enqueue,4,A,1,13,27,4,,0,/home/juan/Documents/Analisis-CC-PyCEFR/data/processed/python-algorithms/radon_output_python-algorithms.json
python-algorithms,python-algorithms,/home/juan/Documents/Analisis-CC-PyCEFR/python-algorithms/data-structures/src/queue/circular_queue/queue.py,queue.py,method,dequeue,4,A,1,29,53,4,,0,/home/juan/Documents/Analisis-CC-PyCEFR/data/processed/python-algorithms/radon_output_python-algorithms.json
python-algorithms,python-algorithms,/home/juan/Documents/Analisis-CC-PyCEFR/python-algorithms/data-structures/src/queue/circular_queue/queue.py,queue.py,method,isFull,4,A,1,63,69,4,,0,/home/juan/Documents/Analisis-CC-PyCEFR/data/processed/python-algorithms/radon_output_python-algorithms.json
python-algorithms,python-algorithms,/home/juan/Documents/Analisis-CC-PyCEFR/python-algorithms/data-structures/src/queue/circular_queue/queue.py,queue.py,class,Queue,3,A,1,1,80,0,,0,/home/juan/Documents/Analisis-CC-PyCEFR/data/processed/python-algorithms/radon_output_python-algorithms.json
python-algorithms,python-algorithms,/home/juan/Documents/Analisis-CC-PyCEFR/python-algorithms/data-structures/src/queue/circular_queue/queue.py,queue.py,method,__str__,2,A,1,9,11,4,,0,/home/juan/Documents/Analisis-CC-PyCEFR/data/processed/python-algorithms/radon_output_python-algorithms.json
python-algorithms,python-algorithms,/home/juan/Documents/Analisis-CC-PyCEFR/python-algorithms/data-structures/src/queue/circular_queue/queue.py,queue.py,method,front,2,A,1,55,57,4,,0,/home/juan/Documents/Analisis-CC-PyCEFR/data/processed/python-algorithms/radon_output_python-algorithms.json
python-algorithms,python-algorithms,/home/juan/Documents/Analisis-CC-PyCEFR/python-algorithms/data-structures/src/queue/circular_queue/queue.py,queue.py,method,rear,2,A,1,59,61,4,,0,/home/juan/Documents/Analisis-CC-PyCEFR/data/processed/python-algorithms/radon_output_python-algorithms.json
python-algorithms,python-algorithms,/home/juan/Documents/Analisis-CC-PyCEFR/python-algorithms/data-structures/src/queue/circular_queue/queue.py,queue.py,method,isEmpty,2,A,1,71,75,4,,0,/home/juan/Documents/Analisis-CC-PyCEFR/data/processed/python-algorithms/radon_output_python-algorithms.json
python-algorithms,python-algorithms,/home/juan/Documents/Analisis-CC-PyCEFR/python-algorithms/data-structures/src/queue/circular_queue/queue.py,queue.py,method,__init__,1,A,1,2,7,4,,0,/home/juan/Documents/Analisis-CC-PyCEFR/data/processed/python-algorithms/radon_output_python-algorithms.json
python-algorithms,python-algorithms,/home/juan/Documents/Analisis-CC-PyCEFR/python-algorithms/data-structures/src/queue/circular_queue/queue.py,queue.py,method,delete,1,A,1,77,80,4,,0,/home/juan/Documents/Analisis-CC-PyCEFR/data/processed/python-algorithms/radon_output_python-algorithms.json
python-algorithms,python-algorithms,/home/juan/Documents/Analisis-CC-PyCEFR/python-algorithms/data-structures/src/queue/queue_with_list/queue.py,queue.py,class,Queue,2,A,1,2,27,0,,0,/home/juan/Documents/Analisis-CC-PyCEFR/data/processed/python-algorithms/radon_output_python-algorithms.json
python-algorithms,python-algorithms,/home/juan/Documents/Analisis-CC-PyCEFR/python-algorithms/data-structures/src/queue/queue_with_list/queue.py,queue.py,method,__str__,2,A,1,7,10,4,,0,/home/juan/Documents/Analisis-CC-PyCEFR/data/processed/python-algorithms/radon_output_python-algorithms.json
python-algorithms,python-algorithms,/home/juan/Documents/Analisis-CC-PyCEFR/python-algorithms/data-structures/src/queue/queue_with_list/queue.py,queue.py,method,dequeue,2,A,1,15,17,4,,0,/home/juan/Documents/Analisis-CC-PyCEFR/data/processed/python-algorithms/radon_output_python-algorithms.json
python-algorithms,python-algorithms,/home/juan/Documents/Analisis-CC-PyCEFR/python-algorithms/data-structures/src/queue/queue_with_list/queue.py,queue.py,method,peek,2,A,1,19,21,4,,0,/home/juan/Documents/Analisis-CC-PyCEFR/data/processed/python-algorithms/radon_output_python-algorithms.json
python-algorithms,python-algorithms,/home/juan/Documents/Analisis-CC-PyCEFR/python-algorithms/data-structures/src/queue/queue_with_list/queue.py,queue.py,method,__init__,1,A,1,3,5,4,,0,/home/juan/Documents/Analisis-CC-PyCEFR/data/processed/python-algorithms/radon_output_python-algorithms.json
python-algorithms,python-algorithms,/home/juan/Documents/Analisis-CC-PyCEFR/python-algorithms/data-structures/src/queue/queue_with_list/queue.py,queue.py,method,enqueue,1,A,1,12,13,4,,0,/home/juan/Documents/Analisis-CC-PyCEFR/data/processed/python-algorithms/radon_output_python-algorithms.json
python-algorithms,python-algorithms,/home/juan/Documents/Analisis-CC-PyCEFR/python-algorithms/data-structures/src/queue/queue_with_list/queue.py,queue.py,method,isEmpty,1,A,1,23,24,4,,0,/home/juan/Documents/Analisis-CC-PyCEFR/data/processed/python-algorithms/radon_output_python-algorithms.json
python-algorithms,python-algorithms,/home/juan/Documents/Analisis-CC-PyCEFR/python-algorithms/data-structures/src/queue/queue_with_list/queue.py,queue.py,method,delete,1,A,1,26,27,4,,0,/home/juan/Documents/Analisis-CC-PyCEFR/data/processed/python-algorithms/radon_output_python-algorithms.json
python-algorithms,python-algorithms,/home/juan/Documents/Analisis-CC-PyCEFR/python-algorithms/data-structures/src/tree/avl-tree/avl_tree.py,avl_tree.py,function,deleteNode,14,C,3,190,222,0,,0,/home/juan/Documents/Analisis-CC-PyCEFR/data/processed/python-algorithms/radon_output_python-algorithms.json
python-algorithms,python-algorithms,/home/juan/Documents/Analisis-CC-PyCEFR/python-algorithms/data-structures/src/tree/avl-tree/avl_tree.py,avl_tree.py,function,insertNode,11,C,3,158,183,0,,0,/home/juan/Documents/Analisis-CC-PyCEFR/data/processed/python-algorithms/radon_output_python-algorithms.json
python-algorithms,python-algorithms,/home/juan/Documents/Analisis-CC-PyCEFR/python-algorithms/data-structures/src/tree/avl-tree/avl_tree.py,avl_tree.py,function,levelOrderTraversal,5,A,1,32,46,0,,0,/home/juan/Documents/Analisis-CC-PyCEFR/data/processed/python-algorithms/radon_output_python-algorithms.json
python-algorithms,python-algorithms,/home/juan/Documents/Analisis-CC-PyCEFR/python-algorithms/data-structures/src/tree/avl-tree/avl_tree.py,avl_tree.py,function,searchNode,5,A,1,48,62,0,,0,/home/juan/Documents/Analisis-CC-PyCEFR/data/processed/python-algorithms/radon_output_python-algorithms.json
python-algorithms,python-algorithms,/home/juan/Documents/Analisis-CC-PyCEFR/python-algorithms/data-structures/src/tree/avl-tree/avl_tree.py,avl_tree.py,function,getMinValueNode,3,A,1,185,188,0,,0,/home/juan/Documents/Analisis-CC-PyCEFR/data/processed/python-algorithms/radon_output_python-algorithms.json
python-algorithms,python-algorithms,/home/juan/Documents/Analisis-CC-PyCEFR/python-algorithms/data-structures/src/tree/avl-tree/avl_tree.py,avl_tree.py,function,preOrderTraversal,2,A,1,11,16,0,,0,/home/juan/Documents/Analisis-CC-PyCEFR/data/processed/python-algorithms/radon_output_python-algorithms.json
python-algorithms,python-algorithms,/home/juan/Documents/Analisis-CC-PyCEFR/python-algorithms/data-structures/src/tree/avl-tree/avl_tree.py,avl_tree.py,function,inOrderTraversal,2,A,1,18,23,0,,0,/home/juan/Documents/Analisis-CC-PyCEFR/data/processed/python-algorithms/radon_output_python-algorithms.json
python-algorithms,python-algorithms,/home/juan/Documents/Analisis-CC-PyCEFR/python-algorithms/data-structures/src/tree/avl-tree/avl_tree.py,avl_tree.py,function,postOrderTraversal,2,A,1,25,30,0,,0,/home/juan/Documents/Analisis-CC-PyCEFR/data/processed/python-algorithms/radon_output_python-algorithms.json
python-algorithms,python-algorithms,/home/juan/Documents/Analisis-CC-PyCEFR/python-algorithms/data-structures/src/tree/avl-tree/avl_tree.py,avl_tree.py,function,getHeight,2,A,1,65,68,0,,0,/home/juan/Documents/Analisis-CC-PyCEFR/data/processed/python-algorithms/radon_output_python-algorithms.json
python-algorithms,python-algorithms,/home/juan/Documents/Analisis-CC-PyCEFR/python-algorithms/data-structures/src/tree/avl-tree/avl_tree.py,avl_tree.py,function,getBalance,2,A,1,153,156,0,,0,/home/juan/Documents/Analisis-CC-PyCEFR/data/processed/python-algorithms/radon_output_python-algorithms.json
python-algorithms,python-algorithms,/home/juan/Documents/Analisis-CC-PyCEFR/python-algorithms/data-structures/src/tree/avl-tree/avl_tree.py,avl_tree.py,class,AVLNode,2,A,1,3,9,0,,0,/home/juan/Documents/Analisis-CC-PyCEFR/data/processed/python-algorithms/radon_output_python-algorithms.json
python-algorithms,python-algorithms,/home/juan/Documents/Analisis-CC-PyCEFR/python-algorithms/data-structures/src/tree/avl-tree/avl_tree.py,avl_tree.py,function,rightRotate,1,A,1,102,109,0,,0,/home/juan/Documents/Analisis-CC-PyCEFR/data/processed/python-algorithms/radon_output_python-algorithms.json
python-algorithms,python-algorithms,/home/juan/Documents/Analisis-CC-PyCEFR/python-algorithms/data-structures/src/tree/avl-tree/avl_tree.py,avl_tree.py,function,leftRotate,1,A,1,145,151,0,,0,/home/juan/Documents/Analisis-CC-PyCEFR/data/processed/python-algorithms/radon_output_python-algorithms.json
python-algorithms,python-algorithms,/home/juan/Documents/Analisis-CC-PyCEFR/python-algorithms/data-structures/src/tree/avl-tree/avl_tree.py,avl_tree.py,function,deleteAVL,1,A,1,225,229,0,,0,/home/juan/Documents/Analisis-CC-PyCEFR/data/processed/python-algorithms/radon_output_python-algorithms.json
python-algorithms,python-algorithms,/home/juan/Documents/Analisis-CC-PyCEFR/python-algorithms/data-structures/src/tree/avl-tree/avl_tree.py,avl_tree.py,method,__init__,1,A,1,4,9,4,,0,/home/juan/Documents/Analisis-CC-PyCEFR/data/processed/python-algorithms/radon_output_python-algorithms.json
python-algorithms,python-algorithms,/home/juan/Documents/Analisis-CC-PyCEFR/python-algorithms/data-structures/src/tree/avl-tree/queue.py,queue.py,class,LinkedList,3,A,1,12,25,0,,0,/home/juan/Documents/Analisis-CC-PyCEFR/data/processed/python-algorithms/radon_output_python-algorithms.json
python-algorithms,python-algorithms,/home/juan/Documents/Analisis-CC-PyCEFR/python-algorithms/data-structures/src/tree/avl-tree/queue.py,queue.py,method,__iter__,3,A,1,18,25,4,,0,/home/juan/Documents/Analisis-CC-PyCEFR/data/processed/python-algorithms/radon_output_python-algorithms.json
python-algorithms,python-algorithms,/home/juan/Documents/Analisis-CC-PyCEFR/python-algorithms/data-structures/src/tree/avl-tree/queue.py,queue.py,class,Queue,3,A,1,27,72,0,,0,/home/juan/Documents/Analisis-CC-PyCEFR/data/processed/python-algorithms/radon_output_python-algorithms.json
python-algorithms,python-algorithms,/home/juan/Documents/Analisis-CC-PyCEFR/python-algorithms/data-structures/src/tree/avl-tree/queue.py,queue.py,method,dequeue,3,A,1,45,55,4,,0,/home/juan/Documents/Analisis-CC-PyCEFR/data/processed/python-algorithms/radon_output_python-algorithms.json
python-algorithms,python-algorithms,/home/juan/Documents/Analisis-CC-PyCEFR/python-algorithms/data-structures/src/tree/avl-tree/queue.py,queue.py,class,Node,2,A,1,3,10,0,,0,/home/juan/Documents/Analisis-CC-PyCEFR/data/processed/python-algorithms/radon_output_python-algorithms.json
python-algorithms,python-algorithms,/home/juan/Documents/Analisis-CC-PyCEFR/python-algorithms/data-structures/src/tree/avl-tree/queue.py,queue.py,method,__str__,2,A,1,32,34,4,,0,/home/juan/Documents/Analisis-CC-PyCEFR/data/processed/python-algorithms/radon_output_python-algorithms.json
python-algorithms,python-algorithms,/home/juan/Documents/Analisis-CC-PyCEFR/python-algorithms/data-structures/src/tree/avl-tree/queue.py,queue.py,method,enqueue,2,A,1,36,43,4,,0,/home/juan/Documents/Analisis-CC-PyCEFR/data/processed/python-algorithms/radon_output_python-algorithms.json
python-algorithms,python-algorithms,/home/juan/Documents/Analisis-CC-PyCEFR/python-algorithms/data-structures/src/tree/avl-tree/queue.py,queue.py,method,peek,2,A,1,58,62,4,,0,/home/juan/Documents/Analisis-CC-PyCEFR/data/processed/python-algorithms/radon_output_python-algorithms.json
python-algorithms,python-algorithms,/home/juan/Documents/Analisis-CC-PyCEFR/python-algorithms/data-structures/src/tree/avl-tree/queue.py,queue.py,method,isEmpty,2,A,1,65,69,4,,0,/home/juan/Documents/Analisis-CC-PyCEFR/data/processed/python-algorithms/radon_output_python-algorithms.json
python-algorithms,python-algorithms,/home/juan/Documents/Analisis-CC-PyCEFR/python-algorithms/data-structures/src/tree/avl-tree/queue.py,queue.py,method,__init__,1,A,1,4,7,4,,0,/home/juan/Documents/Analisis-CC-PyCEFR/data/processed/python-algorithms/radon_output_python-algorithms.json
python-algorithms,python-algorithms,/home/juan/Documents/Analisis-CC-PyCEFR/python-algorithms/data-structures/src/tree/avl-tree/queue.py,queue.py,method,__str__,1,A,1,9,10,4,,0,/home/juan/Documents/Analisis-CC-PyCEFR/data/processed/python-algorithms/radon_output_python-algorithms.json
python-algorithms,python-algorithms,/home/juan/Documents/Analisis-CC-PyCEFR/python-algorithms/data-structures/src/tree/avl-tree/queue.py,queue.py,method,__init__,1,A,1,13,16,4,,0,/home/juan/Documents/Analisis-CC-PyCEFR/data/processed/python-algorithms/radon_output_python-algorithms.json
python-algorithms,python-algorithms,/home/juan/Documents/Analisis-CC-PyCEFR/python-algorithms/data-structures/src/tree/avl-tree/queue.py,queue.py,method,__init__,1,A,1,28,30,4,,0,/home/juan/Documents/Analisis-CC-PyCEFR/data/processed/python-algorithms/radon_output_python-algorithms.json
python-algorithms,python-algorithms,/home/juan/Documents/Analisis-CC-PyCEFR/python-algorithms/data-structures/src/tree/avl-tree/queue.py,queue.py,method,delete,1,A,1,71,72,4,,0,/home/juan/Documents/Analisis-CC-PyCEFR/data/processed/python-algorithms/radon_output_python-algorithms.json
python-algorithms,python-algorithms,/home/juan/Documents/Analisis-CC-PyCEFR/python-algorithms/data-structures/src/tree/binary-search-tree/binary_search_tree.py,binary_search_tree.py,function,searchNode,6,B,2,77,95,0,,0,/home/juan/Documents/Analisis-CC-PyCEFR/data/processed/python-algorithms/radon_output_python-algorithms.json
python-algorithms,python-algorithms,/home/juan/Documents/Analisis-CC-PyCEFR/python-algorithms/data-structures/src/tree/binary-search-tree/binary_search_tree.py,binary_search_tree.py,function,deleteNode,6,B,2,104,125,0,,0,/home/juan/Documents/Analisis-CC-PyCEFR/data/processed/python-algorithms/radon_output_python-algorithms.json
python-algorithms,python-algorithms,/home/juan/Documents/Analisis-CC-PyCEFR/python-algorithms/data-structures/src/tree/binary-search-tree/binary_search_tree.py,binary_search_tree.py,function,insertNode,5,A,1,10,24,0,,0,/home/juan/Documents/Analisis-CC-PyCEFR/data/processed/python-algorithms/radon_output_python-algorithms.json
python-algorithms,python-algorithms,/home/juan/Documents/Analisis-CC-PyCEFR/python-algorithms/data-structures/src/tree/binary-search-tree/binary_search_tree.py,binary_search_tree.py,function,levelOrderTraversal,5,A,1,58,73,0,,0,/home/juan/Documents/Analisis-CC-PyCEFR/data/processed/python-algorithms/radon_output_python-algorithms.json
python-algorithms,python-algorithms,/home/juan/Documents/Analisis-CC-PyCEFR/python-algorithms/data-structures/src/tree/binary-search-tree/binary_search_tree.py,binary_search_tree.py,function,preOrderTraversal,2,A,1,28,34,0,,0,/home/juan/Documents/Analisis-CC-PyCEFR/data/processed/python-algorithms/radon_output_python-algorithms.json
python-algorithms,python-algorithms,/home/juan/Documents/Analisis-CC-PyCEFR/python-algorithms/data-structures/src/tree/binary-search-tree/binary_search_tree.py,binary_search_tree.py,function,inOrderTraversal,2,A,1,38,44,0,,0,/home/juan/Documents/Analisis-CC-PyCEFR/data/processed/python-algorithms/radon_output_python-algorithms.json
python-algorithms,python-algorithms,/home/juan/Documents/Analisis-CC-PyCEFR/python-algorithms/data-structures/src/tree/binary-search-tree/binary_search_tree.py,binary_search_tree.py,function,postOrderTraversal,2,A,1,48,54,0,,0,/home/juan/Documents/Analisis-CC-PyCEFR/data/processed/python-algorithms/radon_output_python-algorithms.json
python-algorithms,python-algorithms,/home/juan/Documents/Analisis-CC-PyCEFR/python-algorithms/data-structures/src/tree/binary-search-tree/binary_search_tree.py,binary_search_tree.py,function,getMinValueNode,2,A,1,98,102,0,,0,/home/juan/Documents/Analisis-CC-PyCEFR/data/processed/python-algorithms/radon_output_python-algorithms.json
python-algorithms,python-algorithms,/home/juan/Documents/Analisis-CC-PyCEFR/python-algorithms/data-structures/src/tree/binary-search-tree/binary_search_tree.py,binary_search_tree.py,class,BinarySearchTree,2,A,1,3,8,0,,0,/home/juan/Documents/Analisis-CC-PyCEFR/data/processed/python-algorithms/radon_output_python-algorithms.json
python-algorithms,python-algorithms,/home/juan/Documents/Analisis-CC-PyCEFR/python-algorithms/data-structures/src/tree/binary-search-tree/binary_search_tree.py,binary_search_tree.py,function,deleteBinaryTree,1,A,1,129,133,0,,0,/home/juan/Documents/Analisis-CC-PyCEFR/data/processed/python-algorithms/radon_output_python-algorithms.json
python-algorithms,python-algorithms,/home/juan/Documents/Analisis-CC-PyCEFR/python-algorithms/data-structures/src/tree/binary-search-tree/binary_search_tree.py,binary_search_tree.py,method,__init__,1,A,1,4,8,4,,0,/home/juan/Documents/Analisis-CC-PyCEFR/data/processed/python-algorithms/radon_output_python-algorithms.json
python-algorithms,python-algorithms,/home/juan/Documents/Analisis-CC-PyCEFR/python-algorithms/data-structures/src/tree/binary-search-tree/queue.py,queue.py,class,LinkedList,3,A,1,12,25,0,,0,/home/juan/Documents/Analisis-CC-PyCEFR/data/processed/python-algorithms/radon_output_python-algorithms.json
python-algorithms,python-algorithms,/home/juan/Documents/Analisis-CC-PyCEFR/python-algorithms/data-structures/src/tree/binary-search-tree/queue.py,queue.py,method,__iter__,3,A,1,18,25,4,,0,/home/juan/Documents/Analisis-CC-PyCEFR/data/processed/python-algorithms/radon_output_python-algorithms.json
python-algorithms,python-algorithms,/home/juan/Documents/Analisis-CC-PyCEFR/python-algorithms/data-structures/src/tree/binary-search-tree/queue.py,queue.py,class,Queue,3,A,1,27,72,0,,0,/home/juan/Documents/Analisis-CC-PyCEFR/data/processed/python-algorithms/radon_output_python-algorithms.json
python-algorithms,python-algorithms,/home/juan/Documents/Analisis-CC-PyCEFR/python-algorithms/data-structures/src/tree/binary-search-tree/queue.py,queue.py,method,dequeue,3,A,1,45,55,4,,0,/home/juan/Documents/Analisis-CC-PyCEFR/data/processed/python-algorithms/radon_output_python-algorithms.json
python-algorithms,python-algorithms,/home/juan/Documents/Analisis-CC-PyCEFR/python-algorithms/data-structures/src/tree/binary-search-tree/queue.py,queue.py,class,Node,2,A,1,3,10,0,,0,/home/juan/Documents/Analisis-CC-PyCEFR/data/processed/python-algorithms/radon_output_python-algorithms.json
python-algorithms,python-algorithms,/home/juan/Documents/Analisis-CC-PyCEFR/python-algorithms/data-structures/src/tree/binary-search-tree/queue.py,queue.py,method,__str__,2,A,1,32,34,4,,0,/home/juan/Documents/Analisis-CC-PyCEFR/data/processed/python-algorithms/radon_output_python-algorithms.json
python-algorithms,python-algorithms,/home/juan/Documents/Analisis-CC-PyCEFR/python-algorithms/data-structures/src/tree/binary-search-tree/queue.py,queue.py,method,enqueue,2,A,1,36,43,4,,0,/home/juan/Documents/Analisis-CC-PyCEFR/data/processed/python-algorithms/radon_output_python-algorithms.json
python-algorithms,python-algorithms,/home/juan/Documents/Analisis-CC-PyCEFR/python-algorithms/data-structures/src/tree/binary-search-tree/queue.py,queue.py,method,peek,2,A,1,58,62,4,,0,/home/juan/Documents/Analisis-CC-PyCEFR/data/processed/python-algorithms/radon_output_python-algorithms.json
python-algorithms,python-algorithms,/home/juan/Documents/Analisis-CC-PyCEFR/python-algorithms/data-structures/src/tree/binary-search-tree/queue.py,queue.py,method,isEmpty,2,A,1,65,69,4,,0,/home/juan/Documents/Analisis-CC-PyCEFR/data/processed/python-algorithms/radon_output_python-algorithms.json
python-algorithms,python-algorithms,/home/juan/Documents/Analisis-CC-PyCEFR/python-algorithms/data-structures/src/tree/binary-search-tree/queue.py,queue.py,method,__init__,1,A,1,4,7,4,,0,/home/juan/Documents/Analisis-CC-PyCEFR/data/processed/python-algorithms/radon_output_python-algorithms.json
python-algorithms,python-algorithms,/home/juan/Documents/Analisis-CC-PyCEFR/python-algorithms/data-structures/src/tree/binary-search-tree/queue.py,queue.py,method,__str__,1,A,1,9,10,4,,0,/home/juan/Documents/Analisis-CC-PyCEFR/data/processed/python-algorithms/radon_output_python-algorithms.json
python-algorithms,python-algorithms,/home/juan/Documents/Analisis-CC-PyCEFR/python-algorithms/data-structures/src/tree/binary-search-tree/queue.py,queue.py,method,__init__,1,A,1,13,16,4,,0,/home/juan/Documents/Analisis-CC-PyCEFR/data/processed/python-algorithms/radon_output_python-algorithms.json
python-algorithms,python-algorithms,/home/juan/Documents/Analisis-CC-PyCEFR/python-algorithms/data-structures/src/tree/binary-search-tree/queue.py,queue.py,method,__init__,1,A,1,28,30,4,,0,/home/juan/Documents/Analisis-CC-PyCEFR/data/processed/python-algorithms/radon_output_python-algorithms.json
python-algorithms,python-algorithms,/home/juan/Documents/Analisis-CC-PyCEFR/python-algorithms/data-structures/src/tree/binary-search-tree/queue.py,queue.py,method,delete,1,A,1,71,72,4,,0,/home/juan/Documents/Analisis-CC-PyCEFR/data/processed/python-algorithms/radon_output_python-algorithms.json
python-algorithms,python-algorithms,/home/juan/Documents/Analisis-CC-PyCEFR/python-algorithms/data-structures/src/tree/binary-tree/binary-tree-with-list/binary_tree.py,binary_tree.py,method,search,5,A,1,21,28,4,,0,/home/juan/Documents/Analisis-CC-PyCEFR/data/processed/python-algorithms/radon_output_python-algorithms.json
python-algorithms,python-algorithms,/home/juan/Documents/Analisis-CC-PyCEFR/python-algorithms/data-structures/src/tree/binary-tree/binary-tree-with-list/binary_tree.py,binary_tree.py,method,deleteNode,4,A,1,73,86,4,,0,/home/juan/Documents/Analisis-CC-PyCEFR/data/processed/python-algorithms/radon_output_python-algorithms.json
python-algorithms,python-algorithms,/home/juan/Documents/Analisis-CC-PyCEFR/python-algorithms/data-structures/src/tree/binary-tree/binary-tree-with-list/binary_tree.py,binary_tree.py,class,BinaryTree,3,A,1,1,95,0,,0,/home/juan/Documents/Analisis-CC-PyCEFR/data/processed/python-algorithms/radon_output_python-algorithms.json
python-algorithms,python-algorithms,/home/juan/Documents/Analisis-CC-PyCEFR/python-algorithms/data-structures/src/tree/binary-tree/binary-tree-with-list/binary_tree.py,binary_tree.py,method,insertNode,3,A,1,12,17,4,,0,/home/juan/Documents/Analisis-CC-PyCEFR/data/processed/python-algorithms/radon_output_python-algorithms.json
python-algorithms,python-algorithms,/home/juan/Documents/Analisis-CC-PyCEFR/python-algorithms/data-structures/src/tree/binary-tree/binary-tree-with-list/binary_tree.py,binary_tree.py,method,preOrderTraversal,2,A,1,33,39,4,,0,/home/juan/Documents/Analisis-CC-PyCEFR/data/processed/python-algorithms/radon_output_python-algorithms.json
python-algorithms,python-algorithms,/home/juan/Documents/Analisis-CC-PyCEFR/python-algorithms/data-structures/src/tree/binary-tree/binary-tree-with-list/binary_tree.py,binary_tree.py,method,inOrderTraversal,2,A,1,44,50,4,,0,/home/juan/Documents/Analisis-CC-PyCEFR/data/processed/python-algorithms/radon_output_python-algorithms.json
python-algorithms,python-algorithms,/home/juan/Documents/Analisis-CC-PyCEFR/python-algorithms/data-structures/src/tree/binary-tree/binary-tree-with-list/binary_tree.py,binary_tree.py,method,postOrderTraversal,2,A,1,56,62,4,,0,/home/juan/Documents/Analisis-CC-PyCEFR/data/processed/python-algorithms/radon_output_python-algorithms.json
python-algorithms,python-algorithms,/home/juan/Documents/Analisis-CC-PyCEFR/python-algorithms/data-structures/src/tree/binary-tree/binary-tree-with-list/binary_tree.py,binary_tree.py,method,levelOrderTraversal,2,A,1,66,68,4,,0,/home/juan/Documents/Analisis-CC-PyCEFR/data/processed/python-algorithms/radon_output_python-algorithms.json
python-algorithms,python-algorithms,/home/juan/Documents/Analisis-CC-PyCEFR/python-algorithms/data-structures/src/tree/binary-tree/binary-tree-with-list/binary_tree.py,binary_tree.py,method,__init__,1,A,1,4,8,4,,0,/home/juan/Documents/Analisis-CC-PyCEFR/data/processed/python-algorithms/radon_output_python-algorithms.json
python-algorithms,python-algorithms,/home/juan/Documents/Analisis-CC-PyCEFR/python-algorithms/data-structures/src/tree/binary-tree/binary-tree-with-list/binary_tree.py,binary_tree.py,method,deleteBinaryTree,1,A,1,90,95,4,,0,/home/juan/Documents/Analisis-CC-PyCEFR/data/processed/python-algorithms/radon_output_python-algorithms.json
python-algorithms,python-algorithms,/home/juan/Documents/Analisis-CC-PyCEFR/python-algorithms/data-structures/src/tree/binary-tree/binary-tree-with-linkedlist/binary_tree.py,binary_tree.py,method,delete_deepest_node,8,B,2,127,157,4,,0,/home/juan/Documents/Analisis-CC-PyCEFR/data/processed/python-algorithms/radon_output_python-algorithms.json
python-algorithms,python-algorithms,/home/juan/Documents/Analisis-CC-PyCEFR/python-algorithms/data-structures/src/tree/binary-tree/binary-tree-with-linkedlist/binary_tree.py,binary_tree.py,method,delete_node,7,B,2,85,108,4,,0,/home/juan/Documents/Analisis-CC-PyCEFR/data/processed/python-algorithms/radon_output_python-algorithms.json
python-algorithms,python-algorithms,/home/juan/Documents/Analisis-CC-PyCEFR/python-algorithms/data-structures/src/tree/binary-tree/binary-tree-with-linkedlist/binary_tree.py,binary_tree.py,method,reverse_level_order_traversal,6,B,2,199,218,4,,0,/home/juan/Documents/Analisis-CC-PyCEFR/data/processed/python-algorithms/radon_output_python-algorithms.json
python-algorithms,python-algorithms,/home/juan/Documents/Analisis-CC-PyCEFR/python-algorithms/data-structures/src/tree/binary-tree/binary-tree-with-linkedlist/binary_tree.py,binary_tree.py,class,BinaryTree,5,A,1,58,259,0,,0,/home/juan/Documents/Analisis-CC-PyCEFR/data/processed/python-algorithms/radon_output_python-algorithms.json
python-algorithms,python-algorithms,/home/juan/Documents/Analisis-CC-PyCEFR/python-algorithms/data-structures/src/tree/binary-tree/binary-tree-with-linkedlist/binary_tree.py,binary_tree.py,method,insert,5,A,1,62,83,4,,0,/home/juan/Documents/Analisis-CC-PyCEFR/data/processed/python-algorithms/radon_output_python-algorithms.json
python-algorithms,python-algorithms,/home/juan/Documents/Analisis-CC-PyCEFR/python-algorithms/data-structures/src/tree/binary-tree/binary-tree-with-linkedlist/binary_tree.py,binary_tree.py,method,get_deepest_node,5,A,1,110,125,4,,0,/home/juan/Documents/Analisis-CC-PyCEFR/data/processed/python-algorithms/radon_output_python-algorithms.json
python-algorithms,python-algorithms,/home/juan/Documents/Analisis-CC-PyCEFR/python-algorithms/data-structures/src/tree/binary-tree/binary-tree-with-linkedlist/binary_tree.py,binary_tree.py,method,level_order_traversal,5,A,1,183,197,4,,0,/home/juan/Documents/Analisis-CC-PyCEFR/data/processed/python-algorithms/radon_output_python-algorithms.json
python-algorithms,python-algorithms,/home/juan/Documents/Analisis-CC-PyCEFR/python-algorithms/data-structures/src/tree/binary-tree/binary-tree-with-linkedlist/binary_tree.py,binary_tree.py,method,size_iter,5,A,1,238,259,4,,0,/home/juan/Documents/Analisis-CC-PyCEFR/data/processed/python-algorithms/radon_output_python-algorithms.json
python-algorithms,python-algorithms,/home/juan/Documents/Analisis-CC-PyCEFR/python-algorithms/data-structures/src/tree/binary-tree/binary-tree-with-linkedlist/binary_tree.py,binary_tree.py,class,Queue,2,A,1,1,26,0,,0,/home/juan/Documents/Analisis-CC-PyCEFR/data/processed/python-algorithms/radon_output_python-algorithms.json
python-algorithms,python-algorithms,/home/juan/Documents/Analisis-CC-PyCEFR/python-algorithms/data-structures/src/tree/binary-tree/binary-tree-with-linkedlist/binary_tree.py,binary_tree.py,method,enqueue,2,A,1,8,10,4,,0,/home/juan/Documents/Analisis-CC-PyCEFR/data/processed/python-algorithms/radon_output_python-algorithms.json
python-algorithms,python-algorithms,/home/juan/Documents/Analisis-CC-PyCEFR/python-algorithms/data-structures/src/tree/binary-tree/binary-tree-with-linkedlist/binary_tree.py,binary_tree.py,method,dequeue,2,A,1,12,14,4,,0,/home/juan/Documents/Analisis-CC-PyCEFR/data/processed/python-algorithms/radon_output_python-algorithms.json
python-algorithms,python-algorithms,/home/juan/Documents/Analisis-CC-PyCEFR/python-algorithms/data-structures/src/tree/binary-tree/binary-tree-with-linkedlist/binary_tree.py,binary_tree.py,method,front,2,A,1,16,18,4,,0,/home/juan/Documents/Analisis-CC-PyCEFR/data/processed/python-algorithms/radon_output_python-algorithms.json
python-algorithms,python-algorithms,/home/juan/Documents/Analisis-CC-PyCEFR/python-algorithms/data-structures/src/tree/binary-tree/binary-tree-with-linkedlist/binary_tree.py,binary_tree.py,method,rear,2,A,1,20,22,4,,0,/home/juan/Documents/Analisis-CC-PyCEFR/data/processed/python-algorithms/radon_output_python-algorithms.json
python-algorithms,python-algorithms,/home/juan/Documents/Analisis-CC-PyCEFR/python-algorithms/data-structures/src/tree/binary-tree/binary-tree-with-linkedlist/binary_tree.py,binary_tree.py,method,size,2,A,1,24,26,4,,0,/home/juan/Documents/Analisis-CC-PyCEFR/data/processed/python-algorithms/radon_output_python-algorithms.json
python-algorithms,python-algorithms,/home/juan/Documents/Analisis-CC-PyCEFR/python-algorithms/data-structures/src/tree/binary-tree/binary-tree-with-linkedlist/binary_tree.py,binary_tree.py,class,Stack,2,A,1,28,49,0,,0,/home/juan/Documents/Analisis-CC-PyCEFR/data/processed/python-algorithms/radon_output_python-algorithms.json
python-algorithms,python-algorithms,/home/juan/Documents/Analisis-CC-PyCEFR/python-algorithms/data-structures/src/tree/binary-tree/binary-tree-with-linkedlist/binary_tree.py,binary_tree.py,method,push,2,A,1,35,37,4,,0,/home/juan/Documents/Analisis-CC-PyCEFR/data/processed/python-algorithms/radon_output_python-algorithms.json
python-algorithms,python-algorithms,/home/juan/Documents/Analisis-CC-PyCEFR/python-algorithms/data-structures/src/tree/binary-tree/binary-tree-with-linkedlist/binary_tree.py,binary_tree.py,method,peek,2,A,1,39,41,4,,0,/home/juan/Documents/Analisis-CC-PyCEFR/data/processed/python-algorithms/radon_output_python-algorithms.json
python-algorithms,python-algorithms,/home/juan/Documents/Analisis-CC-PyCEFR/python-algorithms/data-structures/src/tree/binary-tree/binary-tree-with-linkedlist/binary_tree.py,binary_tree.py,method,pop,2,A,1,43,45,4,,0,/home/juan/Documents/Analisis-CC-PyCEFR/data/processed/python-algorithms/radon_output_python-algorithms.json
python-algorithms,python-algorithms,/home/juan/Documents/Analisis-CC-PyCEFR/python-algorithms/data-structures/src/tree/binary-tree/binary-tree-with-linkedlist/binary_tree.py,binary_tree.py,method,size,2,A,1,47,49,4,,0,/home/juan/Documents/Analisis-CC-PyCEFR/data/processed/python-algorithms/radon_output_python-algorithms.json
python-algorithms,python-algorithms,/home/juan/Documents/Analisis-CC-PyCEFR/python-algorithms/data-structures/src/tree/binary-tree/binary-tree-with-linkedlist/binary_tree.py,binary_tree.py,class,Node,2,A,1,51,55,0,,0,/home/juan/Documents/Analisis-CC-PyCEFR/data/processed/python-algorithms/radon_output_python-algorithms.json
python-algorithms,python-algorithms,/home/juan/Documents/Analisis-CC-PyCEFR/python-algorithms/data-structures/src/tree/binary-tree/binary-tree-with-linkedlist/binary_tree.py,binary_tree.py,method,pre_order_traversal,2,A,1,159,165,4,,0,/home/juan/Documents/Analisis-CC-PyCEFR/data/processed/python-algorithms/radon_output_python-algorithms.json
python-algorithms,python-algorithms,/home/juan/Documents/Analisis-CC-PyCEFR/python-algorithms/data-structures/src/tree/binary-tree/binary-tree-with-linkedlist/binary_tree.py,binary_tree.py,method,inorder_traversal,2,A,1,167,173,4,,0,/home/juan/Documents/Analisis-CC-PyCEFR/data/processed/python-algorithms/radon_output_python-algorithms.json
python-algorithms,python-algorithms,/home/juan/Documents/Analisis-CC-PyCEFR/python-algorithms/data-structures/src/tree/binary-tree/binary-tree-with-linkedlist/binary_tree.py,binary_tree.py,method,post_order_traversal,2,A,1,175,181,4,,0,/home/juan/Documents/Analisis-CC-PyCEFR/data/processed/python-algorithms/radon_output_python-algorithms.json
python-algorithms,python-algorithms,/home/juan/Documents/Analisis-CC-PyCEFR/python-algorithms/data-structures/src/tree/binary-tree/binary-tree-with-linkedlist/binary_tree.py,binary_tree.py,method,height,2,A,1,220,227,4,,0,/home/juan/Documents/Analisis-CC-PyCEFR/data/processed/python-algorithms/radon_output_python-algorithms.json
python-algorithms,python-algorithms,/home/juan/Documents/Analisis-CC-PyCEFR/python-algorithms/data-structures/src/tree/binary-tree/binary-tree-with-linkedlist/binary_tree.py,binary_tree.py,method,size_recursive,2,A,1,229,236,4,,0,/home/juan/Documents/Analisis-CC-PyCEFR/data/processed/python-algorithms/radon_output_python-algorithms.json
python-algorithms,python-algorithms,/home/juan/Documents/Analisis-CC-PyCEFR/python-algorithms/data-structures/src/tree/binary-tree/binary-tree-with-linkedlist/binary_tree.py,binary_tree.py,method,__init__,1,A,1,2,3,4,,0,/home/juan/Documents/Analisis-CC-PyCEFR/data/processed/python-algorithms/radon_output_python-algorithms.json
python-algorithms,python-algorithms,/home/juan/Documents/Analisis-CC-PyCEFR/python-algorithms/data-structures/src/tree/binary-tree/binary-tree-with-linkedlist/binary_tree.py,binary_tree.py,method,is_empty,1,A,1,5,6,4,,0,/home/juan/Documents/Analisis-CC-PyCEFR/data/processed/python-algorithms/radon_output_python-algorithms.json
python-algorithms,python-algorithms,/home/juan/Documents/Analisis-CC-PyCEFR/python-algorithms/data-structures/src/tree/binary-tree/binary-tree-with-linkedlist/binary_tree.py,binary_tree.py,method,__init__,1,A,1,29,30,4,,0,/home/juan/Documents/Analisis-CC-PyCEFR/data/processed/python-algorithms/radon_output_python-algorithms.json
python-algorithms,python-algorithms,/home/juan/Documents/Analisis-CC-PyCEFR/python-algorithms/data-structures/src/tree/binary-tree/binary-tree-with-linkedlist/binary_tree.py,binary_tree.py,method,is_empty,1,A,1,32,33,4,,0,/home/juan/Documents/Analisis-CC-PyCEFR/data/processed/python-algorithms/radon_output_python-algorithms.json
python-algorithms,python-algorithms,/home/juan/Documents/Analisis-CC-PyCEFR/python-algorithms/data-structures/src/tree/binary-tree/binary-tree-with-linkedlist/binary_tree.py,binary_tree.py,method,__init__,1,A,1,52,55,4,,0,/home/juan/Documents/Analisis-CC-PyCEFR/data/processed/python-algorithms/radon_output_python-algorithms.json
python-algorithms,python-algorithms,/home/juan/Documents/Analisis-CC-PyCEFR/python-algorithms/data-structures/src/tree/binary-tree/binary-tree-with-linkedlist/binary_tree.py,binary_tree.py,method,__init__,1,A,1,59,60,4,,0,/home/juan/Documents/Analisis-CC-PyCEFR/data/processed/python-algorithms/radon_output_python-algorithms.json
python-algorithms,python-algorithms,/home/juan/Documents/Analisis-CC-PyCEFR/python-algorithms/data-structures/src/tree/binary-tree/binary-tree-with-linkedlist/queue.py,queue.py,class,LinkedList,3,A,1,12,25,0,,0,/home/juan/Documents/Analisis-CC-PyCEFR/data/processed/python-algorithms/radon_output_python-algorithms.json
python-algorithms,python-algorithms,/home/juan/Documents/Analisis-CC-PyCEFR/python-algorithms/data-structures/src/tree/binary-tree/binary-tree-with-linkedlist/queue.py,queue.py,method,__iter__,3,A,1,18,25,4,,0,/home/juan/Documents/Analisis-CC-PyCEFR/data/processed/python-algorithms/radon_output_python-algorithms.json
python-algorithms,python-algorithms,/home/juan/Documents/Analisis-CC-PyCEFR/python-algorithms/data-structures/src/tree/binary-tree/binary-tree-with-linkedlist/queue.py,queue.py,class,Queue,3,A,1,27,72,0,,0,/home/juan/Documents/Analisis-CC-PyCEFR/data/processed/python-algorithms/radon_output_python-algorithms.json
python-algorithms,python-algorithms,/home/juan/Documents/Analisis-CC-PyCEFR/python-algorithms/data-structures/src/tree/binary-tree/binary-tree-with-linkedlist/queue.py,queue.py,method,dequeue,3,A,1,45,55,4,,0,/home/juan/Documents/Analisis-CC-PyCEFR/data/processed/python-algorithms/radon_output_python-algorithms.json
python-algorithms,python-algorithms,/home/juan/Documents/Analisis-CC-PyCEFR/python-algorithms/data-structures/src/tree/binary-tree/binary-tree-with-linkedlist/queue.py,queue.py,class,Node,2,A,1,3,10,0,,0,/home/juan/Documents/Analisis-CC-PyCEFR/data/processed/python-algorithms/radon_output_python-algorithms.json
python-algorithms,python-algorithms,/home/juan/Documents/Analisis-CC-PyCEFR/python-algorithms/data-structures/src/tree/binary-tree/binary-tree-with-linkedlist/queue.py,queue.py,method,__str__,2,A,1,32,34,4,,0,/home/juan/Documents/Analisis-CC-PyCEFR/data/processed/python-algorithms/radon_output_python-algorithms.json
python-algorithms,python-algorithms,/home/juan/Documents/Analisis-CC-PyCEFR/python-algorithms/data-structures/src/tree/binary-tree/binary-tree-with-linkedlist/queue.py,queue.py,method,enqueue,2,A,1,36,43,4,,0,/home/juan/Documents/Analisis-CC-PyCEFR/data/processed/python-algorithms/radon_output_python-algorithms.json
python-algorithms,python-algorithms,/home/juan/Documents/Analisis-CC-PyCEFR/python-algorithms/data-structures/src/tree/binary-tree/binary-tree-with-linkedlist/queue.py,queue.py,method,peek,2,A,1,58,62,4,,0,/home/juan/Documents/Analisis-CC-PyCEFR/data/processed/python-algorithms/radon_output_python-algorithms.json
python-algorithms,python-algorithms,/home/juan/Documents/Analisis-CC-PyCEFR/python-algorithms/data-structures/src/tree/binary-tree/binary-tree-with-linkedlist/queue.py,queue.py,method,isEmpty,2,A,1,65,69,4,,0,/home/juan/Documents/Analisis-CC-PyCEFR/data/processed/python-algorithms/radon_output_python-algorithms.json
python-algorithms,python-algorithms,/home/juan/Documents/Analisis-CC-PyCEFR/python-algorithms/data-structures/src/tree/binary-tree/binary-tree-with-linkedlist/queue.py,queue.py,method,__init__,1,A,1,4,7,4,,0,/home/juan/Documents/Analisis-CC-PyCEFR/data/processed/python-algorithms/radon_output_python-algorithms.json
python-algorithms,python-algorithms,/home/juan/Documents/Analisis-CC-PyCEFR/python-algorithms/data-structures/src/tree/binary-tree/binary-tree-with-linkedlist/queue.py,queue.py,method,__str__,1,A,1,9,10,4,,0,/home/juan/Documents/Analisis-CC-PyCEFR/data/processed/python-algorithms/radon_output_python-algorithms.json
python-algorithms,python-algorithms,/home/juan/Documents/Analisis-CC-PyCEFR/python-algorithms/data-structures/src/tree/binary-tree/binary-tree-with-linkedlist/queue.py,queue.py,method,__init__,1,A,1,13,16,4,,0,/home/juan/Documents/Analisis-CC-PyCEFR/data/processed/python-algorithms/radon_output_python-algorithms.json
python-algorithms,python-algorithms,/home/juan/Documents/Analisis-CC-PyCEFR/python-algorithms/data-structures/src/tree/binary-tree/binary-tree-with-linkedlist/queue.py,queue.py,method,__init__,1,A,1,28,30,4,,0,/home/juan/Documents/Analisis-CC-PyCEFR/data/processed/python-algorithms/radon_output_python-algorithms.json
python-algorithms,python-algorithms,/home/juan/Documents/Analisis-CC-PyCEFR/python-algorithms/data-structures/src/tree/binary-tree/binary-tree-with-linkedlist/queue.py,queue.py,method,delete,1,A,1,71,72,4,,0,/home/juan/Documents/Analisis-CC-PyCEFR/data/processed/python-algorithms/radon_output_python-algorithms.json
python-algorithms,python-algorithms,/home/juan/Documents/Analisis-CC-PyCEFR/python-algorithms/data-structures/src/heap/binary_heap.py,binary_heap.py,method,heapifyExtract,11,C,3,70,101,4,,0,/home/juan/Documents/Analisis-CC-PyCEFR/data/processed/python-algorithms/radon_output_python-algorithms.json
python-algorithms,python-algorithms,/home/juan/Documents/Analisis-CC-PyCEFR/python-algorithms/data-structures/src/heap/binary_heap.py,binary_heap.py,method,heapifyInsert,5,A,1,47,59,4,,0,/home/juan/Documents/Analisis-CC-PyCEFR/data/processed/python-algorithms/radon_output_python-algorithms.json
python-algorithms,python-algorithms,/home/juan/Documents/Analisis-CC-PyCEFR/python-algorithms/data-structures/src/heap/binary_heap.py,binary_heap.py,class,Heap,4,A,1,4,122,0,,0,/home/juan/Documents/Analisis-CC-PyCEFR/data/processed/python-algorithms/radon_output_python-algorithms.json
python-algorithms,python-algorithms,/home/juan/Documents/Analisis-CC-PyCEFR/python-algorithms/data-structures/src/heap/binary_heap.py,binary_heap.py,method,levelOrderTraversal,3,A,1,35,40,4,,0,/home/juan/Documents/Analisis-CC-PyCEFR/data/processed/python-algorithms/radon_output_python-algorithms.json
python-algorithms,python-algorithms,/home/juan/Documents/Analisis-CC-PyCEFR/python-algorithms/data-structures/src/heap/binary_heap.py,binary_heap.py,method,peek,2,A,1,18,22,4,,0,/home/juan/Documents/Analisis-CC-PyCEFR/data/processed/python-algorithms/radon_output_python-algorithms.json
python-algorithms,python-algorithms,/home/juan/Documents/Analisis-CC-PyCEFR/python-algorithms/data-structures/src/heap/binary_heap.py,binary_heap.py,method,size,2,A,1,26,31,4,,0,/home/juan/Documents/Analisis-CC-PyCEFR/data/processed/python-algorithms/radon_output_python-algorithms.json
python-algorithms,python-algorithms,/home/juan/Documents/Analisis-CC-PyCEFR/python-algorithms/data-structures/src/heap/binary_heap.py,binary_heap.py,method,insertNode,2,A,1,62,68,4,,0,/home/juan/Documents/Analisis-CC-PyCEFR/data/processed/python-algorithms/radon_output_python-algorithms.json
python-algorithms,python-algorithms,/home/juan/Documents/Analisis-CC-PyCEFR/python-algorithms/data-structures/src/heap/binary_heap.py,binary_heap.py,method,extractNode,2,A,1,104,119,4,,0,/home/juan/Documents/Analisis-CC-PyCEFR/data/processed/python-algorithms/radon_output_python-algorithms.json
python-algorithms,python-algorithms,/home/juan/Documents/Analisis-CC-PyCEFR/python-algorithms/data-structures/src/heap/binary_heap.py,binary_heap.py,method,__init__,1,A,1,9,14,4,,0,/home/juan/Documents/Analisis-CC-PyCEFR/data/processed/python-algorithms/radon_output_python-algorithms.json
python-algorithms,python-algorithms,/home/juan/Documents/Analisis-CC-PyCEFR/python-algorithms/data-structures/src/heap/binary_heap.py,binary_heap.py,method,swap,1,A,1,42,45,4,,0,/home/juan/Documents/Analisis-CC-PyCEFR/data/processed/python-algorithms/radon_output_python-algorithms.json
python-algorithms,python-algorithms,/home/juan/Documents/Analisis-CC-PyCEFR/python-algorithms/data-structures/src/heap/binary_heap.py,binary_heap.py,method,deleteEntireBP,1,A,1,121,122,4,,0,/home/juan/Documents/Analisis-CC-PyCEFR/data/processed/python-algorithms/radon_output_python-algorithms.json
python-algorithms,python-algorithms,/home/juan/Documents/Analisis-CC-PyCEFR/python-algorithms/data-structures/src/circular-doubly-linked-list/circular_doubly_linked_list.py,circular_doubly_linked_list.py,method,delete,7,B,2,149,177,4,,0,/home/juan/Documents/Analisis-CC-PyCEFR/data/processed/python-algorithms/radon_output_python-algorithms.json
python-algorithms,python-algorithms,/home/juan/Documents/Analisis-CC-PyCEFR/python-algorithms/data-structures/src/circular-doubly-linked-list/circular_doubly_linked_list.py,circular_doubly_linked_list.py,method,search,6,B,2,110,130,4,,0,/home/juan/Documents/Analisis-CC-PyCEFR/data/processed/python-algorithms/radon_output_python-algorithms.json
python-algorithms,python-algorithms,/home/juan/Documents/Analisis-CC-PyCEFR/python-algorithms/data-structures/src/circular-doubly-linked-list/circular_doubly_linked_list.py,circular_doubly_linked_list.py,class,CircularDoublyLinkedList,4,A,1,26,182,0,,0,/home/juan/Documents/Analisis-CC-PyCEFR/data/processed/python-algorithms/radon_output_python-algorithms.json
python-algorithms,python-algorithms,/home/juan/Documents/Analisis-CC-PyCEFR/python-algorithms/data-structures/src/circular-doubly-linked-list/circular_doubly_linked_list.py,circular_doubly_linked_list.py,method,size,4,A,1,133,147,4,,0,/home/juan/Documents/Analisis-CC-PyCEFR/data/processed/python-algorithms/radon_output_python-algorithms.json
python-algorithms,python-algorithms,/home/juan/Documents/Analisis-CC-PyCEFR/python-algorithms/data-structures/src/circular-doubly-linked-list/circular_doubly_linked_list.py,circular_doubly_linked_list.py,method,__iter__,3,A,1,32,39,4,,0,/home/juan/Documents/Analisis-CC-PyCEFR/data/processed/python-algorithms/radon_output_python-algorithms.json
python-algorithms,python-algorithms,/home/juan/Documents/Analisis-CC-PyCEFR/python-algorithms/data-structures/src/circular-doubly-linked-list/circular_doubly_linked_list.py,circular_doubly_linked_list.py,class,Node,2,A,1,1,21,0,,0,/home/juan/Documents/Analisis-CC-PyCEFR/data/processed/python-algorithms/radon_output_python-algorithms.json
python-algorithms,python-algorithms,/home/juan/Documents/Analisis-CC-PyCEFR/python-algorithms/data-structures/src/circular-doubly-linked-list/circular_doubly_linked_list.py,circular_doubly_linked_list.py,method,insertAfter,2,A,1,42,56,4,,0,/home/juan/Documents/Analisis-CC-PyCEFR/data/processed/python-algorithms/radon_output_python-algorithms.json
python-algorithms,python-algorithms,/home/juan/Documents/Analisis-CC-PyCEFR/python-algorithms/data-structures/src/circular-doubly-linked-list/circular_doubly_linked_list.py,circular_doubly_linked_list.py,method,push,2,A,1,59,80,4,,0,/home/juan/Documents/Analisis-CC-PyCEFR/data/processed/python-algorithms/radon_output_python-algorithms.json
python-algorithms,python-algorithms,/home/juan/Documents/Analisis-CC-PyCEFR/python-algorithms/data-structures/src/circular-doubly-linked-list/circular_doubly_linked_list.py,circular_doubly_linked_list.py,method,append,2,A,1,83,107,4,,0,/home/juan/Documents/Analisis-CC-PyCEFR/data/processed/python-algorithms/radon_output_python-algorithms.json
python-algorithms,python-algorithms,/home/juan/Documents/Analisis-CC-PyCEFR/python-algorithms/data-structures/src/circular-doubly-linked-list/circular_doubly_linked_list.py,circular_doubly_linked_list.py,method,deleteLinkedList,2,A,1,180,182,4,,0,/home/juan/Documents/Analisis-CC-PyCEFR/data/processed/python-algorithms/radon_output_python-algorithms.json
python-algorithms,python-algorithms,/home/juan/Documents/Analisis-CC-PyCEFR/python-algorithms/data-structures/src/circular-doubly-linked-list/circular_doubly_linked_list.py,circular_doubly_linked_list.py,method,__init__,1,A,1,2,6,4,,0,/home/juan/Documents/Analisis-CC-PyCEFR/data/processed/python-algorithms/radon_output_python-algorithms.json
python-algorithms,python-algorithms,/home/juan/Documents/Analisis-CC-PyCEFR/python-algorithms/data-structures/src/circular-doubly-linked-list/circular_doubly_linked_list.py,circular_doubly_linked_list.py,method,getNext,1,A,1,8,9,4,,0,/home/juan/Documents/Analisis-CC-PyCEFR/data/processed/python-algorithms/radon_output_python-algorithms.json
python-algorithms,python-algorithms,/home/juan/Documents/Analisis-CC-PyCEFR/python-algorithms/data-structures/src/circular-doubly-linked-list/circular_doubly_linked_list.py,circular_doubly_linked_list.py,method,getPrev,1,A,1,11,12,4,,0,/home/juan/Documents/Analisis-CC-PyCEFR/data/processed/python-algorithms/radon_output_python-algorithms.json
python-algorithms,python-algorithms,/home/juan/Documents/Analisis-CC-PyCEFR/python-algorithms/data-structures/src/circular-doubly-linked-list/circular_doubly_linked_list.py,circular_doubly_linked_list.py,method,getData,1,A,1,14,15,4,,0,/home/juan/Documents/Analisis-CC-PyCEFR/data/processed/python-algorithms/radon_output_python-algorithms.json
python-algorithms,python-algorithms,/home/juan/Documents/Analisis-CC-PyCEFR/python-algorithms/data-structures/src/circular-doubly-linked-list/circular_doubly_linked_list.py,circular_doubly_linked_list.py,method,setNext,1,A,1,17,18,4,,0,/home/juan/Documents/Analisis-CC-PyCEFR/data/processed/python-algorithms/radon_output_python-algorithms.json
python-algorithms,python-algorithms,/home/juan/Documents/Analisis-CC-PyCEFR/python-algorithms/data-structures/src/circular-doubly-linked-list/circular_doubly_linked_list.py,circular_doubly_linked_list.py,method,setPrev,1,A,1,20,21,4,,0,/home/juan/Documents/Analisis-CC-PyCEFR/data/processed/python-algorithms/radon_output_python-algorithms.json
python-algorithms,python-algorithms,/home/juan/Documents/Analisis-CC-PyCEFR/python-algorithms/data-structures/src/circular-doubly-linked-list/circular_doubly_linked_list.py,circular_doubly_linked_list.py,method,__init__,1,A,1,28,30,4,,0,/home/juan/Documents/Analisis-CC-PyCEFR/data/processed/python-algorithms/radon_output_python-algorithms.json
python-algorithms,python-algorithms,/home/juan/Documents/Analisis-CC-PyCEFR/python-algorithms/data-structures/src/circular-linked-list/circular_linked_list.py,circular_linked_list.py,method,delete,7,B,2,117,149,4,,0,/home/juan/Documents/Analisis-CC-PyCEFR/data/processed/python-algorithms/radon_output_python-algorithms.json
python-algorithms,python-algorithms,/home/juan/Documents/Analisis-CC-PyCEFR/python-algorithms/data-structures/src/circular-linked-list/circular_linked_list.py,circular_linked_list.py,method,search,5,A,1,102,115,4,,0,/home/juan/Documents/Analisis-CC-PyCEFR/data/processed/python-algorithms/radon_output_python-algorithms.json
python-algorithms,python-algorithms,/home/juan/Documents/Analisis-CC-PyCEFR/python-algorithms/data-structures/src/circular-linked-list/circular_linked_list.py,circular_linked_list.py,class,CircularLinkedList,4,A,1,16,155,0,,0,/home/juan/Documents/Analisis-CC-PyCEFR/data/processed/python-algorithms/radon_output_python-algorithms.json
python-algorithms,python-algorithms,/home/juan/Documents/Analisis-CC-PyCEFR/python-algorithms/data-structures/src/circular-linked-list/circular_linked_list.py,circular_linked_list.py,method,append,4,A,1,63,77,4,,0,/home/juan/Documents/Analisis-CC-PyCEFR/data/processed/python-algorithms/radon_output_python-algorithms.json
python-algorithms,python-algorithms,/home/juan/Documents/Analisis-CC-PyCEFR/python-algorithms/data-structures/src/circular-linked-list/circular_linked_list.py,circular_linked_list.py,method,__iter__,3,A,1,21,27,4,,0,/home/juan/Documents/Analisis-CC-PyCEFR/data/processed/python-algorithms/radon_output_python-algorithms.json
python-algorithms,python-algorithms,/home/juan/Documents/Analisis-CC-PyCEFR/python-algorithms/data-structures/src/circular-linked-list/circular_linked_list.py,circular_linked_list.py,method,printCLList,3,A,1,30,36,4,,0,/home/juan/Documents/Analisis-CC-PyCEFR/data/processed/python-algorithms/radon_output_python-algorithms.json
python-algorithms,python-algorithms,/home/juan/Documents/Analisis-CC-PyCEFR/python-algorithms/data-structures/src/circular-linked-list/circular_linked_list.py,circular_linked_list.py,method,push,3,A,1,41,61,4,,0,/home/juan/Documents/Analisis-CC-PyCEFR/data/processed/python-algorithms/radon_output_python-algorithms.json
python-algorithms,python-algorithms,/home/juan/Documents/Analisis-CC-PyCEFR/python-algorithms/data-structures/src/circular-linked-list/circular_linked_list.py,circular_linked_list.py,method,size,3,A,1,89,100,4,,0,/home/juan/Documents/Analisis-CC-PyCEFR/data/processed/python-algorithms/radon_output_python-algorithms.json
python-algorithms,python-algorithms,/home/juan/Documents/Analisis-CC-PyCEFR/python-algorithms/data-structures/src/circular-linked-list/circular_linked_list.py,circular_linked_list.py,class,Node,2,A,1,1,14,0,,0,/home/juan/Documents/Analisis-CC-PyCEFR/data/processed/python-algorithms/radon_output_python-algorithms.json
python-algorithms,python-algorithms,/home/juan/Documents/Analisis-CC-PyCEFR/python-algorithms/data-structures/src/circular-linked-list/circular_linked_list.py,circular_linked_list.py,method,insertAfter,2,A,1,80,87,4,,0,/home/juan/Documents/Analisis-CC-PyCEFR/data/processed/python-algorithms/radon_output_python-algorithms.json
python-algorithms,python-algorithms,/home/juan/Documents/Analisis-CC-PyCEFR/python-algorithms/data-structures/src/circular-linked-list/circular_linked_list.py,circular_linked_list.py,method,deleteLinkedList,2,A,1,151,155,4,,0,/home/juan/Documents/Analisis-CC-PyCEFR/data/processed/python-algorithms/radon_output_python-algorithms.json
python-algorithms,python-algorithms,/home/juan/Documents/Analisis-CC-PyCEFR/python-algorithms/data-structures/src/circular-linked-list/circular_linked_list.py,circular_linked_list.py,method,__init__,1,A,1,2,5,4,,0,/home/juan/Documents/Analisis-CC-PyCEFR/data/processed/python-algorithms/radon_output_python-algorithms.json
python-algorithms,python-algorithms,/home/juan/Documents/Analisis-CC-PyCEFR/python-algorithms/data-structures/src/circular-linked-list/circular_linked_list.py,circular_linked_list.py,method,getData,1,A,1,7,8,4,,0,/home/juan/Documents/Analisis-CC-PyCEFR/data/processed/python-algorithms/radon_output_python-algorithms.json
python-algorithms,python-algorithms,/home/juan/Documents/Analisis-CC-PyCEFR/python-algorithms/data-structures/src/circular-linked-list/circular_linked_list.py,circular_linked_list.py,method,getNext,1,A,1,10,11,4,,0,/home/juan/Documents/Analisis-CC-PyCEFR/data/processed/python-algorithms/radon_output_python-algorithms.json
python-algorithms,python-algorithms,/home/juan/Documents/Analisis-CC-PyCEFR/python-algorithms/data-structures/src/circular-linked-list/circular_linked_list.py,circular_linked_list.py,method,setNext,1,A,1,13,14,4,,0,/home/juan/Documents/Analisis-CC-PyCEFR/data/processed/python-algorithms/radon_output_python-algorithms.json
python-algorithms,python-algorithms,/home/juan/Documents/Analisis-CC-PyCEFR/python-algorithms/data-structures/src/circular-linked-list/circular_linked_list.py,circular_linked_list.py,method,__init__,1,A,1,17,19,4,,0,/home/juan/Documents/Analisis-CC-PyCEFR/data/processed/python-algorithms/radon_output_python-algorithms.json
python-algorithms,python-algorithms,/home/juan/Documents/Analisis-CC-PyCEFR/python-algorithms/data-structures/src/graph/graph.py,graph.py,method,bfs,5,A,1,10,23,4,,0,/home/juan/Documents/Analisis-CC-PyCEFR/data/processed/python-algorithms/radon_output_python-algorithms.json
python-algorithms,python-algorithms,/home/juan/Documents/Analisis-CC-PyCEFR/python-algorithms/data-structures/src/graph/graph.py,graph.py,class,Graph,3,A,1,2,38,0,,0,/home/juan/Documents/Analisis-CC-PyCEFR/data/processed/python-algorithms/radon_output_python-algorithms.json
python-algorithms,python-algorithms,/home/juan/Documents/Analisis-CC-PyCEFR/python-algorithms/data-structures/src/graph/graph.py,graph.py,method,__init__,2,A,1,3,4,4,,0,/home/juan/Documents/Analisis-CC-PyCEFR/data/processed/python-algorithms/radon_output_python-algorithms.json
python-algorithms,python-algorithms,/home/juan/Documents/Analisis-CC-PyCEFR/python-algorithms/data-structures/src/graph/graph.py,graph.py,method,dfs,2,A,1,26,38,4,,0,/home/juan/Documents/Analisis-CC-PyCEFR/data/processed/python-algorithms/radon_output_python-algorithms.json
python-algorithms,python-algorithms,/home/juan/Documents/Analisis-CC-PyCEFR/python-algorithms/data-structures/src/graph/graph.py,graph.py,function,dfs_helper,3,A,1,28,34,8,dfs,1,/home/juan/Documents/Analisis-CC-PyCEFR/data/processed/python-algorithms/radon_output_python-algorithms.json
python-algorithms,python-algorithms,/home/juan/Documents/Analisis-CC-PyCEFR/python-algorithms/data-structures/src/graph/graph.py,graph.py,method,add,1,A,1,7,8,4,,0,/home/juan/Documents/Analisis-CC-PyCEFR/data/processed/python-algorithms/radon_output_python-algorithms.json
python-algorithms,python-algorithms,/home/juan/Documents/Analisis-CC-PyCEFR/python-algorithms/data-structures/src/disjoint-sets/disjoint_set.py,disjoint_set.py,class,DisjointSet,4,A,1,6,44,0,,0,/home/juan/Documents/Analisis-CC-PyCEFR/data/processed/python-algorithms/radon_output_python-algorithms.json
python-algorithms,python-algorithms,/home/juan/Documents/Analisis-CC-PyCEFR/python-algorithms/data-structures/src/disjoint-sets/disjoint_set.py,disjoint_set.py,method,union_by_rank,4,A,1,23,33,4,,0,/home/juan/Documents/Analisis-CC-PyCEFR/data/processed/python-algorithms/radon_output_python-algorithms.json
python-algorithms,python-algorithms,/home/juan/Documents/Analisis-CC-PyCEFR/python-algorithms/data-structures/src/disjoint-sets/disjoint_set.py,disjoint_set.py,method,union_by_size,3,A,1,35,44,4,,0,/home/juan/Documents/Analisis-CC-PyCEFR/data/processed/python-algorithms/radon_output_python-algorithms.json
python-algorithms,python-algorithms,/home/juan/Documents/Analisis-CC-PyCEFR/python-algorithms/data-structures/src/disjoint-sets/disjoint_set.py,disjoint_set.py,method,__init__,2,A,1,7,12,4,,0,/home/juan/Documents/Analisis-CC-PyCEFR/data/processed/python-algorithms/radon_output_python-algorithms.json
python-algorithms,python-algorithms,/home/juan/Documents/Analisis-CC-PyCEFR/python-algorithms/data-structures/src/disjoint-sets/disjoint_set.py,disjoint_set.py,method,find_parent,2,A,1,14,19,4,,0,/home/juan/Documents/Analisis-CC-PyCEFR/data/processed/python-algorithms/radon_output_python-algorithms.json
python-algorithms,python-algorithms,/home/juan/Documents/Analisis-CC-PyCEFR/python-algorithms/data-structures/src/stack/stack_with_list.py,stack_with_list.py,class,Stack,2,A,1,3,29,0,,0,/home/juan/Documents/Analisis-CC-PyCEFR/data/processed/python-algorithms/radon_output_python-algorithms.json
python-algorithms,python-algorithms,/home/juan/Documents/Analisis-CC-PyCEFR/python-algorithms/data-structures/src/stack/stack_with_list.py,stack_with_list.py,method,__str__,2,A,1,8,11,4,,0,/home/juan/Documents/Analisis-CC-PyCEFR/data/processed/python-algorithms/radon_output_python-algorithms.json
python-algorithms,python-algorithms,/home/juan/Documents/Analisis-CC-PyCEFR/python-algorithms/data-structures/src/stack/stack_with_list.py,stack_with_list.py,method,pop,2,A,1,16,18,4,,0,/home/juan/Documents/Analisis-CC-PyCEFR/data/processed/python-algorithms/radon_output_python-algorithms.json
python-algorithms,python-algorithms,/home/juan/Documents/Analisis-CC-PyCEFR/python-algorithms/data-structures/src/stack/stack_with_list.py,stack_with_list.py,method,peek,2,A,1,20,22,4,,0,/home/juan/Documents/Analisis-CC-PyCEFR/data/processed/python-algorithms/radon_output_python-algorithms.json
python-algorithms,python-algorithms,/home/juan/Documents/Analisis-CC-PyCEFR/python-algorithms/data-structures/src/stack/stack_with_list.py,stack_with_list.py,method,__init__,1,A,1,4,6,4,,0,/home/juan/Documents/Analisis-CC-PyCEFR/data/processed/python-algorithms/radon_output_python-algorithms.json
python-algorithms,python-algorithms,/home/juan/Documents/Analisis-CC-PyCEFR/python-algorithms/data-structures/src/stack/stack_with_list.py,stack_with_list.py,method,push,1,A,1,13,14,4,,0,/home/juan/Documents/Analisis-CC-PyCEFR/data/processed/python-algorithms/radon_output_python-algorithms.json
python-algorithms,python-algorithms,/home/juan/Documents/Analisis-CC-PyCEFR/python-algorithms/data-structures/src/stack/stack_with_list.py,stack_with_list.py,method,isEmpty,1,A,1,25,26,4,,0,/home/juan/Documents/Analisis-CC-PyCEFR/data/processed/python-algorithms/radon_output_python-algorithms.json
python-algorithms,python-algorithms,/home/juan/Documents/Analisis-CC-PyCEFR/python-algorithms/data-structures/src/stack/stack_with_list.py,stack_with_list.py,method,delete,1,A,1,28,29,4,,0,/home/juan/Documents/Analisis-CC-PyCEFR/data/processed/python-algorithms/radon_output_python-algorithms.json
python-algorithms,python-algorithms,/home/juan/Documents/Analisis-CC-PyCEFR/python-algorithms/data-structures/src/stack/stack_with_linkedlist.py,stack_with_linkedlist.py,class,LinkedList,3,A,1,17,30,0,,0,/home/juan/Documents/Analisis-CC-PyCEFR/data/processed/python-algorithms/radon_output_python-algorithms.json
python-algorithms,python-algorithms,/home/juan/Documents/Analisis-CC-PyCEFR/python-algorithms/data-structures/src/stack/stack_with_linkedlist.py,stack_with_linkedlist.py,method,__iter__,3,A,1,23,30,4,,0,/home/juan/Documents/Analisis-CC-PyCEFR/data/processed/python-algorithms/radon_output_python-algorithms.json
python-algorithms,python-algorithms,/home/juan/Documents/Analisis-CC-PyCEFR/python-algorithms/data-structures/src/stack/stack_with_linkedlist.py,stack_with_linkedlist.py,class,Node,2,A,1,2,13,0,,0,/home/juan/Documents/Analisis-CC-PyCEFR/data/processed/python-algorithms/radon_output_python-algorithms.json
python-algorithms,python-algorithms,/home/juan/Documents/Analisis-CC-PyCEFR/python-algorithms/data-structures/src/stack/stack_with_linkedlist.py,stack_with_linkedlist.py,class,Stack,2,A,1,33,69,0,,0,/home/juan/Documents/Analisis-CC-PyCEFR/data/processed/python-algorithms/radon_output_python-algorithms.json
python-algorithms,python-algorithms,/home/juan/Documents/Analisis-CC-PyCEFR/python-algorithms/data-structures/src/stack/stack_with_linkedlist.py,stack_with_linkedlist.py,method,__str__,2,A,1,38,40,4,,0,/home/juan/Documents/Analisis-CC-PyCEFR/data/processed/python-algorithms/radon_output_python-algorithms.json
python-algorithms,python-algorithms,/home/juan/Documents/Analisis-CC-PyCEFR/python-algorithms/data-structures/src/stack/stack_with_linkedlist.py,stack_with_linkedlist.py,method,peek,2,A,1,47,51,4,,0,/home/juan/Documents/Analisis-CC-PyCEFR/data/processed/python-algorithms/radon_output_python-algorithms.json
python-algorithms,python-algorithms,/home/juan/Documents/Analisis-CC-PyCEFR/python-algorithms/data-structures/src/stack/stack_with_linkedlist.py,stack_with_linkedlist.py,method,pop,2,A,1,53,59,4,,0,/home/juan/Documents/Analisis-CC-PyCEFR/data/processed/python-algorithms/radon_output_python-algorithms.json
python-algorithms,python-algorithms,/home/juan/Documents/Analisis-CC-PyCEFR/python-algorithms/data-structures/src/stack/stack_with_linkedlist.py,stack_with_linkedlist.py,method,isEmpty,2,A,1,62,66,4,,0,/home/juan/Documents/Analisis-CC-PyCEFR/data/processed/python-algorithms/radon_output_python-algorithms.json
python-algorithms,python-algorithms,/home/juan/Documents/Analisis-CC-PyCEFR/python-algorithms/data-structures/src/stack/stack_with_linkedlist.py,stack_with_linkedlist.py,method,__init__,1,A,1,3,6,4,,0,/home/juan/Documents/Analisis-CC-PyCEFR/data/processed/python-algorithms/radon_output_python-algorithms.json
python-algorithms,python-algorithms,/home/juan/Documents/Analisis-CC-PyCEFR/python-algorithms/data-structures/src/stack/stack_with_linkedlist.py,stack_with_linkedlist.py,method,getNext,1,A,1,8,9,4,,0,/home/juan/Documents/Analisis-CC-PyCEFR/data/processed/python-algorithms/radon_output_python-algorithms.json
python-algorithms,python-algorithms,/home/juan/Documents/Analisis-CC-PyCEFR/python-algorithms/data-structures/src/stack/stack_with_linkedlist.py,stack_with_linkedlist.py,method,getValue,1,A,1,12,13,4,,0,/home/juan/Documents/Analisis-CC-PyCEFR/data/processed/python-algorithms/radon_output_python-algorithms.json
python-algorithms,python-algorithms,/home/juan/Documents/Analisis-CC-PyCEFR/python-algorithms/data-structures/src/stack/stack_with_linkedlist.py,stack_with_linkedlist.py,method,__init__,1,A,1,19,21,4,,0,/home/juan/Documents/Analisis-CC-PyCEFR/data/processed/python-algorithms/radon_output_python-algorithms.json
python-algorithms,python-algorithms,/home/juan/Documents/Analisis-CC-PyCEFR/python-algorithms/data-structures/src/stack/stack_with_linkedlist.py,stack_with_linkedlist.py,method,__init__,1,A,1,34,36,4,,0,/home/juan/Documents/Analisis-CC-PyCEFR/data/processed/python-algorithms/radon_output_python-algorithms.json
python-algorithms,python-algorithms,/home/juan/Documents/Analisis-CC-PyCEFR/python-algorithms/data-structures/src/stack/stack_with_linkedlist.py,stack_with_linkedlist.py,method,push,1,A,1,42,45,4,,0,/home/juan/Documents/Analisis-CC-PyCEFR/data/processed/python-algorithms/radon_output_python-algorithms.json
python-algorithms,python-algorithms,/home/juan/Documents/Analisis-CC-PyCEFR/python-algorithms/data-structures/src/stack/stack_with_linkedlist.py,stack_with_linkedlist.py,method,delete,1,A,1,68,69,4,,0,/home/juan/Documents/Analisis-CC-PyCEFR/data/processed/python-algorithms/radon_output_python-algorithms.json
python-algorithms,python-algorithms,/home/juan/Documents/Analisis-CC-PyCEFR/python-algorithms/data-structures/src/stack/stack_with_limited_list.py,stack_with_limited_list.py,class,Stack,3,A,1,3,47,0,,0,/home/juan/Documents/Analisis-CC-PyCEFR/data/processed/python-algorithms/radon_output_python-algorithms.json
python-algorithms,python-algorithms,/home/juan/Documents/Analisis-CC-PyCEFR/python-algorithms/data-structures/src/stack/stack_with_limited_list.py,stack_with_limited_list.py,method,pop,3,A,1,20,24,4,,0,/home/juan/Documents/Analisis-CC-PyCEFR/data/processed/python-algorithms/radon_output_python-algorithms.json
python-algorithms,python-algorithms,/home/juan/Documents/Analisis-CC-PyCEFR/python-algorithms/data-structures/src/stack/stack_with_limited_list.py,stack_with_limited_list.py,method,__str__,2,A,1,9,12,4,,0,/home/juan/Documents/Analisis-CC-PyCEFR/data/processed/python-algorithms/radon_output_python-algorithms.json
python-algorithms,python-algorithms,/home/juan/Documents/Analisis-CC-PyCEFR/python-algorithms/data-structures/src/stack/stack_with_limited_list.py,stack_with_limited_list.py,method,push,2,A,1,14,18,4,,0,/home/juan/Documents/Analisis-CC-PyCEFR/data/processed/python-algorithms/radon_output_python-algorithms.json
python-algorithms,python-algorithms,/home/juan/Documents/Analisis-CC-PyCEFR/python-algorithms/data-structures/src/stack/stack_with_limited_list.py,stack_with_limited_list.py,method,peek,2,A,1,26,31,4,,0,/home/juan/Documents/Analisis-CC-PyCEFR/data/processed/python-algorithms/radon_output_python-algorithms.json
python-algorithms,python-algorithms,/home/juan/Documents/Analisis-CC-PyCEFR/python-algorithms/data-structures/src/stack/stack_with_limited_list.py,stack_with_limited_list.py,method,isEmpty,2,A,1,34,38,4,,0,/home/juan/Documents/Analisis-CC-PyCEFR/data/processed/python-algorithms/radon_output_python-algorithms.json
python-algorithms,python-algorithms,/home/juan/Documents/Analisis-CC-PyCEFR/python-algorithms/data-structures/src/stack/stack_with_limited_list.py,stack_with_limited_list.py,method,isFull,2,A,1,40,44,4,,0,/home/juan/Documents/Analisis-CC-PyCEFR/data/processed/python-algorithms/radon_output_python-algorithms.json
python-algorithms,python-algorithms,/home/juan/Documents/Analisis-CC-PyCEFR/python-algorithms/data-structures/src/stack/stack_with_limited_list.py,stack_with_limited_list.py,method,__init__,1,A,1,4,7,4,,0,/home/juan/Documents/Analisis-CC-PyCEFR/data/processed/python-algorithms/radon_output_python-algorithms.json
python-algorithms,python-algorithms,/home/juan/Documents/Analisis-CC-PyCEFR/python-algorithms/data-structures/src/stack/stack_with_limited_list.py,stack_with_limited_list.py,method,delete,1,A,1,46,47,4,,0,/home/juan/Documents/Analisis-CC-PyCEFR/data/processed/python-algorithms/radon_output_python-algorithms.json
python-algorithms,python-algorithms,/home/juan/Documents/Analisis-CC-PyCEFR/python-algorithms/data-structures/src/doubly-linked-list/doubly_linked_list.py,doubly_linked_list.py,method,search,6,B,2,100,119,4,,0,/home/juan/Documents/Analisis-CC-PyCEFR/data/processed/python-algorithms/radon_output_python-algorithms.json
python-algorithms,python-algorithms,/home/juan/Documents/Analisis-CC-PyCEFR/python-algorithms/data-structures/src/doubly-linked-list/doubly_linked_list.py,doubly_linked_list.py,method,delete,6,B,2,121,145,4,,0,/home/juan/Documents/Analisis-CC-PyCEFR/data/processed/python-algorithms/radon_output_python-algorithms.json
python-algorithms,python-algorithms,/home/juan/Documents/Analisis-CC-PyCEFR/python-algorithms/data-structures/src/doubly-linked-list/doubly_linked_list.py,doubly_linked_list.py,class,DoublyLinkedList,4,A,1,25,153,0,,0,/home/juan/Documents/Analisis-CC-PyCEFR/data/processed/python-algorithms/radon_output_python-algorithms.json
python-algorithms,python-algorithms,/home/juan/Documents/Analisis-CC-PyCEFR/python-algorithms/data-structures/src/doubly-linked-list/doubly_linked_list.py,doubly_linked_list.py,method,size,4,A,1,63,76,4,,0,/home/juan/Documents/Analisis-CC-PyCEFR/data/processed/python-algorithms/radon_output_python-algorithms.json
python-algorithms,python-algorithms,/home/juan/Documents/Analisis-CC-PyCEFR/python-algorithms/data-structures/src/doubly-linked-list/doubly_linked_list.py,doubly_linked_list.py,method,append,4,A,1,78,92,4,,0,/home/juan/Documents/Analisis-CC-PyCEFR/data/processed/python-algorithms/radon_output_python-algorithms.json
python-algorithms,python-algorithms,/home/juan/Documents/Analisis-CC-PyCEFR/python-algorithms/data-structures/src/doubly-linked-list/doubly_linked_list.py,doubly_linked_list.py,method,__iter__,3,A,1,31,37,4,,0,/home/juan/Documents/Analisis-CC-PyCEFR/data/processed/python-algorithms/radon_output_python-algorithms.json
python-algorithms,python-algorithms,/home/juan/Documents/Analisis-CC-PyCEFR/python-algorithms/data-structures/src/doubly-linked-list/doubly_linked_list.py,doubly_linked_list.py,class,Node,2,A,1,1,22,0,,0,/home/juan/Documents/Analisis-CC-PyCEFR/data/processed/python-algorithms/radon_output_python-algorithms.json
python-algorithms,python-algorithms,/home/juan/Documents/Analisis-CC-PyCEFR/python-algorithms/data-structures/src/doubly-linked-list/doubly_linked_list.py,doubly_linked_list.py,method,pushNode,2,A,1,39,46,4,,0,/home/juan/Documents/Analisis-CC-PyCEFR/data/processed/python-algorithms/radon_output_python-algorithms.json
python-algorithms,python-algorithms,/home/juan/Documents/Analisis-CC-PyCEFR/python-algorithms/data-structures/src/doubly-linked-list/doubly_linked_list.py,doubly_linked_list.py,method,pushValue,2,A,1,48,61,4,,0,/home/juan/Documents/Analisis-CC-PyCEFR/data/processed/python-algorithms/radon_output_python-algorithms.json
python-algorithms,python-algorithms,/home/juan/Documents/Analisis-CC-PyCEFR/python-algorithms/data-structures/src/doubly-linked-list/doubly_linked_list.py,doubly_linked_list.py,method,deleteDLL,2,A,1,149,153,4,,0,/home/juan/Documents/Analisis-CC-PyCEFR/data/processed/python-algorithms/radon_output_python-algorithms.json
python-algorithms,python-algorithms,/home/juan/Documents/Analisis-CC-PyCEFR/python-algorithms/data-structures/src/doubly-linked-list/doubly_linked_list.py,doubly_linked_list.py,method,__init__,1,A,1,3,7,4,,0,/home/juan/Documents/Analisis-CC-PyCEFR/data/processed/python-algorithms/radon_output_python-algorithms.json
python-algorithms,python-algorithms,/home/juan/Documents/Analisis-CC-PyCEFR/python-algorithms/data-structures/src/doubly-linked-list/doubly_linked_list.py,doubly_linked_list.py,method,getNext,1,A,1,9,10,4,,0,/home/juan/Documents/Analisis-CC-PyCEFR/data/processed/python-algorithms/radon_output_python-algorithms.json
python-algorithms,python-algorithms,/home/juan/Documents/Analisis-CC-PyCEFR/python-algorithms/data-structures/src/doubly-linked-list/doubly_linked_list.py,doubly_linked_list.py,method,getPrev,1,A,1,12,13,4,,0,/home/juan/Documents/Analisis-CC-PyCEFR/data/processed/python-algorithms/radon_output_python-algorithms.json
python-algorithms,python-algorithms,/home/juan/Documents/Analisis-CC-PyCEFR/python-algorithms/data-structures/src/doubly-linked-list/doubly_linked_list.py,doubly_linked_list.py,method,getData,1,A,1,15,16,4,,0,/home/juan/Documents/Analisis-CC-PyCEFR/data/processed/python-algorithms/radon_output_python-algorithms.json
python-algorithms,python-algorithms,/home/juan/Documents/Analisis-CC-PyCEFR/python-algorithms/data-structures/src/doubly-linked-list/doubly_linked_list.py,doubly_linked_list.py,method,setNext,1,A,1,18,19,4,,0,/home/juan/Documents/Analisis-CC-PyCEFR/data/processed/python-algorithms/radon_output_python-algorithms.json
python-algorithms,python-algorithms,/home/juan/Documents/Analisis-CC-PyCEFR/python-algorithms/data-structures/src/doubly-linked-list/doubly_linked_list.py,doubly_linked_list.py,method,setPrev,1,A,1,21,22,4,,0,/home/juan/Documents/Analisis-CC-PyCEFR/data/processed/python-algorithms/radon_output_python-algorithms.json
python-algorithms,python-algorithms,/home/juan/Documents/Analisis-CC-PyCEFR/python-algorithms/data-structures/src/doubly-linked-list/doubly_linked_list.py,doubly_linked_list.py,method,__init__,1,A,1,27,29,4,,0,/home/juan/Documents/Analisis-CC-PyCEFR/data/processed/python-algorithms/radon_output_python-algorithms.json
python-algorithms,python-algorithms,/home/juan/Documents/Analisis-CC-PyCEFR/python-algorithms/data-structures/src/doubly-linked-list/doubly_linked_list.py,doubly_linked_list.py,method,insertAfter,1,A,1,94,98,4,,0,/home/juan/Documents/Analisis-CC-PyCEFR/data/processed/python-algorithms/radon_output_python-algorithms.json
python-algorithms,python-algorithms,/home/juan/Documents/Analisis-CC-PyCEFR/python-algorithms/recursion_crash_course/src/2_recursion_with_numbers/2_sum_of_natural_numbers.py,2_sum_of_natural_numbers.py,function,sum_natural_numbers,2,A,1,1,5,0,,0,/home/juan/Documents/Analisis-CC-PyCEFR/data/processed/python-algorithms/radon_output_python-algorithms.json
python-algorithms,python-algorithms,/home/juan/Documents/Analisis-CC-PyCEFR/python-algorithms/recursion_crash_course/src/2_recursion_with_numbers/1_decimal_to_binary.py,1_decimal_to_binary.py,function,solve_dec_to_binary,2,A,1,23,28,0,,0,/home/juan/Documents/Analisis-CC-PyCEFR/data/processed/python-algorithms/radon_output_python-algorithms.json
python-algorithms,python-algorithms,/home/juan/Documents/Analisis-CC-PyCEFR/python-algorithms/recursion_crash_course/src/2_recursion_with_numbers/1_decimal_to_binary.py,1_decimal_to_binary.py,function,dec_to_binary,1,A,1,20,21,0,,0,/home/juan/Documents/Analisis-CC-PyCEFR/data/processed/python-algorithms/radon_output_python-algorithms.json
python-algorithms,python-algorithms,/home/juan/Documents/Analisis-CC-PyCEFR/python-algorithms/recursion_crash_course/src/1_recursion_with_strings/2_palindrome.py,2_palindrome.py,function,is_palindrome,4,A,1,24,32,0,,0,/home/juan/Documents/Analisis-CC-PyCEFR/data/processed/python-algorithms/radon_output_python-algorithms.json
python-algorithms,python-algorithms,/home/juan/Documents/Analisis-CC-PyCEFR/python-algorithms/recursion_crash_course/src/1_recursion_with_strings/1_reverse_string.py,1_reverse_string.py,function,revserse_string,2,A,1,19,23,0,,0,/home/juan/Documents/Analisis-CC-PyCEFR/data/processed/python-algorithms/radon_output_python-algorithms.json
python-algorithms,python-algorithms,/home/juan/Documents/Analisis-CC-PyCEFR/python-algorithms/recursion_crash_course/src/3_divide_and_conquer/2_binary_search.py,2_binary_search.py,function,binary_search,4,A,1,1,13,0,,0,/home/juan/Documents/Analisis-CC-PyCEFR/data/processed/python-algorithms/radon_output_python-algorithms.json
python-algorithms,python-algorithms,/home/juan/Documents/Analisis-CC-PyCEFR/python-algorithms/recursion_crash_course/src/3_divide_and_conquer/3_merge_sort_2.py,3_merge_sort_2.py,function,merge,6,B,2,13,36,0,,0,/home/juan/Documents/Analisis-CC-PyCEFR/data/processed/python-algorithms/radon_output_python-algorithms.json
python-algorithms,python-algorithms,/home/juan/Documents/Analisis-CC-PyCEFR/python-algorithms/recursion_crash_course/src/3_divide_and_conquer/3_merge_sort_2.py,3_merge_sort_2.py,function,merge_sort,2,A,1,1,10,0,,0,/home/juan/Documents/Analisis-CC-PyCEFR/data/processed/python-algorithms/radon_output_python-algorithms.json
python-algorithms,python-algorithms,/home/juan/Documents/Analisis-CC-PyCEFR/python-algorithms/recursion_crash_course/src/3_divide_and_conquer/1_fibonacci.py,1_fibonacci.py,function,fib,3,A,1,3,7,0,,0,/home/juan/Documents/Analisis-CC-PyCEFR/data/processed/python-algorithms/radon_output_python-algorithms.json
python-algorithms,python-algorithms,/home/juan/Documents/Analisis-CC-PyCEFR/python-algorithms/recursion_crash_course/src/3_divide_and_conquer/1_fibonacci.py,1_fibonacci.py,function,fib_optimized,1,A,1,11,22,0,,0,/home/juan/Documents/Analisis-CC-PyCEFR/data/processed/python-algorithms/radon_output_python-algorithms.json
python-algorithms,python-algorithms,/home/juan/Documents/Analisis-CC-PyCEFR/python-algorithms/recursion_crash_course/src/3_divide_and_conquer/1_fibonacci.py,1_fibonacci.py,function,fib,2,A,1,14,20,4,fib_optimized,1,/home/juan/Documents/Analisis-CC-PyCEFR/data/processed/python-algorithms/radon_output_python-algorithms.json
python-algorithms,python-algorithms,/home/juan/Documents/Analisis-CC-PyCEFR/python-algorithms/recursion_crash_course/src/3_divide_and_conquer/4_reverse_linkedlist.py,4_reverse_linkedlist.py,function,print_list,3,A,1,5,9,0,,0,/home/juan/Documents/Analisis-CC-PyCEFR/data/processed/python-algorithms/radon_output_python-algorithms.json
python-algorithms,python-algorithms,/home/juan/Documents/Analisis-CC-PyCEFR/python-algorithms/recursion_crash_course/src/3_divide_and_conquer/4_reverse_linkedlist.py,4_reverse_linkedlist.py,function,reverse_list,3,A,1,11,19,0,,0,/home/juan/Documents/Analisis-CC-PyCEFR/data/processed/python-algorithms/radon_output_python-algorithms.json
python-algorithms,python-algorithms,/home/juan/Documents/Analisis-CC-PyCEFR/python-algorithms/recursion_crash_course/src/3_divide_and_conquer/4_reverse_linkedlist.py,4_reverse_linkedlist.py,class,Node,2,A,1,1,3,0,,0,/home/juan/Documents/Analisis-CC-PyCEFR/data/processed/python-algorithms/radon_output_python-algorithms.json
python-algorithms,python-algorithms,/home/juan/Documents/Analisis-CC-PyCEFR/python-algorithms/recursion_crash_course/src/3_divide_and_conquer/4_reverse_linkedlist.py,4_reverse_linkedlist.py,method,__init__,1,A,1,2,3,4,,0,/home/juan/Documents/Analisis-CC-PyCEFR/data/processed/python-algorithms/radon_output_python-algorithms.json
python-algorithms,python-algorithms,/home/juan/Documents/Analisis-CC-PyCEFR/python-algorithms/recursion_crash_course/src/3_divide_and_conquer/7_get_leaf_nodes.py,7_get_leaf_nodes.py,class,Node,2,A,1,1,4,0,,0,/home/juan/Documents/Analisis-CC-PyCEFR/data/processed/python-algorithms/radon_output_python-algorithms.json
python-algorithms,python-algorithms,/home/juan/Documents/Analisis-CC-PyCEFR/python-algorithms/recursion_crash_course/src/3_divide_and_conquer/7_get_leaf_nodes.py,7_get_leaf_nodes.py,function,get_leaf_nodes,1,A,1,6,20,0,,0,/home/juan/Documents/Analisis-CC-PyCEFR/data/processed/python-algorithms/radon_output_python-algorithms.json
python-algorithms,python-algorithms,/home/juan/Documents/Analisis-CC-PyCEFR/python-algorithms/recursion_crash_course/src/3_divide_and_conquer/7_get_leaf_nodes.py,7_get_leaf_nodes.py,function,gather_leaves,4,A,1,9,17,4,get_leaf_nodes,1,/home/juan/Documents/Analisis-CC-PyCEFR/data/processed/python-algorithms/radon_output_python-algorithms.json
python-algorithms,python-algorithms,/home/juan/Documents/Analisis-CC-PyCEFR/python-algorithms/recursion_crash_course/src/3_divide_and_conquer/7_get_leaf_nodes.py,7_get_leaf_nodes.py,method,__init__,1,A,1,2,4,4,,0,/home/juan/Documents/Analisis-CC-PyCEFR/data/processed/python-algorithms/radon_output_python-algorithms.json
python-algorithms,python-algorithms,/home/juan/Documents/Analisis-CC-PyCEFR/python-algorithms/recursion_crash_course/src/3_divide_and_conquer/6_insert_into_binary_search_tree.py,6_insert_into_binary_search_tree.py,function,insert,3,A,1,20,30,0,,0,/home/juan/Documents/Analisis-CC-PyCEFR/data/processed/python-algorithms/radon_output_python-algorithms.json
python-algorithms,python-algorithms,/home/juan/Documents/Analisis-CC-PyCEFR/python-algorithms/recursion_crash_course/src/3_divide_and_conquer/6_insert_into_binary_search_tree.py,6_insert_into_binary_search_tree.py,function,pre_order,2,A,1,7,13,0,,0,/home/juan/Documents/Analisis-CC-PyCEFR/data/processed/python-algorithms/radon_output_python-algorithms.json
python-algorithms,python-algorithms,/home/juan/Documents/Analisis-CC-PyCEFR/python-algorithms/recursion_crash_course/src/3_divide_and_conquer/6_insert_into_binary_search_tree.py,6_insert_into_binary_search_tree.py,class,Node,2,A,1,1,4,0,,0,/home/juan/Documents/Analisis-CC-PyCEFR/data/processed/python-algorithms/radon_output_python-algorithms.json
python-algorithms,python-algorithms,/home/juan/Documents/Analisis-CC-PyCEFR/python-algorithms/recursion_crash_course/src/3_divide_and_conquer/6_insert_into_binary_search_tree.py,6_insert_into_binary_search_tree.py,method,__init__,1,A,1,2,4,4,,0,/home/juan/Documents/Analisis-CC-PyCEFR/data/processed/python-algorithms/radon_output_python-algorithms.json
python-algorithms,python-algorithms,/home/juan/Documents/Analisis-CC-PyCEFR/python-algorithms/recursion_crash_course/src/3_divide_and_conquer/8_depth_first_search.py,8_depth_first_search.py,class,Node,2,A,1,1,3,0,,0,/home/juan/Documents/Analisis-CC-PyCEFR/data/processed/python-algorithms/radon_output_python-algorithms.json
python-algorithms,python-algorithms,/home/juan/Documents/Analisis-CC-PyCEFR/python-algorithms/recursion_crash_course/src/3_divide_and_conquer/8_depth_first_search.py,8_depth_first_search.py,function,dfs,1,A,1,5,20,0,,0,/home/juan/Documents/Analisis-CC-PyCEFR/data/processed/python-algorithms/radon_output_python-algorithms.json
python-algorithms,python-algorithms,/home/juan/Documents/Analisis-CC-PyCEFR/python-algorithms/recursion_crash_course/src/3_divide_and_conquer/8_depth_first_search.py,8_depth_first_search.py,function,find_node,6,B,2,7,18,4,dfs,1,/home/juan/Documents/Analisis-CC-PyCEFR/data/processed/python-algorithms/radon_output_python-algorithms.json
python-algorithms,python-algorithms,/home/juan/Documents/Analisis-CC-PyCEFR/python-algorithms/recursion_crash_course/src/3_divide_and_conquer/8_depth_first_search.py,8_depth_first_search.py,method,__init__,1,A,1,2,3,4,,0,/home/juan/Documents/Analisis-CC-PyCEFR/data/processed/python-algorithms/radon_output_python-algorithms.json
python-algorithms,python-algorithms,/home/juan/Documents/Analisis-CC-PyCEFR/python-algorithms/recursion_crash_course/src/3_divide_and_conquer/5_merge_two_sorted_list.py,5_merge_two_sorted_list.py,function,merge,4,A,1,13,22,0,,0,/home/juan/Documents/Analisis-CC-PyCEFR/data/processed/python-algorithms/radon_output_python-algorithms.json
python-algorithms,python-algorithms,/home/juan/Documents/Analisis-CC-PyCEFR/python-algorithms/recursion_crash_course/src/3_divide_and_conquer/5_merge_two_sorted_list.py,5_merge_two_sorted_list.py,function,printList,3,A,1,6,11,0,,0,/home/juan/Documents/Analisis-CC-PyCEFR/data/processed/python-algorithms/radon_output_python-algorithms.json
python-algorithms,python-algorithms,/home/juan/Documents/Analisis-CC-PyCEFR/python-algorithms/recursion_crash_course/src/3_divide_and_conquer/5_merge_two_sorted_list.py,5_merge_two_sorted_list.py,class,Node,2,A,1,1,3,0,,0,/home/juan/Documents/Analisis-CC-PyCEFR/data/processed/python-algorithms/radon_output_python-algorithms.json
python-algorithms,python-algorithms,/home/juan/Documents/Analisis-CC-PyCEFR/python-algorithms/recursion_crash_course/src/3_divide_and_conquer/5_merge_two_sorted_list.py,5_merge_two_sorted_list.py,method,__init__,1,A,1,2,3,4,,0,/home/juan/Documents/Analisis-CC-PyCEFR/data/processed/python-algorithms/radon_output_python-algorithms.json
python-algorithms,python-algorithms,/home/juan/Documents/Analisis-CC-PyCEFR/python-algorithms/recursion_crash_course/src/3_divide_and_conquer/3_merge_sort.py,3_merge_sort.py,function,merge,7,B,2,9,36,0,,0,/home/juan/Documents/Analisis-CC-PyCEFR/data/processed/python-algorithms/radon_output_python-algorithms.json
python-algorithms,python-algorithms,/home/juan/Documents/Analisis-CC-PyCEFR/python-algorithms/recursion_crash_course/src/3_divide_and_conquer/3_merge_sort.py,3_merge_sort.py,function,merge_sort,2,A,1,1,6,0,,0,/home/juan/Documents/Analisis-CC-PyCEFR/data/processed/python-algorithms/radon_output_python-algorithms.json
python-algorithms,python-algorithms,/home/juan/Documents/Analisis-CC-PyCEFR/python-algorithms/EPI_prep/src/heaps/5_compute_median_from_a_stream/compute_median.py,compute_median.py,function,compute_median,6,B,2,3,20,0,,0,/home/juan/Documents/Analisis-CC-PyCEFR/data/processed/python-algorithms/radon_output_python-algorithms.json
python-algorithms,python-algorithms,/home/juan/Documents/Analisis-CC-PyCEFR/python-algorithms/EPI_prep/src/heaps/5_compute_median_from_a_stream/compute_median.py,compute_median.py,function,calculate_median,2,A,1,23,27,0,,0,/home/juan/Documents/Analisis-CC-PyCEFR/data/processed/python-algorithms/radon_output_python-algorithms.json
python-algorithms,python-algorithms,/home/juan/Documents/Analisis-CC-PyCEFR/python-algorithms/EPI_prep/src/heaps/6_k_largest_elements_in_a_heap/k_largest_elements_1.py,k_largest_elements_1.py,function,k_largest_elements_1,4,A,1,18,33,0,,0,/home/juan/Documents/Analisis-CC-PyCEFR/data/processed/python-algorithms/radon_output_python-algorithms.json
python-algorithms,python-algorithms,/home/juan/Documents/Analisis-CC-PyCEFR/python-algorithms/EPI_prep/src/heaps/6_k_largest_elements_in_a_heap/k_largest_elements_1.py,k_largest_elements_1.py,function,k_largest_elements,3,A,1,4,13,0,,0,/home/juan/Documents/Analisis-CC-PyCEFR/data/processed/python-algorithms/radon_output_python-algorithms.json
python-algorithms,python-algorithms,/home/juan/Documents/Analisis-CC-PyCEFR/python-algorithms/EPI_prep/src/heaps/6_k_largest_elements_in_a_heap/k_largest_elements.py,k_largest_elements.py,function,k_largest_elements,4,A,1,4,20,0,,0,/home/juan/Documents/Analisis-CC-PyCEFR/data/processed/python-algorithms/radon_output_python-algorithms.json
python-algorithms,python-algorithms,/home/juan/Documents/Analisis-CC-PyCEFR/python-algorithms/EPI_prep/src/heaps/4_compute_k_closest_stars/k_closest_stars.py,k_closest_stars.py,function,compute_k_closest_stars,4,A,1,17,28,0,,0,/home/juan/Documents/Analisis-CC-PyCEFR/data/processed/python-algorithms/radon_output_python-algorithms.json
python-algorithms,python-algorithms,/home/juan/Documents/Analisis-CC-PyCEFR/python-algorithms/EPI_prep/src/heaps/4_compute_k_closest_stars/k_closest_stars.py,k_closest_stars.py,class,Star,2,A,1,4,13,0,,0,/home/juan/Documents/Analisis-CC-PyCEFR/data/processed/python-algorithms/radon_output_python-algorithms.json
python-algorithms,python-algorithms,/home/juan/Documents/Analisis-CC-PyCEFR/python-algorithms/EPI_prep/src/heaps/4_compute_k_closest_stars/k_closest_stars.py,k_closest_stars.py,method,__init__,1,A,1,5,6,4,,0,/home/juan/Documents/Analisis-CC-PyCEFR/data/processed/python-algorithms/radon_output_python-algorithms.json
python-algorithms,python-algorithms,/home/juan/Documents/Analisis-CC-PyCEFR/python-algorithms/EPI_prep/src/heaps/4_compute_k_closest_stars/k_closest_stars.py,k_closest_stars.py,method,distance,1,A,1,9,10,4,,0,/home/juan/Documents/Analisis-CC-PyCEFR/data/processed/python-algorithms/radon_output_python-algorithms.json
python-algorithms,python-algorithms,/home/juan/Documents/Analisis-CC-PyCEFR/python-algorithms/EPI_prep/src/heaps/4_compute_k_closest_stars/k_closest_stars.py,k_closest_stars.py,method,__lt__,1,A,1,12,13,4,,0,/home/juan/Documents/Analisis-CC-PyCEFR/data/processed/python-algorithms/radon_output_python-algorithms.json
python-algorithms,python-algorithms,/home/juan/Documents/Analisis-CC-PyCEFR/python-algorithms/EPI_prep/src/heaps/1_merge_sorted_arrays/merge_sorted_arrays.py,merge_sorted_arrays.py,function,merge_sorted_arrays,6,B,2,40,59,0,,0,/home/juan/Documents/Analisis-CC-PyCEFR/data/processed/python-algorithms/radon_output_python-algorithms.json
python-algorithms,python-algorithms,/home/juan/Documents/Analisis-CC-PyCEFR/python-algorithms/EPI_prep/src/heaps/2_sort_increasing_decreasing_array/sort_k_inc_dec_array.py,sort_k_inc_dec_array.py,function,sort_increasing_decreasing_array,9,B,2,17,37,0,,0,/home/juan/Documents/Analisis-CC-PyCEFR/data/processed/python-algorithms/radon_output_python-algorithms.json
python-algorithms,python-algorithms,/home/juan/Documents/Analisis-CC-PyCEFR/python-algorithms/EPI_prep/src/heaps/2_sort_increasing_decreasing_array/sort_k_inc_dec_array.py,sort_k_inc_dec_array.py,function,merge_sorted_arrays,6,B,2,40,59,0,,0,/home/juan/Documents/Analisis-CC-PyCEFR/data/processed/python-algorithms/radon_output_python-algorithms.json
python-algorithms,python-algorithms,/home/juan/Documents/Analisis-CC-PyCEFR/python-algorithms/EPI_prep/src/heaps/3_sort_almost_sorted_array/sort_approximately_sorted_array.py,sort_approximately_sorted_array.py,function,sort_approximately_sorted_array,4,A,1,27,43,0,,0,/home/juan/Documents/Analisis-CC-PyCEFR/data/processed/python-algorithms/radon_output_python-algorithms.json
python-algorithms,python-algorithms,/home/juan/Documents/Analisis-CC-PyCEFR/python-algorithms/EPI_prep/src/recursion/9_solve_sodoku/solve_sudoku.py,solve_sudoku.py,function,solveSudoku,4,A,1,3,49,0,,0,/home/juan/Documents/Analisis-CC-PyCEFR/data/processed/python-algorithms/radon_output_python-algorithms.json
python-algorithms,python-algorithms,/home/juan/Documents/Analisis-CC-PyCEFR/python-algorithms/EPI_prep/src/recursion/9_solve_sodoku/solve_sudoku.py,solve_sudoku.py,function,dfs,7,B,2,20,47,4,solveSudoku,1,/home/juan/Documents/Analisis-CC-PyCEFR/data/processed/python-algorithms/radon_output_python-algorithms.json
python-algorithms,python-algorithms,/home/juan/Documents/Analisis-CC-PyCEFR/python-algorithms/EPI_prep/src/recursion/3_permutations/permutations.py,permutations.py,function,permutations,1,A,1,15,30,0,,0,/home/juan/Documents/Analisis-CC-PyCEFR/data/processed/python-algorithms/radon_output_python-algorithms.json
python-algorithms,python-algorithms,/home/juan/Documents/Analisis-CC-PyCEFR/python-algorithms/EPI_prep/src/recursion/3_permutations/permutations.py,permutations.py,function,directed_permutation,3,A,1,16,25,4,permutations,1,/home/juan/Documents/Analisis-CC-PyCEFR/data/processed/python-algorithms/radon_output_python-algorithms.json
python-algorithms,python-algorithms,/home/juan/Documents/Analisis-CC-PyCEFR/python-algorithms/EPI_prep/src/recursion/5_subset_of_size_k/combinations.py,combinations.py,function,combinations,1,A,1,1,16,0,,0,/home/juan/Documents/Analisis-CC-PyCEFR/data/processed/python-algorithms/radon_output_python-algorithms.json
python-algorithms,python-algorithms,/home/juan/Documents/Analisis-CC-PyCEFR/python-algorithms/EPI_prep/src/recursion/5_subset_of_size_k/combinations.py,combinations.py,function,directed_combinations,4,A,1,2,12,4,combinations,1,/home/juan/Documents/Analisis-CC-PyCEFR/data/processed/python-algorithms/radon_output_python-algorithms.json
python-algorithms,python-algorithms,/home/juan/Documents/Analisis-CC-PyCEFR/python-algorithms/EPI_prep/src/recursion/1_towers_of_hanoi/towers_of_hanoi.py,towers_of_hanoi.py,function,compute_towers_of_hanoi,2,A,1,6,20,0,,0,/home/juan/Documents/Analisis-CC-PyCEFR/data/processed/python-algorithms/radon_output_python-algorithms.json
python-algorithms,python-algorithms,/home/juan/Documents/Analisis-CC-PyCEFR/python-algorithms/EPI_prep/src/recursion/1_towers_of_hanoi/towers_of_hanoi.py,towers_of_hanoi.py,function,compute_towers,2,A,1,7,13,4,compute_towers_of_hanoi,1,/home/juan/Documents/Analisis-CC-PyCEFR/data/processed/python-algorithms/radon_output_python-algorithms.json
python-algorithms,python-algorithms,/home/juan/Documents/Analisis-CC-PyCEFR/python-algorithms/EPI_prep/src/recursion/0_greatest_common_divisor/gcd.py,gcd.py,function,gcd,2,A,1,1,2,0,,0,/home/juan/Documents/Analisis-CC-PyCEFR/data/processed/python-algorithms/radon_output_python-algorithms.json
python-algorithms,python-algorithms,/home/juan/Documents/Analisis-CC-PyCEFR/python-algorithms/EPI_prep/src/recursion/8_generate_binary_trees/generate_binary_trees.py,generate_binary_trees.py,function,generate_binary_trees,5,A,1,7,22,0,,0,/home/juan/Documents/Analisis-CC-PyCEFR/data/processed/python-algorithms/radon_output_python-algorithms.json
python-algorithms,python-algorithms,/home/juan/Documents/Analisis-CC-PyCEFR/python-algorithms/EPI_prep/src/recursion/8_generate_binary_trees/generate_binary_trees.py,generate_binary_trees.py,class,Node,2,A,1,2,5,0,,0,/home/juan/Documents/Analisis-CC-PyCEFR/data/processed/python-algorithms/radon_output_python-algorithms.json
python-algorithms,python-algorithms,/home/juan/Documents/Analisis-CC-PyCEFR/python-algorithms/EPI_prep/src/recursion/8_generate_binary_trees/generate_binary_trees.py,generate_binary_trees.py,method,__init__,1,A,1,3,5,4,,0,/home/juan/Documents/Analisis-CC-PyCEFR/data/processed/python-algorithms/radon_output_python-algorithms.json
python-algorithms,python-algorithms,/home/juan/Documents/Analisis-CC-PyCEFR/python-algorithms/EPI_prep/src/recursion/4_power_set/power_set.py,power_set.py,function,generate_power_set_iter,3,A,1,25,36,0,,0,/home/juan/Documents/Analisis-CC-PyCEFR/data/processed/python-algorithms/radon_output_python-algorithms.json
python-algorithms,python-algorithms,/home/juan/Documents/Analisis-CC-PyCEFR/python-algorithms/EPI_prep/src/recursion/4_power_set/power_set.py,power_set.py,function,generate_power_set,1,A,1,4,17,0,,0,/home/juan/Documents/Analisis-CC-PyCEFR/data/processed/python-algorithms/radon_output_python-algorithms.json
python-algorithms,python-algorithms,/home/juan/Documents/Analisis-CC-PyCEFR/python-algorithms/EPI_prep/src/recursion/4_power_set/power_set.py,power_set.py,function,directed_power_set,2,A,1,6,12,4,generate_power_set,1,/home/juan/Documents/Analisis-CC-PyCEFR/data/processed/python-algorithms/radon_output_python-algorithms.json
python-algorithms,python-algorithms,/home/juan/Documents/Analisis-CC-PyCEFR/python-algorithms/EPI_prep/src/recursion/7_generate_palindromic_decompositions/palindromic_decompositions.py,palindromic_decompositions.py,function,is_palindrome,3,A,1,19,25,0,,0,/home/juan/Documents/Analisis-CC-PyCEFR/data/processed/python-algorithms/radon_output_python-algorithms.json
python-algorithms,python-algorithms,/home/juan/Documents/Analisis-CC-PyCEFR/python-algorithms/EPI_prep/src/recursion/7_generate_palindromic_decompositions/palindromic_decompositions.py,palindromic_decompositions.py,function,palindromic_decompostions,1,A,1,3,17,0,,0,/home/juan/Documents/Analisis-CC-PyCEFR/data/processed/python-algorithms/radon_output_python-algorithms.json
python-algorithms,python-algorithms,/home/juan/Documents/Analisis-CC-PyCEFR/python-algorithms/EPI_prep/src/recursion/7_generate_palindromic_decompositions/palindromic_decompositions.py,palindromic_decompositions.py,function,directed_palindromic_decompostions,4,A,1,4,12,4,palindromic_decompostions,1,/home/juan/Documents/Analisis-CC-PyCEFR/data/processed/python-algorithms/radon_output_python-algorithms.json
python-algorithms,python-algorithms,/home/juan/Documents/Analisis-CC-PyCEFR/python-algorithms/EPI_prep/src/recursion/6_generate_balanced_parentheses/generate_balanced_parentheses.py,generate_balanced_parentheses.py,function,generate_balanced_parentheses_bfs,8,B,2,31,48,0,,0,/home/juan/Documents/Analisis-CC-PyCEFR/data/processed/python-algorithms/radon_output_python-algorithms.json
python-algorithms,python-algorithms,/home/juan/Documents/Analisis-CC-PyCEFR/python-algorithms/EPI_prep/src/recursion/6_generate_balanced_parentheses/generate_balanced_parentheses.py,generate_balanced_parentheses.py,function,generate_balanced_parentheses,2,A,1,6,22,0,,0,/home/juan/Documents/Analisis-CC-PyCEFR/data/processed/python-algorithms/radon_output_python-algorithms.json
python-algorithms,python-algorithms,/home/juan/Documents/Analisis-CC-PyCEFR/python-algorithms/EPI_prep/src/recursion/6_generate_balanced_parentheses/generate_balanced_parentheses.py,generate_balanced_parentheses.py,function,gen_recursive,6,B,2,11,19,4,generate_balanced_parentheses,1,/home/juan/Documents/Analisis-CC-PyCEFR/data/processed/python-algorithms/radon_output_python-algorithms.json
python-algorithms,python-algorithms,/home/juan/Documents/Analisis-CC-PyCEFR/python-algorithms/EPI_prep/src/recursion/6_generate_balanced_parentheses/generate_balanced_parentheses.py,generate_balanced_parentheses.py,class,Paren,2,A,1,2,4,0,,0,/home/juan/Documents/Analisis-CC-PyCEFR/data/processed/python-algorithms/radon_output_python-algorithms.json
python-algorithms,python-algorithms,/home/juan/Documents/Analisis-CC-PyCEFR/python-algorithms/EPI_prep/src/recursion/6_generate_balanced_parentheses/generate_balanced_parentheses.py,generate_balanced_parentheses.py,method,__init__,1,A,1,3,4,4,,0,/home/juan/Documents/Analisis-CC-PyCEFR/data/processed/python-algorithms/radon_output_python-algorithms.json
python-algorithms,python-algorithms,/home/juan/Documents/Analisis-CC-PyCEFR/python-algorithms/EPI_prep/src/binary_search_trees/5.1_reconstruct_bst_from_post_order_traversal_data/reconstruct_bst.py,reconstruct_bst.py,function,postorder_traversal,2,A,1,30,36,0,,0,/home/juan/Documents/Analisis-CC-PyCEFR/data/processed/python-algorithms/radon_output_python-algorithms.json
python-algorithms,python-algorithms,/home/juan/Documents/Analisis-CC-PyCEFR/python-algorithms/EPI_prep/src/binary_search_trees/5.1_reconstruct_bst_from_post_order_traversal_data/reconstruct_bst.py,reconstruct_bst.py,class,TreeNode,2,A,1,1,5,0,,0,/home/juan/Documents/Analisis-CC-PyCEFR/data/processed/python-algorithms/radon_output_python-algorithms.json
python-algorithms,python-algorithms,/home/juan/Documents/Analisis-CC-PyCEFR/python-algorithms/EPI_prep/src/binary_search_trees/5.1_reconstruct_bst_from_post_order_traversal_data/reconstruct_bst.py,reconstruct_bst.py,function,reconstruct_bst,1,A,1,7,27,0,,0,/home/juan/Documents/Analisis-CC-PyCEFR/data/processed/python-algorithms/radon_output_python-algorithms.json
python-algorithms,python-algorithms,/home/juan/Documents/Analisis-CC-PyCEFR/python-algorithms/EPI_prep/src/binary_search_trees/5.1_reconstruct_bst_from_post_order_traversal_data/reconstruct_bst.py,reconstruct_bst.py,function,reconstruct_bst_helper,3,A,1,11,25,4,reconstruct_bst,1,/home/juan/Documents/Analisis-CC-PyCEFR/data/processed/python-algorithms/radon_output_python-algorithms.json
python-algorithms,python-algorithms,/home/juan/Documents/Analisis-CC-PyCEFR/python-algorithms/EPI_prep/src/binary_search_trees/5.1_reconstruct_bst_from_post_order_traversal_data/reconstruct_bst.py,reconstruct_bst.py,method,__init__,1,A,1,2,5,4,,0,/home/juan/Documents/Analisis-CC-PyCEFR/data/processed/python-algorithms/radon_output_python-algorithms.json
python-algorithms,python-algorithms,/home/juan/Documents/Analisis-CC-PyCEFR/python-algorithms/EPI_prep/src/binary_search_trees/5_reconstruct_bst_from_preorder_traversal_data/reconstruct_bst.py,reconstruct_bst.py,function,preorder_traversal,2,A,1,27,33,0,,0,/home/juan/Documents/Analisis-CC-PyCEFR/data/processed/python-algorithms/radon_output_python-algorithms.json
python-algorithms,python-algorithms,/home/juan/Documents/Analisis-CC-PyCEFR/python-algorithms/EPI_prep/src/binary_search_trees/5_reconstruct_bst_from_preorder_traversal_data/reconstruct_bst.py,reconstruct_bst.py,class,TreeNode,2,A,1,1,5,0,,0,/home/juan/Documents/Analisis-CC-PyCEFR/data/processed/python-algorithms/radon_output_python-algorithms.json
python-algorithms,python-algorithms,/home/juan/Documents/Analisis-CC-PyCEFR/python-algorithms/EPI_prep/src/binary_search_trees/5_reconstruct_bst_from_preorder_traversal_data/reconstruct_bst.py,reconstruct_bst.py,function,reconstruct_bst,1,A,1,7,24,0,,0,/home/juan/Documents/Analisis-CC-PyCEFR/data/processed/python-algorithms/radon_output_python-algorithms.json
python-algorithms,python-algorithms,/home/juan/Documents/Analisis-CC-PyCEFR/python-algorithms/EPI_prep/src/binary_search_trees/5_reconstruct_bst_from_preorder_traversal_data/reconstruct_bst.py,reconstruct_bst.py,function,reconstruct_bst_helper,3,A,1,9,22,4,reconstruct_bst,1,/home/juan/Documents/Analisis-CC-PyCEFR/data/processed/python-algorithms/radon_output_python-algorithms.json
python-algorithms,python-algorithms,/home/juan/Documents/Analisis-CC-PyCEFR/python-algorithms/EPI_prep/src/binary_search_trees/5_reconstruct_bst_from_preorder_traversal_data/reconstruct_bst.py,reconstruct_bst.py,method,__init__,1,A,1,2,5,4,,0,/home/juan/Documents/Analisis-CC-PyCEFR/data/processed/python-algorithms/radon_output_python-algorithms.json
python-algorithms,python-algorithms,/home/juan/Documents/Analisis-CC-PyCEFR/python-algorithms/EPI_prep/src/binary_search_trees/6_closest_entries_in_3_sorted_arrays/close_entries.py,close_entries.py,function,close_entries,6,B,2,3,33,0,,0,/home/juan/Documents/Analisis-CC-PyCEFR/data/processed/python-algorithms/radon_output_python-algorithms.json
python-algorithms,python-algorithms,/home/juan/Documents/Analisis-CC-PyCEFR/python-algorithms/EPI_prep/src/binary_search_trees/9_ordered_bst_nodes/is_bst_ordered.py,is_bst_ordered.py,function,is_bst_ordered,16,C,3,25,51,0,,0,/home/juan/Documents/Analisis-CC-PyCEFR/data/processed/python-algorithms/radon_output_python-algorithms.json
python-algorithms,python-algorithms,/home/juan/Documents/Analisis-CC-PyCEFR/python-algorithms/EPI_prep/src/binary_search_trees/9_ordered_bst_nodes/is_bst_ordered.py,is_bst_ordered.py,function,search,4,A,1,53,56,0,,0,/home/juan/Documents/Analisis-CC-PyCEFR/data/processed/python-algorithms/radon_output_python-algorithms.json
python-algorithms,python-algorithms,/home/juan/Documents/Analisis-CC-PyCEFR/python-algorithms/EPI_prep/src/binary_search_trees/9_ordered_bst_nodes/is_bst_ordered.py,is_bst_ordered.py,class,TreeNode,2,A,1,1,5,0,,0,/home/juan/Documents/Analisis-CC-PyCEFR/data/processed/python-algorithms/radon_output_python-algorithms.json
python-algorithms,python-algorithms,/home/juan/Documents/Analisis-CC-PyCEFR/python-algorithms/EPI_prep/src/binary_search_trees/9_ordered_bst_nodes/is_bst_ordered.py,is_bst_ordered.py,method,__init__,1,A,1,2,5,4,,0,/home/juan/Documents/Analisis-CC-PyCEFR/data/processed/python-algorithms/radon_output_python-algorithms.json
python-algorithms,python-algorithms,/home/juan/Documents/Analisis-CC-PyCEFR/python-algorithms/EPI_prep/src/binary_search_trees/11_add_credits/add_credits.py,add_credits.py,class,ClientsCreditInfo,3,A,1,33,79,0,,0,/home/juan/Documents/Analisis-CC-PyCEFR/data/processed/python-algorithms/radon_output_python-algorithms.json
python-algorithms,python-algorithms,/home/juan/Documents/Analisis-CC-PyCEFR/python-algorithms/EPI_prep/src/binary_search_trees/11_add_credits/add_credits.py,add_credits.py,method,remove,3,A,1,51,62,4,,0,/home/juan/Documents/Analisis-CC-PyCEFR/data/processed/python-algorithms/radon_output_python-algorithms.json
python-algorithms,python-algorithms,/home/juan/Documents/Analisis-CC-PyCEFR/python-algorithms/EPI_prep/src/binary_search_trees/11_add_credits/add_credits.py,add_credits.py,method,max,3,A,1,74,79,4,,0,/home/juan/Documents/Analisis-CC-PyCEFR/data/processed/python-algorithms/radon_output_python-algorithms.json
python-algorithms,python-algorithms,/home/juan/Documents/Analisis-CC-PyCEFR/python-algorithms/EPI_prep/src/binary_search_trees/11_add_credits/add_credits.py,add_credits.py,method,lookup,2,A,1,65,67,4,,0,/home/juan/Documents/Analisis-CC-PyCEFR/data/processed/python-algorithms/radon_output_python-algorithms.json
python-algorithms,python-algorithms,/home/juan/Documents/Analisis-CC-PyCEFR/python-algorithms/EPI_prep/src/binary_search_trees/11_add_credits/add_credits.py,add_credits.py,method,__init__,1,A,1,34,37,4,,0,/home/juan/Documents/Analisis-CC-PyCEFR/data/processed/python-algorithms/radon_output_python-algorithms.json
python-algorithms,python-algorithms,/home/juan/Documents/Analisis-CC-PyCEFR/python-algorithms/EPI_prep/src/binary_search_trees/11_add_credits/add_credits.py,add_credits.py,method,insert,1,A,1,42,47,4,,0,/home/juan/Documents/Analisis-CC-PyCEFR/data/processed/python-algorithms/radon_output_python-algorithms.json
python-algorithms,python-algorithms,/home/juan/Documents/Analisis-CC-PyCEFR/python-algorithms/EPI_prep/src/binary_search_trees/11_add_credits/add_credits.py,add_credits.py,method,add_to_all,1,A,1,70,71,4,,0,/home/juan/Documents/Analisis-CC-PyCEFR/data/processed/python-algorithms/radon_output_python-algorithms.json
python-algorithms,python-algorithms,/home/juan/Documents/Analisis-CC-PyCEFR/python-algorithms/EPI_prep/src/binary_search_trees/7_enumerate_numbers_of_the_form_a+b_sqrt2/enumerate_numbers.py,enumerate_numbers.py,function,generate_first_k_a_b_sqrt2,2,A,1,16,28,0,,0,/home/juan/Documents/Analisis-CC-PyCEFR/data/processed/python-algorithms/radon_output_python-algorithms.json
python-algorithms,python-algorithms,/home/juan/Documents/Analisis-CC-PyCEFR/python-algorithms/EPI_prep/src/binary_search_trees/7_enumerate_numbers_of_the_form_a+b_sqrt2/enumerate_numbers.py,enumerate_numbers.py,class,ABSqrt2,2,A,1,4,13,0,,0,/home/juan/Documents/Analisis-CC-PyCEFR/data/processed/python-algorithms/radon_output_python-algorithms.json
python-algorithms,python-algorithms,/home/juan/Documents/Analisis-CC-PyCEFR/python-algorithms/EPI_prep/src/binary_search_trees/7_enumerate_numbers_of_the_form_a+b_sqrt2/enumerate_numbers.py,enumerate_numbers.py,method,__init__,1,A,1,5,7,4,,0,/home/juan/Documents/Analisis-CC-PyCEFR/data/processed/python-algorithms/radon_output_python-algorithms.json
python-algorithms,python-algorithms,/home/juan/Documents/Analisis-CC-PyCEFR/python-algorithms/EPI_prep/src/binary_search_trees/7_enumerate_numbers_of_the_form_a+b_sqrt2/enumerate_numbers.py,enumerate_numbers.py,method,__lt__,1,A,1,9,10,4,,0,/home/juan/Documents/Analisis-CC-PyCEFR/data/processed/python-algorithms/radon_output_python-algorithms.json
python-algorithms,python-algorithms,/home/juan/Documents/Analisis-CC-PyCEFR/python-algorithms/EPI_prep/src/binary_search_trees/7_enumerate_numbers_of_the_form_a+b_sqrt2/enumerate_numbers.py,enumerate_numbers.py,method,__eq__,1,A,1,12,13,4,,0,/home/juan/Documents/Analisis-CC-PyCEFR/data/processed/python-algorithms/radon_output_python-algorithms.json
python-algorithms,python-algorithms,/home/juan/Documents/Analisis-CC-PyCEFR/python-algorithms/EPI_prep/src/binary_search_trees/7_enumerate_numbers_of_the_form_a+b_sqrt2/enumerate_numbers_1.py,enumerate_numbers_1.py,function,generate_first_k_a_b_sqrt2,5,A,1,16,30,0,,0,/home/juan/Documents/Analisis-CC-PyCEFR/data/processed/python-algorithms/radon_output_python-algorithms.json
python-algorithms,python-algorithms,/home/juan/Documents/Analisis-CC-PyCEFR/python-algorithms/EPI_prep/src/binary_search_trees/7_enumerate_numbers_of_the_form_a+b_sqrt2/enumerate_numbers_1.py,enumerate_numbers_1.py,class,ABSqrt2,2,A,1,3,12,0,,0,/home/juan/Documents/Analisis-CC-PyCEFR/data/processed/python-algorithms/radon_output_python-algorithms.json
python-algorithms,python-algorithms,/home/juan/Documents/Analisis-CC-PyCEFR/python-algorithms/EPI_prep/src/binary_search_trees/7_enumerate_numbers_of_the_form_a+b_sqrt2/enumerate_numbers_1.py,enumerate_numbers_1.py,method,__init__,1,A,1,4,6,4,,0,/home/juan/Documents/Analisis-CC-PyCEFR/data/processed/python-algorithms/radon_output_python-algorithms.json
python-algorithms,python-algorithms,/home/juan/Documents/Analisis-CC-PyCEFR/python-algorithms/EPI_prep/src/binary_search_trees/7_enumerate_numbers_of_the_form_a+b_sqrt2/enumerate_numbers_1.py,enumerate_numbers_1.py,method,__lt__,1,A,1,8,9,4,,0,/home/juan/Documents/Analisis-CC-PyCEFR/data/processed/python-algorithms/radon_output_python-algorithms.json
python-algorithms,python-algorithms,/home/juan/Documents/Analisis-CC-PyCEFR/python-algorithms/EPI_prep/src/binary_search_trees/7_enumerate_numbers_of_the_form_a+b_sqrt2/enumerate_numbers_1.py,enumerate_numbers_1.py,method,__eq__,1,A,1,11,12,4,,0,/home/juan/Documents/Analisis-CC-PyCEFR/data/processed/python-algorithms/radon_output_python-algorithms.json
python-algorithms,python-algorithms,/home/juan/Documents/Analisis-CC-PyCEFR/python-algorithms/EPI_prep/src/binary_search_trees/10_range_look_up_problem/range_lookup.py,range_lookup.py,class,TreeNode,2,A,1,1,5,0,,0,/home/juan/Documents/Analisis-CC-PyCEFR/data/processed/python-algorithms/radon_output_python-algorithms.json
python-algorithms,python-algorithms,/home/juan/Documents/Analisis-CC-PyCEFR/python-algorithms/EPI_prep/src/binary_search_trees/10_range_look_up_problem/range_lookup.py,range_lookup.py,function,range_lookup,1,A,1,9,26,0,,0,/home/juan/Documents/Analisis-CC-PyCEFR/data/processed/python-algorithms/radon_output_python-algorithms.json
python-algorithms,python-algorithms,/home/juan/Documents/Analisis-CC-PyCEFR/python-algorithms/EPI_prep/src/binary_search_trees/10_range_look_up_problem/range_lookup.py,range_lookup.py,function,range_lookup_helper,4,A,1,12,23,4,range_lookup,1,/home/juan/Documents/Analisis-CC-PyCEFR/data/processed/python-algorithms/radon_output_python-algorithms.json
python-algorithms,python-algorithms,/home/juan/Documents/Analisis-CC-PyCEFR/python-algorithms/EPI_prep/src/binary_search_trees/10_range_look_up_problem/range_lookup.py,range_lookup.py,method,__init__,1,A,1,2,5,4,,0,/home/juan/Documents/Analisis-CC-PyCEFR/data/processed/python-algorithms/radon_output_python-algorithms.json
python-algorithms,python-algorithms,/home/juan/Documents/Analisis-CC-PyCEFR/python-algorithms/EPI_prep/src/binary_search_trees/1_check_if_bst_satisfies_bst_property/is_bst_2.py,is_bst_2.py,function,is_bst_valid,6,B,2,20,37,0,,0,/home/juan/Documents/Analisis-CC-PyCEFR/data/processed/python-algorithms/radon_output_python-algorithms.json
python-algorithms,python-algorithms,/home/juan/Documents/Analisis-CC-PyCEFR/python-algorithms/EPI_prep/src/binary_search_trees/1_check_if_bst_satisfies_bst_property/is_bst_2.py,is_bst_2.py,class,TreeNode,2,A,1,3,7,0,,0,/home/juan/Documents/Analisis-CC-PyCEFR/data/processed/python-algorithms/radon_output_python-algorithms.json
python-algorithms,python-algorithms,/home/juan/Documents/Analisis-CC-PyCEFR/python-algorithms/EPI_prep/src/binary_search_trees/1_check_if_bst_satisfies_bst_property/is_bst_2.py,is_bst_2.py,method,__init__,1,A,1,4,7,4,,0,/home/juan/Documents/Analisis-CC-PyCEFR/data/processed/python-algorithms/radon_output_python-algorithms.json
python-algorithms,python-algorithms,/home/juan/Documents/Analisis-CC-PyCEFR/python-algorithms/EPI_prep/src/binary_search_trees/1_check_if_bst_satisfies_bst_property/is_bst.py,is_bst.py,function,is_valid,4,A,1,15,22,0,,0,/home/juan/Documents/Analisis-CC-PyCEFR/data/processed/python-algorithms/radon_output_python-algorithms.json
python-algorithms,python-algorithms,/home/juan/Documents/Analisis-CC-PyCEFR/python-algorithms/EPI_prep/src/binary_search_trees/1_check_if_bst_satisfies_bst_property/is_bst.py,is_bst.py,class,TreeNode,2,A,1,6,10,0,,0,/home/juan/Documents/Analisis-CC-PyCEFR/data/processed/python-algorithms/radon_output_python-algorithms.json
python-algorithms,python-algorithms,/home/juan/Documents/Analisis-CC-PyCEFR/python-algorithms/EPI_prep/src/binary_search_trees/1_check_if_bst_satisfies_bst_property/is_bst.py,is_bst.py,function,is_bst,1,A,1,12,13,0,,0,/home/juan/Documents/Analisis-CC-PyCEFR/data/processed/python-algorithms/radon_output_python-algorithms.json
python-algorithms,python-algorithms,/home/juan/Documents/Analisis-CC-PyCEFR/python-algorithms/EPI_prep/src/binary_search_trees/1_check_if_bst_satisfies_bst_property/is_bst.py,is_bst.py,method,__init__,1,A,1,7,10,4,,0,/home/juan/Documents/Analisis-CC-PyCEFR/data/processed/python-algorithms/radon_output_python-algorithms.json
python-algorithms,python-algorithms,/home/juan/Documents/Analisis-CC-PyCEFR/python-algorithms/EPI_prep/src/binary_search_trees/8_build_minimum_height_bst/min_height_bst_2.py,min_height_bst_2.py,function,build_min_height_bst,2,A,1,8,22,0,,0,/home/juan/Documents/Analisis-CC-PyCEFR/data/processed/python-algorithms/radon_output_python-algorithms.json
python-algorithms,python-algorithms,/home/juan/Documents/Analisis-CC-PyCEFR/python-algorithms/EPI_prep/src/binary_search_trees/8_build_minimum_height_bst/min_height_bst_2.py,min_height_bst_2.py,function,build_bst,2,A,1,14,20,4,build_min_height_bst,1,/home/juan/Documents/Analisis-CC-PyCEFR/data/processed/python-algorithms/radon_output_python-algorithms.json
python-algorithms,python-algorithms,/home/juan/Documents/Analisis-CC-PyCEFR/python-algorithms/EPI_prep/src/binary_search_trees/8_build_minimum_height_bst/min_height_bst_2.py,min_height_bst_2.py,function,inorder,2,A,1,25,31,0,,0,/home/juan/Documents/Analisis-CC-PyCEFR/data/processed/python-algorithms/radon_output_python-algorithms.json
python-algorithms,python-algorithms,/home/juan/Documents/Analisis-CC-PyCEFR/python-algorithms/EPI_prep/src/binary_search_trees/8_build_minimum_height_bst/min_height_bst_2.py,min_height_bst_2.py,class,TreeNode,2,A,1,1,4,0,,0,/home/juan/Documents/Analisis-CC-PyCEFR/data/processed/python-algorithms/radon_output_python-algorithms.json
python-algorithms,python-algorithms,/home/juan/Documents/Analisis-CC-PyCEFR/python-algorithms/EPI_prep/src/binary_search_trees/8_build_minimum_height_bst/min_height_bst_2.py,min_height_bst_2.py,method,__init__,1,A,1,2,4,4,,0,/home/juan/Documents/Analisis-CC-PyCEFR/data/processed/python-algorithms/radon_output_python-algorithms.json
python-algorithms,python-algorithms,/home/juan/Documents/Analisis-CC-PyCEFR/python-algorithms/EPI_prep/src/binary_search_trees/8_build_minimum_height_bst/min_height_bst.py,min_height_bst.py,function,build_min_height_bst,2,A,1,8,26,0,,0,/home/juan/Documents/Analisis-CC-PyCEFR/data/processed/python-algorithms/radon_output_python-algorithms.json
python-algorithms,python-algorithms,/home/juan/Documents/Analisis-CC-PyCEFR/python-algorithms/EPI_prep/src/binary_search_trees/8_build_minimum_height_bst/min_height_bst.py,min_height_bst.py,function,build_bst,3,A,1,14,24,4,build_min_height_bst,1,/home/juan/Documents/Analisis-CC-PyCEFR/data/processed/python-algorithms/radon_output_python-algorithms.json
python-algorithms,python-algorithms,/home/juan/Documents/Analisis-CC-PyCEFR/python-algorithms/EPI_prep/src/binary_search_trees/8_build_minimum_height_bst/min_height_bst.py,min_height_bst.py,function,inorder,2,A,1,29,35,0,,0,/home/juan/Documents/Analisis-CC-PyCEFR/data/processed/python-algorithms/radon_output_python-algorithms.json
python-algorithms,python-algorithms,/home/juan/Documents/Analisis-CC-PyCEFR/python-algorithms/EPI_prep/src/binary_search_trees/8_build_minimum_height_bst/min_height_bst.py,min_height_bst.py,class,TreeNode,2,A,1,1,4,0,,0,/home/juan/Documents/Analisis-CC-PyCEFR/data/processed/python-algorithms/radon_output_python-algorithms.json
python-algorithms,python-algorithms,/home/juan/Documents/Analisis-CC-PyCEFR/python-algorithms/EPI_prep/src/binary_search_trees/8_build_minimum_height_bst/min_height_bst.py,min_height_bst.py,method,__init__,1,A,1,2,4,4,,0,/home/juan/Documents/Analisis-CC-PyCEFR/data/processed/python-algorithms/radon_output_python-algorithms.json
python-algorithms,python-algorithms,/home/juan/Documents/Analisis-CC-PyCEFR/python-algorithms/EPI_prep/src/binary_search_trees/0_search_bst/search_bst.py,search_bst.py,function,search_bst,4,A,1,7,14,0,,0,/home/juan/Documents/Analisis-CC-PyCEFR/data/processed/python-algorithms/radon_output_python-algorithms.json
python-algorithms,python-algorithms,/home/juan/Documents/Analisis-CC-PyCEFR/python-algorithms/EPI_prep/src/binary_search_trees/0_search_bst/search_bst.py,search_bst.py,class,TreeNode,2,A,1,1,5,0,,0,/home/juan/Documents/Analisis-CC-PyCEFR/data/processed/python-algorithms/radon_output_python-algorithms.json
python-algorithms,python-algorithms,/home/juan/Documents/Analisis-CC-PyCEFR/python-algorithms/EPI_prep/src/binary_search_trees/0_search_bst/search_bst.py,search_bst.py,method,__init__,1,A,1,2,5,4,,0,/home/juan/Documents/Analisis-CC-PyCEFR/data/processed/python-algorithms/radon_output_python-algorithms.json
python-algorithms,python-algorithms,/home/juan/Documents/Analisis-CC-PyCEFR/python-algorithms/EPI_prep/src/binary_search_trees/3_k_largest_in_bst/k_largest_3.py,k_largest_3.py,function,find_k_largest,2,A,1,10,27,0,,0,/home/juan/Documents/Analisis-CC-PyCEFR/data/processed/python-algorithms/radon_output_python-algorithms.json
python-algorithms,python-algorithms,/home/juan/Documents/Analisis-CC-PyCEFR/python-algorithms/EPI_prep/src/binary_search_trees/3_k_largest_in_bst/k_largest_3.py,k_largest_3.py,function,inorder,2,A,1,13,19,4,find_k_largest,1,/home/juan/Documents/Analisis-CC-PyCEFR/data/processed/python-algorithms/radon_output_python-algorithms.json
python-algorithms,python-algorithms,/home/juan/Documents/Analisis-CC-PyCEFR/python-algorithms/EPI_prep/src/binary_search_trees/3_k_largest_in_bst/k_largest_3.py,k_largest_3.py,class,TreeNode,2,A,1,4,8,0,,0,/home/juan/Documents/Analisis-CC-PyCEFR/data/processed/python-algorithms/radon_output_python-algorithms.json
python-algorithms,python-algorithms,/home/juan/Documents/Analisis-CC-PyCEFR/python-algorithms/EPI_prep/src/binary_search_trees/3_k_largest_in_bst/k_largest_3.py,k_largest_3.py,method,__init__,1,A,1,5,8,4,,0,/home/juan/Documents/Analisis-CC-PyCEFR/data/processed/python-algorithms/radon_output_python-algorithms.json
python-algorithms,python-algorithms,/home/juan/Documents/Analisis-CC-PyCEFR/python-algorithms/EPI_prep/src/binary_search_trees/3_k_largest_in_bst/k_largest_2.py,k_largest_2.py,function,find_k_largest,2,A,1,19,36,0,,0,/home/juan/Documents/Analisis-CC-PyCEFR/data/processed/python-algorithms/radon_output_python-algorithms.json
python-algorithms,python-algorithms,/home/juan/Documents/Analisis-CC-PyCEFR/python-algorithms/EPI_prep/src/binary_search_trees/3_k_largest_in_bst/k_largest_2.py,k_largest_2.py,function,inorder,2,A,1,22,28,4,find_k_largest,1,/home/juan/Documents/Analisis-CC-PyCEFR/data/processed/python-algorithms/radon_output_python-algorithms.json
python-algorithms,python-algorithms,/home/juan/Documents/Analisis-CC-PyCEFR/python-algorithms/EPI_prep/src/binary_search_trees/3_k_largest_in_bst/k_largest_2.py,k_largest_2.py,class,TreeNode,2,A,1,5,9,0,,0,/home/juan/Documents/Analisis-CC-PyCEFR/data/processed/python-algorithms/radon_output_python-algorithms.json
python-algorithms,python-algorithms,/home/juan/Documents/Analisis-CC-PyCEFR/python-algorithms/EPI_prep/src/binary_search_trees/3_k_largest_in_bst/k_largest_2.py,k_largest_2.py,method,__init__,1,A,1,6,9,4,,0,/home/juan/Documents/Analisis-CC-PyCEFR/data/processed/python-algorithms/radon_output_python-algorithms.json
python-algorithms,python-algorithms,/home/juan/Documents/Analisis-CC-PyCEFR/python-algorithms/EPI_prep/src/binary_search_trees/3_k_largest_in_bst/k_largest_1.py,k_largest_1.py,class,TreeNode,2,A,1,5,9,0,,0,/home/juan/Documents/Analisis-CC-PyCEFR/data/processed/python-algorithms/radon_output_python-algorithms.json
python-algorithms,python-algorithms,/home/juan/Documents/Analisis-CC-PyCEFR/python-algorithms/EPI_prep/src/binary_search_trees/3_k_largest_in_bst/k_largest_1.py,k_largest_1.py,function,find_k_largest,1,A,1,15,27,0,,0,/home/juan/Documents/Analisis-CC-PyCEFR/data/processed/python-algorithms/radon_output_python-algorithms.json
python-algorithms,python-algorithms,/home/juan/Documents/Analisis-CC-PyCEFR/python-algorithms/EPI_prep/src/binary_search_trees/3_k_largest_in_bst/k_largest_1.py,k_largest_1.py,function,find_k_largest_helper,4,A,1,17,23,4,find_k_largest,1,/home/juan/Documents/Analisis-CC-PyCEFR/data/processed/python-algorithms/radon_output_python-algorithms.json
python-algorithms,python-algorithms,/home/juan/Documents/Analisis-CC-PyCEFR/python-algorithms/EPI_prep/src/binary_search_trees/3_k_largest_in_bst/k_largest_1.py,k_largest_1.py,method,__init__,1,A,1,6,9,4,,0,/home/juan/Documents/Analisis-CC-PyCEFR/data/processed/python-algorithms/radon_output_python-algorithms.json
python-algorithms,python-algorithms,/home/juan/Documents/Analisis-CC-PyCEFR/python-algorithms/EPI_prep/src/binary_search_trees/4_lca_in_a_bst/find_lca.py,find_lca.py,function,find_lca,6,B,2,7,16,0,,0,/home/juan/Documents/Analisis-CC-PyCEFR/data/processed/python-algorithms/radon_output_python-algorithms.json
python-algorithms,python-algorithms,/home/juan/Documents/Analisis-CC-PyCEFR/python-algorithms/EPI_prep/src/binary_search_trees/4_lca_in_a_bst/find_lca.py,find_lca.py,class,TreeNode,2,A,1,1,5,0,,0,/home/juan/Documents/Analisis-CC-PyCEFR/data/processed/python-algorithms/radon_output_python-algorithms.json
python-algorithms,python-algorithms,/home/juan/Documents/Analisis-CC-PyCEFR/python-algorithms/EPI_prep/src/binary_search_trees/4_lca_in_a_bst/find_lca.py,find_lca.py,function,find_lca_recursive,1,A,1,18,30,0,,0,/home/juan/Documents/Analisis-CC-PyCEFR/data/processed/python-algorithms/radon_output_python-algorithms.json
python-algorithms,python-algorithms,/home/juan/Documents/Analisis-CC-PyCEFR/python-algorithms/EPI_prep/src/binary_search_trees/4_lca_in_a_bst/find_lca.py,find_lca.py,function,find_lca_helper,6,B,2,19,28,4,find_lca_recursive,1,/home/juan/Documents/Analisis-CC-PyCEFR/data/processed/python-algorithms/radon_output_python-algorithms.json
python-algorithms,python-algorithms,/home/juan/Documents/Analisis-CC-PyCEFR/python-algorithms/EPI_prep/src/binary_search_trees/4_lca_in_a_bst/find_lca.py,find_lca.py,method,__init__,1,A,1,2,5,4,,0,/home/juan/Documents/Analisis-CC-PyCEFR/data/processed/python-algorithms/radon_output_python-algorithms.json
python-algorithms,python-algorithms,/home/juan/Documents/Analisis-CC-PyCEFR/python-algorithms/EPI_prep/src/binary_search_trees/2_find_first_key_greater_than_a_value_in_bst/find_first_greater_than_k.py,find_first_greater_than_k.py,function,find_first_greater_than_than_k,3,A,1,10,18,0,,0,/home/juan/Documents/Analisis-CC-PyCEFR/data/processed/python-algorithms/radon_output_python-algorithms.json
python-algorithms,python-algorithms,/home/juan/Documents/Analisis-CC-PyCEFR/python-algorithms/EPI_prep/src/binary_search_trees/2_find_first_key_greater_than_a_value_in_bst/find_first_greater_than_k.py,find_first_greater_than_k.py,class,TreeNode,2,A,1,4,8,0,,0,/home/juan/Documents/Analisis-CC-PyCEFR/data/processed/python-algorithms/radon_output_python-algorithms.json
python-algorithms,python-algorithms,/home/juan/Documents/Analisis-CC-PyCEFR/python-algorithms/EPI_prep/src/binary_search_trees/2_find_first_key_greater_than_a_value_in_bst/find_first_greater_than_k.py,find_first_greater_than_k.py,method,__init__,1,A,1,5,8,4,,0,/home/juan/Documents/Analisis-CC-PyCEFR/data/processed/python-algorithms/radon_output_python-algorithms.json
python-algorithms,python-algorithms,/home/juan/Documents/Analisis-CC-PyCEFR/python-algorithms/EPI_prep/src/binary_trees/13_reconstruct_bt_from_preorder_traversal/reconstruct_bt_1.py,reconstruct_bt_1.py,class,TreeNode,2,A,1,1,5,0,,0,/home/juan/Documents/Analisis-CC-PyCEFR/data/processed/python-algorithms/radon_output_python-algorithms.json
python-algorithms,python-algorithms,/home/juan/Documents/Analisis-CC-PyCEFR/python-algorithms/EPI_prep/src/binary_trees/13_reconstruct_bt_from_preorder_traversal/reconstruct_bt_1.py,reconstruct_bt_1.py,function,reconstruct,1,A,1,9,19,0,,0,/home/juan/Documents/Analisis-CC-PyCEFR/data/processed/python-algorithms/radon_output_python-algorithms.json
python-algorithms,python-algorithms,/home/juan/Documents/Analisis-CC-PyCEFR/python-algorithms/EPI_prep/src/binary_trees/13_reconstruct_bt_from_preorder_traversal/reconstruct_bt_1.py,reconstruct_bt_1.py,function,reconstruct_helper,2,A,1,10,17,4,reconstruct,1,/home/juan/Documents/Analisis-CC-PyCEFR/data/processed/python-algorithms/radon_output_python-algorithms.json
python-algorithms,python-algorithms,/home/juan/Documents/Analisis-CC-PyCEFR/python-algorithms/EPI_prep/src/binary_trees/13_reconstruct_bt_from_preorder_traversal/reconstruct_bt_1.py,reconstruct_bt_1.py,function,preorder_traversal,1,A,1,36,47,0,,0,/home/juan/Documents/Analisis-CC-PyCEFR/data/processed/python-algorithms/radon_output_python-algorithms.json
python-algorithms,python-algorithms,/home/juan/Documents/Analisis-CC-PyCEFR/python-algorithms/EPI_prep/src/binary_trees/13_reconstruct_bt_from_preorder_traversal/reconstruct_bt_1.py,reconstruct_bt_1.py,function,preorder,2,A,1,38,44,4,preorder_traversal,1,/home/juan/Documents/Analisis-CC-PyCEFR/data/processed/python-algorithms/radon_output_python-algorithms.json
python-algorithms,python-algorithms,/home/juan/Documents/Analisis-CC-PyCEFR/python-algorithms/EPI_prep/src/binary_trees/13_reconstruct_bt_from_preorder_traversal/reconstruct_bt_1.py,reconstruct_bt_1.py,method,__init__,1,A,1,2,5,4,,0,/home/juan/Documents/Analisis-CC-PyCEFR/data/processed/python-algorithms/radon_output_python-algorithms.json
python-algorithms,python-algorithms,/home/juan/Documents/Analisis-CC-PyCEFR/python-algorithms/EPI_prep/src/binary_trees/13_reconstruct_bt_from_preorder_traversal/reconstruct_bt_2.py,reconstruct_bt_2.py,class,TreeNode,2,A,1,1,5,0,,0,/home/juan/Documents/Analisis-CC-PyCEFR/data/processed/python-algorithms/radon_output_python-algorithms.json
python-algorithms,python-algorithms,/home/juan/Documents/Analisis-CC-PyCEFR/python-algorithms/EPI_prep/src/binary_trees/13_reconstruct_bt_from_preorder_traversal/reconstruct_bt_2.py,reconstruct_bt_2.py,function,reconstruct,1,A,1,10,25,0,,0,/home/juan/Documents/Analisis-CC-PyCEFR/data/processed/python-algorithms/radon_output_python-algorithms.json
python-algorithms,python-algorithms,/home/juan/Documents/Analisis-CC-PyCEFR/python-algorithms/EPI_prep/src/binary_trees/13_reconstruct_bt_from_preorder_traversal/reconstruct_bt_2.py,reconstruct_bt_2.py,function,construct,2,A,1,12,23,4,reconstruct,1,/home/juan/Documents/Analisis-CC-PyCEFR/data/processed/python-algorithms/radon_output_python-algorithms.json
python-algorithms,python-algorithms,/home/juan/Documents/Analisis-CC-PyCEFR/python-algorithms/EPI_prep/src/binary_trees/13_reconstruct_bt_from_preorder_traversal/reconstruct_bt_2.py,reconstruct_bt_2.py,function,preorder_traversal,1,A,1,42,53,0,,0,/home/juan/Documents/Analisis-CC-PyCEFR/data/processed/python-algorithms/radon_output_python-algorithms.json
python-algorithms,python-algorithms,/home/juan/Documents/Analisis-CC-PyCEFR/python-algorithms/EPI_prep/src/binary_trees/13_reconstruct_bt_from_preorder_traversal/reconstruct_bt_2.py,reconstruct_bt_2.py,function,preorder,2,A,1,44,50,4,preorder_traversal,1,/home/juan/Documents/Analisis-CC-PyCEFR/data/processed/python-algorithms/radon_output_python-algorithms.json
python-algorithms,python-algorithms,/home/juan/Documents/Analisis-CC-PyCEFR/python-algorithms/EPI_prep/src/binary_trees/13_reconstruct_bt_from_preorder_traversal/reconstruct_bt_2.py,reconstruct_bt_2.py,method,__init__,1,A,1,2,5,4,,0,/home/juan/Documents/Analisis-CC-PyCEFR/data/processed/python-algorithms/radon_output_python-algorithms.json
python-algorithms,python-algorithms,/home/juan/Documents/Analisis-CC-PyCEFR/python-algorithms/EPI_prep/src/binary_trees/11_inorder_traversal_in_constant_space/inorder_traversal.py,inorder_traversal.py,function,inorder_traversal,7,B,2,30,48,0,,0,/home/juan/Documents/Analisis-CC-PyCEFR/data/processed/python-algorithms/radon_output_python-algorithms.json
python-algorithms,python-algorithms,/home/juan/Documents/Analisis-CC-PyCEFR/python-algorithms/EPI_prep/src/binary_trees/11_inorder_traversal_in_constant_space/inorder_traversal.py,inorder_traversal.py,class,Node,2,A,1,1,4,0,,0,/home/juan/Documents/Analisis-CC-PyCEFR/data/processed/python-algorithms/radon_output_python-algorithms.json
python-algorithms,python-algorithms,/home/juan/Documents/Analisis-CC-PyCEFR/python-algorithms/EPI_prep/src/binary_trees/11_inorder_traversal_in_constant_space/inorder_traversal.py,inorder_traversal.py,method,__init__,1,A,1,2,4,4,,0,/home/juan/Documents/Analisis-CC-PyCEFR/data/processed/python-algorithms/radon_output_python-algorithms.json
python-algorithms,python-algorithms,/home/juan/Documents/Analisis-CC-PyCEFR/python-algorithms/EPI_prep/src/binary_trees/1_is_binary_tree_height_balanced/balanced_binary_tree.py,balanced_binary_tree.py,class,Node,2,A,1,3,6,0,,0,/home/juan/Documents/Analisis-CC-PyCEFR/data/processed/python-algorithms/radon_output_python-algorithms.json
python-algorithms,python-algorithms,/home/juan/Documents/Analisis-CC-PyCEFR/python-algorithms/EPI_prep/src/binary_trees/1_is_binary_tree_height_balanced/balanced_binary_tree.py,balanced_binary_tree.py,function,is_balanced_binary_tree,1,A,1,9,29,0,,0,/home/juan/Documents/Analisis-CC-PyCEFR/data/processed/python-algorithms/radon_output_python-algorithms.json
python-algorithms,python-algorithms,/home/juan/Documents/Analisis-CC-PyCEFR/python-algorithms/EPI_prep/src/binary_trees/1_is_binary_tree_height_balanced/balanced_binary_tree.py,balanced_binary_tree.py,function,check_balance,4,A,1,12,27,4,is_balanced_binary_tree,1,/home/juan/Documents/Analisis-CC-PyCEFR/data/processed/python-algorithms/radon_output_python-algorithms.json
python-algorithms,python-algorithms,/home/juan/Documents/Analisis-CC-PyCEFR/python-algorithms/EPI_prep/src/binary_trees/1_is_binary_tree_height_balanced/balanced_binary_tree.py,balanced_binary_tree.py,method,__init__,1,A,1,4,6,4,,0,/home/juan/Documents/Analisis-CC-PyCEFR/data/processed/python-algorithms/radon_output_python-algorithms.json
python-algorithms,python-algorithms,/home/juan/Documents/Analisis-CC-PyCEFR/python-algorithms/EPI_prep/src/binary_trees/6.1_root_to_leaf_sum_all_paths/all_paths.py,all_paths.py,class,Node,2,A,1,1,4,0,,0,/home/juan/Documents/Analisis-CC-PyCEFR/data/processed/python-algorithms/radon_output_python-algorithms.json
python-algorithms,python-algorithms,/home/juan/Documents/Analisis-CC-PyCEFR/python-algorithms/EPI_prep/src/binary_trees/6.1_root_to_leaf_sum_all_paths/all_paths.py,all_paths.py,function,has_path_sum,1,A,1,6,25,0,,0,/home/juan/Documents/Analisis-CC-PyCEFR/data/processed/python-algorithms/radon_output_python-algorithms.json
python-algorithms,python-algorithms,/home/juan/Documents/Analisis-CC-PyCEFR/python-algorithms/EPI_prep/src/binary_trees/6.1_root_to_leaf_sum_all_paths/all_paths.py,all_paths.py,function,find_paths,5,A,1,7,21,4,has_path_sum,1,/home/juan/Documents/Analisis-CC-PyCEFR/data/processed/python-algorithms/radon_output_python-algorithms.json
python-algorithms,python-algorithms,/home/juan/Documents/Analisis-CC-PyCEFR/python-algorithms/EPI_prep/src/binary_trees/6.1_root_to_leaf_sum_all_paths/all_paths.py,all_paths.py,method,__init__,1,A,1,2,4,4,,0,/home/juan/Documents/Analisis-CC-PyCEFR/data/processed/python-algorithms/radon_output_python-algorithms.json
python-algorithms,python-algorithms,/home/juan/Documents/Analisis-CC-PyCEFR/python-algorithms/EPI_prep/src/binary_trees/8_preorder_traversal_without_recursion/preorder_traversal.py,preorder_traversal.py,function,preorder_traversal,4,A,1,11,23,0,,0,/home/juan/Documents/Analisis-CC-PyCEFR/data/processed/python-algorithms/radon_output_python-algorithms.json
python-algorithms,python-algorithms,/home/juan/Documents/Analisis-CC-PyCEFR/python-algorithms/EPI_prep/src/binary_trees/8_preorder_traversal_without_recursion/preorder_traversal.py,preorder_traversal.py,class,Node,2,A,1,1,4,0,,0,/home/juan/Documents/Analisis-CC-PyCEFR/data/processed/python-algorithms/radon_output_python-algorithms.json
python-algorithms,python-algorithms,/home/juan/Documents/Analisis-CC-PyCEFR/python-algorithms/EPI_prep/src/binary_trees/8_preorder_traversal_without_recursion/preorder_traversal.py,preorder_traversal.py,method,__init__,1,A,1,2,4,4,,0,/home/juan/Documents/Analisis-CC-PyCEFR/data/processed/python-algorithms/radon_output_python-algorithms.json
python-algorithms,python-algorithms,/home/juan/Documents/Analisis-CC-PyCEFR/python-algorithms/EPI_prep/src/binary_trees/11.1_preorder_traversal_in_constant_space/preorder_traversal.py,preorder_traversal.py,function,preorder_traversal,7,B,2,30,48,0,,0,/home/juan/Documents/Analisis-CC-PyCEFR/data/processed/python-algorithms/radon_output_python-algorithms.json
python-algorithms,python-algorithms,/home/juan/Documents/Analisis-CC-PyCEFR/python-algorithms/EPI_prep/src/binary_trees/11.1_preorder_traversal_in_constant_space/preorder_traversal.py,preorder_traversal.py,class,Node,2,A,1,1,4,0,,0,/home/juan/Documents/Analisis-CC-PyCEFR/data/processed/python-algorithms/radon_output_python-algorithms.json
python-algorithms,python-algorithms,/home/juan/Documents/Analisis-CC-PyCEFR/python-algorithms/EPI_prep/src/binary_trees/11.1_preorder_traversal_in_constant_space/preorder_traversal.py,preorder_traversal.py,method,__init__,1,A,1,2,4,4,,0,/home/juan/Documents/Analisis-CC-PyCEFR/data/processed/python-algorithms/radon_output_python-algorithms.json
python-algorithms,python-algorithms,/home/juan/Documents/Analisis-CC-PyCEFR/python-algorithms/EPI_prep/src/binary_trees/5_sum_root_to_leaf/sum_root_to_leaf.py,sum_root_to_leaf.py,class,Node,2,A,1,1,4,0,,0,/home/juan/Documents/Analisis-CC-PyCEFR/data/processed/python-algorithms/radon_output_python-algorithms.json
python-algorithms,python-algorithms,/home/juan/Documents/Analisis-CC-PyCEFR/python-algorithms/EPI_prep/src/binary_trees/5_sum_root_to_leaf/sum_root_to_leaf.py,sum_root_to_leaf.py,function,sum_root_to_leaf,1,A,1,6,17,0,,0,/home/juan/Documents/Analisis-CC-PyCEFR/data/processed/python-algorithms/radon_output_python-algorithms.json
python-algorithms,python-algorithms,/home/juan/Documents/Analisis-CC-PyCEFR/python-algorithms/EPI_prep/src/binary_trees/5_sum_root_to_leaf/sum_root_to_leaf.py,sum_root_to_leaf.py,function,sum,4,A,1,7,15,4,sum_root_to_leaf,1,/home/juan/Documents/Analisis-CC-PyCEFR/data/processed/python-algorithms/radon_output_python-algorithms.json
python-algorithms,python-algorithms,/home/juan/Documents/Analisis-CC-PyCEFR/python-algorithms/EPI_prep/src/binary_trees/5_sum_root_to_leaf/sum_root_to_leaf.py,sum_root_to_leaf.py,method,__init__,1,A,1,2,4,4,,0,/home/juan/Documents/Analisis-CC-PyCEFR/data/processed/python-algorithms/radon_output_python-algorithms.json
python-algorithms,python-algorithms,/home/juan/Documents/Analisis-CC-PyCEFR/python-algorithms/EPI_prep/src/binary_trees/9.1_kth_node_in_inorder_traversal/kth_node.py,kth_node.py,function,kth_node_2,2,A,1,36,47,0,,0,/home/juan/Documents/Analisis-CC-PyCEFR/data/processed/python-algorithms/radon_output_python-algorithms.json
python-algorithms,python-algorithms,/home/juan/Documents/Analisis-CC-PyCEFR/python-algorithms/EPI_prep/src/binary_trees/9.1_kth_node_in_inorder_traversal/kth_node.py,kth_node.py,function,inorder,2,A,1,39,44,4,kth_node_2,1,/home/juan/Documents/Analisis-CC-PyCEFR/data/processed/python-algorithms/radon_output_python-algorithms.json
python-algorithms,python-algorithms,/home/juan/Documents/Analisis-CC-PyCEFR/python-algorithms/EPI_prep/src/binary_trees/9.1_kth_node_in_inorder_traversal/kth_node.py,kth_node.py,class,Node,2,A,1,4,7,0,,0,/home/juan/Documents/Analisis-CC-PyCEFR/data/processed/python-algorithms/radon_output_python-algorithms.json
python-algorithms,python-algorithms,/home/juan/Documents/Analisis-CC-PyCEFR/python-algorithms/EPI_prep/src/binary_trees/9.1_kth_node_in_inorder_traversal/kth_node.py,kth_node.py,function,kth_node,1,A,1,10,34,0,,0,/home/juan/Documents/Analisis-CC-PyCEFR/data/processed/python-algorithms/radon_output_python-algorithms.json
python-algorithms,python-algorithms,/home/juan/Documents/Analisis-CC-PyCEFR/python-algorithms/EPI_prep/src/binary_trees/9.1_kth_node_in_inorder_traversal/kth_node.py,kth_node.py,function,inorder,5,A,1,14,31,4,kth_node,1,/home/juan/Documents/Analisis-CC-PyCEFR/data/processed/python-algorithms/radon_output_python-algorithms.json
python-algorithms,python-algorithms,/home/juan/Documents/Analisis-CC-PyCEFR/python-algorithms/EPI_prep/src/binary_trees/9.1_kth_node_in_inorder_traversal/kth_node.py,kth_node.py,method,__init__,1,A,1,5,7,4,,0,/home/juan/Documents/Analisis-CC-PyCEFR/data/processed/python-algorithms/radon_output_python-algorithms.json
python-algorithms,python-algorithms,/home/juan/Documents/Analisis-CC-PyCEFR/python-algorithms/EPI_prep/src/binary_trees/0_binary_tree_traversal/tree_traversals.py,tree_traversals.py,function,preorder_traversal,2,A,1,6,12,0,,0,/home/juan/Documents/Analisis-CC-PyCEFR/data/processed/python-algorithms/radon_output_python-algorithms.json
python-algorithms,python-algorithms,/home/juan/Documents/Analisis-CC-PyCEFR/python-algorithms/EPI_prep/src/binary_trees/0_binary_tree_traversal/tree_traversals.py,tree_traversals.py,function,inorder_traversal,2,A,1,17,23,0,,0,/home/juan/Documents/Analisis-CC-PyCEFR/data/processed/python-algorithms/radon_output_python-algorithms.json
python-algorithms,python-algorithms,/home/juan/Documents/Analisis-CC-PyCEFR/python-algorithms/EPI_prep/src/binary_trees/0_binary_tree_traversal/tree_traversals.py,tree_traversals.py,function,postorder_traversal,2,A,1,26,32,0,,0,/home/juan/Documents/Analisis-CC-PyCEFR/data/processed/python-algorithms/radon_output_python-algorithms.json
python-algorithms,python-algorithms,/home/juan/Documents/Analisis-CC-PyCEFR/python-algorithms/EPI_prep/src/binary_trees/0_binary_tree_traversal/tree_traversals.py,tree_traversals.py,class,Node,2,A,1,1,4,0,,0,/home/juan/Documents/Analisis-CC-PyCEFR/data/processed/python-algorithms/radon_output_python-algorithms.json
python-algorithms,python-algorithms,/home/juan/Documents/Analisis-CC-PyCEFR/python-algorithms/EPI_prep/src/binary_trees/0_binary_tree_traversal/tree_traversals.py,tree_traversals.py,method,__init__,1,A,1,2,4,4,,0,/home/juan/Documents/Analisis-CC-PyCEFR/data/processed/python-algorithms/radon_output_python-algorithms.json
python-algorithms,python-algorithms,/home/juan/Documents/Analisis-CC-PyCEFR/python-algorithms/EPI_prep/src/binary_trees/6_root_leaf_path_with_specified_sum/has_path_sum.py,has_path_sum.py,function,has_path_sum,6,B,2,6,14,0,,0,/home/juan/Documents/Analisis-CC-PyCEFR/data/processed/python-algorithms/radon_output_python-algorithms.json
python-algorithms,python-algorithms,/home/juan/Documents/Analisis-CC-PyCEFR/python-algorithms/EPI_prep/src/binary_trees/6_root_leaf_path_with_specified_sum/has_path_sum.py,has_path_sum.py,class,Node,2,A,1,1,4,0,,0,/home/juan/Documents/Analisis-CC-PyCEFR/data/processed/python-algorithms/radon_output_python-algorithms.json
python-algorithms,python-algorithms,/home/juan/Documents/Analisis-CC-PyCEFR/python-algorithms/EPI_prep/src/binary_trees/6_root_leaf_path_with_specified_sum/has_path_sum.py,has_path_sum.py,method,__init__,1,A,1,2,4,4,,0,/home/juan/Documents/Analisis-CC-PyCEFR/data/processed/python-algorithms/radon_output_python-algorithms.json
python-algorithms,python-algorithms,/home/juan/Documents/Analisis-CC-PyCEFR/python-algorithms/EPI_prep/src/binary_trees/14_form_a_linkedlist_from_leaves_of_bt/create_list_2.py,create_list_2.py,function,create_list_of_leaves,4,A,1,10,16,0,,0,/home/juan/Documents/Analisis-CC-PyCEFR/data/processed/python-algorithms/radon_output_python-algorithms.json
python-algorithms,python-algorithms,/home/juan/Documents/Analisis-CC-PyCEFR/python-algorithms/EPI_prep/src/binary_trees/14_form_a_linkedlist_from_leaves_of_bt/create_list_2.py,create_list_2.py,class,TreeNode,2,A,1,1,5,0,,0,/home/juan/Documents/Analisis-CC-PyCEFR/data/processed/python-algorithms/radon_output_python-algorithms.json
python-algorithms,python-algorithms,/home/juan/Documents/Analisis-CC-PyCEFR/python-algorithms/EPI_prep/src/binary_trees/14_form_a_linkedlist_from_leaves_of_bt/create_list_2.py,create_list_2.py,method,__init__,1,A,1,2,5,4,,0,/home/juan/Documents/Analisis-CC-PyCEFR/data/processed/python-algorithms/radon_output_python-algorithms.json
python-algorithms,python-algorithms,/home/juan/Documents/Analisis-CC-PyCEFR/python-algorithms/EPI_prep/src/binary_trees/14_form_a_linkedlist_from_leaves_of_bt/create_list_of_leaves.py,create_list_of_leaves.py,class,TreeNode,2,A,1,1,5,0,,0,/home/juan/Documents/Analisis-CC-PyCEFR/data/processed/python-algorithms/radon_output_python-algorithms.json
python-algorithms,python-algorithms,/home/juan/Documents/Analisis-CC-PyCEFR/python-algorithms/EPI_prep/src/binary_trees/14_form_a_linkedlist_from_leaves_of_bt/create_list_of_leaves.py,create_list_of_leaves.py,function,create_list_of_leaves,1,A,1,10,23,0,,0,/home/juan/Documents/Analisis-CC-PyCEFR/data/processed/python-algorithms/radon_output_python-algorithms.json
python-algorithms,python-algorithms,/home/juan/Documents/Analisis-CC-PyCEFR/python-algorithms/EPI_prep/src/binary_trees/14_form_a_linkedlist_from_leaves_of_bt/create_list_of_leaves.py,create_list_of_leaves.py,function,traverse_tree,4,A,1,12,20,4,create_list_of_leaves,1,/home/juan/Documents/Analisis-CC-PyCEFR/data/processed/python-algorithms/radon_output_python-algorithms.json
python-algorithms,python-algorithms,/home/juan/Documents/Analisis-CC-PyCEFR/python-algorithms/EPI_prep/src/binary_trees/14_form_a_linkedlist_from_leaves_of_bt/create_list_of_leaves.py,create_list_of_leaves.py,method,__init__,1,A,1,2,5,4,,0,/home/juan/Documents/Analisis-CC-PyCEFR/data/processed/python-algorithms/radon_output_python-algorithms.json
python-algorithms,python-algorithms,/home/juan/Documents/Analisis-CC-PyCEFR/python-algorithms/EPI_prep/src/binary_trees/3_lca/lca.py,lca.py,class,Node,2,A,1,3,6,0,,0,/home/juan/Documents/Analisis-CC-PyCEFR/data/processed/python-algorithms/radon_output_python-algorithms.json
python-algorithms,python-algorithms,/home/juan/Documents/Analisis-CC-PyCEFR/python-algorithms/EPI_prep/src/binary_trees/3_lca/lca.py,lca.py,function,lca,1,A,1,8,28,0,,0,/home/juan/Documents/Analisis-CC-PyCEFR/data/processed/python-algorithms/radon_output_python-algorithms.json
python-algorithms,python-algorithms,/home/juan/Documents/Analisis-CC-PyCEFR/python-algorithms/EPI_prep/src/binary_trees/3_lca/lca.py,lca.py,function,lca_helper,5,A,1,11,26,4,lca,1,/home/juan/Documents/Analisis-CC-PyCEFR/data/processed/python-algorithms/radon_output_python-algorithms.json
python-algorithms,python-algorithms,/home/juan/Documents/Analisis-CC-PyCEFR/python-algorithms/EPI_prep/src/binary_trees/3_lca/lca.py,lca.py,method,__init__,1,A,1,4,6,4,,0,/home/juan/Documents/Analisis-CC-PyCEFR/data/processed/python-algorithms/radon_output_python-algorithms.json
python-algorithms,python-algorithms,/home/juan/Documents/Analisis-CC-PyCEFR/python-algorithms/EPI_prep/src/binary_trees/15_compute_exterior_of_binary_tree/exterior_bt.py,exterior_bt.py,function,left_boundary_and_leaves,5,A,1,72,80,0,,0,/home/juan/Documents/Analisis-CC-PyCEFR/data/processed/python-algorithms/radon_output_python-algorithms.json
python-algorithms,python-algorithms,/home/juan/Documents/Analisis-CC-PyCEFR/python-algorithms/EPI_prep/src/binary_trees/15_compute_exterior_of_binary_tree/exterior_bt.py,exterior_bt.py,function,right_boundary_and_leaves,5,A,1,82,90,0,,0,/home/juan/Documents/Analisis-CC-PyCEFR/data/processed/python-algorithms/radon_output_python-algorithms.json
python-algorithms,python-algorithms,/home/juan/Documents/Analisis-CC-PyCEFR/python-algorithms/EPI_prep/src/binary_trees/15_compute_exterior_of_binary_tree/exterior_bt.py,exterior_bt.py,function,is_leaf,4,A,1,66,70,0,,0,/home/juan/Documents/Analisis-CC-PyCEFR/data/processed/python-algorithms/radon_output_python-algorithms.json
python-algorithms,python-algorithms,/home/juan/Documents/Analisis-CC-PyCEFR/python-algorithms/EPI_prep/src/binary_trees/15_compute_exterior_of_binary_tree/exterior_bt.py,exterior_bt.py,function,exterior_binary_tree,2,A,1,58,64,0,,0,/home/juan/Documents/Analisis-CC-PyCEFR/data/processed/python-algorithms/radon_output_python-algorithms.json
python-algorithms,python-algorithms,/home/juan/Documents/Analisis-CC-PyCEFR/python-algorithms/EPI_prep/src/binary_trees/15_compute_exterior_of_binary_tree/exterior_bt.py,exterior_bt.py,class,TreeNode,2,A,1,4,8,0,,0,/home/juan/Documents/Analisis-CC-PyCEFR/data/processed/python-algorithms/radon_output_python-algorithms.json
python-algorithms,python-algorithms,/home/juan/Documents/Analisis-CC-PyCEFR/python-algorithms/EPI_prep/src/binary_trees/15_compute_exterior_of_binary_tree/exterior_bt.py,exterior_bt.py,method,__init__,1,A,1,5,8,4,,0,/home/juan/Documents/Analisis-CC-PyCEFR/data/processed/python-algorithms/radon_output_python-algorithms.json
python-algorithms,python-algorithms,/home/juan/Documents/Analisis-CC-PyCEFR/python-algorithms/EPI_prep/src/binary_trees/9_kth_node_in_inorder_traversal/kth_node.py,kth_node.py,function,kth_node,6,B,2,7,19,0,,0,/home/juan/Documents/Analisis-CC-PyCEFR/data/processed/python-algorithms/radon_output_python-algorithms.json
python-algorithms,python-algorithms,/home/juan/Documents/Analisis-CC-PyCEFR/python-algorithms/EPI_prep/src/binary_trees/9_kth_node_in_inorder_traversal/kth_node.py,kth_node.py,class,Node,2,A,1,1,4,0,,0,/home/juan/Documents/Analisis-CC-PyCEFR/data/processed/python-algorithms/radon_output_python-algorithms.json
python-algorithms,python-algorithms,/home/juan/Documents/Analisis-CC-PyCEFR/python-algorithms/EPI_prep/src/binary_trees/9_kth_node_in_inorder_traversal/kth_node.py,kth_node.py,method,__init__,1,A,1,2,4,4,,0,/home/juan/Documents/Analisis-CC-PyCEFR/data/processed/python-algorithms/radon_output_python-algorithms.json
python-algorithms,python-algorithms,/home/juan/Documents/Analisis-CC-PyCEFR/python-algorithms/EPI_prep/src/binary_trees/16_compute_right_sibling_tree/compute_right_sibling_tree.py,compute_right_sibling_tree.py,function,compute_right_sibling_tree,7,B,2,8,26,0,,0,/home/juan/Documents/Analisis-CC-PyCEFR/data/processed/python-algorithms/radon_output_python-algorithms.json
python-algorithms,python-algorithms,/home/juan/Documents/Analisis-CC-PyCEFR/python-algorithms/EPI_prep/src/binary_trees/16_compute_right_sibling_tree/compute_right_sibling_tree.py,compute_right_sibling_tree.py,class,TreeNode,2,A,1,3,6,0,,0,/home/juan/Documents/Analisis-CC-PyCEFR/data/processed/python-algorithms/radon_output_python-algorithms.json
python-algorithms,python-algorithms,/home/juan/Documents/Analisis-CC-PyCEFR/python-algorithms/EPI_prep/src/binary_trees/16_compute_right_sibling_tree/compute_right_sibling_tree.py,compute_right_sibling_tree.py,method,__init__,1,A,1,4,6,4,,0,/home/juan/Documents/Analisis-CC-PyCEFR/data/processed/python-algorithms/radon_output_python-algorithms.json
python-algorithms,python-algorithms,/home/juan/Documents/Analisis-CC-PyCEFR/python-algorithms/EPI_prep/src/binary_trees/11.2_postorder_traversal_in_constant_space/postorder_traversal.py,postorder_traversal.py,function,post_order_traversal,7,B,2,30,49,0,,0,/home/juan/Documents/Analisis-CC-PyCEFR/data/processed/python-algorithms/radon_output_python-algorithms.json
python-algorithms,python-algorithms,/home/juan/Documents/Analisis-CC-PyCEFR/python-algorithms/EPI_prep/src/binary_trees/11.2_postorder_traversal_in_constant_space/postorder_traversal.py,postorder_traversal.py,class,Node,2,A,1,1,4,0,,0,/home/juan/Documents/Analisis-CC-PyCEFR/data/processed/python-algorithms/radon_output_python-algorithms.json
python-algorithms,python-algorithms,/home/juan/Documents/Analisis-CC-PyCEFR/python-algorithms/EPI_prep/src/binary_trees/11.2_postorder_traversal_in_constant_space/postorder_traversal.py,postorder_traversal.py,method,__init__,1,A,1,2,4,4,,0,/home/juan/Documents/Analisis-CC-PyCEFR/data/processed/python-algorithms/radon_output_python-algorithms.json
python-algorithms,python-algorithms,/home/juan/Documents/Analisis-CC-PyCEFR/python-algorithms/EPI_prep/src/binary_trees/7_inorder_traversal_without_recursion/inorder_traversal.py,inorder_traversal.py,function,inorder_traversal,4,A,1,10,22,0,,0,/home/juan/Documents/Analisis-CC-PyCEFR/data/processed/python-algorithms/radon_output_python-algorithms.json
python-algorithms,python-algorithms,/home/juan/Documents/Analisis-CC-PyCEFR/python-algorithms/EPI_prep/src/binary_trees/7_inorder_traversal_without_recursion/inorder_traversal.py,inorder_traversal.py,class,Node,2,A,1,1,4,0,,0,/home/juan/Documents/Analisis-CC-PyCEFR/data/processed/python-algorithms/radon_output_python-algorithms.json
python-algorithms,python-algorithms,/home/juan/Documents/Analisis-CC-PyCEFR/python-algorithms/EPI_prep/src/binary_trees/7_inorder_traversal_without_recursion/inorder_traversal.py,inorder_traversal.py,method,__init__,1,A,1,2,4,4,,0,/home/juan/Documents/Analisis-CC-PyCEFR/data/processed/python-algorithms/radon_output_python-algorithms.json
python-algorithms,python-algorithms,/home/juan/Documents/Analisis-CC-PyCEFR/python-algorithms/EPI_prep/src/binary_trees/10_compute_sucessor/compute_succesor.py,compute_succesor.py,function,compute_successor,6,B,2,35,49,0,,0,/home/juan/Documents/Analisis-CC-PyCEFR/data/processed/python-algorithms/radon_output_python-algorithms.json
python-algorithms,python-algorithms,/home/juan/Documents/Analisis-CC-PyCEFR/python-algorithms/EPI_prep/src/binary_trees/10_compute_sucessor/compute_succesor.py,compute_succesor.py,class,Node,2,A,1,30,33,0,,0,/home/juan/Documents/Analisis-CC-PyCEFR/data/processed/python-algorithms/radon_output_python-algorithms.json
python-algorithms,python-algorithms,/home/juan/Documents/Analisis-CC-PyCEFR/python-algorithms/EPI_prep/src/binary_trees/10_compute_sucessor/compute_succesor.py,compute_succesor.py,method,__init__,1,A,1,31,33,4,,0,/home/juan/Documents/Analisis-CC-PyCEFR/data/processed/python-algorithms/radon_output_python-algorithms.json
python-algorithms,python-algorithms,/home/juan/Documents/Analisis-CC-PyCEFR/python-algorithms/EPI_prep/src/binary_trees/2_is_binary_tree_symmetric/is_symetric.py,is_symetric.py,function,is_symmetric,2,A,1,7,22,0,,0,/home/juan/Documents/Analisis-CC-PyCEFR/data/processed/python-algorithms/radon_output_python-algorithms.json
python-algorithms,python-algorithms,/home/juan/Documents/Analisis-CC-PyCEFR/python-algorithms/EPI_prep/src/binary_trees/2_is_binary_tree_symmetric/is_symetric.py,is_symetric.py,function,check_symmetric,7,B,2,11,20,4,is_symmetric,1,/home/juan/Documents/Analisis-CC-PyCEFR/data/processed/python-algorithms/radon_output_python-algorithms.json
python-algorithms,python-algorithms,/home/juan/Documents/Analisis-CC-PyCEFR/python-algorithms/EPI_prep/src/binary_trees/2_is_binary_tree_symmetric/is_symetric.py,is_symetric.py,class,Node,2,A,1,2,5,0,,0,/home/juan/Documents/Analisis-CC-PyCEFR/data/processed/python-algorithms/radon_output_python-algorithms.json
python-algorithms,python-algorithms,/home/juan/Documents/Analisis-CC-PyCEFR/python-algorithms/EPI_prep/src/binary_trees/2_is_binary_tree_symmetric/is_symetric.py,is_symetric.py,method,__init__,1,A,1,3,5,4,,0,/home/juan/Documents/Analisis-CC-PyCEFR/data/processed/python-algorithms/radon_output_python-algorithms.json
python-algorithms,python-algorithms,/home/juan/Documents/Analisis-CC-PyCEFR/python-algorithms/EPI_prep/src/binary_trees/12_reconstruct_binary_tree_from_preorder_inorder_traversal/reconstruct_bt.py,reconstruct_bt.py,function,reconstruct,2,A,1,14,44,0,,0,/home/juan/Documents/Analisis-CC-PyCEFR/data/processed/python-algorithms/radon_output_python-algorithms.json
python-algorithms,python-algorithms,/home/juan/Documents/Analisis-CC-PyCEFR/python-algorithms/EPI_prep/src/binary_trees/12_reconstruct_binary_tree_from_preorder_inorder_traversal/reconstruct_bt.py,reconstruct_bt.py,function,binary_tree_from_preorder_inorder_helper,3,A,1,18,39,4,reconstruct,1,/home/juan/Documents/Analisis-CC-PyCEFR/data/processed/python-algorithms/radon_output_python-algorithms.json
python-algorithms,python-algorithms,/home/juan/Documents/Analisis-CC-PyCEFR/python-algorithms/EPI_prep/src/binary_trees/12_reconstruct_binary_tree_from_preorder_inorder_traversal/reconstruct_bt.py,reconstruct_bt.py,class,TreeNode,2,A,1,1,5,0,,0,/home/juan/Documents/Analisis-CC-PyCEFR/data/processed/python-algorithms/radon_output_python-algorithms.json
python-algorithms,python-algorithms,/home/juan/Documents/Analisis-CC-PyCEFR/python-algorithms/EPI_prep/src/binary_trees/12_reconstruct_binary_tree_from_preorder_inorder_traversal/reconstruct_bt.py,reconstruct_bt.py,function,preorder_traversal,1,A,1,61,72,0,,0,/home/juan/Documents/Analisis-CC-PyCEFR/data/processed/python-algorithms/radon_output_python-algorithms.json
python-algorithms,python-algorithms,/home/juan/Documents/Analisis-CC-PyCEFR/python-algorithms/EPI_prep/src/binary_trees/12_reconstruct_binary_tree_from_preorder_inorder_traversal/reconstruct_bt.py,reconstruct_bt.py,function,preorder,2,A,1,63,69,4,preorder_traversal,1,/home/juan/Documents/Analisis-CC-PyCEFR/data/processed/python-algorithms/radon_output_python-algorithms.json
python-algorithms,python-algorithms,/home/juan/Documents/Analisis-CC-PyCEFR/python-algorithms/EPI_prep/src/binary_trees/12_reconstruct_binary_tree_from_preorder_inorder_traversal/reconstruct_bt.py,reconstruct_bt.py,function,inorder_traversal,1,A,1,74,85,0,,0,/home/juan/Documents/Analisis-CC-PyCEFR/data/processed/python-algorithms/radon_output_python-algorithms.json
python-algorithms,python-algorithms,/home/juan/Documents/Analisis-CC-PyCEFR/python-algorithms/EPI_prep/src/binary_trees/12_reconstruct_binary_tree_from_preorder_inorder_traversal/reconstruct_bt.py,reconstruct_bt.py,function,inorder,2,A,1,76,82,4,inorder_traversal,1,/home/juan/Documents/Analisis-CC-PyCEFR/data/processed/python-algorithms/radon_output_python-algorithms.json
python-algorithms,python-algorithms,/home/juan/Documents/Analisis-CC-PyCEFR/python-algorithms/EPI_prep/src/binary_trees/12_reconstruct_binary_tree_from_preorder_inorder_traversal/reconstruct_bt.py,reconstruct_bt.py,method,__init__,1,A,1,2,5,4,,0,/home/juan/Documents/Analisis-CC-PyCEFR/data/processed/python-algorithms/radon_output_python-algorithms.json
python-algorithms,python-algorithms,/home/juan/Documents/Analisis-CC-PyCEFR/python-algorithms/EPI_prep/src/binary_trees/4_lca_with_parent_pointers/lca.py,lca.py,function,lca,10,B,2,6,37,0,,0,/home/juan/Documents/Analisis-CC-PyCEFR/data/processed/python-algorithms/radon_output_python-algorithms.json
python-algorithms,python-algorithms,/home/juan/Documents/Analisis-CC-PyCEFR/python-algorithms/EPI_prep/src/binary_trees/4_lca_with_parent_pointers/lca.py,lca.py,function,get_depth,3,A,1,39,47,0,,0,/home/juan/Documents/Analisis-CC-PyCEFR/data/processed/python-algorithms/radon_output_python-algorithms.json
python-algorithms,python-algorithms,/home/juan/Documents/Analisis-CC-PyCEFR/python-algorithms/EPI_prep/src/binary_trees/4_lca_with_parent_pointers/lca.py,lca.py,class,Node,2,A,1,1,4,0,,0,/home/juan/Documents/Analisis-CC-PyCEFR/data/processed/python-algorithms/radon_output_python-algorithms.json
python-algorithms,python-algorithms,/home/juan/Documents/Analisis-CC-PyCEFR/python-algorithms/EPI_prep/src/binary_trees/4_lca_with_parent_pointers/lca.py,lca.py,method,__init__,1,A,1,2,4,4,,0,/home/juan/Documents/Analisis-CC-PyCEFR/data/processed/python-algorithms/radon_output_python-algorithms.json
python-algorithms,python-algorithms,/home/juan/Documents/Analisis-CC-PyCEFR/python-algorithms/EPI_prep/src/linkedlist/6_delete_node_from_singly_linkedlist/delete_node.py,delete_node.py,function,print_node,2,A,1,19,24,0,,0,/home/juan/Documents/Analisis-CC-PyCEFR/data/processed/python-algorithms/radon_output_python-algorithms.json
python-algorithms,python-algorithms,/home/juan/Documents/Analisis-CC-PyCEFR/python-algorithms/EPI_prep/src/linkedlist/6_delete_node_from_singly_linkedlist/delete_node.py,delete_node.py,class,ListNode,2,A,1,1,3,0,,0,/home/juan/Documents/Analisis-CC-PyCEFR/data/processed/python-algorithms/radon_output_python-algorithms.json
python-algorithms,python-algorithms,/home/juan/Documents/Analisis-CC-PyCEFR/python-algorithms/EPI_prep/src/linkedlist/6_delete_node_from_singly_linkedlist/delete_node.py,delete_node.py,function,delete_node,1,A,1,7,9,0,,0,/home/juan/Documents/Analisis-CC-PyCEFR/data/processed/python-algorithms/radon_output_python-algorithms.json
python-algorithms,python-algorithms,/home/juan/Documents/Analisis-CC-PyCEFR/python-algorithms/EPI_prep/src/linkedlist/6_delete_node_from_singly_linkedlist/delete_node.py,delete_node.py,method,__init__,1,A,1,2,3,4,,0,/home/juan/Documents/Analisis-CC-PyCEFR/data/processed/python-algorithms/radon_output_python-algorithms.json
python-algorithms,python-algorithms,/home/juan/Documents/Analisis-CC-PyCEFR/python-algorithms/EPI_prep/src/linkedlist/13_add_two_linkedlists/add_lists.py,add_lists.py,function,add_list,8,B,2,9,21,0,,0,/home/juan/Documents/Analisis-CC-PyCEFR/data/processed/python-algorithms/radon_output_python-algorithms.json
python-algorithms,python-algorithms,/home/juan/Documents/Analisis-CC-PyCEFR/python-algorithms/EPI_prep/src/linkedlist/13_add_two_linkedlists/add_lists.py,add_lists.py,function,print_node,2,A,1,34,39,0,,0,/home/juan/Documents/Analisis-CC-PyCEFR/data/processed/python-algorithms/radon_output_python-algorithms.json
python-algorithms,python-algorithms,/home/juan/Documents/Analisis-CC-PyCEFR/python-algorithms/EPI_prep/src/linkedlist/13_add_two_linkedlists/add_lists.py,add_lists.py,class,ListNode,2,A,1,3,5,0,,0,/home/juan/Documents/Analisis-CC-PyCEFR/data/processed/python-algorithms/radon_output_python-algorithms.json
python-algorithms,python-algorithms,/home/juan/Documents/Analisis-CC-PyCEFR/python-algorithms/EPI_prep/src/linkedlist/13_add_two_linkedlists/add_lists.py,add_lists.py,method,__init__,1,A,1,4,5,4,,0,/home/juan/Documents/Analisis-CC-PyCEFR/data/processed/python-algorithms/radon_output_python-algorithms.json
python-algorithms,python-algorithms,/home/juan/Documents/Analisis-CC-PyCEFR/python-algorithms/EPI_prep/src/linkedlist/2.2_reverse_every_k_sublist/reverse_k_sublist.py,reverse_k_sublist.py,function,reverse_sublist,6,B,2,8,31,0,,0,/home/juan/Documents/Analisis-CC-PyCEFR/data/processed/python-algorithms/radon_output_python-algorithms.json
python-algorithms,python-algorithms,/home/juan/Documents/Analisis-CC-PyCEFR/python-algorithms/EPI_prep/src/linkedlist/2.2_reverse_every_k_sublist/reverse_k_sublist.py,reverse_k_sublist.py,function,print_node,2,A,1,46,51,0,,0,/home/juan/Documents/Analisis-CC-PyCEFR/data/processed/python-algorithms/radon_output_python-algorithms.json
python-algorithms,python-algorithms,/home/juan/Documents/Analisis-CC-PyCEFR/python-algorithms/EPI_prep/src/linkedlist/2.2_reverse_every_k_sublist/reverse_k_sublist.py,reverse_k_sublist.py,class,ListNode,2,A,1,2,4,0,,0,/home/juan/Documents/Analisis-CC-PyCEFR/data/processed/python-algorithms/radon_output_python-algorithms.json
python-algorithms,python-algorithms,/home/juan/Documents/Analisis-CC-PyCEFR/python-algorithms/EPI_prep/src/linkedlist/2.2_reverse_every_k_sublist/reverse_k_sublist.py,reverse_k_sublist.py,method,__init__,1,A,1,3,4,4,,0,/home/juan/Documents/Analisis-CC-PyCEFR/data/processed/python-algorithms/radon_output_python-algorithms.json
python-algorithms,python-algorithms,/home/juan/Documents/Analisis-CC-PyCEFR/python-algorithms/EPI_prep/src/linkedlist/4_test_for_overlapping_lists/has_overlapping_list.py,has_overlapping_list.py,function,has_overlapping_lists,6,B,2,6,18,0,,0,/home/juan/Documents/Analisis-CC-PyCEFR/data/processed/python-algorithms/radon_output_python-algorithms.json
python-algorithms,python-algorithms,/home/juan/Documents/Analisis-CC-PyCEFR/python-algorithms/EPI_prep/src/linkedlist/4_test_for_overlapping_lists/has_overlapping_list.py,has_overlapping_list.py,function,list_length,2,A,1,20,27,0,,0,/home/juan/Documents/Analisis-CC-PyCEFR/data/processed/python-algorithms/radon_output_python-algorithms.json
python-algorithms,python-algorithms,/home/juan/Documents/Analisis-CC-PyCEFR/python-algorithms/EPI_prep/src/linkedlist/4_test_for_overlapping_lists/has_overlapping_list.py,has_overlapping_list.py,class,ListNode,2,A,1,1,3,0,,0,/home/juan/Documents/Analisis-CC-PyCEFR/data/processed/python-algorithms/radon_output_python-algorithms.json
python-algorithms,python-algorithms,/home/juan/Documents/Analisis-CC-PyCEFR/python-algorithms/EPI_prep/src/linkedlist/4_test_for_overlapping_lists/has_overlapping_list.py,has_overlapping_list.py,method,__init__,1,A,1,2,3,4,,0,/home/juan/Documents/Analisis-CC-PyCEFR/data/processed/python-algorithms/radon_output_python-algorithms.json
python-algorithms,python-algorithms,/home/juan/Documents/Analisis-CC-PyCEFR/python-algorithms/EPI_prep/src/linkedlist/1.1_merge_two_sorted_doubly_linkedlist/merge_list.py,merge_list.py,function,merge_two_sorted_lists,5,A,1,8,22,0,,0,/home/juan/Documents/Analisis-CC-PyCEFR/data/processed/python-algorithms/radon_output_python-algorithms.json
python-algorithms,python-algorithms,/home/juan/Documents/Analisis-CC-PyCEFR/python-algorithms/EPI_prep/src/linkedlist/1.1_merge_two_sorted_doubly_linkedlist/merge_list.py,merge_list.py,class,ListNode,2,A,1,1,3,0,,0,/home/juan/Documents/Analisis-CC-PyCEFR/data/processed/python-algorithms/radon_output_python-algorithms.json
python-algorithms,python-algorithms,/home/juan/Documents/Analisis-CC-PyCEFR/python-algorithms/EPI_prep/src/linkedlist/1.1_merge_two_sorted_doubly_linkedlist/merge_list.py,merge_list.py,method,__init__,1,A,1,2,3,4,,0,/home/juan/Documents/Analisis-CC-PyCEFR/data/processed/python-algorithms/radon_output_python-algorithms.json
python-algorithms,python-algorithms,/home/juan/Documents/Analisis-CC-PyCEFR/python-algorithms/EPI_prep/src/linkedlist/7_remove_kth_last_element_from_list/remove_kth_last_element.py,remove_kth_last_element.py,function,delete_kth_last_node_2,9,B,2,23,40,0,,0,/home/juan/Documents/Analisis-CC-PyCEFR/data/processed/python-algorithms/radon_output_python-algorithms.json
python-algorithms,python-algorithms,/home/juan/Documents/Analisis-CC-PyCEFR/python-algorithms/EPI_prep/src/linkedlist/7_remove_kth_last_element_from_list/remove_kth_last_element.py,remove_kth_last_element.py,function,delete_kth_last_node,5,A,1,7,19,0,,0,/home/juan/Documents/Analisis-CC-PyCEFR/data/processed/python-algorithms/radon_output_python-algorithms.json
python-algorithms,python-algorithms,/home/juan/Documents/Analisis-CC-PyCEFR/python-algorithms/EPI_prep/src/linkedlist/7_remove_kth_last_element_from_list/remove_kth_last_element.py,remove_kth_last_element.py,function,print_node,2,A,1,51,56,0,,0,/home/juan/Documents/Analisis-CC-PyCEFR/data/processed/python-algorithms/radon_output_python-algorithms.json
python-algorithms,python-algorithms,/home/juan/Documents/Analisis-CC-PyCEFR/python-algorithms/EPI_prep/src/linkedlist/7_remove_kth_last_element_from_list/remove_kth_last_element.py,remove_kth_last_element.py,class,ListNode,2,A,1,1,3,0,,0,/home/juan/Documents/Analisis-CC-PyCEFR/data/processed/python-algorithms/radon_output_python-algorithms.json
python-algorithms,python-algorithms,/home/juan/Documents/Analisis-CC-PyCEFR/python-algorithms/EPI_prep/src/linkedlist/7_remove_kth_last_element_from_list/remove_kth_last_element.py,remove_kth_last_element.py,method,__init__,1,A,1,2,3,4,,0,/home/juan/Documents/Analisis-CC-PyCEFR/data/processed/python-algorithms/radon_output_python-algorithms.json
python-algorithms,python-algorithms,/home/juan/Documents/Analisis-CC-PyCEFR/python-algorithms/EPI_prep/src/linkedlist/3_test_for_cyclicity/has_cycle.py,has_cycle.py,function,has_cycle,7,B,2,7,17,0,,0,/home/juan/Documents/Analisis-CC-PyCEFR/data/processed/python-algorithms/radon_output_python-algorithms.json
python-algorithms,python-algorithms,/home/juan/Documents/Analisis-CC-PyCEFR/python-algorithms/EPI_prep/src/linkedlist/3_test_for_cyclicity/has_cycle.py,has_cycle.py,function,print_node,2,A,1,19,25,0,,0,/home/juan/Documents/Analisis-CC-PyCEFR/data/processed/python-algorithms/radon_output_python-algorithms.json
python-algorithms,python-algorithms,/home/juan/Documents/Analisis-CC-PyCEFR/python-algorithms/EPI_prep/src/linkedlist/3_test_for_cyclicity/has_cycle.py,has_cycle.py,class,ListNode,2,A,1,2,4,0,,0,/home/juan/Documents/Analisis-CC-PyCEFR/data/processed/python-algorithms/radon_output_python-algorithms.json
python-algorithms,python-algorithms,/home/juan/Documents/Analisis-CC-PyCEFR/python-algorithms/EPI_prep/src/linkedlist/3_test_for_cyclicity/has_cycle.py,has_cycle.py,method,__init__,1,A,1,3,4,4,,0,/home/juan/Documents/Analisis-CC-PyCEFR/data/processed/python-algorithms/radon_output_python-algorithms.json
python-algorithms,python-algorithms,/home/juan/Documents/Analisis-CC-PyCEFR/python-algorithms/EPI_prep/src/linkedlist/12_implement_list_pivoting/list_pivoting.py,list_pivoting.py,function,list_pivot,5,A,1,7,31,0,,0,/home/juan/Documents/Analisis-CC-PyCEFR/data/processed/python-algorithms/radon_output_python-algorithms.json
python-algorithms,python-algorithms,/home/juan/Documents/Analisis-CC-PyCEFR/python-algorithms/EPI_prep/src/linkedlist/12_implement_list_pivoting/list_pivoting.py,list_pivoting.py,function,print_node,2,A,1,49,54,0,,0,/home/juan/Documents/Analisis-CC-PyCEFR/data/processed/python-algorithms/radon_output_python-algorithms.json
python-algorithms,python-algorithms,/home/juan/Documents/Analisis-CC-PyCEFR/python-algorithms/EPI_prep/src/linkedlist/12_implement_list_pivoting/list_pivoting.py,list_pivoting.py,class,ListNode,2,A,1,2,4,0,,0,/home/juan/Documents/Analisis-CC-PyCEFR/data/processed/python-algorithms/radon_output_python-algorithms.json
python-algorithms,python-algorithms,/home/juan/Documents/Analisis-CC-PyCEFR/python-algorithms/EPI_prep/src/linkedlist/12_implement_list_pivoting/list_pivoting.py,list_pivoting.py,method,__init__,1,A,1,3,4,4,,0,/home/juan/Documents/Analisis-CC-PyCEFR/data/processed/python-algorithms/radon_output_python-algorithms.json
python-algorithms,python-algorithms,/home/juan/Documents/Analisis-CC-PyCEFR/python-algorithms/EPI_prep/src/linkedlist/2_reverse_a_single_sublist/reverse_sublist_2.py,reverse_sublist_2.py,function,reverse_sublist,6,B,2,8,33,0,,0,/home/juan/Documents/Analisis-CC-PyCEFR/data/processed/python-algorithms/radon_output_python-algorithms.json
python-algorithms,python-algorithms,/home/juan/Documents/Analisis-CC-PyCEFR/python-algorithms/EPI_prep/src/linkedlist/2_reverse_a_single_sublist/reverse_sublist_2.py,reverse_sublist_2.py,class,ListNode,2,A,1,2,4,0,,0,/home/juan/Documents/Analisis-CC-PyCEFR/data/processed/python-algorithms/radon_output_python-algorithms.json
python-algorithms,python-algorithms,/home/juan/Documents/Analisis-CC-PyCEFR/python-algorithms/EPI_prep/src/linkedlist/2_reverse_a_single_sublist/reverse_sublist_2.py,reverse_sublist_2.py,method,__init__,1,A,1,3,4,4,,0,/home/juan/Documents/Analisis-CC-PyCEFR/data/processed/python-algorithms/radon_output_python-algorithms.json
python-algorithms,python-algorithms,/home/juan/Documents/Analisis-CC-PyCEFR/python-algorithms/EPI_prep/src/linkedlist/2_reverse_a_single_sublist/reverse_sublist_1.py,reverse_sublist_1.py,function,reverse_sublist,3,A,1,9,23,0,,0,/home/juan/Documents/Analisis-CC-PyCEFR/data/processed/python-algorithms/radon_output_python-algorithms.json
python-algorithms,python-algorithms,/home/juan/Documents/Analisis-CC-PyCEFR/python-algorithms/EPI_prep/src/linkedlist/2_reverse_a_single_sublist/reverse_sublist_1.py,reverse_sublist_1.py,class,ListNode,2,A,1,2,4,0,,0,/home/juan/Documents/Analisis-CC-PyCEFR/data/processed/python-algorithms/radon_output_python-algorithms.json
python-algorithms,python-algorithms,/home/juan/Documents/Analisis-CC-PyCEFR/python-algorithms/EPI_prep/src/linkedlist/2_reverse_a_single_sublist/reverse_sublist_1.py,reverse_sublist_1.py,method,__init__,1,A,1,3,4,4,,0,/home/juan/Documents/Analisis-CC-PyCEFR/data/processed/python-algorithms/radon_output_python-algorithms.json
python-algorithms,python-algorithms,/home/juan/Documents/Analisis-CC-PyCEFR/python-algorithms/EPI_prep/src/linkedlist/8_remove_duplicates_from_sorted_list/remove_duplicates.py,remove_duplicates.py,function,remove_duplicates,4,A,1,6,16,0,,0,/home/juan/Documents/Analisis-CC-PyCEFR/data/processed/python-algorithms/radon_output_python-algorithms.json
python-algorithms,python-algorithms,/home/juan/Documents/Analisis-CC-PyCEFR/python-algorithms/EPI_prep/src/linkedlist/8_remove_duplicates_from_sorted_list/remove_duplicates.py,remove_duplicates.py,function,print_node,2,A,1,27,32,0,,0,/home/juan/Documents/Analisis-CC-PyCEFR/data/processed/python-algorithms/radon_output_python-algorithms.json
python-algorithms,python-algorithms,/home/juan/Documents/Analisis-CC-PyCEFR/python-algorithms/EPI_prep/src/linkedlist/8_remove_duplicates_from_sorted_list/remove_duplicates.py,remove_duplicates.py,class,ListNode,2,A,1,1,3,0,,0,/home/juan/Documents/Analisis-CC-PyCEFR/data/processed/python-algorithms/radon_output_python-algorithms.json
python-algorithms,python-algorithms,/home/juan/Documents/Analisis-CC-PyCEFR/python-algorithms/EPI_prep/src/linkedlist/8_remove_duplicates_from_sorted_list/remove_duplicates.py,remove_duplicates.py,method,__init__,1,A,1,2,3,4,,0,/home/juan/Documents/Analisis-CC-PyCEFR/data/processed/python-algorithms/radon_output_python-algorithms.json
python-algorithms,python-algorithms,/home/juan/Documents/Analisis-CC-PyCEFR/python-algorithms/EPI_prep/src/linkedlist/10_even_odd_merge/even_odd_merge.py,even_odd_merge.py,function,even_odd_merge,4,A,1,6,25,0,,0,/home/juan/Documents/Analisis-CC-PyCEFR/data/processed/python-algorithms/radon_output_python-algorithms.json
python-algorithms,python-algorithms,/home/juan/Documents/Analisis-CC-PyCEFR/python-algorithms/EPI_prep/src/linkedlist/10_even_odd_merge/even_odd_merge.py,even_odd_merge.py,function,print_node,2,A,1,39,44,0,,0,/home/juan/Documents/Analisis-CC-PyCEFR/data/processed/python-algorithms/radon_output_python-algorithms.json
python-algorithms,python-algorithms,/home/juan/Documents/Analisis-CC-PyCEFR/python-algorithms/EPI_prep/src/linkedlist/10_even_odd_merge/even_odd_merge.py,even_odd_merge.py,class,ListNode,2,A,1,1,3,0,,0,/home/juan/Documents/Analisis-CC-PyCEFR/data/processed/python-algorithms/radon_output_python-algorithms.json
python-algorithms,python-algorithms,/home/juan/Documents/Analisis-CC-PyCEFR/python-algorithms/EPI_prep/src/linkedlist/10_even_odd_merge/even_odd_merge.py,even_odd_merge.py,method,__init__,1,A,1,2,3,4,,0,/home/juan/Documents/Analisis-CC-PyCEFR/data/processed/python-algorithms/radon_output_python-algorithms.json
python-algorithms,python-algorithms,/home/juan/Documents/Analisis-CC-PyCEFR/python-algorithms/EPI_prep/src/linkedlist/1_merge_two_sorted_lists/merge_two_list.py,merge_two_list.py,function,merge_two_sorted_lists,5,A,1,18,30,0,,0,/home/juan/Documents/Analisis-CC-PyCEFR/data/processed/python-algorithms/radon_output_python-algorithms.json
python-algorithms,python-algorithms,/home/juan/Documents/Analisis-CC-PyCEFR/python-algorithms/EPI_prep/src/linkedlist/1_merge_two_sorted_lists/merge_two_list.py,merge_two_list.py,class,ListNode,2,A,1,1,3,0,,0,/home/juan/Documents/Analisis-CC-PyCEFR/data/processed/python-algorithms/radon_output_python-algorithms.json
python-algorithms,python-algorithms,/home/juan/Documents/Analisis-CC-PyCEFR/python-algorithms/EPI_prep/src/linkedlist/1_merge_two_sorted_lists/merge_two_list.py,merge_two_list.py,method,__init__,1,A,1,2,3,4,,0,/home/juan/Documents/Analisis-CC-PyCEFR/data/processed/python-algorithms/radon_output_python-algorithms.json
python-algorithms,python-algorithms,/home/juan/Documents/Analisis-CC-PyCEFR/python-algorithms/EPI_prep/src/linkedlist/5_test_for_overlapping_lists_with_cycles/has_overlapping_list.py,has_overlapping_list.py,function,has_overlapping_lists,6,B,2,6,18,0,,0,/home/juan/Documents/Analisis-CC-PyCEFR/data/processed/python-algorithms/radon_output_python-algorithms.json
python-algorithms,python-algorithms,/home/juan/Documents/Analisis-CC-PyCEFR/python-algorithms/EPI_prep/src/linkedlist/5_test_for_overlapping_lists_with_cycles/has_overlapping_list.py,has_overlapping_list.py,function,list_length,2,A,1,20,27,0,,0,/home/juan/Documents/Analisis-CC-PyCEFR/data/processed/python-algorithms/radon_output_python-algorithms.json
python-algorithms,python-algorithms,/home/juan/Documents/Analisis-CC-PyCEFR/python-algorithms/EPI_prep/src/linkedlist/5_test_for_overlapping_lists_with_cycles/has_overlapping_list.py,has_overlapping_list.py,class,ListNode,2,A,1,1,3,0,,0,/home/juan/Documents/Analisis-CC-PyCEFR/data/processed/python-algorithms/radon_output_python-algorithms.json
python-algorithms,python-algorithms,/home/juan/Documents/Analisis-CC-PyCEFR/python-algorithms/EPI_prep/src/linkedlist/5_test_for_overlapping_lists_with_cycles/has_overlapping_list.py,has_overlapping_list.py,method,__init__,1,A,1,2,3,4,,0,/home/juan/Documents/Analisis-CC-PyCEFR/data/processed/python-algorithms/radon_output_python-algorithms.json
python-algorithms,python-algorithms,/home/juan/Documents/Analisis-CC-PyCEFR/python-algorithms/EPI_prep/src/linkedlist/3.1_start_of_linkedlist_cycle/find_cycle_start_1.py,find_cycle_start_1.py,function,find_cycle_start,6,B,2,7,22,0,,0,/home/juan/Documents/Analisis-CC-PyCEFR/data/processed/python-algorithms/radon_output_python-algorithms.json
python-algorithms,python-algorithms,/home/juan/Documents/Analisis-CC-PyCEFR/python-algorithms/EPI_prep/src/linkedlist/3.1_start_of_linkedlist_cycle/find_cycle_start_1.py,find_cycle_start_1.py,function,cycle_length,3,A,1,24,33,0,,0,/home/juan/Documents/Analisis-CC-PyCEFR/data/processed/python-algorithms/radon_output_python-algorithms.json
python-algorithms,python-algorithms,/home/juan/Documents/Analisis-CC-PyCEFR/python-algorithms/EPI_prep/src/linkedlist/3.1_start_of_linkedlist_cycle/find_cycle_start_1.py,find_cycle_start_1.py,class,ListNode,2,A,1,2,4,0,,0,/home/juan/Documents/Analisis-CC-PyCEFR/data/processed/python-algorithms/radon_output_python-algorithms.json
python-algorithms,python-algorithms,/home/juan/Documents/Analisis-CC-PyCEFR/python-algorithms/EPI_prep/src/linkedlist/3.1_start_of_linkedlist_cycle/find_cycle_start_1.py,find_cycle_start_1.py,method,__init__,1,A,1,3,4,4,,0,/home/juan/Documents/Analisis-CC-PyCEFR/data/processed/python-algorithms/radon_output_python-algorithms.json
python-algorithms,python-algorithms,/home/juan/Documents/Analisis-CC-PyCEFR/python-algorithms/EPI_prep/src/linkedlist/3.1_start_of_linkedlist_cycle/find_cycle_start_2.py,find_cycle_start_2.py,function,find_cycle_start,5,A,1,7,18,0,,0,/home/juan/Documents/Analisis-CC-PyCEFR/data/processed/python-algorithms/radon_output_python-algorithms.json
python-algorithms,python-algorithms,/home/juan/Documents/Analisis-CC-PyCEFR/python-algorithms/EPI_prep/src/linkedlist/3.1_start_of_linkedlist_cycle/find_cycle_start_2.py,find_cycle_start_2.py,class,ListNode,2,A,1,2,4,0,,0,/home/juan/Documents/Analisis-CC-PyCEFR/data/processed/python-algorithms/radon_output_python-algorithms.json
python-algorithms,python-algorithms,/home/juan/Documents/Analisis-CC-PyCEFR/python-algorithms/EPI_prep/src/linkedlist/3.1_start_of_linkedlist_cycle/find_cycle_start_2.py,find_cycle_start_2.py,method,__init__,1,A,1,3,4,4,,0,/home/juan/Documents/Analisis-CC-PyCEFR/data/processed/python-algorithms/radon_output_python-algorithms.json
python-algorithms,python-algorithms,/home/juan/Documents/Analisis-CC-PyCEFR/python-algorithms/EPI_prep/src/linkedlist/2.1_reverse_singly_linkedlist/reverse_singly_linkedlist.py,reverse_singly_linkedlist.py,function,reverse_linkedlist,2,A,1,6,13,0,,0,/home/juan/Documents/Analisis-CC-PyCEFR/data/processed/python-algorithms/radon_output_python-algorithms.json
python-algorithms,python-algorithms,/home/juan/Documents/Analisis-CC-PyCEFR/python-algorithms/EPI_prep/src/linkedlist/2.1_reverse_singly_linkedlist/reverse_singly_linkedlist.py,reverse_singly_linkedlist.py,function,print_node,2,A,1,22,27,0,,0,/home/juan/Documents/Analisis-CC-PyCEFR/data/processed/python-algorithms/radon_output_python-algorithms.json
python-algorithms,python-algorithms,/home/juan/Documents/Analisis-CC-PyCEFR/python-algorithms/EPI_prep/src/linkedlist/2.1_reverse_singly_linkedlist/reverse_singly_linkedlist.py,reverse_singly_linkedlist.py,class,ListNode,2,A,1,1,3,0,,0,/home/juan/Documents/Analisis-CC-PyCEFR/data/processed/python-algorithms/radon_output_python-algorithms.json
python-algorithms,python-algorithms,/home/juan/Documents/Analisis-CC-PyCEFR/python-algorithms/EPI_prep/src/linkedlist/2.1_reverse_singly_linkedlist/reverse_singly_linkedlist.py,reverse_singly_linkedlist.py,method,__init__,1,A,1,2,3,4,,0,/home/juan/Documents/Analisis-CC-PyCEFR/data/processed/python-algorithms/radon_output_python-algorithms.json
python-algorithms,python-algorithms,/home/juan/Documents/Analisis-CC-PyCEFR/python-algorithms/EPI_prep/src/linkedlist/11_palindromic_linkedlist/is_palindrome.py,is_palindrome.py,function,isPalindrome,8,B,2,6,20,0,,0,/home/juan/Documents/Analisis-CC-PyCEFR/data/processed/python-algorithms/radon_output_python-algorithms.json
python-algorithms,python-algorithms,/home/juan/Documents/Analisis-CC-PyCEFR/python-algorithms/EPI_prep/src/linkedlist/11_palindromic_linkedlist/is_palindrome.py,is_palindrome.py,function,reverse_linkedlist,2,A,1,22,29,0,,0,/home/juan/Documents/Analisis-CC-PyCEFR/data/processed/python-algorithms/radon_output_python-algorithms.json
python-algorithms,python-algorithms,/home/juan/Documents/Analisis-CC-PyCEFR/python-algorithms/EPI_prep/src/linkedlist/11_palindromic_linkedlist/is_palindrome.py,is_palindrome.py,class,ListNode,2,A,1,1,3,0,,0,/home/juan/Documents/Analisis-CC-PyCEFR/data/processed/python-algorithms/radon_output_python-algorithms.json
python-algorithms,python-algorithms,/home/juan/Documents/Analisis-CC-PyCEFR/python-algorithms/EPI_prep/src/linkedlist/11_palindromic_linkedlist/is_palindrome.py,is_palindrome.py,method,__init__,1,A,1,2,3,4,,0,/home/juan/Documents/Analisis-CC-PyCEFR/data/processed/python-algorithms/radon_output_python-algorithms.json
python-algorithms,python-algorithms,/home/juan/Documents/Analisis-CC-PyCEFR/python-algorithms/EPI_prep/src/linkedlist/9_cyclic_right_shift_of_singly_linkedlist/cyclic_right_shift_list.py,cyclic_right_shift_list.py,function,cyclic_right_shift_list,5,A,1,6,25,0,,0,/home/juan/Documents/Analisis-CC-PyCEFR/data/processed/python-algorithms/radon_output_python-algorithms.json
python-algorithms,python-algorithms,/home/juan/Documents/Analisis-CC-PyCEFR/python-algorithms/EPI_prep/src/linkedlist/9_cyclic_right_shift_of_singly_linkedlist/cyclic_right_shift_list.py,cyclic_right_shift_list.py,function,print_node,2,A,1,37,42,0,,0,/home/juan/Documents/Analisis-CC-PyCEFR/data/processed/python-algorithms/radon_output_python-algorithms.json
python-algorithms,python-algorithms,/home/juan/Documents/Analisis-CC-PyCEFR/python-algorithms/EPI_prep/src/linkedlist/9_cyclic_right_shift_of_singly_linkedlist/cyclic_right_shift_list.py,cyclic_right_shift_list.py,class,ListNode,2,A,1,1,3,0,,0,/home/juan/Documents/Analisis-CC-PyCEFR/data/processed/python-algorithms/radon_output_python-algorithms.json
python-algorithms,python-algorithms,/home/juan/Documents/Analisis-CC-PyCEFR/python-algorithms/EPI_prep/src/linkedlist/9_cyclic_right_shift_of_singly_linkedlist/cyclic_right_shift_list.py,cyclic_right_shift_list.py,method,__init__,1,A,1,2,3,4,,0,/home/juan/Documents/Analisis-CC-PyCEFR/data/processed/python-algorithms/radon_output_python-algorithms.json
python-algorithms,python-algorithms,/home/juan/Documents/Analisis-CC-PyCEFR/python-algorithms/EPI_prep/src/graphs/1_search_maze/search_maze.py,search_maze.py,function,search_maze,1,A,1,2,25,0,,0,/home/juan/Documents/Analisis-CC-PyCEFR/data/processed/python-algorithms/radon_output_python-algorithms.json
python-algorithms,python-algorithms,/home/juan/Documents/Analisis-CC-PyCEFR/python-algorithms/EPI_prep/src/graphs/1_search_maze/search_maze.py,search_maze.py,function,search_maze_helper,9,B,2,4,22,4,search_maze,1,/home/juan/Documents/Analisis-CC-PyCEFR/data/processed/python-algorithms/radon_output_python-algorithms.json
python-beginner-programming-exercises,python-beginner-programming-exercises,/home/juan/Documents/Analisis-CC-PyCEFR/python-beginner-programming-exercises/exercises/11-Create-A-New-Function/test.py,test.py,function,test_for_return,4,A,1,21,26,0,,0,/home/juan/Documents/Analisis-CC-PyCEFR/data/processed/python-beginner-programming-exercises/radon_output_python-beginner-programming-exercises.json
python-beginner-programming-exercises,python-beginner-programming-exercises,/home/juan/Documents/Analisis-CC-PyCEFR/python-beginner-programming-exercises/exercises/11-Create-A-New-Function/test.py,test.py,function,test_function_exists,2,A,1,12,17,0,,0,/home/juan/Documents/Analisis-CC-PyCEFR/data/processed/python-beginner-programming-exercises/radon_output_python-beginner-programming-exercises.json
python-beginner-programming-exercises,python-beginner-programming-exercises,/home/juan/Documents/Analisis-CC-PyCEFR/python-beginner-programming-exercises/exercises/11-Create-A-New-Function/test.py,test.py,function,test_for_type_random,2,A,1,31,35,0,,0,/home/juan/Documents/Analisis-CC-PyCEFR/data/processed/python-beginner-programming-exercises/radon_output_python-beginner-programming-exercises.json
python-beginner-programming-exercises,python-beginner-programming-exercises,/home/juan/Documents/Analisis-CC-PyCEFR/python-beginner-programming-exercises/exercises/11-Create-A-New-Function/test.py,test.py,function,test_function_called_for,2,A,1,41,41,0,,0,/home/juan/Documents/Analisis-CC-PyCEFR/data/processed/python-beginner-programming-exercises/radon_output_python-beginner-programming-exercises.json
python-beginner-programming-exercises,python-beginner-programming-exercises,/home/juan/Documents/Analisis-CC-PyCEFR/python-beginner-programming-exercises/exercises/11-Create-A-New-Function/solution.hide.py,solution.hide.py,function,generate_random,1,A,1,4,6,0,,0,/home/juan/Documents/Analisis-CC-PyCEFR/data/processed/python-beginner-programming-exercises/radon_output_python-beginner-programming-exercises.json
python-beginner-programming-exercises,python-beginner-programming-exercises,/home/juan/Documents/Analisis-CC-PyCEFR/python-beginner-programming-exercises/exercises/04-Multiply-Two-Values/test.py,test.py,function,test_variable_exists,2,A,1,12,16,0,,0,/home/juan/Documents/Analisis-CC-PyCEFR/data/processed/python-beginner-programming-exercises/radon_output_python-beginner-programming-exercises.json
python-beginner-programming-exercises,python-beginner-programming-exercises,/home/juan/Documents/Analisis-CC-PyCEFR/python-beginner-programming-exercises/exercises/04-Multiply-Two-Values/test.py,test.py,function,test_use_variable_name,2,A,1,19,19,0,,0,/home/juan/Documents/Analisis-CC-PyCEFR/data/processed/python-beginner-programming-exercises/radon_output_python-beginner-programming-exercises.json
python-beginner-programming-exercises,python-beginner-programming-exercises,/home/juan/Documents/Analisis-CC-PyCEFR/python-beginner-programming-exercises/exercises/04-Multiply-Two-Values/test.py,test.py,function,test_for_file_output,2,A,1,24,24,0,,0,/home/juan/Documents/Analisis-CC-PyCEFR/data/processed/python-beginner-programming-exercises/radon_output_python-beginner-programming-exercises.json
python-beginner-programming-exercises,python-beginner-programming-exercises,/home/juan/Documents/Analisis-CC-PyCEFR/python-beginner-programming-exercises/exercises/04-Multiply-Two-Values/test.py,test.py,function,test_for_print,2,A,1,29,33,0,,0,/home/juan/Documents/Analisis-CC-PyCEFR/data/processed/python-beginner-programming-exercises/radon_output_python-beginner-programming-exercises.json
python-beginner-programming-exercises,python-beginner-programming-exercises,/home/juan/Documents/Analisis-CC-PyCEFR/python-beginner-programming-exercises/exercises/04-Multiply-Two-Values/test.py,test.py,function,test_for_print,2,A,1,37,39,0,,0,/home/juan/Documents/Analisis-CC-PyCEFR/data/processed/python-beginner-programming-exercises/radon_output_python-beginner-programming-exercises.json
python-beginner-programming-exercises,python-beginner-programming-exercises,/home/juan/Documents/Analisis-CC-PyCEFR/python-beginner-programming-exercises/exercises/06-String-Concatenation/test.py,test.py,function,test_my_var1_exists,2,A,1,7,11,0,,0,/home/juan/Documents/Analisis-CC-PyCEFR/data/processed/python-beginner-programming-exercises/radon_output_python-beginner-programming-exercises.json
python-beginner-programming-exercises,python-beginner-programming-exercises,/home/juan/Documents/Analisis-CC-PyCEFR/python-beginner-programming-exercises/exercises/06-String-Concatenation/test.py,test.py,function,test_my_var2_exists,2,A,1,14,18,0,,0,/home/juan/Documents/Analisis-CC-PyCEFR/data/processed/python-beginner-programming-exercises/radon_output_python-beginner-programming-exercises.json
python-beginner-programming-exercises,python-beginner-programming-exercises,/home/juan/Documents/Analisis-CC-PyCEFR/python-beginner-programming-exercises/exercises/06-String-Concatenation/test.py,test.py,function,test_my_var1_value,2,A,1,21,21,0,,0,/home/juan/Documents/Analisis-CC-PyCEFR/data/processed/python-beginner-programming-exercises/radon_output_python-beginner-programming-exercises.json
python-beginner-programming-exercises,python-beginner-programming-exercises,/home/juan/Documents/Analisis-CC-PyCEFR/python-beginner-programming-exercises/exercises/06-String-Concatenation/test.py,test.py,function,test_my_var2_value,2,A,1,26,26,0,,0,/home/juan/Documents/Analisis-CC-PyCEFR/data/processed/python-beginner-programming-exercises/radon_output_python-beginner-programming-exercises.json
python-beginner-programming-exercises,python-beginner-programming-exercises,/home/juan/Documents/Analisis-CC-PyCEFR/python-beginner-programming-exercises/exercises/06-String-Concatenation/test.py,test.py,function,test_the_new_string_exists,2,A,1,31,36,0,,0,/home/juan/Documents/Analisis-CC-PyCEFR/data/processed/python-beginner-programming-exercises/radon_output_python-beginner-programming-exercises.json
python-beginner-programming-exercises,python-beginner-programming-exercises,/home/juan/Documents/Analisis-CC-PyCEFR/python-beginner-programming-exercises/exercises/06-String-Concatenation/test.py,test.py,function,test_for_file_output,2,A,1,39,39,0,,0,/home/juan/Documents/Analisis-CC-PyCEFR/data/processed/python-beginner-programming-exercises/radon_output_python-beginner-programming-exercises.json
python-beginner-programming-exercises,python-beginner-programming-exercises,/home/juan/Documents/Analisis-CC-PyCEFR/python-beginner-programming-exercises/exercises/09-Random-Numbers/test.py,test.py,function,test_function_return_no_static,5,A,1,40,50,0,,0,/home/juan/Documents/Analisis-CC-PyCEFR/data/processed/python-beginner-programming-exercises/radon_output_python-beginner-programming-exercises.json
python-beginner-programming-exercises,python-beginner-programming-exercises,/home/juan/Documents/Analisis-CC-PyCEFR/python-beginner-programming-exercises/exercises/09-Random-Numbers/test.py,test.py,function,test_function_returns_random_integer,4,A,1,29,36,0,,0,/home/juan/Documents/Analisis-CC-PyCEFR/data/processed/python-beginner-programming-exercises/radon_output_python-beginner-programming-exercises.json
python-beginner-programming-exercises,python-beginner-programming-exercises,/home/juan/Documents/Analisis-CC-PyCEFR/python-beginner-programming-exercises/exercises/09-Random-Numbers/test.py,test.py,function,test_function_exists,3,A,1,22,26,0,,0,/home/juan/Documents/Analisis-CC-PyCEFR/data/processed/python-beginner-programming-exercises/radon_output_python-beginner-programming-exercises.json
python-beginner-programming-exercises,python-beginner-programming-exercises,/home/juan/Documents/Analisis-CC-PyCEFR/python-beginner-programming-exercises/exercises/09-Random-Numbers/test.py,test.py,function,test_only_change_line_5,2,A,1,13,18,0,,0,/home/juan/Documents/Analisis-CC-PyCEFR/data/processed/python-beginner-programming-exercises/radon_output_python-beginner-programming-exercises.json
python-beginner-programming-exercises,python-beginner-programming-exercises,/home/juan/Documents/Analisis-CC-PyCEFR/python-beginner-programming-exercises/exercises/09-Random-Numbers/solution.hide.py,solution.hide.py,function,get_randomInt,1,A,1,3,6,0,,0,/home/juan/Documents/Analisis-CC-PyCEFR/data/processed/python-beginner-programming-exercises/radon_output_python-beginner-programming-exercises.json
python-beginner-programming-exercises,python-beginner-programming-exercises,/home/juan/Documents/Analisis-CC-PyCEFR/python-beginner-programming-exercises/exercises/09-Random-Numbers/app.py,app.py,function,get_randomInt,1,A,1,3,6,0,,0,/home/juan/Documents/Analisis-CC-PyCEFR/data/processed/python-beginner-programming-exercises/radon_output_python-beginner-programming-exercises.json
python-beginner-programming-exercises,python-beginner-programming-exercises,/home/juan/Documents/Analisis-CC-PyCEFR/python-beginner-programming-exercises/exercises/03-Print-Variables-In-The-Console/test.py,test.py,function,test_declare_variable,2,A,1,12,12,0,,0,/home/juan/Documents/Analisis-CC-PyCEFR/data/processed/python-beginner-programming-exercises/radon_output_python-beginner-programming-exercises.json
python-beginner-programming-exercises,python-beginner-programming-exercises,/home/juan/Documents/Analisis-CC-PyCEFR/python-beginner-programming-exercises/exercises/03-Print-Variables-In-The-Console/test.py,test.py,function,test_declare_variable,2,A,1,17,17,0,,0,/home/juan/Documents/Analisis-CC-PyCEFR/data/processed/python-beginner-programming-exercises/radon_output_python-beginner-programming-exercises.json
python-beginner-programming-exercises,python-beginner-programming-exercises,/home/juan/Documents/Analisis-CC-PyCEFR/python-beginner-programming-exercises/exercises/03-Print-Variables-In-The-Console/test.py,test.py,function,test_for_file_output,2,A,1,22,22,0,,0,/home/juan/Documents/Analisis-CC-PyCEFR/data/processed/python-beginner-programming-exercises/radon_output_python-beginner-programming-exercises.json
python-beginner-programming-exercises,python-beginner-programming-exercises,/home/juan/Documents/Analisis-CC-PyCEFR/python-beginner-programming-exercises/exercises/17-Russian-Roulette/test.py,test.py,function,test_for_file_output,5,A,1,27,27,0,,0,/home/juan/Documents/Analisis-CC-PyCEFR/data/processed/python-beginner-programming-exercises/radon_output_python-beginner-programming-exercises.json
python-beginner-programming-exercises,python-beginner-programming-exercises,/home/juan/Documents/Analisis-CC-PyCEFR/python-beginner-programming-exercises/exercises/17-Russian-Roulette/test.py,test.py,function,test_function_output,4,A,1,20,21,0,,0,/home/juan/Documents/Analisis-CC-PyCEFR/data/processed/python-beginner-programming-exercises/radon_output_python-beginner-programming-exercises.json
python-beginner-programming-exercises,python-beginner-programming-exercises,/home/juan/Documents/Analisis-CC-PyCEFR/python-beginner-programming-exercises/exercises/17-Russian-Roulette/test.py,test.py,function,test_function_spin_chamber,2,A,1,12,12,0,,0,/home/juan/Documents/Analisis-CC-PyCEFR/data/processed/python-beginner-programming-exercises/radon_output_python-beginner-programming-exercises.json
python-beginner-programming-exercises,python-beginner-programming-exercises,/home/juan/Documents/Analisis-CC-PyCEFR/python-beginner-programming-exercises/exercises/17-Russian-Roulette/test.py,test.py,function,test_function_fire_gun,2,A,1,16,16,0,,0,/home/juan/Documents/Analisis-CC-PyCEFR/data/processed/python-beginner-programming-exercises/radon_output_python-beginner-programming-exercises.json
python-beginner-programming-exercises,python-beginner-programming-exercises,/home/juan/Documents/Analisis-CC-PyCEFR/python-beginner-programming-exercises/exercises/17-Russian-Roulette/solution.hide.py,solution.hide.py,function,fire_gun,2,A,1,10,15,0,,0,/home/juan/Documents/Analisis-CC-PyCEFR/data/processed/python-beginner-programming-exercises/radon_output_python-beginner-programming-exercises.json
python-beginner-programming-exercises,python-beginner-programming-exercises,/home/juan/Documents/Analisis-CC-PyCEFR/python-beginner-programming-exercises/exercises/17-Russian-Roulette/solution.hide.py,solution.hide.py,function,spin_chamber,1,A,1,5,7,0,,0,/home/juan/Documents/Analisis-CC-PyCEFR/data/processed/python-beginner-programming-exercises/radon_output_python-beginner-programming-exercises.json
python-beginner-programming-exercises,python-beginner-programming-exercises,/home/juan/Documents/Analisis-CC-PyCEFR/python-beginner-programming-exercises/exercises/17-Russian-Roulette/app.py,app.py,function,spin_chamber,1,A,1,5,7,0,,0,/home/juan/Documents/Analisis-CC-PyCEFR/data/processed/python-beginner-programming-exercises/radon_output_python-beginner-programming-exercises.json
python-beginner-programming-exercises,python-beginner-programming-exercises,/home/juan/Documents/Analisis-CC-PyCEFR/python-beginner-programming-exercises/exercises/17-Russian-Roulette/app.py,app.py,function,fire_gun,1,A,1,10,12,0,,0,/home/juan/Documents/Analisis-CC-PyCEFR/data/processed/python-beginner-programming-exercises/radon_output_python-beginner-programming-exercises.json
python-beginner-programming-exercises,python-beginner-programming-exercises,/home/juan/Documents/Analisis-CC-PyCEFR/python-beginner-programming-exercises/exercises/14-Create-A-For-Loop/test.py,test.py,function,test_for_file_output,5,A,1,27,27,0,,0,/home/juan/Documents/Analisis-CC-PyCEFR/data/processed/python-beginner-programming-exercises/radon_output_python-beginner-programming-exercises.json
python-beginner-programming-exercises,python-beginner-programming-exercises,/home/juan/Documents/Analisis-CC-PyCEFR/python-beginner-programming-exercises/exercises/14-Create-A-For-Loop/test.py,test.py,function,test_variable_exists,2,A,1,13,17,0,,0,/home/juan/Documents/Analisis-CC-PyCEFR/data/processed/python-beginner-programming-exercises/radon_output_python-beginner-programming-exercises.json
python-beginner-programming-exercises,python-beginner-programming-exercises,/home/juan/Documents/Analisis-CC-PyCEFR/python-beginner-programming-exercises/exercises/14-Create-A-For-Loop/test.py,test.py,function,test_for_loop,2,A,1,20,23,0,,0,/home/juan/Documents/Analisis-CC-PyCEFR/data/processed/python-beginner-programming-exercises/radon_output_python-beginner-programming-exercises.json
python-beginner-programming-exercises,python-beginner-programming-exercises,/home/juan/Documents/Analisis-CC-PyCEFR/python-beginner-programming-exercises/exercises/14-Create-A-For-Loop/test.py,test.py,function,test_for_print,2,A,1,37,40,0,,0,/home/juan/Documents/Analisis-CC-PyCEFR/data/processed/python-beginner-programming-exercises/radon_output_python-beginner-programming-exercises.json
python-beginner-programming-exercises,python-beginner-programming-exercises,/home/juan/Documents/Analisis-CC-PyCEFR/python-beginner-programming-exercises/exercises/14-Create-A-For-Loop/test.py,test.py,function,test_callTheFunction,2,A,1,44,48,0,,0,/home/juan/Documents/Analisis-CC-PyCEFR/data/processed/python-beginner-programming-exercises/radon_output_python-beginner-programming-exercises.json
python-beginner-programming-exercises,python-beginner-programming-exercises,/home/juan/Documents/Analisis-CC-PyCEFR/python-beginner-programming-exercises/exercises/14-Create-A-For-Loop/solution.hide.py,solution.hide.py,function,standards_maker,2,A,1,1,4,0,,0,/home/juan/Documents/Analisis-CC-PyCEFR/data/processed/python-beginner-programming-exercises/radon_output_python-beginner-programming-exercises.json
python-beginner-programming-exercises,python-beginner-programming-exercises,/home/juan/Documents/Analisis-CC-PyCEFR/python-beginner-programming-exercises/exercises/15-Looping-With-FizzBuzz/test.py,test.py,function,test_function_existence,2,A,1,13,17,0,,0,/home/juan/Documents/Analisis-CC-PyCEFR/data/processed/python-beginner-programming-exercises/radon_output_python-beginner-programming-exercises.json
python-beginner-programming-exercises,python-beginner-programming-exercises,/home/juan/Documents/Analisis-CC-PyCEFR/python-beginner-programming-exercises/exercises/15-Looping-With-FizzBuzz/test.py,test.py,function,test_for_loop,2,A,1,20,23,0,,0,/home/juan/Documents/Analisis-CC-PyCEFR/data/processed/python-beginner-programming-exercises/radon_output_python-beginner-programming-exercises.json
python-beginner-programming-exercises,python-beginner-programming-exercises,/home/juan/Documents/Analisis-CC-PyCEFR/python-beginner-programming-exercises/exercises/15-Looping-With-FizzBuzz/test.py,test.py,function,test_for_function_output,2,A,1,27,27,0,,0,/home/juan/Documents/Analisis-CC-PyCEFR/data/processed/python-beginner-programming-exercises/radon_output_python-beginner-programming-exercises.json
python-beginner-programming-exercises,python-beginner-programming-exercises,/home/juan/Documents/Analisis-CC-PyCEFR/python-beginner-programming-exercises/exercises/15-Looping-With-FizzBuzz/solution.hide.py,solution.hide.py,function,fizz_buzz,6,B,2,1,11,0,,0,/home/juan/Documents/Analisis-CC-PyCEFR/data/processed/python-beginner-programming-exercises/radon_output_python-beginner-programming-exercises.json
python-beginner-programming-exercises,python-beginner-programming-exercises,/home/juan/Documents/Analisis-CC-PyCEFR/python-beginner-programming-exercises/exercises/01-Console/test.py,test.py,function,test_for_file_output,2,A,1,11,16,0,,0,/home/juan/Documents/Analisis-CC-PyCEFR/data/processed/python-beginner-programming-exercises/radon_output_python-beginner-programming-exercises.json
python-beginner-programming-exercises,python-beginner-programming-exercises,/home/juan/Documents/Analisis-CC-PyCEFR/python-beginner-programming-exercises/exercises/01-Console/test.py,test.py,function,test_for_console_log,2,A,1,20,20,0,,0,/home/juan/Documents/Analisis-CC-PyCEFR/data/processed/python-beginner-programming-exercises/radon_output_python-beginner-programming-exercises.json
python-beginner-programming-exercises,python-beginner-programming-exercises,/home/juan/Documents/Analisis-CC-PyCEFR/python-beginner-programming-exercises/exercises/02-Declare-Variables/test.py,test.py,function,test_for_print,2,A,1,12,16,0,,0,/home/juan/Documents/Analisis-CC-PyCEFR/data/processed/python-beginner-programming-exercises/radon_output_python-beginner-programming-exercises.json
python-beginner-programming-exercises,python-beginner-programming-exercises,/home/juan/Documents/Analisis-CC-PyCEFR/python-beginner-programming-exercises/exercises/02-Declare-Variables/test.py,test.py,function,test_for_variable,2,A,1,20,24,0,,0,/home/juan/Documents/Analisis-CC-PyCEFR/data/processed/python-beginner-programming-exercises/radon_output_python-beginner-programming-exercises.json
python-beginner-programming-exercises,python-beginner-programming-exercises,/home/juan/Documents/Analisis-CC-PyCEFR/python-beginner-programming-exercises/exercises/02-Declare-Variables/test.py,test.py,function,test_for_file_output,2,A,1,28,28,0,,0,/home/juan/Documents/Analisis-CC-PyCEFR/data/processed/python-beginner-programming-exercises/radon_output_python-beginner-programming-exercises.json
python-beginner-programming-exercises,python-beginner-programming-exercises,/home/juan/Documents/Analisis-CC-PyCEFR/python-beginner-programming-exercises/exercises/12-Rand-From-One-to-Twelve/test.py,test.py,function,test_function_existence,2,A,1,13,17,0,,0,/home/juan/Documents/Analisis-CC-PyCEFR/data/processed/python-beginner-programming-exercises/radon_output_python-beginner-programming-exercises.json
python-beginner-programming-exercises,python-beginner-programming-exercises,/home/juan/Documents/Analisis-CC-PyCEFR/python-beginner-programming-exercises/exercises/12-Rand-From-One-to-Twelve/test.py,test.py,function,test_conditional,2,A,1,20,24,0,,0,/home/juan/Documents/Analisis-CC-PyCEFR/data/processed/python-beginner-programming-exercises/radon_output_python-beginner-programming-exercises.json
python-beginner-programming-exercises,python-beginner-programming-exercises,/home/juan/Documents/Analisis-CC-PyCEFR/python-beginner-programming-exercises/exercises/12-Rand-From-One-to-Twelve/test.py,test.py,function,test_print_output,2,A,1,28,28,0,,0,/home/juan/Documents/Analisis-CC-PyCEFR/data/processed/python-beginner-programming-exercises/radon_output_python-beginner-programming-exercises.json
python-beginner-programming-exercises,python-beginner-programming-exercises,/home/juan/Documents/Analisis-CC-PyCEFR/python-beginner-programming-exercises/exercises/12-Rand-From-One-to-Twelve/test.py,test.py,function,test_function_called_for,2,A,1,33,36,0,,0,/home/juan/Documents/Analisis-CC-PyCEFR/data/processed/python-beginner-programming-exercises/radon_output_python-beginner-programming-exercises.json
python-beginner-programming-exercises,python-beginner-programming-exercises,/home/juan/Documents/Analisis-CC-PyCEFR/python-beginner-programming-exercises/exercises/12-Rand-From-One-to-Twelve/solution.hide.py,solution.hide.py,function,get_randomInt,1,A,1,3,6,0,,0,/home/juan/Documents/Analisis-CC-PyCEFR/data/processed/python-beginner-programming-exercises/radon_output_python-beginner-programming-exercises.json
python-beginner-programming-exercises,python-beginner-programming-exercises,/home/juan/Documents/Analisis-CC-PyCEFR/python-beginner-programming-exercises/exercises/12-Rand-From-One-to-Twelve/app.py,app.py,function,get_randomInt,1,A,1,3,5,0,,0,/home/juan/Documents/Analisis-CC-PyCEFR/data/processed/python-beginner-programming-exercises/radon_output_python-beginner-programming-exercises.json
python-beginner-programming-exercises,python-beginner-programming-exercises,/home/juan/Documents/Analisis-CC-PyCEFR/python-beginner-programming-exercises/exercises/10.1-Creating-Your-First-Function/test.py,test.py,function,test_for_function,2,A,1,11,15,0,,0,/home/juan/Documents/Analisis-CC-PyCEFR/data/processed/python-beginner-programming-exercises/radon_output_python-beginner-programming-exercises.json
python-beginner-programming-exercises,python-beginner-programming-exercises,/home/juan/Documents/Analisis-CC-PyCEFR/python-beginner-programming-exercises/exercises/10.1-Creating-Your-First-Function/test.py,test.py,function,test_for_function_print,2,A,1,18,22,0,,0,/home/juan/Documents/Analisis-CC-PyCEFR/data/processed/python-beginner-programming-exercises/radon_output_python-beginner-programming-exercises.json
python-beginner-programming-exercises,python-beginner-programming-exercises,/home/juan/Documents/Analisis-CC-PyCEFR/python-beginner-programming-exercises/exercises/10.1-Creating-Your-First-Function/test.py,test.py,function,test_for_print,2,A,1,27,30,0,,0,/home/juan/Documents/Analisis-CC-PyCEFR/data/processed/python-beginner-programming-exercises/radon_output_python-beginner-programming-exercises.json
python-beginner-programming-exercises,python-beginner-programming-exercises,/home/juan/Documents/Analisis-CC-PyCEFR/python-beginner-programming-exercises/exercises/10.1-Creating-Your-First-Function/test.py,test.py,function,test_for_return,2,A,1,34,34,0,,0,/home/juan/Documents/Analisis-CC-PyCEFR/data/processed/python-beginner-programming-exercises/radon_output_python-beginner-programming-exercises.json
python-beginner-programming-exercises,python-beginner-programming-exercises,/home/juan/Documents/Analisis-CC-PyCEFR/python-beginner-programming-exercises/exercises/10.1-Creating-Your-First-Function/test.py,test.py,function,test_for_return_2,2,A,1,40,40,0,,0,/home/juan/Documents/Analisis-CC-PyCEFR/data/processed/python-beginner-programming-exercises/radon_output_python-beginner-programming-exercises.json
python-beginner-programming-exercises,python-beginner-programming-exercises,/home/juan/Documents/Analisis-CC-PyCEFR/python-beginner-programming-exercises/exercises/10.1-Creating-Your-First-Function/solution.hide.py,solution.hide.py,function,add_numbers,1,A,1,1,3,0,,0,/home/juan/Documents/Analisis-CC-PyCEFR/data/processed/python-beginner-programming-exercises/radon_output_python-beginner-programming-exercises.json
python-beginner-programming-exercises,python-beginner-programming-exercises,/home/juan/Documents/Analisis-CC-PyCEFR/python-beginner-programming-exercises/exercises/13-Your-First-Loop/test.py,test.py,function,test_for_function_existence,2,A,1,13,17,0,,0,/home/juan/Documents/Analisis-CC-PyCEFR/data/processed/python-beginner-programming-exercises/radon_output_python-beginner-programming-exercises.json
python-beginner-programming-exercises,python-beginner-programming-exercises,/home/juan/Documents/Analisis-CC-PyCEFR/python-beginner-programming-exercises/exercises/13-Your-First-Loop/test.py,test.py,function,test_for_function_output,2,A,1,20,20,0,,0,/home/juan/Documents/Analisis-CC-PyCEFR/data/processed/python-beginner-programming-exercises/radon_output_python-beginner-programming-exercises.json
python-beginner-programming-exercises,python-beginner-programming-exercises,/home/juan/Documents/Analisis-CC-PyCEFR/python-beginner-programming-exercises/exercises/13-Your-First-Loop/test.py,test.py,function,test_for_loop,2,A,1,26,29,0,,0,/home/juan/Documents/Analisis-CC-PyCEFR/data/processed/python-beginner-programming-exercises/radon_output_python-beginner-programming-exercises.json
python-beginner-programming-exercises,python-beginner-programming-exercises,/home/juan/Documents/Analisis-CC-PyCEFR/python-beginner-programming-exercises/exercises/13-Your-First-Loop/solution.hide.py,solution.hide.py,function,start_counting,2,A,1,1,4,0,,0,/home/juan/Documents/Analisis-CC-PyCEFR/data/processed/python-beginner-programming-exercises/radon_output_python-beginner-programming-exercises.json
python-beginner-programming-exercises,python-beginner-programming-exercises,/home/juan/Documents/Analisis-CC-PyCEFR/python-beginner-programming-exercises/exercises/13-Your-First-Loop/app.py,app.py,function,start_counting,2,A,1,1,4,0,,0,/home/juan/Documents/Analisis-CC-PyCEFR/data/processed/python-beginner-programming-exercises/radon_output_python-beginner-programming-exercises.json
python-beginner-programming-exercises,python-beginner-programming-exercises,/home/juan/Documents/Analisis-CC-PyCEFR/python-beginner-programming-exercises/exercises/08.2-How-Much-The-Wedding-Costs/test.py,test.py,function,test_for_print,2,A,1,6,9,0,,0,/home/juan/Documents/Analisis-CC-PyCEFR/data/processed/python-beginner-programming-exercises/radon_output_python-beginner-programming-exercises.json
python-beginner-programming-exercises,python-beginner-programming-exercises,/home/juan/Documents/Analisis-CC-PyCEFR/python-beginner-programming-exercises/exercises/08.2-How-Much-The-Wedding-Costs/test.py,test.py,function,test_for_print,2,A,1,13,16,0,,0,/home/juan/Documents/Analisis-CC-PyCEFR/data/processed/python-beginner-programming-exercises/radon_output_python-beginner-programming-exercises.json
python-beginner-programming-exercises,python-beginner-programming-exercises,/home/juan/Documents/Analisis-CC-PyCEFR/python-beginner-programming-exercises/exercises/08.2-How-Much-The-Wedding-Costs/test.py,test.py,function,test__between_100_and_200,2,A,1,21,25,0,,0,/home/juan/Documents/Analisis-CC-PyCEFR/data/processed/python-beginner-programming-exercises/radon_output_python-beginner-programming-exercises.json
python-beginner-programming-exercises,python-beginner-programming-exercises,/home/juan/Documents/Analisis-CC-PyCEFR/python-beginner-programming-exercises/exercises/08.2-How-Much-The-Wedding-Costs/test.py,test.py,function,test_between_101_and_51,2,A,1,30,34,0,,0,/home/juan/Documents/Analisis-CC-PyCEFR/data/processed/python-beginner-programming-exercises/radon_output_python-beginner-programming-exercises.json
python-beginner-programming-exercises,python-beginner-programming-exercises,/home/juan/Documents/Analisis-CC-PyCEFR/python-beginner-programming-exercises/exercises/08.2-How-Much-The-Wedding-Costs/test.py,test.py,function,test_less_than_50,1,A,1,39,44,0,,0,/home/juan/Documents/Analisis-CC-PyCEFR/data/processed/python-beginner-programming-exercises/radon_output_python-beginner-programming-exercises.json
python-beginner-programming-exercises,python-beginner-programming-exercises,/home/juan/Documents/Analisis-CC-PyCEFR/python-beginner-programming-exercises/exercises/08.2-How-Much-The-Wedding-Costs/test.py,test.py,function,test_t,1,A,1,47,52,0,,0,/home/juan/Documents/Analisis-CC-PyCEFR/data/processed/python-beginner-programming-exercises/radon_output_python-beginner-programming-exercises.json
python-beginner-programming-exercises,python-beginner-programming-exercises,/home/juan/Documents/Analisis-CC-PyCEFR/python-beginner-programming-exercises/exercises/05-User-Inputed-Values/test.py,test.py,function,test_for_file_output,2,A,1,5,9,0,,0,/home/juan/Documents/Analisis-CC-PyCEFR/data/processed/python-beginner-programming-exercises/radon_output_python-beginner-programming-exercises.json
python-beginner-programming-exercises,python-beginner-programming-exercises,/home/juan/Documents/Analisis-CC-PyCEFR/python-beginner-programming-exercises/exercises/05-User-Inputed-Values/test.py,test.py,function,test_plus_ten,2,A,1,14,14,0,,0,/home/juan/Documents/Analisis-CC-PyCEFR/data/processed/python-beginner-programming-exercises/radon_output_python-beginner-programming-exercises.json
python-beginner-programming-exercises,python-beginner-programming-exercises,/home/juan/Documents/Analisis-CC-PyCEFR/python-beginner-programming-exercises/exercises/18-The-Beatles/test.py,test.py,function,test_function_sing_exists,3,A,1,12,16,0,,0,/home/juan/Documents/Analisis-CC-PyCEFR/data/processed/python-beginner-programming-exercises/radon_output_python-beginner-programming-exercises.json
python-beginner-programming-exercises,python-beginner-programming-exercises,/home/juan/Documents/Analisis-CC-PyCEFR/python-beginner-programming-exercises/exercises/18-The-Beatles/test.py,test.py,function,test_function_sing_exists,3,A,1,27,31,0,,0,/home/juan/Documents/Analisis-CC-PyCEFR/data/processed/python-beginner-programming-exercises/radon_output_python-beginner-programming-exercises.json
python-beginner-programming-exercises,python-beginner-programming-exercises,/home/juan/Documents/Analisis-CC-PyCEFR/python-beginner-programming-exercises/exercises/18-The-Beatles/test.py,test.py,function,test_function_hardcode_output,2,A,1,19,23,0,,0,/home/juan/Documents/Analisis-CC-PyCEFR/data/processed/python-beginner-programming-exercises/radon_output_python-beginner-programming-exercises.json
python-beginner-programming-exercises,python-beginner-programming-exercises,/home/juan/Documents/Analisis-CC-PyCEFR/python-beginner-programming-exercises/exercises/18-The-Beatles/solution.hide.py,solution.hide.py,function,sing,4,A,1,2,11,0,,0,/home/juan/Documents/Analisis-CC-PyCEFR/data/processed/python-beginner-programming-exercises/radon_output_python-beginner-programming-exercises.json
python-beginner-programming-exercises,python-beginner-programming-exercises,/home/juan/Documents/Analisis-CC-PyCEFR/python-beginner-programming-exercises/exercises/07-Create-a-Basic-HTML/test.py,test.py,function,test_html_document_exists,3,A,1,13,18,0,,0,/home/juan/Documents/Analisis-CC-PyCEFR/data/processed/python-beginner-programming-exercises/radon_output_python-beginner-programming-exercises.json
python-beginner-programming-exercises,python-beginner-programming-exercises,/home/juan/Documents/Analisis-CC-PyCEFR/python-beginner-programming-exercises/exercises/07-Create-a-Basic-HTML/test.py,test.py,function,test_html_document_exists,2,A,1,6,10,0,,0,/home/juan/Documents/Analisis-CC-PyCEFR/data/processed/python-beginner-programming-exercises/radon_output_python-beginner-programming-exercises.json
python-beginner-programming-exercises,python-beginner-programming-exercises,/home/juan/Documents/Analisis-CC-PyCEFR/python-beginner-programming-exercises/exercises/07-Create-a-Basic-HTML/test.py,test.py,function,test_for_concat,2,A,1,21,26,0,,0,/home/juan/Documents/Analisis-CC-PyCEFR/data/processed/python-beginner-programming-exercises/radon_output_python-beginner-programming-exercises.json
python-beginner-programming-exercises,python-beginner-programming-exercises,/home/juan/Documents/Analisis-CC-PyCEFR/python-beginner-programming-exercises/exercises/07-Create-a-Basic-HTML/test.py,test.py,function,test_for_file_output,2,A,1,31,31,0,,0,/home/juan/Documents/Analisis-CC-PyCEFR/data/processed/python-beginner-programming-exercises/radon_output_python-beginner-programming-exercises.json
python-beginner-programming-exercises,python-beginner-programming-exercises,/home/juan/Documents/Analisis-CC-PyCEFR/python-beginner-programming-exercises/exercises/16-Random-Colors-Loop/test.py,test.py,function,test_get_color_exists,2,A,1,12,16,0,,0,/home/juan/Documents/Analisis-CC-PyCEFR/data/processed/python-beginner-programming-exercises/radon_output_python-beginner-programming-exercises.json
python-beginner-programming-exercises,python-beginner-programming-exercises,/home/juan/Documents/Analisis-CC-PyCEFR/python-beginner-programming-exercises/exercises/16-Random-Colors-Loop/test.py,test.py,function,test_get_allStudentColors_exists,2,A,1,18,22,0,,0,/home/juan/Documents/Analisis-CC-PyCEFR/data/processed/python-beginner-programming-exercises/radon_output_python-beginner-programming-exercises.json
python-beginner-programming-exercises,python-beginner-programming-exercises,/home/juan/Documents/Analisis-CC-PyCEFR/python-beginner-programming-exercises/exercises/16-Random-Colors-Loop/test.py,test.py,function,test_ten_colors,2,A,1,25,25,0,,0,/home/juan/Documents/Analisis-CC-PyCEFR/data/processed/python-beginner-programming-exercises/radon_output_python-beginner-programming-exercises.json
python-beginner-programming-exercises,python-beginner-programming-exercises,/home/juan/Documents/Analisis-CC-PyCEFR/python-beginner-programming-exercises/exercises/16-Random-Colors-Loop/test.py,test.py,function,test_black_in_array,2,A,1,30,30,0,,0,/home/juan/Documents/Analisis-CC-PyCEFR/data/processed/python-beginner-programming-exercises/radon_output_python-beginner-programming-exercises.json
python-beginner-programming-exercises,python-beginner-programming-exercises,/home/juan/Documents/Analisis-CC-PyCEFR/python-beginner-programming-exercises/exercises/16-Random-Colors-Loop/test.py,test.py,function,use_for_loop,2,A,1,35,40,0,,0,/home/juan/Documents/Analisis-CC-PyCEFR/data/processed/python-beginner-programming-exercises/radon_output_python-beginner-programming-exercises.json
python-beginner-programming-exercises,python-beginner-programming-exercises,/home/juan/Documents/Analisis-CC-PyCEFR/python-beginner-programming-exercises/exercises/16-Random-Colors-Loop/solution.hide.py,solution.hide.py,function,get_allStudentColors,2,A,1,19,26,0,,0,/home/juan/Documents/Analisis-CC-PyCEFR/data/processed/python-beginner-programming-exercises/radon_output_python-beginner-programming-exercises.json
python-beginner-programming-exercises,python-beginner-programming-exercises,/home/juan/Documents/Analisis-CC-PyCEFR/python-beginner-programming-exercises/exercises/16-Random-Colors-Loop/solution.hide.py,solution.hide.py,function,get_color,1,A,1,3,15,0,,0,/home/juan/Documents/Analisis-CC-PyCEFR/data/processed/python-beginner-programming-exercises/radon_output_python-beginner-programming-exercises.json
python-beginner-programming-exercises,python-beginner-programming-exercises,/home/juan/Documents/Analisis-CC-PyCEFR/python-beginner-programming-exercises/exercises/16-Random-Colors-Loop/app.py,app.py,function,get_color,1,A,1,3,15,0,,0,/home/juan/Documents/Analisis-CC-PyCEFR/data/processed/python-beginner-programming-exercises/radon_output_python-beginner-programming-exercises.json
python-beginner-programming-exercises,python-beginner-programming-exercises,/home/juan/Documents/Analisis-CC-PyCEFR/python-beginner-programming-exercises/exercises/16-Random-Colors-Loop/app.py,app.py,function,get_allStudentColors,1,A,1,19,21,0,,0,/home/juan/Documents/Analisis-CC-PyCEFR/data/processed/python-beginner-programming-exercises/radon_output_python-beginner-programming-exercises.json
python-beginner-programming-exercises,python-beginner-programming-exercises,/home/juan/Documents/Analisis-CC-PyCEFR/python-beginner-programming-exercises/exercises/19-Bottles-Of-Milk/test.py,test.py,function,test_function_spin_chamber,8,B,2,11,11,0,,0,/home/juan/Documents/Analisis-CC-PyCEFR/data/processed/python-beginner-programming-exercises/radon_output_python-beginner-programming-exercises.json
python-beginner-programming-exercises,python-beginner-programming-exercises,/home/juan/Documents/Analisis-CC-PyCEFR/python-beginner-programming-exercises/exercises/19-Bottles-Of-Milk/test.py,test.py,function,test_for_function_output,6,B,2,29,29,0,,0,/home/juan/Documents/Analisis-CC-PyCEFR/data/processed/python-beginner-programming-exercises/radon_output_python-beginner-programming-exercises.json
python-beginner-programming-exercises,python-beginner-programming-exercises,/home/juan/Documents/Analisis-CC-PyCEFR/python-beginner-programming-exercises/exercises/19-Bottles-Of-Milk/solution.hide.py,solution.hide.py,function,number_of_bottles,2,A,1,2,8,0,,0,/home/juan/Documents/Analisis-CC-PyCEFR/data/processed/python-beginner-programming-exercises/radon_output_python-beginner-programming-exercises.json
python-beginner-programming-exercises,python-beginner-programming-exercises,/home/juan/Documents/Analisis-CC-PyCEFR/python-beginner-programming-exercises/exercises/10-Calling-Your-First-Function/test.py,test.py,function,test_functions_existence,2,A,1,4,8,0,,0,/home/juan/Documents/Analisis-CC-PyCEFR/data/processed/python-beginner-programming-exercises/radon_output_python-beginner-programming-exercises.json
python-beginner-programming-exercises,python-beginner-programming-exercises,/home/juan/Documents/Analisis-CC-PyCEFR/python-beginner-programming-exercises/exercises/10-Calling-Your-First-Function/test.py,test.py,function,test_functions_existence_main,2,A,1,11,15,0,,0,/home/juan/Documents/Analisis-CC-PyCEFR/data/processed/python-beginner-programming-exercises/radon_output_python-beginner-programming-exercises.json
python-beginner-programming-exercises,python-beginner-programming-exercises,/home/juan/Documents/Analisis-CC-PyCEFR/python-beginner-programming-exercises/exercises/10-Calling-Your-First-Function/test.py,test.py,function,test_for_print,2,A,1,18,22,0,,0,/home/juan/Documents/Analisis-CC-PyCEFR/data/processed/python-beginner-programming-exercises/radon_output_python-beginner-programming-exercises.json
python-beginner-programming-exercises,python-beginner-programming-exercises,/home/juan/Documents/Analisis-CC-PyCEFR/python-beginner-programming-exercises/exercises/10-Calling-Your-First-Function/test.py,test.py,function,test_for_file_output,2,A,1,33,33,0,,0,/home/juan/Documents/Analisis-CC-PyCEFR/data/processed/python-beginner-programming-exercises/radon_output_python-beginner-programming-exercises.json
python-beginner-programming-exercises,python-beginner-programming-exercises,/home/juan/Documents/Analisis-CC-PyCEFR/python-beginner-programming-exercises/exercises/10-Calling-Your-First-Function/test.py,test.py,function,test_call_is_odd,1,A,1,26,30,0,,0,/home/juan/Documents/Analisis-CC-PyCEFR/data/processed/python-beginner-programming-exercises/radon_output_python-beginner-programming-exercises.json
python-beginner-programming-exercises,python-beginner-programming-exercises,/home/juan/Documents/Analisis-CC-PyCEFR/python-beginner-programming-exercises/exercises/10-Calling-Your-First-Function/solution.hide.py,solution.hide.py,function,is_odd,1,A,1,1,2,0,,0,/home/juan/Documents/Analisis-CC-PyCEFR/data/processed/python-beginner-programming-exercises/radon_output_python-beginner-programming-exercises.json
python-beginner-programming-exercises,python-beginner-programming-exercises,/home/juan/Documents/Analisis-CC-PyCEFR/python-beginner-programming-exercises/exercises/10-Calling-Your-First-Function/solution.hide.py,solution.hide.py,function,my_main_code,1,A,1,5,7,0,,0,/home/juan/Documents/Analisis-CC-PyCEFR/data/processed/python-beginner-programming-exercises/radon_output_python-beginner-programming-exercises.json
python-beginner-programming-exercises,python-beginner-programming-exercises,/home/juan/Documents/Analisis-CC-PyCEFR/python-beginner-programming-exercises/exercises/08.1-Your-First-If/test.py,test.py,function,test_for_print,2,A,1,6,9,0,,0,/home/juan/Documents/Analisis-CC-PyCEFR/data/processed/python-beginner-programming-exercises/radon_output_python-beginner-programming-exercises.json
python-beginner-programming-exercises,python-beginner-programming-exercises,/home/juan/Documents/Analisis-CC-PyCEFR/python-beginner-programming-exercises/exercises/08.1-Your-First-If/test.py,test.py,function,test_for_print,2,A,1,13,17,0,,0,/home/juan/Documents/Analisis-CC-PyCEFR/data/processed/python-beginner-programming-exercises/radon_output_python-beginner-programming-exercises.json
python-beginner-programming-exercises,python-beginner-programming-exercises,/home/juan/Documents/Analisis-CC-PyCEFR/python-beginner-programming-exercises/exercises/08.1-Your-First-If/test.py,test.py,function,test_for_print,2,A,1,21,24,0,,0,/home/juan/Documents/Analisis-CC-PyCEFR/data/processed/python-beginner-programming-exercises/radon_output_python-beginner-programming-exercises.json
python-beginner-programming-exercises,python-beginner-programming-exercises,/home/juan/Documents/Analisis-CC-PyCEFR/python-beginner-programming-exercises/exercises/08.1-Your-First-If/test.py,test.py,function,test_for_output_when_101,2,A,1,28,31,0,,0,/home/juan/Documents/Analisis-CC-PyCEFR/data/processed/python-beginner-programming-exercises/radon_output_python-beginner-programming-exercises.json
python-beginner-programming-exercises,python-beginner-programming-exercises,/home/juan/Documents/Analisis-CC-PyCEFR/python-beginner-programming-exercises/exercises/08.1-Your-First-If/test.py,test.py,function,test_for_output_when_100,2,A,1,35,38,0,,0,/home/juan/Documents/Analisis-CC-PyCEFR/data/processed/python-beginner-programming-exercises/radon_output_python-beginner-programming-exercises.json
python-beginner-programming-exercises,python-beginner-programming-exercises,/home/juan/Documents/Analisis-CC-PyCEFR/python-beginner-programming-exercises/exercises/08.1-Your-First-If/test.py,test.py,function,test_for_output_when_99,2,A,1,42,45,0,,0,/home/juan/Documents/Analisis-CC-PyCEFR/data/processed/python-beginner-programming-exercises/radon_output_python-beginner-programming-exercises.json
python-beginner-programming-exercises,python-beginner-programming-exercises,/home/juan/Documents/Analisis-CC-PyCEFR/python-beginner-programming-exercises/exercises/08.1-Your-First-If/test.py,test.py,function,test_for_output_when_51,2,A,1,49,52,0,,0,/home/juan/Documents/Analisis-CC-PyCEFR/data/processed/python-beginner-programming-exercises/radon_output_python-beginner-programming-exercises.json
python-beginner-programming-exercises,python-beginner-programming-exercises,/home/juan/Documents/Analisis-CC-PyCEFR/python-beginner-programming-exercises/exercises/08.1-Your-First-If/test.py,test.py,function,test_for_output_when_50,2,A,1,56,59,0,,0,/home/juan/Documents/Analisis-CC-PyCEFR/data/processed/python-beginner-programming-exercises/radon_output_python-beginner-programming-exercises.json
python-beginner-programming-exercises,python-beginner-programming-exercises,/home/juan/Documents/Analisis-CC-PyCEFR/python-beginner-programming-exercises/exercises/08.1-Your-First-If/test.py,test.py,function,test_for_output_when_49,2,A,1,63,66,0,,0,/home/juan/Documents/Analisis-CC-PyCEFR/data/processed/python-beginner-programming-exercises/radon_output_python-beginner-programming-exercises.json
python-mini-projects,python-mini-projects,/home/juan/Documents/Analisis-CC-PyCEFR/python-mini-projects/projects/birthDateToCurrentAge.py,birthDateToCurrentAge.py,function,ageCalculator,3,A,1,4,27,0,,0,/home/juan/Documents/Analisis-CC-PyCEFR/data/processed/python-mini-projects/radon_output_python-mini-projects.json
python-mini-projects,python-mini-projects,/home/juan/Documents/Analisis-CC-PyCEFR/python-mini-projects/projects/Snake Game/snake_game.py,snake_game.py,function,change_direction,9,B,2,87,102,0,,0,/home/juan/Documents/Analisis-CC-PyCEFR/data/processed/python-mini-projects/radon_output_python-mini-projects.json
python-mini-projects,python-mini-projects,/home/juan/Documents/Analisis-CC-PyCEFR/python-mini-projects/projects/Snake Game/snake_game.py,snake_game.py,function,next_turn,8,B,2,41,84,0,,0,/home/juan/Documents/Analisis-CC-PyCEFR/data/processed/python-mini-projects/radon_output_python-mini-projects.json
python-mini-projects,python-mini-projects,/home/juan/Documents/Analisis-CC-PyCEFR/python-mini-projects/projects/Snake Game/snake_game.py,snake_game.py,function,check_collisions,8,B,2,105,118,0,,0,/home/juan/Documents/Analisis-CC-PyCEFR/data/processed/python-mini-projects/radon_output_python-mini-projects.json
python-mini-projects,python-mini-projects,/home/juan/Documents/Analisis-CC-PyCEFR/python-mini-projects/projects/Snake Game/snake_game.py,snake_game.py,class,Snake,4,A,1,14,26,0,,0,/home/juan/Documents/Analisis-CC-PyCEFR/data/processed/python-mini-projects/radon_output_python-mini-projects.json
python-mini-projects,python-mini-projects,/home/juan/Documents/Analisis-CC-PyCEFR/python-mini-projects/projects/Snake Game/snake_game.py,snake_game.py,method,__init__,3,A,1,16,26,4,,0,/home/juan/Documents/Analisis-CC-PyCEFR/data/processed/python-mini-projects/radon_output_python-mini-projects.json
python-mini-projects,python-mini-projects,/home/juan/Documents/Analisis-CC-PyCEFR/python-mini-projects/projects/Snake Game/snake_game.py,snake_game.py,class,Food,2,A,1,29,38,0,,0,/home/juan/Documents/Analisis-CC-PyCEFR/data/processed/python-mini-projects/radon_output_python-mini-projects.json
python-mini-projects,python-mini-projects,/home/juan/Documents/Analisis-CC-PyCEFR/python-mini-projects/projects/Snake Game/snake_game.py,snake_game.py,function,game_over,1,A,1,121,125,0,,0,/home/juan/Documents/Analisis-CC-PyCEFR/data/processed/python-mini-projects/radon_output_python-mini-projects.json
python-mini-projects,python-mini-projects,/home/juan/Documents/Analisis-CC-PyCEFR/python-mini-projects/projects/Snake Game/snake_game.py,snake_game.py,method,__init__,1,A,1,31,38,4,,0,/home/juan/Documents/Analisis-CC-PyCEFR/data/processed/python-mini-projects/radon_output_python-mini-projects.json
python-mini-projects,python-mini-projects,/home/juan/Documents/Analisis-CC-PyCEFR/python-mini-projects/projects/Capture_Video_Frames/capture_video_frames.py,capture_video_frames.py,class,FrameCapture,3,A,1,6,36,0,,0,/home/juan/Documents/Analisis-CC-PyCEFR/data/processed/python-mini-projects/radon_output_python-mini-projects.json
python-mini-projects,python-mini-projects,/home/juan/Documents/Analisis-CC-PyCEFR/python-mini-projects/projects/Capture_Video_Frames/capture_video_frames.py,capture_video_frames.py,method,__init__,2,A,1,10,19,4,,0,/home/juan/Documents/Analisis-CC-PyCEFR/data/processed/python-mini-projects/radon_output_python-mini-projects.json
python-mini-projects,python-mini-projects,/home/juan/Documents/Analisis-CC-PyCEFR/python-mini-projects/projects/Capture_Video_Frames/capture_video_frames.py,capture_video_frames.py,method,capture_frames,2,A,1,21,36,4,,0,/home/juan/Documents/Analisis-CC-PyCEFR/data/processed/python-mini-projects/radon_output_python-mini-projects.json
python-mini-projects,python-mini-projects,/home/juan/Documents/Analisis-CC-PyCEFR/python-mini-projects/projects/Random_password_generator/random_password_gen.py,random_password_gen.py,function,generate_pass,4,A,1,20,28,0,,0,/home/juan/Documents/Analisis-CC-PyCEFR/data/processed/python-mini-projects/radon_output_python-mini-projects.json
python-mini-projects,python-mini-projects,/home/juan/Documents/Analisis-CC-PyCEFR/python-mini-projects/projects/Bouncing_ball_simulator/ball_bounce.py,ball_bounce.py,method,move_ball,7,B,2,26,40,4,,0,/home/juan/Documents/Analisis-CC-PyCEFR/data/processed/python-mini-projects/radon_output_python-mini-projects.json
python-mini-projects,python-mini-projects,/home/juan/Documents/Analisis-CC-PyCEFR/python-mini-projects/projects/Bouncing_ball_simulator/ball_bounce.py,ball_bounce.py,class,ball,4,A,1,15,40,0,,0,/home/juan/Documents/Analisis-CC-PyCEFR/data/processed/python-mini-projects/radon_output_python-mini-projects.json
python-mini-projects,python-mini-projects,/home/juan/Documents/Analisis-CC-PyCEFR/python-mini-projects/projects/Bouncing_ball_simulator/ball_bounce.py,ball_bounce.py,method,__init__,1,A,1,18,22,4,,0,/home/juan/Documents/Analisis-CC-PyCEFR/data/processed/python-mini-projects/radon_output_python-mini-projects.json
python-mini-projects,python-mini-projects,/home/juan/Documents/Analisis-CC-PyCEFR/python-mini-projects/projects/Bouncing_ball_simulator/ball_bounce.py,ball_bounce.py,method,render_ball,1,A,1,24,25,4,,0,/home/juan/Documents/Analisis-CC-PyCEFR/data/processed/python-mini-projects/radon_output_python-mini-projects.json
python-mini-projects,python-mini-projects,/home/juan/Documents/Analisis-CC-PyCEFR/python-mini-projects/projects/Convert_numbers_to_word/converter.py,converter.py,function,converter,34,E,5,19,72,0,,0,/home/juan/Documents/Analisis-CC-PyCEFR/data/processed/python-mini-projects/radon_output_python-mini-projects.json
python-mini-projects,python-mini-projects,/home/juan/Documents/Analisis-CC-PyCEFR/python-mini-projects/projects/Find_out_hostname_and_ip_address/Hostname_IPaddress.py,Hostname_IPaddress.py,function,get_hostname_IP,2,A,1,4,10,0,,0,/home/juan/Documents/Analisis-CC-PyCEFR/data/processed/python-mini-projects/radon_output_python-mini-projects.json
python-mini-projects,python-mini-projects,/home/juan/Documents/Analisis-CC-PyCEFR/python-mini-projects/projects/detect_align_faces/main.py,main.py,function,main,3,A,1,20,33,0,,0,/home/juan/Documents/Analisis-CC-PyCEFR/data/processed/python-mini-projects/radon_output_python-mini-projects.json
python-mini-projects,python-mini-projects,/home/juan/Documents/Analisis-CC-PyCEFR/python-mini-projects/projects/detect_align_faces/main.py,main.py,function,detect_align_faces,2,A,1,36,59,0,,0,/home/juan/Documents/Analisis-CC-PyCEFR/data/processed/python-mini-projects/radon_output_python-mini-projects.json
python-mini-projects,python-mini-projects,/home/juan/Documents/Analisis-CC-PyCEFR/python-mini-projects/projects/detect_align_faces/main.py,main.py,function,shape_to_pos,2,A,1,62,70,0,,0,/home/juan/Documents/Analisis-CC-PyCEFR/data/processed/python-mini-projects/radon_output_python-mini-projects.json
python-mini-projects,python-mini-projects,/home/juan/Documents/Analisis-CC-PyCEFR/python-mini-projects/projects/Organized_download_folder_with_different_categories/file-sortor.py,file-sortor.py,function,sorting,4,A,1,25,31,0,,0,/home/juan/Documents/Analisis-CC-PyCEFR/data/processed/python-mini-projects/radon_output_python-mini-projects.json
python-mini-projects,python-mini-projects,/home/juan/Documents/Analisis-CC-PyCEFR/python-mini-projects/projects/Recursive_password_generator/generator.py,generator.py,function,stretch,2,A,1,4,9,0,,0,/home/juan/Documents/Analisis-CC-PyCEFR/data/processed/python-mini-projects/radon_output_python-mini-projects.json
python-mini-projects,python-mini-projects,/home/juan/Documents/Analisis-CC-PyCEFR/python-mini-projects/projects/Recursive_password_generator/generator.py,generator.py,function,get_random_char,1,A,1,11,14,0,,0,/home/juan/Documents/Analisis-CC-PyCEFR/data/processed/python-mini-projects/radon_output_python-mini-projects.json
python-mini-projects,python-mini-projects,/home/juan/Documents/Analisis-CC-PyCEFR/python-mini-projects/projects/Speech_to_text/speech_to_text.py,speech_to_text.py,function,record_voice,2,A,1,3,15,0,,0,/home/juan/Documents/Analisis-CC-PyCEFR/data/processed/python-mini-projects/radon_output_python-mini-projects.json
python-mini-projects,python-mini-projects,/home/juan/Documents/Analisis-CC-PyCEFR/python-mini-projects/projects/GUI Rock-Paper-Scissors Game/Rock-Paper-Scissors Game.py,Rock-Paper-Scissors Game.py,function,spin,16,C,3,23,58,0,,0,/home/juan/Documents/Analisis-CC-PyCEFR/data/processed/python-mini-projects/radon_output_python-mini-projects.json
python-mini-projects,python-mini-projects,/home/juan/Documents/Analisis-CC-PyCEFR/python-mini-projects/projects/Merge_pdfs/merge_pdfs.py,merge_pdfs.py,function,by_appending,1,A,1,7,15,0,,0,/home/juan/Documents/Analisis-CC-PyCEFR/data/processed/python-mini-projects/radon_output_python-mini-projects.json
python-mini-projects,python-mini-projects,/home/juan/Documents/Analisis-CC-PyCEFR/python-mini-projects/projects/Merge_pdfs/merge_pdfs.py,merge_pdfs.py,function,by_inserting,1,A,1,19,23,0,,0,/home/juan/Documents/Analisis-CC-PyCEFR/data/processed/python-mini-projects/radon_output_python-mini-projects.json
python-mini-projects,python-mini-projects,/home/juan/Documents/Analisis-CC-PyCEFR/python-mini-projects/projects/Speed_Game/macOS/main.py,main.py,method,checkBtn_click,4,A,1,161,202,4,,0,/home/juan/Documents/Analisis-CC-PyCEFR/data/processed/python-mini-projects/radon_output_python-mini-projects.json
python-mini-projects,python-mini-projects,/home/juan/Documents/Analisis-CC-PyCEFR/python-mini-projects/projects/Speed_Game/macOS/main.py,main.py,class,SampleApp,3,A,1,16,27,0,,0,/home/juan/Documents/Analisis-CC-PyCEFR/data/processed/python-mini-projects/radon_output_python-mini-projects.json
python-mini-projects,python-mini-projects,/home/juan/Documents/Analisis-CC-PyCEFR/python-mini-projects/projects/Speed_Game/macOS/main.py,main.py,class,CountryPage,3,A,1,82,237,0,,0,/home/juan/Documents/Analisis-CC-PyCEFR/data/processed/python-mini-projects/radon_output_python-mini-projects.json
python-mini-projects,python-mini-projects,/home/juan/Documents/Analisis-CC-PyCEFR/python-mini-projects/projects/Speed_Game/macOS/main.py,main.py,method,count,3,A,1,144,158,4,,0,/home/juan/Documents/Analisis-CC-PyCEFR/data/processed/python-mini-projects/radon_output_python-mini-projects.json
python-mini-projects,python-mini-projects,/home/juan/Documents/Analisis-CC-PyCEFR/python-mini-projects/projects/Speed_Game/macOS/main.py,main.py,method,passBtn_click,3,A,1,204,234,4,,0,/home/juan/Documents/Analisis-CC-PyCEFR/data/processed/python-mini-projects/radon_output_python-mini-projects.json
python-mini-projects,python-mini-projects,/home/juan/Documents/Analisis-CC-PyCEFR/python-mini-projects/projects/Speed_Game/macOS/main.py,main.py,method,switch_frame,2,A,1,22,27,4,,0,/home/juan/Documents/Analisis-CC-PyCEFR/data/processed/python-mini-projects/radon_output_python-mini-projects.json
python-mini-projects,python-mini-projects,/home/juan/Documents/Analisis-CC-PyCEFR/python-mini-projects/projects/Speed_Game/macOS/main.py,main.py,class,StartPage,2,A,1,30,48,0,,0,/home/juan/Documents/Analisis-CC-PyCEFR/data/processed/python-mini-projects/radon_output_python-mini-projects.json
python-mini-projects,python-mini-projects,/home/juan/Documents/Analisis-CC-PyCEFR/python-mini-projects/projects/Speed_Game/macOS/main.py,main.py,class,CategoryPage,2,A,1,51,79,0,,0,/home/juan/Documents/Analisis-CC-PyCEFR/data/processed/python-mini-projects/radon_output_python-mini-projects.json
python-mini-projects,python-mini-projects,/home/juan/Documents/Analisis-CC-PyCEFR/python-mini-projects/projects/Speed_Game/macOS/main.py,main.py,method,__init__,2,A,1,83,142,4,,0,/home/juan/Documents/Analisis-CC-PyCEFR/data/processed/python-mini-projects/radon_output_python-mini-projects.json
python-mini-projects,python-mini-projects,/home/juan/Documents/Analisis-CC-PyCEFR/python-mini-projects/projects/Speed_Game/macOS/main.py,main.py,class,FinishPage,2,A,1,240,251,0,,0,/home/juan/Documents/Analisis-CC-PyCEFR/data/processed/python-mini-projects/radon_output_python-mini-projects.json
python-mini-projects,python-mini-projects,/home/juan/Documents/Analisis-CC-PyCEFR/python-mini-projects/projects/Speed_Game/macOS/main.py,main.py,method,__init__,1,A,1,17,20,4,,0,/home/juan/Documents/Analisis-CC-PyCEFR/data/processed/python-mini-projects/radon_output_python-mini-projects.json
python-mini-projects,python-mini-projects,/home/juan/Documents/Analisis-CC-PyCEFR/python-mini-projects/projects/Speed_Game/macOS/main.py,main.py,method,__init__,1,A,1,31,48,4,,0,/home/juan/Documents/Analisis-CC-PyCEFR/data/processed/python-mini-projects/radon_output_python-mini-projects.json
python-mini-projects,python-mini-projects,/home/juan/Documents/Analisis-CC-PyCEFR/python-mini-projects/projects/Speed_Game/macOS/main.py,main.py,method,__init__,1,A,1,52,79,4,,0,/home/juan/Documents/Analisis-CC-PyCEFR/data/processed/python-mini-projects/radon_output_python-mini-projects.json
python-mini-projects,python-mini-projects,/home/juan/Documents/Analisis-CC-PyCEFR/python-mini-projects/projects/Speed_Game/macOS/main.py,main.py,method,delete_img,1,A,1,236,237,4,,0,/home/juan/Documents/Analisis-CC-PyCEFR/data/processed/python-mini-projects/radon_output_python-mini-projects.json
python-mini-projects,python-mini-projects,/home/juan/Documents/Analisis-CC-PyCEFR/python-mini-projects/projects/Speed_Game/macOS/main.py,main.py,method,__init__,1,A,1,241,251,4,,0,/home/juan/Documents/Analisis-CC-PyCEFR/data/processed/python-mini-projects/radon_output_python-mini-projects.json
python-mini-projects,python-mini-projects,/home/juan/Documents/Analisis-CC-PyCEFR/python-mini-projects/projects/Speed_Game/windows/main.py,main.py,method,checkBtn_click,4,A,1,164,205,4,,0,/home/juan/Documents/Analisis-CC-PyCEFR/data/processed/python-mini-projects/radon_output_python-mini-projects.json
python-mini-projects,python-mini-projects,/home/juan/Documents/Analisis-CC-PyCEFR/python-mini-projects/projects/Speed_Game/windows/main.py,main.py,class,SampleApp,3,A,1,19,30,0,,0,/home/juan/Documents/Analisis-CC-PyCEFR/data/processed/python-mini-projects/radon_output_python-mini-projects.json
python-mini-projects,python-mini-projects,/home/juan/Documents/Analisis-CC-PyCEFR/python-mini-projects/projects/Speed_Game/windows/main.py,main.py,class,CountryPage,3,A,1,85,240,0,,0,/home/juan/Documents/Analisis-CC-PyCEFR/data/processed/python-mini-projects/radon_output_python-mini-projects.json
python-mini-projects,python-mini-projects,/home/juan/Documents/Analisis-CC-PyCEFR/python-mini-projects/projects/Speed_Game/windows/main.py,main.py,method,count,3,A,1,147,161,4,,0,/home/juan/Documents/Analisis-CC-PyCEFR/data/processed/python-mini-projects/radon_output_python-mini-projects.json
python-mini-projects,python-mini-projects,/home/juan/Documents/Analisis-CC-PyCEFR/python-mini-projects/projects/Speed_Game/windows/main.py,main.py,method,passBtn_click,3,A,1,207,237,4,,0,/home/juan/Documents/Analisis-CC-PyCEFR/data/processed/python-mini-projects/radon_output_python-mini-projects.json
python-mini-projects,python-mini-projects,/home/juan/Documents/Analisis-CC-PyCEFR/python-mini-projects/projects/Speed_Game/windows/main.py,main.py,method,switch_frame,2,A,1,25,30,4,,0,/home/juan/Documents/Analisis-CC-PyCEFR/data/processed/python-mini-projects/radon_output_python-mini-projects.json
python-mini-projects,python-mini-projects,/home/juan/Documents/Analisis-CC-PyCEFR/python-mini-projects/projects/Speed_Game/windows/main.py,main.py,class,StartPage,2,A,1,33,51,0,,0,/home/juan/Documents/Analisis-CC-PyCEFR/data/processed/python-mini-projects/radon_output_python-mini-projects.json
python-mini-projects,python-mini-projects,/home/juan/Documents/Analisis-CC-PyCEFR/python-mini-projects/projects/Speed_Game/windows/main.py,main.py,class,CategoryPage,2,A,1,54,82,0,,0,/home/juan/Documents/Analisis-CC-PyCEFR/data/processed/python-mini-projects/radon_output_python-mini-projects.json
python-mini-projects,python-mini-projects,/home/juan/Documents/Analisis-CC-PyCEFR/python-mini-projects/projects/Speed_Game/windows/main.py,main.py,method,__init__,2,A,1,86,145,4,,0,/home/juan/Documents/Analisis-CC-PyCEFR/data/processed/python-mini-projects/radon_output_python-mini-projects.json
python-mini-projects,python-mini-projects,/home/juan/Documents/Analisis-CC-PyCEFR/python-mini-projects/projects/Speed_Game/windows/main.py,main.py,class,FinishPage,2,A,1,243,254,0,,0,/home/juan/Documents/Analisis-CC-PyCEFR/data/processed/python-mini-projects/radon_output_python-mini-projects.json
python-mini-projects,python-mini-projects,/home/juan/Documents/Analisis-CC-PyCEFR/python-mini-projects/projects/Speed_Game/windows/main.py,main.py,method,__init__,1,A,1,20,23,4,,0,/home/juan/Documents/Analisis-CC-PyCEFR/data/processed/python-mini-projects/radon_output_python-mini-projects.json
python-mini-projects,python-mini-projects,/home/juan/Documents/Analisis-CC-PyCEFR/python-mini-projects/projects/Speed_Game/windows/main.py,main.py,method,__init__,1,A,1,34,51,4,,0,/home/juan/Documents/Analisis-CC-PyCEFR/data/processed/python-mini-projects/radon_output_python-mini-projects.json
python-mini-projects,python-mini-projects,/home/juan/Documents/Analisis-CC-PyCEFR/python-mini-projects/projects/Speed_Game/windows/main.py,main.py,method,__init__,1,A,1,55,82,4,,0,/home/juan/Documents/Analisis-CC-PyCEFR/data/processed/python-mini-projects/radon_output_python-mini-projects.json
python-mini-projects,python-mini-projects,/home/juan/Documents/Analisis-CC-PyCEFR/python-mini-projects/projects/Speed_Game/windows/main.py,main.py,method,delete_img,1,A,1,239,240,4,,0,/home/juan/Documents/Analisis-CC-PyCEFR/data/processed/python-mini-projects/radon_output_python-mini-projects.json
python-mini-projects,python-mini-projects,/home/juan/Documents/Analisis-CC-PyCEFR/python-mini-projects/projects/Speed_Game/windows/main.py,main.py,method,__init__,1,A,1,244,254,4,,0,/home/juan/Documents/Analisis-CC-PyCEFR/data/processed/python-mini-projects/radon_output_python-mini-projects.json
python-mini-projects,python-mini-projects,/home/juan/Documents/Analisis-CC-PyCEFR/python-mini-projects/projects/S3_File_Upload/main.py,main.py,function,upload_to_s3,3,A,1,10,23,0,,0,/home/juan/Documents/Analisis-CC-PyCEFR/data/processed/python-mini-projects/radon_output_python-mini-projects.json
python-mini-projects,python-mini-projects,/home/juan/Documents/Analisis-CC-PyCEFR/python-mini-projects/projects/convert_png_images_to_ico_format/convertUI.py,convertUI.py,function,convertToICO,2,A,1,20,28,0,,0,/home/juan/Documents/Analisis-CC-PyCEFR/data/processed/python-mini-projects/radon_output_python-mini-projects.json
python-mini-projects,python-mini-projects,/home/juan/Documents/Analisis-CC-PyCEFR/python-mini-projects/projects/convert_png_images_to_ico_format/convertUI.py,convertUI.py,function,getPNG,1,A,1,14,18,0,,0,/home/juan/Documents/Analisis-CC-PyCEFR/data/processed/python-mini-projects/radon_output_python-mini-projects.json
python-mini-projects,python-mini-projects,/home/juan/Documents/Analisis-CC-PyCEFR/python-mini-projects/projects/Network Usage Tracker/network_usage_tracker.py,network_usage_tracker.py,function,update_label,3,A,1,78,103,0,,0,/home/juan/Documents/Analisis-CC-PyCEFR/data/processed/python-mini-projects/radon_output_python-mini-projects.json
python-mini-projects,python-mini-projects,/home/juan/Documents/Analisis-CC-PyCEFR/python-mini-projects/projects/Network Usage Tracker/network_usage_tracker.py,network_usage_tracker.py,function,exit_win,2,A,1,38,40,0,,0,/home/juan/Documents/Analisis-CC-PyCEFR/data/processed/python-mini-projects/radon_output_python-mini-projects.json
python-mini-projects,python-mini-projects,/home/juan/Documents/Analisis-CC-PyCEFR/python-mini-projects/projects/Network Usage Tracker/network_usage_tracker.py,network_usage_tracker.py,function,exit_win,2,A,1,109,111,0,,0,/home/juan/Documents/Analisis-CC-PyCEFR/data/processed/python-mini-projects/radon_output_python-mini-projects.json
python-mini-projects,python-mini-projects,/home/juan/Documents/Analisis-CC-PyCEFR/python-mini-projects/projects/Network Usage Tracker/network_usage_tracker.py,network_usage_tracker.py,function,start_fun,1,A,1,22,23,0,,0,/home/juan/Documents/Analisis-CC-PyCEFR/data/processed/python-mini-projects/radon_output_python-mini-projects.json
python-mini-projects,python-mini-projects,/home/juan/Documents/Analisis-CC-PyCEFR/python-mini-projects/projects/Network Usage Tracker/network_usage_tracker.py,network_usage_tracker.py,function,convert_to_gbit,1,A,1,73,74,0,,0,/home/juan/Documents/Analisis-CC-PyCEFR/data/processed/python-mini-projects/radon_output_python-mini-projects.json
python-mini-projects,python-mini-projects,/home/juan/Documents/Analisis-CC-PyCEFR/python-mini-projects/projects/steganography/dct.py,dct.py,function,insert,7,B,2,32,64,0,,0,/home/juan/Documents/Analisis-CC-PyCEFR/data/processed/python-mini-projects/radon_output_python-mini-projects.json
python-mini-projects,python-mini-projects,/home/juan/Documents/Analisis-CC-PyCEFR/python-mini-projects/projects/steganography/dct.py,dct.py,function,extract,7,B,2,93,120,0,,0,/home/juan/Documents/Analisis-CC-PyCEFR/data/processed/python-mini-projects/radon_output_python-mini-projects.json
python-mini-projects,python-mini-projects,/home/juan/Documents/Analisis-CC-PyCEFR/python-mini-projects/projects/steganography/dct.py,dct.py,function,encode,4,A,1,68,81,0,,0,/home/juan/Documents/Analisis-CC-PyCEFR/data/processed/python-mini-projects/radon_output_python-mini-projects.json
python-mini-projects,python-mini-projects,/home/juan/Documents/Analisis-CC-PyCEFR/python-mini-projects/projects/steganography/dct.py,dct.py,function,decode,3,A,1,85,90,0,,0,/home/juan/Documents/Analisis-CC-PyCEFR/data/processed/python-mini-projects/radon_output_python-mini-projects.json
python-mini-projects,python-mini-projects,/home/juan/Documents/Analisis-CC-PyCEFR/python-mini-projects/projects/steganography/lsb.py,lsb.py,function,extract,5,A,1,43,63,0,,0,/home/juan/Documents/Analisis-CC-PyCEFR/data/processed/python-mini-projects/radon_output_python-mini-projects.json
python-mini-projects,python-mini-projects,/home/juan/Documents/Analisis-CC-PyCEFR/python-mini-projects/projects/steganography/lsb.py,lsb.py,function,insert,3,A,1,22,40,0,,0,/home/juan/Documents/Analisis-CC-PyCEFR/data/processed/python-mini-projects/radon_output_python-mini-projects.json
python-mini-projects,python-mini-projects,/home/juan/Documents/Analisis-CC-PyCEFR/python-mini-projects/projects/steganography/lsb.py,lsb.py,function,encode,2,A,1,66,70,0,,0,/home/juan/Documents/Analisis-CC-PyCEFR/data/processed/python-mini-projects/radon_output_python-mini-projects.json
python-mini-projects,python-mini-projects,/home/juan/Documents/Analisis-CC-PyCEFR/python-mini-projects/projects/steganography/lsb.py,lsb.py,function,decode,2,A,1,73,77,0,,0,/home/juan/Documents/Analisis-CC-PyCEFR/data/processed/python-mini-projects/radon_output_python-mini-projects.json
python-mini-projects,python-mini-projects,/home/juan/Documents/Analisis-CC-PyCEFR/python-mini-projects/projects/cat_command/cat.py,cat.py,function,readFile,3,A,1,26,40,0,,0,/home/juan/Documents/Analisis-CC-PyCEFR/data/processed/python-mini-projects/radon_output_python-mini-projects.json
python-mini-projects,python-mini-projects,/home/juan/Documents/Analisis-CC-PyCEFR/python-mini-projects/projects/cat_command/cat.py,cat.py,function,main,3,A,1,57,73,0,,0,/home/juan/Documents/Analisis-CC-PyCEFR/data/processed/python-mini-projects/radon_output_python-mini-projects.json
python-mini-projects,python-mini-projects,/home/juan/Documents/Analisis-CC-PyCEFR/python-mini-projects/projects/cat_command/cat.py,cat.py,class,Logger,2,A,1,11,16,0,,0,/home/juan/Documents/Analisis-CC-PyCEFR/data/processed/python-mini-projects/radon_output_python-mini-projects.json
python-mini-projects,python-mini-projects,/home/juan/Documents/Analisis-CC-PyCEFR/python-mini-projects/projects/cat_command/cat.py,cat.py,function,cli,1,A,1,42,55,0,,0,/home/juan/Documents/Analisis-CC-PyCEFR/data/processed/python-mini-projects/radon_output_python-mini-projects.json
python-mini-projects,python-mini-projects,/home/juan/Documents/Analisis-CC-PyCEFR/python-mini-projects/projects/cat_command/cat.py,cat.py,class,CatError,1,A,1,8,9,0,,0,/home/juan/Documents/Analisis-CC-PyCEFR/data/processed/python-mini-projects/radon_output_python-mini-projects.json
python-mini-projects,python-mini-projects,/home/juan/Documents/Analisis-CC-PyCEFR/python-mini-projects/projects/cat_command/cat.py,cat.py,method,__init__,1,A,1,12,13,4,,0,/home/juan/Documents/Analisis-CC-PyCEFR/data/processed/python-mini-projects/radon_output_python-mini-projects.json
python-mini-projects,python-mini-projects,/home/juan/Documents/Analisis-CC-PyCEFR/python-mini-projects/projects/cat_command/cat.py,cat.py,method,error,1,A,1,15,16,4,,0,/home/juan/Documents/Analisis-CC-PyCEFR/data/processed/python-mini-projects/radon_output_python-mini-projects.json
python-mini-projects,python-mini-projects,/home/juan/Documents/Analisis-CC-PyCEFR/python-mini-projects/projects/Convert_JPEG_to_PNG/converter_GUI.py,converter_GUI.py,function,convertToPNG,2,A,1,28,35,0,,0,/home/juan/Documents/Analisis-CC-PyCEFR/data/processed/python-mini-projects/radon_output_python-mini-projects.json
python-mini-projects,python-mini-projects,/home/juan/Documents/Analisis-CC-PyCEFR/python-mini-projects/projects/Convert_JPEG_to_PNG/converter_GUI.py,converter_GUI.py,function,getJPG,1,A,1,14,18,0,,0,/home/juan/Documents/Analisis-CC-PyCEFR/data/processed/python-mini-projects/radon_output_python-mini-projects.json
python-mini-projects,python-mini-projects,/home/juan/Documents/Analisis-CC-PyCEFR/python-mini-projects/projects/Alarm clock/alarm_clock.py,alarm_clock.py,function,alarm,3,A,1,19,36,0,,0,/home/juan/Documents/Analisis-CC-PyCEFR/data/processed/python-mini-projects/radon_output_python-mini-projects.json
python-mini-projects,python-mini-projects,/home/juan/Documents/Analisis-CC-PyCEFR/python-mini-projects/projects/Alarm clock/alarm_clock.py,alarm_clock.py,function,Threading,1,A,1,15,17,0,,0,/home/juan/Documents/Analisis-CC-PyCEFR/data/processed/python-mini-projects/radon_output_python-mini-projects.json
python-mini-projects,python-mini-projects,/home/juan/Documents/Analisis-CC-PyCEFR/python-mini-projects/projects/export_mysql_to_csv_send_to_wocom/export_mysql_data_to_csv.py,export_mysql_data_to_csv.py,function,read_mysql_to_csv,2,A,1,26,33,0,,0,/home/juan/Documents/Analisis-CC-PyCEFR/data/processed/python-mini-projects/radon_output_python-mini-projects.json
python-mini-projects,python-mini-projects,/home/juan/Documents/Analisis-CC-PyCEFR/python-mini-projects/projects/export_mysql_to_csv_send_to_wocom/export_mysql_data_to_csv.py,export_mysql_data_to_csv.py,function,sql,1,A,1,15,23,0,,0,/home/juan/Documents/Analisis-CC-PyCEFR/data/processed/python-mini-projects/radon_output_python-mini-projects.json
python-mini-projects,python-mini-projects,/home/juan/Documents/Analisis-CC-PyCEFR/python-mini-projects/projects/export_mysql_to_csv_send_to_wocom/export_mysql_data_to_csv.py,export_mysql_data_to_csv.py,function,upload_file_robots,1,A,1,36,42,0,,0,/home/juan/Documents/Analisis-CC-PyCEFR/data/processed/python-mini-projects/radon_output_python-mini-projects.json
python-mini-projects,python-mini-projects,/home/juan/Documents/Analisis-CC-PyCEFR/python-mini-projects/projects/export_mysql_to_csv_send_to_wocom/export_mysql_data_to_csv.py,export_mysql_data_to_csv.py,function,send_file_robots,1,A,1,45,50,0,,0,/home/juan/Documents/Analisis-CC-PyCEFR/data/processed/python-mini-projects/radon_output_python-mini-projects.json
python-mini-projects,python-mini-projects,/home/juan/Documents/Analisis-CC-PyCEFR/python-mini-projects/projects/Ascii_art/make_art.py,make_art.py,function,print_out_ascii,3,A,1,11,18,0,,0,/home/juan/Documents/Analisis-CC-PyCEFR/data/processed/python-mini-projects/radon_output_python-mini-projects.json
python-mini-projects,python-mini-projects,/home/juan/Documents/Analisis-CC-PyCEFR/python-mini-projects/projects/Ascii_art/make_art.py,make_art.py,function,img_to_ascii,2,A,1,21,38,0,,0,/home/juan/Documents/Analisis-CC-PyCEFR/data/processed/python-mini-projects/radon_output_python-mini-projects.json
python-mini-projects,python-mini-projects,/home/juan/Documents/Analisis-CC-PyCEFR/python-mini-projects/projects/Tic_tac_toe_with_ai/tic-tac-toe-AI.py,tic-tac-toe-AI.py,function,win_check,24,D,4,154,168,0,,0,/home/juan/Documents/Analisis-CC-PyCEFR/data/processed/python-mini-projects/radon_output_python-mini-projects.json
python-mini-projects,python-mini-projects,/home/juan/Documents/Analisis-CC-PyCEFR/python-mini-projects/projects/Tic_tac_toe_with_ai/tic-tac-toe-AI.py,tic-tac-toe-AI.py,function,CompAI,14,C,3,95,124,0,,0,/home/juan/Documents/Analisis-CC-PyCEFR/data/processed/python-mini-projects/radon_output_python-mini-projects.json
python-mini-projects,python-mini-projects,/home/juan/Documents/Analisis-CC-PyCEFR/python-mini-projects/projects/Tic_tac_toe_with_ai/tic-tac-toe-AI.py,tic-tac-toe-AI.py,function,choice,7,B,2,37,63,0,,0,/home/juan/Documents/Analisis-CC-PyCEFR/data/processed/python-mini-projects/radon_output_python-mini-projects.json
python-mini-projects,python-mini-projects,/home/juan/Documents/Analisis-CC-PyCEFR/python-mini-projects/projects/Tic_tac_toe_with_ai/tic-tac-toe-AI.py,tic-tac-toe-AI.py,function,player_choice,6,B,2,81,91,0,,0,/home/juan/Documents/Analisis-CC-PyCEFR/data/processed/python-mini-projects/radon_output_python-mini-projects.json
python-mini-projects,python-mini-projects,/home/juan/Documents/Analisis-CC-PyCEFR/python-mini-projects/projects/Tic_tac_toe_with_ai/tic-tac-toe-AI.py,tic-tac-toe-AI.py,function,full_board_check,3,A,1,146,151,0,,0,/home/juan/Documents/Analisis-CC-PyCEFR/data/processed/python-mini-projects/radon_output_python-mini-projects.json
python-mini-projects,python-mini-projects,/home/juan/Documents/Analisis-CC-PyCEFR/python-mini-projects/projects/Tic_tac_toe_with_ai/tic-tac-toe-AI.py,tic-tac-toe-AI.py,function,delay,2,A,1,170,173,0,,0,/home/juan/Documents/Analisis-CC-PyCEFR/data/processed/python-mini-projects/radon_output_python-mini-projects.json
python-mini-projects,python-mini-projects,/home/juan/Documents/Analisis-CC-PyCEFR/python-mini-projects/projects/Tic_tac_toe_with_ai/tic-tac-toe-AI.py,tic-tac-toe-AI.py,function,default,1,A,1,8,10,0,,0,/home/juan/Documents/Analisis-CC-PyCEFR/data/processed/python-mini-projects/radon_output_python-mini-projects.json
python-mini-projects,python-mini-projects,/home/juan/Documents/Analisis-CC-PyCEFR/python-mini-projects/projects/Tic_tac_toe_with_ai/tic-tac-toe-AI.py,tic-tac-toe-AI.py,function,rules,1,A,1,13,21,0,,0,/home/juan/Documents/Analisis-CC-PyCEFR/data/processed/python-mini-projects/radon_output_python-mini-projects.json
python-mini-projects,python-mini-projects,/home/juan/Documents/Analisis-CC-PyCEFR/python-mini-projects/projects/Tic_tac_toe_with_ai/tic-tac-toe-AI.py,tic-tac-toe-AI.py,function,play,1,A,1,24,26,0,,0,/home/juan/Documents/Analisis-CC-PyCEFR/data/processed/python-mini-projects/radon_output_python-mini-projects.json
python-mini-projects,python-mini-projects,/home/juan/Documents/Analisis-CC-PyCEFR/python-mini-projects/projects/Tic_tac_toe_with_ai/tic-tac-toe-AI.py,tic-tac-toe-AI.py,function,names,1,A,1,29,34,0,,0,/home/juan/Documents/Analisis-CC-PyCEFR/data/processed/python-mini-projects/radon_output_python-mini-projects.json
python-mini-projects,python-mini-projects,/home/juan/Documents/Analisis-CC-PyCEFR/python-mini-projects/projects/Tic_tac_toe_with_ai/tic-tac-toe-AI.py,tic-tac-toe-AI.py,function,first_player,1,A,1,67,70,0,,0,/home/juan/Documents/Analisis-CC-PyCEFR/data/processed/python-mini-projects/radon_output_python-mini-projects.json
python-mini-projects,python-mini-projects,/home/juan/Documents/Analisis-CC-PyCEFR/python-mini-projects/projects/Tic_tac_toe_with_ai/tic-tac-toe-AI.py,tic-tac-toe-AI.py,function,display_board,1,A,1,73,78,0,,0,/home/juan/Documents/Analisis-CC-PyCEFR/data/processed/python-mini-projects/radon_output_python-mini-projects.json
python-mini-projects,python-mini-projects,/home/juan/Documents/Analisis-CC-PyCEFR/python-mini-projects/projects/Tic_tac_toe_with_ai/tic-tac-toe-AI.py,tic-tac-toe-AI.py,function,selectRandom,1,A,1,128,132,0,,0,/home/juan/Documents/Analisis-CC-PyCEFR/data/processed/python-mini-projects/radon_output_python-mini-projects.json
python-mini-projects,python-mini-projects,/home/juan/Documents/Analisis-CC-PyCEFR/python-mini-projects/projects/Tic_tac_toe_with_ai/tic-tac-toe-AI.py,tic-tac-toe-AI.py,function,place_marker,1,A,1,135,138,0,,0,/home/juan/Documents/Analisis-CC-PyCEFR/data/processed/python-mini-projects/radon_output_python-mini-projects.json
python-mini-projects,python-mini-projects,/home/juan/Documents/Analisis-CC-PyCEFR/python-mini-projects/projects/Tic_tac_toe_with_ai/tic-tac-toe-AI.py,tic-tac-toe-AI.py,function,space_check,1,A,1,141,143,0,,0,/home/juan/Documents/Analisis-CC-PyCEFR/data/processed/python-mini-projects/radon_output_python-mini-projects.json
python-mini-projects,python-mini-projects,/home/juan/Documents/Analisis-CC-PyCEFR/python-mini-projects/projects/Tic_tac_toe_with_ai/tic-tac-toe-AI.py,tic-tac-toe-AI.py,function,replay,1,A,1,175,177,0,,0,/home/juan/Documents/Analisis-CC-PyCEFR/data/processed/python-mini-projects/radon_output_python-mini-projects.json
python-mini-projects,python-mini-projects,/home/juan/Documents/Analisis-CC-PyCEFR/python-mini-projects/projects/Wikipedia_search_wordcloud/wiki-search-cloud.py,wiki-search-cloud.py,function,gen_cloud,2,A,1,11,20,0,,0,/home/juan/Documents/Analisis-CC-PyCEFR/data/processed/python-mini-projects/radon_output_python-mini-projects.json
python-mini-projects,python-mini-projects,/home/juan/Documents/Analisis-CC-PyCEFR/python-mini-projects/projects/Wikipedia_search_wordcloud/wiki-search-cloud.py,wiki-search-cloud.py,function,save_cloud,1,A,1,24,25,0,,0,/home/juan/Documents/Analisis-CC-PyCEFR/data/processed/python-mini-projects/radon_output_python-mini-projects.json
python-mini-projects,python-mini-projects,/home/juan/Documents/Analisis-CC-PyCEFR/python-mini-projects/projects/Wikipedia_search_wordcloud/wiki-search-cloud.py,wiki-search-cloud.py,function,show_cloud,1,A,1,29,32,0,,0,/home/juan/Documents/Analisis-CC-PyCEFR/data/processed/python-mini-projects/radon_output_python-mini-projects.json
python-mini-projects,python-mini-projects,/home/juan/Documents/Analisis-CC-PyCEFR/python-mini-projects/projects/dork_search_google/main.py,main.py,function,Exploit,4,A,1,40,55,4,,0,/home/juan/Documents/Analisis-CC-PyCEFR/data/processed/python-mini-projects/radon_output_python-mini-projects.json
python-mini-projects,python-mini-projects,/home/juan/Documents/Analisis-CC-PyCEFR/python-mini-projects/projects/Set_Alarm/alarm.py,alarm.py,function,set_alarm,10,B,2,18,66,0,,0,/home/juan/Documents/Analisis-CC-PyCEFR/data/processed/python-mini-projects/radon_output_python-mini-projects.json
python-mini-projects,python-mini-projects,/home/juan/Documents/Analisis-CC-PyCEFR/python-mini-projects/projects/Set_Alarm/alarm.py,alarm.py,function,rename_files_with_whitespaces,3,A,1,7,11,0,,0,/home/juan/Documents/Analisis-CC-PyCEFR/data/processed/python-mini-projects/radon_output_python-mini-projects.json
python-mini-projects,python-mini-projects,/home/juan/Documents/Analisis-CC-PyCEFR/python-mini-projects/projects/Set_Alarm/alarm.py,alarm.py,function,clean_filename,1,A,1,14,15,0,,0,/home/juan/Documents/Analisis-CC-PyCEFR/data/processed/python-mini-projects/radon_output_python-mini-projects.json
python-mini-projects,python-mini-projects,/home/juan/Documents/Analisis-CC-PyCEFR/python-mini-projects/projects/Set_Alarm/alarm.py,alarm.py,function,display_header,1,A,1,68,72,0,,0,/home/juan/Documents/Analisis-CC-PyCEFR/data/processed/python-mini-projects/radon_output_python-mini-projects.json
python-mini-projects,python-mini-projects,/home/juan/Documents/Analisis-CC-PyCEFR/python-mini-projects/projects/Split_folder_into_subfolders/split_and_copy.py,split_and_copy.py,function,split,3,A,1,32,41,0,,0,/home/juan/Documents/Analisis-CC-PyCEFR/data/processed/python-mini-projects/radon_output_python-mini-projects.json
python-mini-projects,python-mini-projects,/home/juan/Documents/Analisis-CC-PyCEFR/python-mini-projects/projects/Split_folder_into_subfolders/split_and_copy.py,split_and_copy.py,function,start_process,3,A,1,44,51,0,,0,/home/juan/Documents/Analisis-CC-PyCEFR/data/processed/python-mini-projects/radon_output_python-mini-projects.json
python-mini-projects,python-mini-projects,/home/juan/Documents/Analisis-CC-PyCEFR/python-mini-projects/projects/Split_folder_into_subfolders/split_and_copy.py,split_and_copy.py,function,copyfiles,2,A,1,22,29,0,,0,/home/juan/Documents/Analisis-CC-PyCEFR/data/processed/python-mini-projects/radon_output_python-mini-projects.json
python-mini-projects,python-mini-projects,/home/juan/Documents/Analisis-CC-PyCEFR/python-mini-projects/projects/Split_folder_into_subfolders/split_and_copy.py,split_and_copy.py,function,get_files,1,A,1,7,12,0,,0,/home/juan/Documents/Analisis-CC-PyCEFR/data/processed/python-mini-projects/radon_output_python-mini-projects.json
python-mini-projects,python-mini-projects,/home/juan/Documents/Analisis-CC-PyCEFR/python-mini-projects/projects/Split_folder_into_subfolders/split_and_copy.py,split_and_copy.py,function,getfullpath,1,A,1,15,19,0,,0,/home/juan/Documents/Analisis-CC-PyCEFR/data/processed/python-mini-projects/radon_output_python-mini-projects.json
python-mini-projects,python-mini-projects,/home/juan/Documents/Analisis-CC-PyCEFR/python-mini-projects/projects/Password_generator/password_generator.py,password_generator.py,class,App,2,A,1,5,37,0,,0,/home/juan/Documents/Analisis-CC-PyCEFR/data/processed/python-mini-projects/radon_output_python-mini-projects.json
python-mini-projects,python-mini-projects,/home/juan/Documents/Analisis-CC-PyCEFR/python-mini-projects/projects/Password_generator/password_generator.py,password_generator.py,method,generate_password,2,A,1,31,37,4,,0,/home/juan/Documents/Analisis-CC-PyCEFR/data/processed/python-mini-projects/radon_output_python-mini-projects.json
python-mini-projects,python-mini-projects,/home/juan/Documents/Analisis-CC-PyCEFR/python-mini-projects/projects/Password_generator/password_generator.py,password_generator.py,method,__init__,1,A,1,6,17,4,,0,/home/juan/Documents/Analisis-CC-PyCEFR/data/processed/python-mini-projects/radon_output_python-mini-projects.json
python-mini-projects,python-mini-projects,/home/juan/Documents/Analisis-CC-PyCEFR/python-mini-projects/projects/Password_generator/password_generator.py,password_generator.py,method,label,1,A,1,19,21,4,,0,/home/juan/Documents/Analisis-CC-PyCEFR/data/processed/python-mini-projects/radon_output_python-mini-projects.json
python-mini-projects,python-mini-projects,/home/juan/Documents/Analisis-CC-PyCEFR/python-mini-projects/projects/Password_generator/password_generator.py,password_generator.py,method,entry,1,A,1,23,25,4,,0,/home/juan/Documents/Analisis-CC-PyCEFR/data/processed/python-mini-projects/radon_output_python-mini-projects.json
python-mini-projects,python-mini-projects,/home/juan/Documents/Analisis-CC-PyCEFR/python-mini-projects/projects/Password_generator/password_generator.py,password_generator.py,method,button,1,A,1,27,29,4,,0,/home/juan/Documents/Analisis-CC-PyCEFR/data/processed/python-mini-projects/radon_output_python-mini-projects.json
python-mini-projects,python-mini-projects,/home/juan/Documents/Analisis-CC-PyCEFR/python-mini-projects/projects/Write_script_to_compress_folder_and_files/zipfiles.py,zipfiles.py,function,retrieve_file_paths,3,A,1,14,26,0,,0,/home/juan/Documents/Analisis-CC-PyCEFR/data/processed/python-mini-projects/radon_output_python-mini-projects.json
python-mini-projects,python-mini-projects,/home/juan/Documents/Analisis-CC-PyCEFR/python-mini-projects/projects/Write_script_to_compress_folder_and_files/zipfiles.py,zipfiles.py,function,zip_dir,2,A,1,29,35,0,,0,/home/juan/Documents/Analisis-CC-PyCEFR/data/processed/python-mini-projects/radon_output_python-mini-projects.json
python-mini-projects,python-mini-projects,/home/juan/Documents/Analisis-CC-PyCEFR/python-mini-projects/projects/Write_script_to_compress_folder_and_files/zipfiles.py,zipfiles.py,function,zip_file,1,A,1,7,10,0,,0,/home/juan/Documents/Analisis-CC-PyCEFR/data/processed/python-mini-projects/radon_output_python-mini-projects.json
python-mini-projects,python-mini-projects,/home/juan/Documents/Analisis-CC-PyCEFR/python-mini-projects/projects/MasterMind/Mastermind_GUIinterface.py,Mastermind_GUIinterface.py,method,guess,7,B,2,51,86,4,,0,/home/juan/Documents/Analisis-CC-PyCEFR/data/processed/python-mini-projects/radon_output_python-mini-projects.json
python-mini-projects,python-mini-projects,/home/juan/Documents/Analisis-CC-PyCEFR/python-mini-projects/projects/MasterMind/Mastermind_GUIinterface.py,Mastermind_GUIinterface.py,class,MasterMind,5,A,1,22,96,0,,0,/home/juan/Documents/Analisis-CC-PyCEFR/data/processed/python-mini-projects/radon_output_python-mini-projects.json
python-mini-projects,python-mini-projects,/home/juan/Documents/Analisis-CC-PyCEFR/python-mini-projects/projects/MasterMind/Mastermind_GUIinterface.py,Mastermind_GUIinterface.py,class,medium,4,A,1,2,21,0,,0,/home/juan/Documents/Analisis-CC-PyCEFR/data/processed/python-mini-projects/radon_output_python-mini-projects.json
python-mini-projects,python-mini-projects,/home/juan/Documents/Analisis-CC-PyCEFR/python-mini-projects/projects/MasterMind/Mastermind_GUIinterface.py,Mastermind_GUIinterface.py,method,compare,4,A,1,14,21,4,,0,/home/juan/Documents/Analisis-CC-PyCEFR/data/processed/python-mini-projects/radon_output_python-mini-projects.json
python-mini-projects,python-mini-projects,/home/juan/Documents/Analisis-CC-PyCEFR/python-mini-projects/projects/MasterMind/Mastermind_GUIinterface.py,Mastermind_GUIinterface.py,method,__init__,4,A,1,23,50,4,,0,/home/juan/Documents/Analisis-CC-PyCEFR/data/processed/python-mini-projects/radon_output_python-mini-projects.json
python-mini-projects,python-mini-projects,/home/juan/Documents/Analisis-CC-PyCEFR/python-mini-projects/projects/MasterMind/Mastermind_GUIinterface.py,Mastermind_GUIinterface.py,method,__init__,3,A,1,5,13,4,,0,/home/juan/Documents/Analisis-CC-PyCEFR/data/processed/python-mini-projects/radon_output_python-mini-projects.json
python-mini-projects,python-mini-projects,/home/juan/Documents/Analisis-CC-PyCEFR/python-mini-projects/projects/MasterMind/Mastermind_GUIinterface.py,Mastermind_GUIinterface.py,method,hint,2,A,1,89,96,4,,0,/home/juan/Documents/Analisis-CC-PyCEFR/data/processed/python-mini-projects/radon_output_python-mini-projects.json
python-mini-projects,python-mini-projects,/home/juan/Documents/Analisis-CC-PyCEFR/python-mini-projects/projects/MasterMind/Mastermind_GUIinterface.py,Mastermind_GUIinterface.py,method,user,1,A,1,3,4,4,,0,/home/juan/Documents/Analisis-CC-PyCEFR/data/processed/python-mini-projects/radon_output_python-mini-projects.json
python-mini-projects,python-mini-projects,/home/juan/Documents/Analisis-CC-PyCEFR/python-mini-projects/projects/Get_meta_information_of_images/get_meta_from_pic.py,get_meta_from_pic.py,function,get_labeled_exif,2,A,1,14,19,0,,0,/home/juan/Documents/Analisis-CC-PyCEFR/data/processed/python-mini-projects/radon_output_python-mini-projects.json
python-mini-projects,python-mini-projects,/home/juan/Documents/Analisis-CC-PyCEFR/python-mini-projects/projects/Get_meta_information_of_images/get_meta_from_pic.py,get_meta_from_pic.py,function,get_exif,1,A,1,9,11,0,,0,/home/juan/Documents/Analisis-CC-PyCEFR/data/processed/python-mini-projects/radon_output_python-mini-projects.json
python-mini-projects,python-mini-projects,/home/juan/Documents/Analisis-CC-PyCEFR/python-mini-projects/projects/Get_meta_information_of_images/author_utils.py,author_utils.py,function,get_author,4,A,1,160,171,0,,0,/home/juan/Documents/Analisis-CC-PyCEFR/data/processed/python-mini-projects/radon_output_python-mini-projects.json
python-mini-projects,python-mini-projects,/home/juan/Documents/Analisis-CC-PyCEFR/python-mini-projects/projects/Get_meta_information_of_images/author_utils.py,author_utils.py,class,SID_NAME_USE,3,A,1,31,48,0,,0,/home/juan/Documents/Analisis-CC-PyCEFR/data/processed/python-mini-projects/radon_output_python-mini-projects.json
python-mini-projects,python-mini-projects,/home/juan/Documents/Analisis-CC-PyCEFR/python-mini-projects/projects/Get_meta_information_of_images/author_utils.py,author_utils.py,method,__init__,3,A,1,36,40,4,,0,/home/juan/Documents/Analisis-CC-PyCEFR/data/processed/python-mini-projects/radon_output_python-mini-projects.json
python-mini-projects,python-mini-projects,/home/juan/Documents/Analisis-CC-PyCEFR/python-mini-projects/projects/Get_meta_information_of_images/author_utils.py,author_utils.py,class,PLOCAL,3,A,1,52,61,0,,0,/home/juan/Documents/Analisis-CC-PyCEFR/data/processed/python-mini-projects/radon_output_python-mini-projects.json
python-mini-projects,python-mini-projects,/home/juan/Documents/Analisis-CC-PyCEFR/python-mini-projects/projects/Get_meta_information_of_images/author_utils.py,author_utils.py,method,__del__,3,A,1,58,61,4,,0,/home/juan/Documents/Analisis-CC-PyCEFR/data/processed/python-mini-projects/radon_output_python-mini-projects.json
python-mini-projects,python-mini-projects,/home/juan/Documents/Analisis-CC-PyCEFR/python-mini-projects/projects/Get_meta_information_of_images/author_utils.py,author_utils.py,class,PSID,3,A,1,65,78,0,,0,/home/juan/Documents/Analisis-CC-PyCEFR/data/processed/python-mini-projects/radon_output_python-mini-projects.json
python-mini-projects,python-mini-projects,/home/juan/Documents/Analisis-CC-PyCEFR/python-mini-projects/projects/Get_meta_information_of_images/author_utils.py,author_utils.py,method,__str__,3,A,1,69,78,4,,0,/home/juan/Documents/Analisis-CC-PyCEFR/data/processed/python-mini-projects/radon_output_python-mini-projects.json
python-mini-projects,python-mini-projects,/home/juan/Documents/Analisis-CC-PyCEFR/python-mini-projects/projects/Get_meta_information_of_images/author_utils.py,author_utils.py,class,PSECURITY_DESCRIPTOR,3,A,1,80,101,0,,0,/home/juan/Documents/Analisis-CC-PyCEFR/data/processed/python-mini-projects/radon_output_python-mini-projects.json
python-mini-projects,python-mini-projects,/home/juan/Documents/Analisis-CC-PyCEFR/python-mini-projects/projects/Get_meta_information_of_images/author_utils.py,author_utils.py,method,get_owner,3,A,1,93,96,4,,0,/home/juan/Documents/Analisis-CC-PyCEFR/data/processed/python-mini-projects/radon_output_python-mini-projects.json
python-mini-projects,python-mini-projects,/home/juan/Documents/Analisis-CC-PyCEFR/python-mini-projects/projects/Get_meta_information_of_images/author_utils.py,author_utils.py,method,get_group,3,A,1,98,101,4,,0,/home/juan/Documents/Analisis-CC-PyCEFR/data/processed/python-mini-projects/radon_output_python-mini-projects.json
python-mini-projects,python-mini-projects,/home/juan/Documents/Analisis-CC-PyCEFR/python-mini-projects/projects/Get_meta_information_of_images/author_utils.py,author_utils.py,function,_check_bool,2,A,1,103,106,0,,0,/home/juan/Documents/Analisis-CC-PyCEFR/data/processed/python-mini-projects/radon_output_python-mini-projects.json
python-mini-projects,python-mini-projects,/home/juan/Documents/Analisis-CC-PyCEFR/python-mini-projects/projects/Get_meta_information_of_images/author_utils.py,author_utils.py,function,get_file_security,2,A,1,148,158,0,,0,/home/juan/Documents/Analisis-CC-PyCEFR/data/processed/python-mini-projects/radon_output_python-mini-projects.json
python-mini-projects,python-mini-projects,/home/juan/Documents/Analisis-CC-PyCEFR/python-mini-projects/projects/Get_meta_information_of_images/author_utils.py,author_utils.py,method,__str__,2,A,1,42,45,4,,0,/home/juan/Documents/Analisis-CC-PyCEFR/data/processed/python-mini-projects/radon_output_python-mini-projects.json
python-mini-projects,python-mini-projects,/home/juan/Documents/Analisis-CC-PyCEFR/python-mini-projects/projects/Get_meta_information_of_images/author_utils.py,author_utils.py,function,look_up_account_sid,1,A,1,137,146,0,,0,/home/juan/Documents/Analisis-CC-PyCEFR/data/processed/python-mini-projects/radon_output_python-mini-projects.json
python-mini-projects,python-mini-projects,/home/juan/Documents/Analisis-CC-PyCEFR/python-mini-projects/projects/Get_meta_information_of_images/author_utils.py,author_utils.py,method,__repr__,1,A,1,47,48,4,,0,/home/juan/Documents/Analisis-CC-PyCEFR/data/processed/python-mini-projects/radon_output_python-mini-projects.json
python-mini-projects,python-mini-projects,/home/juan/Documents/Analisis-CC-PyCEFR/python-mini-projects/projects/Get_meta_information_of_images/author_utils.py,author_utils.py,method,__init__,1,A,1,54,56,4,,0,/home/juan/Documents/Analisis-CC-PyCEFR/data/processed/python-mini-projects/radon_output_python-mini-projects.json
python-mini-projects,python-mini-projects,/home/juan/Documents/Analisis-CC-PyCEFR/python-mini-projects/projects/Get_meta_information_of_images/author_utils.py,author_utils.py,method,__init__,1,A,1,66,67,4,,0,/home/juan/Documents/Analisis-CC-PyCEFR/data/processed/python-mini-projects/radon_output_python-mini-projects.json
python-mini-projects,python-mini-projects,/home/juan/Documents/Analisis-CC-PyCEFR/python-mini-projects/projects/Get_meta_information_of_images/author_utils.py,author_utils.py,method,__init__,1,A,1,81,91,4,,0,/home/juan/Documents/Analisis-CC-PyCEFR/data/processed/python-mini-projects/radon_output_python-mini-projects.json
python-mini-projects,python-mini-projects,/home/juan/Documents/Analisis-CC-PyCEFR/python-mini-projects/projects/Get_meta_information_of_images/gps_utils.py,gps_utils.py,function,format_lati_long,3,A,1,5,15,0,,0,/home/juan/Documents/Analisis-CC-PyCEFR/data/processed/python-mini-projects/radon_output_python-mini-projects.json
python-mini-projects,python-mini-projects,/home/juan/Documents/Analisis-CC-PyCEFR/python-mini-projects/projects/Get_meta_information_of_images/gps_utils.py,gps_utils.py,function,get_location,1,A,1,17,23,0,,0,/home/juan/Documents/Analisis-CC-PyCEFR/data/processed/python-mini-projects/radon_output_python-mini-projects.json
python-mini-projects,python-mini-projects,/home/juan/Documents/Analisis-CC-PyCEFR/python-mini-projects/projects/Baidu_POI_crawl/main.py,main.py,function,run,2,A,1,7,15,0,,0,/home/juan/Documents/Analisis-CC-PyCEFR/data/processed/python-mini-projects/radon_output_python-mini-projects.json
python-mini-projects,python-mini-projects,/home/juan/Documents/Analisis-CC-PyCEFR/python-mini-projects/projects/Baidu_POI_crawl/util.py,util.py,function,get_baidu_poi,5,A,1,7,47,0,,0,/home/juan/Documents/Analisis-CC-PyCEFR/data/processed/python-mini-projects/radon_output_python-mini-projects.json
python-mini-projects,python-mini-projects,/home/juan/Documents/Analisis-CC-PyCEFR/python-mini-projects/projects/Create_a_script_to_encrypt_files_and_folder/encrypt.py,encrypt.py,function,encrypt_dir,3,A,1,8,13,0,,0,/home/juan/Documents/Analisis-CC-PyCEFR/data/processed/python-mini-projects/radon_output_python-mini-projects.json
python-mini-projects,python-mini-projects,/home/juan/Documents/Analisis-CC-PyCEFR/python-mini-projects/projects/Create_a_script_to_encrypt_files_and_folder/encrypt.py,encrypt.py,function,encrypt_file,1,A,1,16,30,0,,0,/home/juan/Documents/Analisis-CC-PyCEFR/data/processed/python-mini-projects/radon_output_python-mini-projects.json
python-mini-projects,python-mini-projects,/home/juan/Documents/Analisis-CC-PyCEFR/python-mini-projects/projects/Plagarism_checker/plag.py,plag.py,function,check_plagiarism,3,A,1,21,32,0,,0,/home/juan/Documents/Analisis-CC-PyCEFR/data/processed/python-mini-projects/radon_output_python-mini-projects.json
python-mini-projects,python-mini-projects,/home/juan/Documents/Analisis-CC-PyCEFR/python-mini-projects/projects/Plagarism_checker/plag.py,plag.py,function,vectorize,1,A,1,12,12,0,,0,/home/juan/Documents/Analisis-CC-PyCEFR/data/processed/python-mini-projects/radon_output_python-mini-projects.json
python-mini-projects,python-mini-projects,/home/juan/Documents/Analisis-CC-PyCEFR/python-mini-projects/projects/Plagarism_checker/plag.py,plag.py,function,similarity,1,A,1,13,13,0,,0,/home/juan/Documents/Analisis-CC-PyCEFR/data/processed/python-mini-projects/radon_output_python-mini-projects.json
python-mini-projects,python-mini-projects,/home/juan/Documents/Analisis-CC-PyCEFR/python-mini-projects/projects/Shutdown_or_restart_your_device/PowerOptions.py,PowerOptions.py,function,shutdown,4,A,1,4,10,0,,0,/home/juan/Documents/Analisis-CC-PyCEFR/data/processed/python-mini-projects/radon_output_python-mini-projects.json
python-mini-projects,python-mini-projects,/home/juan/Documents/Analisis-CC-PyCEFR/python-mini-projects/projects/Shutdown_or_restart_your_device/PowerOptions.py,PowerOptions.py,function,restart,4,A,1,12,18,0,,0,/home/juan/Documents/Analisis-CC-PyCEFR/data/processed/python-mini-projects/radon_output_python-mini-projects.json
python-mini-projects,python-mini-projects,/home/juan/Documents/Analisis-CC-PyCEFR/python-mini-projects/projects/Send_email_from_csv/Sending_mail.py,Sending_mail.py,function,send_mail,2,A,1,23,48,0,,0,/home/juan/Documents/Analisis-CC-PyCEFR/data/processed/python-mini-projects/radon_output_python-mini-projects.json
python-mini-projects,python-mini-projects,/home/juan/Documents/Analisis-CC-PyCEFR/python-mini-projects/projects/Send_email_from_csv/Sending_mail.py,Sending_mail.py,function,get_credentials,1,A,1,6,10,0,,0,/home/juan/Documents/Analisis-CC-PyCEFR/data/processed/python-mini-projects/radon_output_python-mini-projects.json
python-mini-projects,python-mini-projects,/home/juan/Documents/Analisis-CC-PyCEFR/python-mini-projects/projects/Send_email_from_csv/Sending_mail.py,Sending_mail.py,function,login,1,A,1,13,20,0,,0,/home/juan/Documents/Analisis-CC-PyCEFR/data/processed/python-mini-projects/radon_output_python-mini-projects.json
python-mini-projects,python-mini-projects,/home/juan/Documents/Analisis-CC-PyCEFR/python-mini-projects/projects/Write_script_to_move_files_into_alphabetically_ordered_folder/main.py,main.py,function,readdirectory,3,A,1,30,38,0,,0,/home/juan/Documents/Analisis-CC-PyCEFR/data/processed/python-mini-projects/radon_output_python-mini-projects.json
python-mini-projects,python-mini-projects,/home/juan/Documents/Analisis-CC-PyCEFR/python-mini-projects/projects/Write_script_to_move_files_into_alphabetically_ordered_folder/main.py,main.py,function,createfolder,3,A,1,42,52,0,,0,/home/juan/Documents/Analisis-CC-PyCEFR/data/processed/python-mini-projects/radon_output_python-mini-projects.json
python-mini-projects,python-mini-projects,/home/juan/Documents/Analisis-CC-PyCEFR/python-mini-projects/projects/Write_script_to_move_files_into_alphabetically_ordered_folder/main.py,main.py,function,getfoldername,2,A,1,16,27,0,,0,/home/juan/Documents/Analisis-CC-PyCEFR/data/processed/python-mini-projects/radon_output_python-mini-projects.json
python-mini-projects,python-mini-projects,/home/juan/Documents/Analisis-CC-PyCEFR/python-mini-projects/projects/Write_script_to_move_files_into_alphabetically_ordered_folder/main.py,main.py,function,movetofolder,2,A,1,56,69,0,,0,/home/juan/Documents/Analisis-CC-PyCEFR/data/processed/python-mini-projects/radon_output_python-mini-projects.json
python-mini-projects,python-mini-projects,/home/juan/Documents/Analisis-CC-PyCEFR/python-mini-projects/projects/Unstructured Supplemenrary  Service Data/ussdtim.py,ussdtim.py,function,transf,7,B,2,96,123,0,,0,/home/juan/Documents/Analisis-CC-PyCEFR/data/processed/python-mini-projects/radon_output_python-mini-projects.json
python-mini-projects,python-mini-projects,/home/juan/Documents/Analisis-CC-PyCEFR/python-mini-projects/projects/Unstructured Supplemenrary  Service Data/ussdtim.py,ussdtim.py,function,log_in,5,A,1,167,186,0,,0,/home/juan/Documents/Analisis-CC-PyCEFR/data/processed/python-mini-projects/radon_output_python-mini-projects.json
python-mini-projects,python-mini-projects,/home/juan/Documents/Analisis-CC-PyCEFR/python-mini-projects/projects/Unstructured Supplemenrary  Service Data/ussdtim.py,ussdtim.py,function,upgrade_migrate,4,A,1,55,70,0,,0,/home/juan/Documents/Analisis-CC-PyCEFR/data/processed/python-mini-projects/radon_output_python-mini-projects.json
python-mini-projects,python-mini-projects,/home/juan/Documents/Analisis-CC-PyCEFR/python-mini-projects/projects/Unstructured Supplemenrary  Service Data/ussdtim.py,ussdtim.py,function,balance,4,A,1,72,94,0,,0,/home/juan/Documents/Analisis-CC-PyCEFR/data/processed/python-mini-projects/radon_output_python-mini-projects.json
python-mini-projects,python-mini-projects,/home/juan/Documents/Analisis-CC-PyCEFR/python-mini-projects/projects/Unstructured Supplemenrary  Service Data/ussdtim.py,ussdtim.py,function,funds,3,A,1,125,137,0,,0,/home/juan/Documents/Analisis-CC-PyCEFR/data/processed/python-mini-projects/radon_output_python-mini-projects.json
python-mini-projects,python-mini-projects,/home/juan/Documents/Analisis-CC-PyCEFR/python-mini-projects/projects/Unstructured Supplemenrary  Service Data/ussdtim.py,ussdtim.py,function,exit,3,A,1,157,164,0,,0,/home/juan/Documents/Analisis-CC-PyCEFR/data/processed/python-mini-projects/radon_output_python-mini-projects.json
python-mini-projects,python-mini-projects,/home/juan/Documents/Analisis-CC-PyCEFR/python-mini-projects/projects/Unstructured Supplemenrary  Service Data/ussdtim.py,ussdtim.py,function,BVN_checker,2,A,1,20,23,0,,0,/home/juan/Documents/Analisis-CC-PyCEFR/data/processed/python-mini-projects/radon_output_python-mini-projects.json
python-mini-projects,python-mini-projects,/home/juan/Documents/Analisis-CC-PyCEFR/python-mini-projects/projects/Unstructured Supplemenrary  Service Data/ussdtim.py,ussdtim.py,function,open_acct,2,A,1,26,53,0,,0,/home/juan/Documents/Analisis-CC-PyCEFR/data/processed/python-mini-projects/radon_output_python-mini-projects.json
python-mini-projects,python-mini-projects,/home/juan/Documents/Analisis-CC-PyCEFR/python-mini-projects/projects/Unstructured Supplemenrary  Service Data/ussdtim.py,ussdtim.py,function,options_menu,2,A,1,142,154,0,,0,/home/juan/Documents/Analisis-CC-PyCEFR/data/processed/python-mini-projects/radon_output_python-mini-projects.json
python-mini-projects,python-mini-projects,/home/juan/Documents/Analisis-CC-PyCEFR/python-mini-projects/projects/Create_calculator_app/calculator.py,calculator.py,function,calc,2,A,1,21,29,0,,0,/home/juan/Documents/Analisis-CC-PyCEFR/data/processed/python-mini-projects/radon_output_python-mini-projects.json
python-mini-projects,python-mini-projects,/home/juan/Documents/Analisis-CC-PyCEFR/python-mini-projects/projects/Create_calculator_app/calculator.py,calculator.py,function,get_input,1,A,1,8,9,0,,0,/home/juan/Documents/Analisis-CC-PyCEFR/data/processed/python-mini-projects/radon_output_python-mini-projects.json
python-mini-projects,python-mini-projects,/home/juan/Documents/Analisis-CC-PyCEFR/python-mini-projects/projects/Create_calculator_app/calculator.py,calculator.py,function,backspace,1,A,1,12,14,0,,0,/home/juan/Documents/Analisis-CC-PyCEFR/data/processed/python-mini-projects/radon_output_python-mini-projects.json
python-mini-projects,python-mini-projects,/home/juan/Documents/Analisis-CC-PyCEFR/python-mini-projects/projects/Create_calculator_app/calculator.py,calculator.py,function,clear,1,A,1,17,18,0,,0,/home/juan/Documents/Analisis-CC-PyCEFR/data/processed/python-mini-projects/radon_output_python-mini-projects.json
python-mini-projects,python-mini-projects,/home/juan/Documents/Analisis-CC-PyCEFR/python-mini-projects/projects/Create_calculator_app/calculator.py,calculator.py,function,popupmsg,1,A,1,32,40,0,,0,/home/juan/Documents/Analisis-CC-PyCEFR/data/processed/python-mini-projects/radon_output_python-mini-projects.json
python-mini-projects,python-mini-projects,/home/juan/Documents/Analisis-CC-PyCEFR/python-mini-projects/projects/Create_calculator_app/calculator.py,calculator.py,function,cal,1,A,1,43,133,0,,0,/home/juan/Documents/Analisis-CC-PyCEFR/data/processed/python-mini-projects/radon_output_python-mini-projects.json
python-mini-projects,python-mini-projects,/home/juan/Documents/Analisis-CC-PyCEFR/python-mini-projects/projects/Create_calculator_app/calculator.py,calculator.py,function,quit,1,A,1,128,129,4,cal,1,/home/juan/Documents/Analisis-CC-PyCEFR/data/processed/python-mini-projects/radon_output_python-mini-projects.json
python-mini-projects,python-mini-projects,/home/juan/Documents/Analisis-CC-PyCEFR/python-mini-projects/projects/Digital_clock/digital_clock.py,digital_clock.py,function,light_theme,1,A,1,5,16,0,,0,/home/juan/Documents/Analisis-CC-PyCEFR/data/processed/python-mini-projects/radon_output_python-mini-projects.json
python-mini-projects,python-mini-projects,/home/juan/Documents/Analisis-CC-PyCEFR/python-mini-projects/projects/Digital_clock/digital_clock.py,digital_clock.py,function,time,1,A,1,12,15,4,light_theme,1,/home/juan/Documents/Analisis-CC-PyCEFR/data/processed/python-mini-projects/radon_output_python-mini-projects.json
python-mini-projects,python-mini-projects,/home/juan/Documents/Analisis-CC-PyCEFR/python-mini-projects/projects/Digital_clock/digital_clock.py,digital_clock.py,function,dark_theme,1,A,1,19,30,0,,0,/home/juan/Documents/Analisis-CC-PyCEFR/data/processed/python-mini-projects/radon_output_python-mini-projects.json
python-mini-projects,python-mini-projects,/home/juan/Documents/Analisis-CC-PyCEFR/python-mini-projects/projects/Digital_clock/digital_clock.py,digital_clock.py,function,time,1,A,1,26,29,4,dark_theme,1,/home/juan/Documents/Analisis-CC-PyCEFR/data/processed/python-mini-projects/radon_output_python-mini-projects.json
python-mini-projects,python-mini-projects,/home/juan/Documents/Analisis-CC-PyCEFR/python-mini-projects/projects/Digital_clock/digital_clock.py,digital_clock.py,function,time,1,A,1,44,47,0,,0,/home/juan/Documents/Analisis-CC-PyCEFR/data/processed/python-mini-projects/radon_output_python-mini-projects.json
python-mini-projects,python-mini-projects,/home/juan/Documents/Analisis-CC-PyCEFR/python-mini-projects/projects/Scraping Medium Articles/scraping_medium.py,scraping_medium.py,function,collect_text,5,A,1,33,57,0,,0,/home/juan/Documents/Analisis-CC-PyCEFR/data/processed/python-mini-projects/radon_output_python-mini-projects.json
python-mini-projects,python-mini-projects,/home/juan/Documents/Analisis-CC-PyCEFR/python-mini-projects/projects/Scraping Medium Articles/scraping_medium.py,scraping_medium.py,function,get_page,2,A,1,11,21,0,,0,/home/juan/Documents/Analisis-CC-PyCEFR/data/processed/python-mini-projects/radon_output_python-mini-projects.json
python-mini-projects,python-mini-projects,/home/juan/Documents/Analisis-CC-PyCEFR/python-mini-projects/projects/Scraping Medium Articles/scraping_medium.py,scraping_medium.py,function,purify,2,A,1,24,30,0,,0,/home/juan/Documents/Analisis-CC-PyCEFR/data/processed/python-mini-projects/radon_output_python-mini-projects.json
python-mini-projects,python-mini-projects,/home/juan/Documents/Analisis-CC-PyCEFR/python-mini-projects/projects/Scraping Medium Articles/scraping_medium.py,scraping_medium.py,function,save_file,2,A,1,60,66,0,,0,/home/juan/Documents/Analisis-CC-PyCEFR/data/processed/python-mini-projects/radon_output_python-mini-projects.json
python-mini-projects,python-mini-projects,/home/juan/Documents/Analisis-CC-PyCEFR/python-mini-projects/projects/chatbot/simple-bot.py,simple-bot.py,function,on_message,2,A,1,4,6,0,,0,/home/juan/Documents/Analisis-CC-PyCEFR/data/processed/python-mini-projects/radon_output_python-mini-projects.json
python-mini-projects,python-mini-projects,/home/juan/Documents/Analisis-CC-PyCEFR/python-mini-projects/projects/chatbot/simple-bot.py,simple-bot.py,function,main,1,A,1,8,11,0,,0,/home/juan/Documents/Analisis-CC-PyCEFR/data/processed/python-mini-projects/radon_output_python-mini-projects.json
python-mini-projects,python-mini-projects,/home/juan/Documents/Analisis-CC-PyCEFR/python-mini-projects/projects/chatbot/bot.py,bot.py,method,on_message,34,E,5,41,171,4,,0,/home/juan/Documents/Analisis-CC-PyCEFR/data/processed/python-mini-projects/radon_output_python-mini-projects.json
python-mini-projects,python-mini-projects,/home/juan/Documents/Analisis-CC-PyCEFR/python-mini-projects/projects/chatbot/bot.py,bot.py,class,MyBot,8,B,2,24,229,0,,0,/home/juan/Documents/Analisis-CC-PyCEFR/data/processed/python-mini-projects/radon_output_python-mini-projects.json
python-mini-projects,python-mini-projects,/home/juan/Documents/Analisis-CC-PyCEFR/python-mini-projects/projects/chatbot/bot.py,bot.py,method,on_friendship,6,B,2,183,211,4,,0,/home/juan/Documents/Analisis-CC-PyCEFR/data/processed/python-mini-projects/radon_output_python-mini-projects.json
python-mini-projects,python-mini-projects,/home/juan/Documents/Analisis-CC-PyCEFR/python-mini-projects/projects/chatbot/bot.py,bot.py,method,on_room_join,2,A,1,213,229,4,,0,/home/juan/Documents/Analisis-CC-PyCEFR/data/processed/python-mini-projects/radon_output_python-mini-projects.json
python-mini-projects,python-mini-projects,/home/juan/Documents/Analisis-CC-PyCEFR/python-mini-projects/projects/chatbot/bot.py,bot.py,function,main,1,A,1,232,235,0,,0,/home/juan/Documents/Analisis-CC-PyCEFR/data/processed/python-mini-projects/radon_output_python-mini-projects.json
python-mini-projects,python-mini-projects,/home/juan/Documents/Analisis-CC-PyCEFR/python-mini-projects/projects/chatbot/bot.py,bot.py,method,__init__,1,A,1,30,34,4,,0,/home/juan/Documents/Analisis-CC-PyCEFR/data/processed/python-mini-projects/radon_output_python-mini-projects.json
python-mini-projects,python-mini-projects,/home/juan/Documents/Analisis-CC-PyCEFR/python-mini-projects/projects/chatbot/bot.py,bot.py,method,on_ready,1,A,1,36,38,4,,0,/home/juan/Documents/Analisis-CC-PyCEFR/data/processed/python-mini-projects/radon_output_python-mini-projects.json
python-mini-projects,python-mini-projects,/home/juan/Documents/Analisis-CC-PyCEFR/python-mini-projects/projects/chatbot/bot.py,bot.py,method,on_login,1,A,1,174,181,4,,0,/home/juan/Documents/Analisis-CC-PyCEFR/data/processed/python-mini-projects/radon_output_python-mini-projects.json
python-mini-projects,python-mini-projects,/home/juan/Documents/Analisis-CC-PyCEFR/python-mini-projects/projects/Extract_zip_files/extract_zip_files.py,extract_zip_files.py,function,extract,2,A,1,21,33,0,,0,/home/juan/Documents/Analisis-CC-PyCEFR/data/processed/python-mini-projects/radon_output_python-mini-projects.json
python-mini-projects,python-mini-projects,/home/juan/Documents/Analisis-CC-PyCEFR/python-mini-projects/projects/String_search_from_multiple_files/findstring.py,findstring.py,function,getfiles,6,B,2,10,30,0,,0,/home/juan/Documents/Analisis-CC-PyCEFR/data/processed/python-mini-projects/radon_output_python-mini-projects.json
python-mini-projects,python-mini-projects,/home/juan/Documents/Analisis-CC-PyCEFR/python-mini-projects/projects/Wifi_windows_password_displayer/main.py,main.py,class,PwdDisplay,3,A,1,6,57,0,,0,/home/juan/Documents/Analisis-CC-PyCEFR/data/processed/python-mini-projects/radon_output_python-mini-projects.json
python-mini-projects,python-mini-projects,/home/juan/Documents/Analisis-CC-PyCEFR/python-mini-projects/projects/Wifi_windows_password_displayer/main.py,main.py,method,__del__,3,A,1,52,57,4,,0,/home/juan/Documents/Analisis-CC-PyCEFR/data/processed/python-mini-projects/radon_output_python-mini-projects.json
python-mini-projects,python-mini-projects,/home/juan/Documents/Analisis-CC-PyCEFR/python-mini-projects/projects/Wifi_windows_password_displayer/main.py,main.py,method,__init__,2,A,1,7,15,4,,0,/home/juan/Documents/Analisis-CC-PyCEFR/data/processed/python-mini-projects/radon_output_python-mini-projects.json
python-mini-projects,python-mini-projects,/home/juan/Documents/Analisis-CC-PyCEFR/python-mini-projects/projects/Wifi_windows_password_displayer/main.py,main.py,method,get_ssid_pwd,2,A,1,28,36,4,,0,/home/juan/Documents/Analisis-CC-PyCEFR/data/processed/python-mini-projects/radon_output_python-mini-projects.json
python-mini-projects,python-mini-projects,/home/juan/Documents/Analisis-CC-PyCEFR/python-mini-projects/projects/Wifi_windows_password_displayer/main.py,main.py,method,display_password,2,A,1,38,50,4,,0,/home/juan/Documents/Analisis-CC-PyCEFR/data/processed/python-mini-projects/radon_output_python-mini-projects.json
python-mini-projects,python-mini-projects,/home/juan/Documents/Analisis-CC-PyCEFR/python-mini-projects/projects/Wifi_windows_password_displayer/main.py,main.py,method,export_xml,1,A,1,17,21,4,,0,/home/juan/Documents/Analisis-CC-PyCEFR/data/processed/python-mini-projects/radon_output_python-mini-projects.json
python-mini-projects,python-mini-projects,/home/juan/Documents/Analisis-CC-PyCEFR/python-mini-projects/projects/Wifi_windows_password_displayer/main.py,main.py,method,file_path,1,A,1,23,26,4,,0,/home/juan/Documents/Analisis-CC-PyCEFR/data/processed/python-mini-projects/radon_output_python-mini-projects.json
python-mini-projects,python-mini-projects,/home/juan/Documents/Analisis-CC-PyCEFR/python-mini-projects/projects/Write_a_script_to_download_a_random_image_from_unsplash_and_set_it_as_wallpaper/background_windows.py,background_windows.py,function,setup,2,A,1,22,29,0,,0,/home/juan/Documents/Analisis-CC-PyCEFR/data/processed/python-mini-projects/radon_output_python-mini-projects.json
python-mini-projects,python-mini-projects,/home/juan/Documents/Analisis-CC-PyCEFR/python-mini-projects/projects/Write_a_script_to_download_a_random_image_from_unsplash_and_set_it_as_wallpaper/background_windows.py,background_windows.py,function,is_64bit,1,A,1,9,10,0,,0,/home/juan/Documents/Analisis-CC-PyCEFR/data/processed/python-mini-projects/radon_output_python-mini-projects.json
python-mini-projects,python-mini-projects,/home/juan/Documents/Analisis-CC-PyCEFR/python-mini-projects/projects/Write_a_script_to_download_a_random_image_from_unsplash_and_set_it_as_wallpaper/background_windows.py,background_windows.py,function,download,1,A,1,13,19,0,,0,/home/juan/Documents/Analisis-CC-PyCEFR/data/processed/python-mini-projects/radon_output_python-mini-projects.json
python-mini-projects,python-mini-projects,/home/juan/Documents/Analisis-CC-PyCEFR/python-mini-projects/projects/Write_a_script_to_download_a_random_image_from_unsplash_and_set_it_as_wallpaper/background_linux.py,background_linux.py,function,download,1,A,1,9,15,0,,0,/home/juan/Documents/Analisis-CC-PyCEFR/data/processed/python-mini-projects/radon_output_python-mini-projects.json
python-mini-projects,python-mini-projects,/home/juan/Documents/Analisis-CC-PyCEFR/python-mini-projects/projects/Write_a_script_to_download_a_random_image_from_unsplash_and_set_it_as_wallpaper/background_linux.py,background_linux.py,function,setup,1,A,1,18,22,0,,0,/home/juan/Documents/Analisis-CC-PyCEFR/data/processed/python-mini-projects/radon_output_python-mini-projects.json
python-mini-projects,python-mini-projects,/home/juan/Documents/Analisis-CC-PyCEFR/python-mini-projects/projects/News_website_scraper/moneycontrol_scrapper.py,moneycontrol_scrapper.py,function,scrap,4,A,1,27,42,0,,0,/home/juan/Documents/Analisis-CC-PyCEFR/data/processed/python-mini-projects/radon_output_python-mini-projects.json
python-mini-projects,python-mini-projects,/home/juan/Documents/Analisis-CC-PyCEFR/python-mini-projects/projects/News_website_scraper/moneycontrol_scrapper.py,moneycontrol_scrapper.py,function,setup,3,A,1,14,24,0,,0,/home/juan/Documents/Analisis-CC-PyCEFR/data/processed/python-mini-projects/radon_output_python-mini-projects.json
python-mini-projects,python-mini-projects,/home/juan/Documents/Analisis-CC-PyCEFR/python-mini-projects/projects/News_website_scraper/moneycontrol_scrapper.py,moneycontrol_scrapper.py,function,json_dump,1,A,1,45,48,0,,0,/home/juan/Documents/Analisis-CC-PyCEFR/data/processed/python-mini-projects/radon_output_python-mini-projects.json
python-mini-projects,python-mini-projects,/home/juan/Documents/Analisis-CC-PyCEFR/python-mini-projects/projects/Terminal_progress_bar_with_images_resizing/progress_bar_ with_images_resizing.py,progress_bar_ with_images_resizing.py,function,Resize_image,3,A,1,7,14,0,,0,/home/juan/Documents/Analisis-CC-PyCEFR/data/processed/python-mini-projects/radon_output_python-mini-projects.json
python-mini-projects,python-mini-projects,/home/juan/Documents/Analisis-CC-PyCEFR/python-mini-projects/projects/Terminal_Based_Hangman_Game/hangman.py,hangman.py,function,play,16,C,3,16,101,0,,0,/home/juan/Documents/Analisis-CC-PyCEFR/data/processed/python-mini-projects/radon_output_python-mini-projects.json
python-mini-projects,python-mini-projects,/home/juan/Documents/Analisis-CC-PyCEFR/python-mini-projects/projects/Terminal_Based_Hangman_Game/hangman.py,hangman.py,function,main,2,A,1,174,179,0,,0,/home/juan/Documents/Analisis-CC-PyCEFR/data/processed/python-mini-projects/radon_output_python-mini-projects.json
python-mini-projects,python-mini-projects,/home/juan/Documents/Analisis-CC-PyCEFR/python-mini-projects/projects/Terminal_Based_Hangman_Game/hangman.py,hangman.py,function,get_word,1,A,1,6,12,0,,0,/home/juan/Documents/Analisis-CC-PyCEFR/data/processed/python-mini-projects/radon_output_python-mini-projects.json
python-mini-projects,python-mini-projects,/home/juan/Documents/Analisis-CC-PyCEFR/python-mini-projects/projects/Terminal_Based_Hangman_Game/hangman.py,hangman.py,function,display_hangman,1,A,1,105,170,0,,0,/home/juan/Documents/Analisis-CC-PyCEFR/data/processed/python-mini-projects/radon_output_python-mini-projects.json
python-mini-projects,python-mini-projects,/home/juan/Documents/Analisis-CC-PyCEFR/python-mini-projects/projects/Calculate_age/calculate.py,calculate.py,function,month_days,7,B,2,14,22,0,,0,/home/juan/Documents/Analisis-CC-PyCEFR/data/processed/python-mini-projects/radon_output_python-mini-projects.json
python-mini-projects,python-mini-projects,/home/juan/Documents/Analisis-CC-PyCEFR/python-mini-projects/projects/Calculate_age/calculate.py,calculate.py,function,judge_leap_year,2,A,1,6,10,0,,0,/home/juan/Documents/Analisis-CC-PyCEFR/data/processed/python-mini-projects/radon_output_python-mini-projects.json
python-mini-projects,python-mini-projects,/home/juan/Documents/Analisis-CC-PyCEFR/python-mini-projects/projects/Movie Information Scraper/movieInfoScraper.py,movieInfoScraper.py,function,getMovieDetails,11,C,3,7,82,0,,0,/home/juan/Documents/Analisis-CC-PyCEFR/data/processed/python-mini-projects/radon_output_python-mini-projects.json
python-mini-projects,python-mini-projects,/home/juan/Documents/Analisis-CC-PyCEFR/python-mini-projects/projects/Drowsiness detection/model.py,model.py,function,generator,1,A,1,12,14,0,,0,/home/juan/Documents/Analisis-CC-PyCEFR/data/processed/python-mini-projects/radon_output_python-mini-projects.json
python-mini-projects,python-mini-projects,/home/juan/Documents/Analisis-CC-PyCEFR/python-mini-projects/projects/Internet_connection_check/internet_connection_check.py,internet_connection_check.py,function,internet_connection_test,3,A,1,4,21,0,,0,/home/juan/Documents/Analisis-CC-PyCEFR/data/processed/python-mini-projects/radon_output_python-mini-projects.json
python-mini-projects,python-mini-projects,/home/juan/Documents/Analisis-CC-PyCEFR/python-mini-projects/projects/Countdown_timer/main.py,main.py,function,countdown,2,A,1,3,11,0,,0,/home/juan/Documents/Analisis-CC-PyCEFR/data/processed/python-mini-projects/radon_output_python-mini-projects.json
python-mini-projects,python-mini-projects,/home/juan/Documents/Analisis-CC-PyCEFR/python-mini-projects/projects/Zip_Bruter/zipbruter.py,zipbruter.py,method,worker,4,A,1,33,51,4,,0,/home/juan/Documents/Analisis-CC-PyCEFR/data/processed/python-mini-projects/radon_output_python-mini-projects.json
python-mini-projects,python-mini-projects,/home/juan/Documents/Analisis-CC-PyCEFR/python-mini-projects/projects/Zip_Bruter/zipbruter.py,zipbruter.py,class,ZipBruter,3,A,1,20,74,0,,0,/home/juan/Documents/Analisis-CC-PyCEFR/data/processed/python-mini-projects/radon_output_python-mini-projects.json
python-mini-projects,python-mini-projects,/home/juan/Documents/Analisis-CC-PyCEFR/python-mini-projects/projects/Zip_Bruter/zipbruter.py,zipbruter.py,method,main,3,A,1,58,68,4,,0,/home/juan/Documents/Analisis-CC-PyCEFR/data/processed/python-mini-projects/radon_output_python-mini-projects.json
python-mini-projects,python-mini-projects,/home/juan/Documents/Analisis-CC-PyCEFR/python-mini-projects/projects/Zip_Bruter/zipbruter.py,zipbruter.py,method,start_workers,2,A,1,53,56,4,,0,/home/juan/Documents/Analisis-CC-PyCEFR/data/processed/python-mini-projects/radon_output_python-mini-projects.json
python-mini-projects,python-mini-projects,/home/juan/Documents/Analisis-CC-PyCEFR/python-mini-projects/projects/Zip_Bruter/zipbruter.py,zipbruter.py,method,read_wordlist,2,A,1,70,74,4,,0,/home/juan/Documents/Analisis-CC-PyCEFR/data/processed/python-mini-projects/radon_output_python-mini-projects.json
python-mini-projects,python-mini-projects,/home/juan/Documents/Analisis-CC-PyCEFR/python-mini-projects/projects/Zip_Bruter/zipbruter.py,zipbruter.py,method,__init__,1,A,1,24,31,4,,0,/home/juan/Documents/Analisis-CC-PyCEFR/data/processed/python-mini-projects/radon_output_python-mini-projects.json
python-mini-projects,python-mini-projects,/home/juan/Documents/Analisis-CC-PyCEFR/python-mini-projects/projects/Download_images_from_website/scrap-img.py,scrap-img.py,function,download_img,4,A,1,30,45,0,,0,/home/juan/Documents/Analisis-CC-PyCEFR/data/processed/python-mini-projects/radon_output_python-mini-projects.json
python-mini-projects,python-mini-projects,/home/juan/Documents/Analisis-CC-PyCEFR/python-mini-projects/projects/Download_images_from_website/scrap-img.py,scrap-img.py,function,get_url,1,A,1,15,21,0,,0,/home/juan/Documents/Analisis-CC-PyCEFR/data/processed/python-mini-projects/radon_output_python-mini-projects.json
python-mini-projects,python-mini-projects,/home/juan/Documents/Analisis-CC-PyCEFR/python-mini-projects/projects/Download_images_from_website/scrap-img.py,scrap-img.py,function,get_img_links,1,A,1,24,27,0,,0,/home/juan/Documents/Analisis-CC-PyCEFR/data/processed/python-mini-projects/radon_output_python-mini-projects.json
python-mini-projects,python-mini-projects,/home/juan/Documents/Analisis-CC-PyCEFR/python-mini-projects/projects/Speaking_Dictionary/SpeakingDictionary.py,SpeakingDictionary.py,class,Speak,2,A,1,8,17,0,,0,/home/juan/Documents/Analisis-CC-PyCEFR/data/processed/python-mini-projects/radon_output_python-mini-projects.json
python-mini-projects,python-mini-projects,/home/juan/Documents/Analisis-CC-PyCEFR/python-mini-projects/projects/Speaking_Dictionary/SpeakingDictionary.py,SpeakingDictionary.py,method,SpeakWord,1,A,1,9,17,4,,0,/home/juan/Documents/Analisis-CC-PyCEFR/data/processed/python-mini-projects/radon_output_python-mini-projects.json
python-mini-projects,python-mini-projects,/home/juan/Documents/Analisis-CC-PyCEFR/python-mini-projects/projects/Captcha_Genrator/Captcha_Genrator.py,Captcha_Genrator.py,function,verify,2,A,1,22,29,0,,0,/home/juan/Documents/Analisis-CC-PyCEFR/data/processed/python-mini-projects/radon_output_python-mini-projects.json
python-mini-projects,python-mini-projects,/home/juan/Documents/Analisis-CC-PyCEFR/python-mini-projects/projects/Captcha_Genrator/Captcha_Genrator.py,Captcha_Genrator.py,function,refresh,2,A,1,31,39,0,,0,/home/juan/Documents/Analisis-CC-PyCEFR/data/processed/python-mini-projects/radon_output_python-mini-projects.json
python-mini-projects,python-mini-projects,/home/juan/Documents/Analisis-CC-PyCEFR/python-mini-projects/projects/Easy_cartoonify/easy_cartoonify.py,easy_cartoonify.py,function,find_the_image,4,A,1,9,18,0,,0,/home/juan/Documents/Analisis-CC-PyCEFR/data/processed/python-mini-projects/radon_output_python-mini-projects.json
python-mini-projects,python-mini-projects,/home/juan/Documents/Analisis-CC-PyCEFR/python-mini-projects/projects/Image_watermark/watermark.py,watermark.py,function,watermark_photo,2,A,1,4,29,0,,0,/home/juan/Documents/Analisis-CC-PyCEFR/data/processed/python-mini-projects/radon_output_python-mini-projects.json
python-mini-projects,python-mini-projects,/home/juan/Documents/Analisis-CC-PyCEFR/python-mini-projects/projects/Time_to_load_website/time_to_load_website.py,time_to_load_website.py,function,get_load_time,3,A,1,5,26,0,,0,/home/juan/Documents/Analisis-CC-PyCEFR/data/processed/python-mini-projects/radon_output_python-mini-projects.json
python-mini-projects,python-mini-projects,/home/juan/Documents/Analisis-CC-PyCEFR/python-mini-projects/projects/Billing_system/biling_system.py,biling_system.py,method,bill_area,27,D,4,288,345,4,,0,/home/juan/Documents/Analisis-CC-PyCEFR/data/processed/python-mini-projects/radon_output_python-mini-projects.json
python-mini-projects,python-mini-projects,/home/juan/Documents/Analisis-CC-PyCEFR/python-mini-projects/projects/Billing_system/biling_system.py,biling_system.py,class,Bill_App,6,B,2,7,420,0,,0,/home/juan/Documents/Analisis-CC-PyCEFR/data/processed/python-mini-projects/radon_output_python-mini-projects.json
python-mini-projects,python-mini-projects,/home/juan/Documents/Analisis-CC-PyCEFR/python-mini-projects/projects/Billing_system/biling_system.py,biling_system.py,method,find_bill,5,A,1,360,371,4,,0,/home/juan/Documents/Analisis-CC-PyCEFR/data/processed/python-mini-projects/radon_output_python-mini-projects.json
python-mini-projects,python-mini-projects,/home/juan/Documents/Analisis-CC-PyCEFR/python-mini-projects/projects/Billing_system/biling_system.py,biling_system.py,method,save_bill,2,A,1,348,357,4,,0,/home/juan/Documents/Analisis-CC-PyCEFR/data/processed/python-mini-projects/radon_output_python-mini-projects.json
python-mini-projects,python-mini-projects,/home/juan/Documents/Analisis-CC-PyCEFR/python-mini-projects/projects/Billing_system/biling_system.py,biling_system.py,method,clear_data,2,A,1,374,414,4,,0,/home/juan/Documents/Analisis-CC-PyCEFR/data/processed/python-mini-projects/radon_output_python-mini-projects.json
python-mini-projects,python-mini-projects,/home/juan/Documents/Analisis-CC-PyCEFR/python-mini-projects/projects/Billing_system/biling_system.py,biling_system.py,method,exit_app,2,A,1,417,420,4,,0,/home/juan/Documents/Analisis-CC-PyCEFR/data/processed/python-mini-projects/radon_output_python-mini-projects.json
python-mini-projects,python-mini-projects,/home/juan/Documents/Analisis-CC-PyCEFR/python-mini-projects/projects/Billing_system/biling_system.py,biling_system.py,method,__init__,1,A,1,8,235,4,,0,/home/juan/Documents/Analisis-CC-PyCEFR/data/processed/python-mini-projects/radon_output_python-mini-projects.json
python-mini-projects,python-mini-projects,/home/juan/Documents/Analisis-CC-PyCEFR/python-mini-projects/projects/Billing_system/biling_system.py,biling_system.py,method,total,1,A,1,238,275,4,,0,/home/juan/Documents/Analisis-CC-PyCEFR/data/processed/python-mini-projects/radon_output_python-mini-projects.json
python-mini-projects,python-mini-projects,/home/juan/Documents/Analisis-CC-PyCEFR/python-mini-projects/projects/Billing_system/biling_system.py,biling_system.py,method,welcome_bill,1,A,1,278,285,4,,0,/home/juan/Documents/Analisis-CC-PyCEFR/data/processed/python-mini-projects/radon_output_python-mini-projects.json
python-mini-projects,python-mini-projects,/home/juan/Documents/Analisis-CC-PyCEFR/python-mini-projects/projects/Space_bullet_shooter_game/space_bullet_shooter.py,space_bullet_shooter.py,function,is_collision,2,A,1,109,116,0,,0,/home/juan/Documents/Analisis-CC-PyCEFR/data/processed/python-mini-projects/radon_output_python-mini-projects.json
python-mini-projects,python-mini-projects,/home/juan/Documents/Analisis-CC-PyCEFR/python-mini-projects/projects/Space_bullet_shooter_game/space_bullet_shooter.py,space_bullet_shooter.py,function,player,1,A,1,53,54,0,,0,/home/juan/Documents/Analisis-CC-PyCEFR/data/processed/python-mini-projects/radon_output_python-mini-projects.json
python-mini-projects,python-mini-projects,/home/juan/Documents/Analisis-CC-PyCEFR/python-mini-projects/projects/Space_bullet_shooter_game/space_bullet_shooter.py,space_bullet_shooter.py,function,enemy,1,A,1,95,96,0,,0,/home/juan/Documents/Analisis-CC-PyCEFR/data/processed/python-mini-projects/radon_output_python-mini-projects.json
python-mini-projects,python-mini-projects,/home/juan/Documents/Analisis-CC-PyCEFR/python-mini-projects/projects/Space_bullet_shooter_game/space_bullet_shooter.py,space_bullet_shooter.py,function,fire_bullet,1,A,1,101,104,0,,0,/home/juan/Documents/Analisis-CC-PyCEFR/data/processed/python-mini-projects/radon_output_python-mini-projects.json
python-mini-projects,python-mini-projects,/home/juan/Documents/Analisis-CC-PyCEFR/python-mini-projects/projects/Space_bullet_shooter_game/space_bullet_shooter.py,space_bullet_shooter.py,function,showscore,1,A,1,125,127,0,,0,/home/juan/Documents/Analisis-CC-PyCEFR/data/processed/python-mini-projects/radon_output_python-mini-projects.json
python-mini-projects,python-mini-projects,/home/juan/Documents/Analisis-CC-PyCEFR/python-mini-projects/projects/Space_bullet_shooter_game/space_bullet_shooter.py,space_bullet_shooter.py,function,game_over,1,A,1,133,136,0,,0,/home/juan/Documents/Analisis-CC-PyCEFR/data/processed/python-mini-projects/radon_output_python-mini-projects.json
python-mini-projects,python-mini-projects,/home/juan/Documents/Analisis-CC-PyCEFR/python-mini-projects/projects/Space_bullet_shooter_game/space_bullet_shooter.py,space_bullet_shooter.py,function,final_score,1,A,1,140,142,0,,0,/home/juan/Documents/Analisis-CC-PyCEFR/data/processed/python-mini-projects/radon_output_python-mini-projects.json
python-mini-projects,python-mini-projects,/home/juan/Documents/Analisis-CC-PyCEFR/python-mini-projects/projects/Space_bullet_shooter_game/space_bullet_shooter.py,space_bullet_shooter.py,function,author_name,1,A,1,148,151,0,,0,/home/juan/Documents/Analisis-CC-PyCEFR/data/processed/python-mini-projects/radon_output_python-mini-projects.json
python-mini-projects,python-mini-projects,/home/juan/Documents/Analisis-CC-PyCEFR/python-mini-projects/projects/cli_proxy_tester/proxytest.py,proxytest.py,function,add_proxies_to_file,5,A,1,12,40,0,,0,/home/juan/Documents/Analisis-CC-PyCEFR/data/processed/python-mini-projects/radon_output_python-mini-projects.json
python-mini-projects,python-mini-projects,/home/juan/Documents/Analisis-CC-PyCEFR/python-mini-projects/projects/cli_proxy_tester/proxytest.py,proxytest.py,function,test_proxy,5,A,1,43,75,0,,0,/home/juan/Documents/Analisis-CC-PyCEFR/data/processed/python-mini-projects/radon_output_python-mini-projects.json
python-mini-projects,python-mini-projects,/home/juan/Documents/Analisis-CC-PyCEFR/python-mini-projects/projects/cli_proxy_tester/proxytest.py,proxytest.py,function,test_csv_file,3,A,1,86,103,0,,0,/home/juan/Documents/Analisis-CC-PyCEFR/data/processed/python-mini-projects/radon_output_python-mini-projects.json
python-mini-projects,python-mini-projects,/home/juan/Documents/Analisis-CC-PyCEFR/python-mini-projects/projects/cli_proxy_tester/proxytest.py,proxytest.py,function,add_from_text_file,3,A,1,106,119,0,,0,/home/juan/Documents/Analisis-CC-PyCEFR/data/processed/python-mini-projects/radon_output_python-mini-projects.json
python-mini-projects,python-mini-projects,/home/juan/Documents/Analisis-CC-PyCEFR/python-mini-projects/projects/cli_proxy_tester/proxytest.py,proxytest.py,function,test_single_proxy,1,A,1,78,83,0,,0,/home/juan/Documents/Analisis-CC-PyCEFR/data/processed/python-mini-projects/radon_output_python-mini-projects.json
python-mini-projects,python-mini-projects,/home/juan/Documents/Analisis-CC-PyCEFR/python-mini-projects/projects/cli_proxy_tester/cli.py,cli.py,function,validate_proxy,2,A,1,10,20,0,,0,/home/juan/Documents/Analisis-CC-PyCEFR/data/processed/python-mini-projects/radon_output_python-mini-projects.json
python-mini-projects,python-mini-projects,/home/juan/Documents/Analisis-CC-PyCEFR/python-mini-projects/projects/cli_proxy_tester/cli.py,cli.py,function,cli,1,A,1,24,25,0,,0,/home/juan/Documents/Analisis-CC-PyCEFR/data/processed/python-mini-projects/radon_output_python-mini-projects.json
python-mini-projects,python-mini-projects,/home/juan/Documents/Analisis-CC-PyCEFR/python-mini-projects/projects/cli_proxy_tester/cli.py,cli.py,function,single,1,A,1,33,34,0,,0,/home/juan/Documents/Analisis-CC-PyCEFR/data/processed/python-mini-projects/radon_output_python-mini-projects.json
python-mini-projects,python-mini-projects,/home/juan/Documents/Analisis-CC-PyCEFR/python-mini-projects/projects/cli_proxy_tester/cli.py,cli.py,function,csv_file,1,A,1,41,42,0,,0,/home/juan/Documents/Analisis-CC-PyCEFR/data/processed/python-mini-projects/radon_output_python-mini-projects.json
python-mini-projects,python-mini-projects,/home/juan/Documents/Analisis-CC-PyCEFR/python-mini-projects/projects/cli_proxy_tester/cli.py,cli.py,function,add_from_txt_file,1,A,1,50,51,0,,0,/home/juan/Documents/Analisis-CC-PyCEFR/data/processed/python-mini-projects/radon_output_python-mini-projects.json
python-mini-projects,python-mini-projects,/home/juan/Documents/Analisis-CC-PyCEFR/python-mini-projects/projects/telegram_bot/main.py,main.py,function,coin,2,A,1,32,43,0,,0,/home/juan/Documents/Analisis-CC-PyCEFR/data/processed/python-mini-projects/radon_output_python-mini-projects.json
python-mini-projects,python-mini-projects,/home/juan/Documents/Analisis-CC-PyCEFR/python-mini-projects/projects/telegram_bot/main.py,main.py,function,error_callback,1,A,1,15,16,0,,0,/home/juan/Documents/Analisis-CC-PyCEFR/data/processed/python-mini-projects/radon_output_python-mini-projects.json
python-mini-projects,python-mini-projects,/home/juan/Documents/Analisis-CC-PyCEFR/python-mini-projects/projects/telegram_bot/main.py,main.py,function,start,1,A,1,19,29,0,,0,/home/juan/Documents/Analisis-CC-PyCEFR/data/processed/python-mini-projects/radon_output_python-mini-projects.json
python-mini-projects,python-mini-projects,/home/juan/Documents/Analisis-CC-PyCEFR/python-mini-projects/projects/telegram_bot/main.py,main.py,function,main,1,A,1,46,69,0,,0,/home/juan/Documents/Analisis-CC-PyCEFR/data/processed/python-mini-projects/radon_output_python-mini-projects.json
python-mini-projects,python-mini-projects,/home/juan/Documents/Analisis-CC-PyCEFR/python-mini-projects/projects/EasyVideoPlayer/EasyVideoPlayer.py,EasyVideoPlayer.py,function,PlayVideo,6,B,2,40,57,0,,0,/home/juan/Documents/Analisis-CC-PyCEFR/data/processed/python-mini-projects/radon_output_python-mini-projects.json
python-mini-projects,python-mini-projects,/home/juan/Documents/Analisis-CC-PyCEFR/python-mini-projects/projects/EasyVideoPlayer/EasyVideoPlayer.py,EasyVideoPlayer.py,function,find_the_video,4,A,1,15,24,0,,0,/home/juan/Documents/Analisis-CC-PyCEFR/data/processed/python-mini-projects/radon_output_python-mini-projects.json
python-mini-projects,python-mini-projects,/home/juan/Documents/Analisis-CC-PyCEFR/python-mini-projects/projects/download GeeksForGeeks articles/downloader.py,downloader.py,function,get_driver,1,A,1,12,32,0,,0,/home/juan/Documents/Analisis-CC-PyCEFR/data/processed/python-mini-projects/radon_output_python-mini-projects.json
python-mini-projects,python-mini-projects,/home/juan/Documents/Analisis-CC-PyCEFR/python-mini-projects/projects/download GeeksForGeeks articles/downloader.py,downloader.py,function,download_article,1,A,1,35,41,0,,0,/home/juan/Documents/Analisis-CC-PyCEFR/data/processed/python-mini-projects/radon_output_python-mini-projects.json
python-mini-projects,python-mini-projects,/home/juan/Documents/Analisis-CC-PyCEFR/python-mini-projects/projects/Currency_converter/cc.py,cc.py,function,function1,3,A,1,196,211,0,,0,/home/juan/Documents/Analisis-CC-PyCEFR/data/processed/python-mini-projects/radon_output_python-mini-projects.json
python-mini-projects,python-mini-projects,/home/juan/Documents/Analisis-CC-PyCEFR/python-mini-projects/projects/Split_File/split_files.py,split_files.py,class,Split_Files,5,A,1,6,50,0,,0,/home/juan/Documents/Analisis-CC-PyCEFR/data/processed/python-mini-projects/radon_output_python-mini-projects.json
python-mini-projects,python-mini-projects,/home/juan/Documents/Analisis-CC-PyCEFR/python-mini-projects/projects/Split_File/split_files.py,split_files.py,method,split_data,5,A,1,28,50,4,,0,/home/juan/Documents/Analisis-CC-PyCEFR/data/processed/python-mini-projects/radon_output_python-mini-projects.json
python-mini-projects,python-mini-projects,/home/juan/Documents/Analisis-CC-PyCEFR/python-mini-projects/projects/Split_File/split_files.py,split_files.py,method,__init__,3,A,1,10,26,4,,0,/home/juan/Documents/Analisis-CC-PyCEFR/data/processed/python-mini-projects/radon_output_python-mini-projects.json
python-mini-projects,python-mini-projects,/home/juan/Documents/Analisis-CC-PyCEFR/python-mini-projects/projects/Check_website_connectivity/check_connectivity.py,check_connectivity.py,function,main,4,A,1,9,21,0,,0,/home/juan/Documents/Analisis-CC-PyCEFR/data/processed/python-mini-projects/radon_output_python-mini-projects.json
python-mini-projects,python-mini-projects,/home/juan/Documents/Analisis-CC-PyCEFR/python-mini-projects/projects/Duplicate files remover/duplicatefileremover.py,duplicatefileremover.py,function,hashFile,2,A,1,7,17,0,,0,/home/juan/Documents/Analisis-CC-PyCEFR/data/processed/python-mini-projects/radon_output_python-mini-projects.json
python-mini-projects,python-mini-projects,/home/juan/Documents/Analisis-CC-PyCEFR/python-mini-projects/projects/Create_a_simple_stopwatch/stopwatch.py,stopwatch.py,function,Reset,2,A,1,54,63,0,,0,/home/juan/Documents/Analisis-CC-PyCEFR/data/processed/python-mini-projects/radon_output_python-mini-projects.json
python-mini-projects,python-mini-projects,/home/juan/Documents/Analisis-CC-PyCEFR/python-mini-projects/projects/Create_a_simple_stopwatch/stopwatch.py,stopwatch.py,function,counter_label,1,A,1,7,31,0,,0,/home/juan/Documents/Analisis-CC-PyCEFR/data/processed/python-mini-projects/radon_output_python-mini-projects.json
python-mini-projects,python-mini-projects,/home/juan/Documents/Analisis-CC-PyCEFR/python-mini-projects/projects/Create_a_simple_stopwatch/stopwatch.py,stopwatch.py,function,count,3,A,1,8,28,4,counter_label,1,/home/juan/Documents/Analisis-CC-PyCEFR/data/processed/python-mini-projects/radon_output_python-mini-projects.json
python-mini-projects,python-mini-projects,/home/juan/Documents/Analisis-CC-PyCEFR/python-mini-projects/projects/Create_a_simple_stopwatch/stopwatch.py,stopwatch.py,function,Start,1,A,1,35,41,0,,0,/home/juan/Documents/Analisis-CC-PyCEFR/data/processed/python-mini-projects/radon_output_python-mini-projects.json
python-mini-projects,python-mini-projects,/home/juan/Documents/Analisis-CC-PyCEFR/python-mini-projects/projects/Create_a_simple_stopwatch/stopwatch.py,stopwatch.py,function,Stop,1,A,1,45,50,0,,0,/home/juan/Documents/Analisis-CC-PyCEFR/data/processed/python-mini-projects/radon_output_python-mini-projects.json
python-mini-projects,python-mini-projects,/home/juan/Documents/Analisis-CC-PyCEFR/python-mini-projects/projects/Tic_tac_toe/tic_tac_toe.py,tic_tac_toe.py,function,check_win,3,A,1,18,21,0,,0,/home/juan/Documents/Analisis-CC-PyCEFR/data/processed/python-mini-projects/radon_output_python-mini-projects.json
python-mini-projects,python-mini-projects,/home/juan/Documents/Analisis-CC-PyCEFR/python-mini-projects/projects/Web_page_summation/app.py,app.py,function,main,9,B,2,93,138,0,,0,/home/juan/Documents/Analisis-CC-PyCEFR/data/processed/python-mini-projects/radon_output_python-mini-projects.json
python-mini-projects,python-mini-projects,/home/juan/Documents/Analisis-CC-PyCEFR/python-mini-projects/projects/Web_page_summation/app.py,app.py,function,readCsv,4,A,1,42,56,0,,0,/home/juan/Documents/Analisis-CC-PyCEFR/data/processed/python-mini-projects/radon_output_python-mini-projects.json
python-mini-projects,python-mini-projects,/home/juan/Documents/Analisis-CC-PyCEFR/python-mini-projects/projects/Web_page_summation/app.py,app.py,function,writeCsv,4,A,1,59,79,0,,0,/home/juan/Documents/Analisis-CC-PyCEFR/data/processed/python-mini-projects/radon_output_python-mini-projects.json
python-mini-projects,python-mini-projects,/home/juan/Documents/Analisis-CC-PyCEFR/python-mini-projects/projects/Web_page_summation/app.py,app.py,function,processCsv,2,A,1,82,90,0,,0,/home/juan/Documents/Analisis-CC-PyCEFR/data/processed/python-mini-projects/radon_output_python-mini-projects.json
python-mini-projects,python-mini-projects,/home/juan/Documents/Analisis-CC-PyCEFR/python-mini-projects/projects/Web_page_summation/app.py,app.py,function,parse_args,1,A,1,12,39,0,,0,/home/juan/Documents/Analisis-CC-PyCEFR/data/processed/python-mini-projects/radon_output_python-mini-projects.json
python-mini-projects,python-mini-projects,/home/juan/Documents/Analisis-CC-PyCEFR/python-mini-projects/projects/Web_page_summation/utils/test.py,test.py,class,args,1,A,1,10,11,0,,0,/home/juan/Documents/Analisis-CC-PyCEFR/data/processed/python-mini-projects/radon_output_python-mini-projects.json
python-mini-projects,python-mini-projects,/home/juan/Documents/Analisis-CC-PyCEFR/python-mini-projects/projects/Web_page_summation/utils/model.py,model.py,class,Model,11,C,3,6,131,0,,0,/home/juan/Documents/Analisis-CC-PyCEFR/data/processed/python-mini-projects/radon_output_python-mini-projects.json
python-mini-projects,python-mini-projects,/home/juan/Documents/Analisis-CC-PyCEFR/python-mini-projects/projects/Web_page_summation/utils/model.py,model.py,method,__init__,10,B,2,7,131,4,,0,/home/juan/Documents/Analisis-CC-PyCEFR/data/processed/python-mini-projects/radon_output_python-mini-projects.json
python-mini-projects,python-mini-projects,/home/juan/Documents/Analisis-CC-PyCEFR/python-mini-projects/projects/Web_page_summation/utils/comparison.py,comparison.py,function,eval_rouges,1,A,1,9,43,0,,0,/home/juan/Documents/Analisis-CC-PyCEFR/data/processed/python-mini-projects/radon_output_python-mini-projects.json
python-mini-projects,python-mini-projects,/home/juan/Documents/Analisis-CC-PyCEFR/python-mini-projects/projects/Web_page_summation/utils/train.py,train.py,class,args,1,A,1,10,11,0,,0,/home/juan/Documents/Analisis-CC-PyCEFR/data/processed/python-mini-projects/radon_output_python-mini-projects.json
python-mini-projects,python-mini-projects,/home/juan/Documents/Analisis-CC-PyCEFR/python-mini-projects/projects/Web_page_summation/utils/summarize.py,summarize.py,function,summarize,3,A,1,11,30,0,,0,/home/juan/Documents/Analisis-CC-PyCEFR/data/processed/python-mini-projects/radon_output_python-mini-projects.json
python-mini-projects,python-mini-projects,/home/juan/Documents/Analisis-CC-PyCEFR/python-mini-projects/projects/Web_page_summation/utils/utils.py,utils.py,function,build_dataset,13,C,3,59,80,0,,0,/home/juan/Documents/Analisis-CC-PyCEFR/data/processed/python-mini-projects/radon_output_python-mini-projects.json
python-mini-projects,python-mini-projects,/home/juan/Documents/Analisis-CC-PyCEFR/python-mini-projects/projects/Web_page_summation/utils/utils.py,utils.py,function,build_dict,6,B,2,25,56,0,,0,/home/juan/Documents/Analisis-CC-PyCEFR/data/processed/python-mini-projects/radon_output_python-mini-projects.json
python-mini-projects,python-mini-projects,/home/juan/Documents/Analisis-CC-PyCEFR/python-mini-projects/projects/Web_page_summation/utils/utils.py,utils.py,function,get_text_list,4,A,1,17,22,0,,0,/home/juan/Documents/Analisis-CC-PyCEFR/data/processed/python-mini-projects/radon_output_python-mini-projects.json
python-mini-projects,python-mini-projects,/home/juan/Documents/Analisis-CC-PyCEFR/python-mini-projects/projects/Web_page_summation/utils/utils.py,utils.py,function,batch_iter,3,A,1,83,92,0,,0,/home/juan/Documents/Analisis-CC-PyCEFR/data/processed/python-mini-projects/radon_output_python-mini-projects.json
python-mini-projects,python-mini-projects,/home/juan/Documents/Analisis-CC-PyCEFR/python-mini-projects/projects/Web_page_summation/utils/utils.py,utils.py,function,get_init_embedding,3,A,1,95,118,0,,0,/home/juan/Documents/Analisis-CC-PyCEFR/data/processed/python-mini-projects/radon_output_python-mini-projects.json
python-mini-projects,python-mini-projects,/home/juan/Documents/Analisis-CC-PyCEFR/python-mini-projects/projects/Web_page_summation/utils/utils.py,utils.py,function,clean_str,1,A,1,12,14,0,,0,/home/juan/Documents/Analisis-CC-PyCEFR/data/processed/python-mini-projects/radon_output_python-mini-projects.json
python-mini-projects,python-mini-projects,/home/juan/Documents/Analisis-CC-PyCEFR/python-mini-projects/projects/Store_emails_in_csv/store_emails.py,store_emails.py,function,write_to_csv,12,C,3,44,96,0,,0,/home/juan/Documents/Analisis-CC-PyCEFR/data/processed/python-mini-projects/radon_output_python-mini-projects.json
python-mini-projects,python-mini-projects,/home/juan/Documents/Analisis-CC-PyCEFR/python-mini-projects/projects/Store_emails_in_csv/store_emails.py,store_emails.py,function,main,2,A,1,98,114,0,,0,/home/juan/Documents/Analisis-CC-PyCEFR/data/processed/python-mini-projects/radon_output_python-mini-projects.json
python-mini-projects,python-mini-projects,/home/juan/Documents/Analisis-CC-PyCEFR/python-mini-projects/projects/Store_emails_in_csv/store_emails.py,store_emails.py,function,connect_to_mailbox,1,A,1,24,35,0,,0,/home/juan/Documents/Analisis-CC-PyCEFR/data/processed/python-mini-projects/radon_output_python-mini-projects.json
python-mini-projects,python-mini-projects,/home/juan/Documents/Analisis-CC-PyCEFR/python-mini-projects/projects/Store_emails_in_csv/store_emails.py,store_emails.py,function,get_text,1,A,1,39,41,0,,0,/home/juan/Documents/Analisis-CC-PyCEFR/data/processed/python-mini-projects/radon_output_python-mini-projects.json
python-mini-projects,python-mini-projects,/home/juan/Documents/Analisis-CC-PyCEFR/python-mini-projects/projects/convert_dictionary_to_python_object/conversion.py,conversion.py,class,obj,4,A,1,1,4,0,,0,/home/juan/Documents/Analisis-CC-PyCEFR/data/processed/python-mini-projects/radon_output_python-mini-projects.json
python-mini-projects,python-mini-projects,/home/juan/Documents/Analisis-CC-PyCEFR/python-mini-projects/projects/convert_dictionary_to_python_object/conversion.py,conversion.py,method,__init__,3,A,1,2,4,4,,0,/home/juan/Documents/Analisis-CC-PyCEFR/data/processed/python-mini-projects/radon_output_python-mini-projects.json
python-mini-projects,python-mini-projects,/home/juan/Documents/Analisis-CC-PyCEFR/python-mini-projects/projects/Scrape_Hacker_News/main.py,main.py,function,fetch,17,C,3,15,82,0,,0,/home/juan/Documents/Analisis-CC-PyCEFR/data/processed/python-mini-projects/radon_output_python-mini-projects.json
python-mini-projects,python-mini-projects,/home/juan/Documents/Analisis-CC-PyCEFR/python-mini-projects/projects/Instagram_profile/main.py,main.py,function,main,2,A,1,14,50,0,,0,/home/juan/Documents/Analisis-CC-PyCEFR/data/processed/python-mini-projects/radon_output_python-mini-projects.json
python-mini-projects,python-mini-projects,/home/juan/Documents/Analisis-CC-PyCEFR/python-mini-projects/projects/Instagram_profile/main.py,main.py,function,banner,1,A,1,8,11,0,,0,/home/juan/Documents/Analisis-CC-PyCEFR/data/processed/python-mini-projects/radon_output_python-mini-projects.json
python-mini-projects,python-mini-projects,/home/juan/Documents/Analisis-CC-PyCEFR/python-mini-projects/projects/Instagram_profile/InstgramProfile.py,InstgramProfile.py,function,main,2,A,1,7,41,0,,0,/home/juan/Documents/Analisis-CC-PyCEFR/data/processed/python-mini-projects/radon_output_python-mini-projects.json
python-mini-projects,python-mini-projects,/home/juan/Documents/Analisis-CC-PyCEFR/python-mini-projects/projects/Instagram_profile/profilepic.py,profilepic.py,function,pp_download,13,C,3,8,59,0,,0,/home/juan/Documents/Analisis-CC-PyCEFR/data/processed/python-mini-projects/radon_output_python-mini-projects.json
python-mini-projects,python-mini-projects,/home/juan/Documents/Analisis-CC-PyCEFR/python-mini-projects/projects/Compute_IoU/Compute_IoU.py,Compute_IoU.py,function,Cal_IoU,1,A,1,3,28,0,,0,/home/juan/Documents/Analisis-CC-PyCEFR/data/processed/python-mini-projects/radon_output_python-mini-projects.json
python-mini-projects,python-mini-projects,/home/juan/Documents/Analisis-CC-PyCEFR/python-mini-projects/projects/Cli_todo/todo.py,todo.py,function,done,5,A,1,46,65,0,,0,/home/juan/Documents/Analisis-CC-PyCEFR/data/processed/python-mini-projects/radon_output_python-mini-projects.json
python-mini-projects,python-mini-projects,/home/juan/Documents/Analisis-CC-PyCEFR/python-mini-projects/projects/Cli_todo/todo.py,todo.py,function,add,4,A,1,31,41,0,,0,/home/juan/Documents/Analisis-CC-PyCEFR/data/processed/python-mini-projects/radon_output_python-mini-projects.json
python-mini-projects,python-mini-projects,/home/juan/Documents/Analisis-CC-PyCEFR/python-mini-projects/projects/Cli_todo/todo.py,todo.py,function,tasks,3,A,1,17,26,0,,0,/home/juan/Documents/Analisis-CC-PyCEFR/data/processed/python-mini-projects/radon_output_python-mini-projects.json
python-mini-projects,python-mini-projects,/home/juan/Documents/Analisis-CC-PyCEFR/python-mini-projects/projects/Cli_todo/todo.py,todo.py,function,todo,2,A,1,5,13,0,,0,/home/juan/Documents/Analisis-CC-PyCEFR/data/processed/python-mini-projects/radon_output_python-mini-projects.json
python-mini-projects,python-mini-projects,/home/juan/Documents/Analisis-CC-PyCEFR/python-mini-projects/projects/Todo_app/app.py,app.py,function,index,3,A,1,22,34,0,,0,/home/juan/Documents/Analisis-CC-PyCEFR/data/processed/python-mini-projects/radon_output_python-mini-projects.json
python-mini-projects,python-mini-projects,/home/juan/Documents/Analisis-CC-PyCEFR/python-mini-projects/projects/Todo_app/app.py,app.py,function,update,3,A,1,49,62,0,,0,/home/juan/Documents/Analisis-CC-PyCEFR/data/processed/python-mini-projects/radon_output_python-mini-projects.json
python-mini-projects,python-mini-projects,/home/juan/Documents/Analisis-CC-PyCEFR/python-mini-projects/projects/Todo_app/app.py,app.py,function,delete,2,A,1,38,45,0,,0,/home/juan/Documents/Analisis-CC-PyCEFR/data/processed/python-mini-projects/radon_output_python-mini-projects.json
python-mini-projects,python-mini-projects,/home/juan/Documents/Analisis-CC-PyCEFR/python-mini-projects/projects/Todo_app/app.py,app.py,class,Todo,2,A,1,11,18,0,,0,/home/juan/Documents/Analisis-CC-PyCEFR/data/processed/python-mini-projects/radon_output_python-mini-projects.json
python-mini-projects,python-mini-projects,/home/juan/Documents/Analisis-CC-PyCEFR/python-mini-projects/projects/Todo_app/app.py,app.py,method,__repr__,1,A,1,17,18,4,,0,/home/juan/Documents/Analisis-CC-PyCEFR/data/processed/python-mini-projects/radon_output_python-mini-projects.json
